{"type":"FeatureCollection","features":[{"type":"Feature","id":"bahra_paraje.1088","geometry":{"type":"MultiPoint","coordinates":[[-60.92375131,-33.73620037]]},"geometry_name":"geom","properties":{"gid":1088,"cod_pcia":"06","nom_pcia":"Buenos Aires","cod_depto":"06175","nom_depto":"Colón","cod_ase":"06175A01","fna":"Las Gamas","tipo_asent":"Paraje","cod_aglo":null,"nom_aglo":null,"cod_agl":"060175","nom_agl":"Colón","lat_gd":"-33.736200","long_gd":"-60.923751","lat_gs":"-33º44'10\"","long_gs":"-60º55'26\"","fdc":"INDEC. ACA"},"bbox":[-60.92375131,-33.73620037,-60.92375131,-33.73620037]},{"type":"Feature","id":"bahra_paraje.2083","geometry":{"type":"MultiPoint","coordinates":[[-60.77452544,-33.58624017]]},"geometry_name":"geom","properties":{"gid":2083,"cod_pcia":"06","nom_pcia":"Buenos Aires","cod_depto":"06623","nom_depto":"Pergamino","cod_ase":"06623A00","fna":"Arroyo del Medio","tipo_asent":"Paraje","cod_aglo":null,"nom_aglo":null,"cod_agl":"060623","nom_agl":"Pergamino","lat_gd":"-33.586240","long_gd":"-60.774525","lat_gs":"-33º35'10\"","long_gs":"-60º46'28\"","fdc":"Mapa Educativo (GPS)"},"bbox":[-60.77452544,-33.58624017,-60.77452544,-33.58624017]},{"type":"Feature","id":"bahra_paraje.2084","geometry":{"type":"MultiPoint","coordinates":[[-60.68169932,-33.85308897]]},"geometry_name":"geom","properties":{"gid":2084,"cod_pcia":"06","nom_pcia":"Buenos Aires","cod_depto":"06623","nom_depto":"Pergamino","cod_ase":"06623A01","fna":"Buena Vista","tipo_asent":"Paraje","cod_aglo":null,"nom_aglo":null,"cod_agl":"060623","nom_agl":"Pergamino","lat_gd":"-33.853089","long_gd":"-60.681699","lat_gs":"-33º51'11\"","long_gs":"-60º40'54\"","fdc":"Mapa Educativo (GPS)"},"bbox":[-60.68169932,-33.85308897,-60.68169932,-33.85308897]},{"type":"Feature","id":"bahra_paraje.2085","geometry":{"type":"MultiPoint","coordinates":[[-60.77418773,-33.9305281]]},"geometry_name":"geom","properties":{"gid":2085,"cod_pcia":"06","nom_pcia":"Buenos Aires","cod_depto":"06623","nom_depto":"Pergamino","cod_ase":"06623A02","fna":"Campo Roth","tipo_asent":"Paraje","cod_aglo":null,"nom_aglo":null,"cod_agl":"060623","nom_agl":"Pergamino","lat_gd":"-33.930528","long_gd":"-60.774188","lat_gs":"-33º55'50\"","long_gs":"-60º46'27\"","fdc":"Mapa Educativo (GPS)"},"bbox":[-60.77418773,-33.9305281,-60.77418773,-33.9305281]},{"type":"Feature","id":"bahra_paraje.2086","geometry":{"type":"MultiPoint","coordinates":[[-60.3811629,-33.97471493]]},"geometry_name":"geom","properties":{"gid":2086,"cod_pcia":"06","nom_pcia":"Buenos Aires","cod_depto":"06623","nom_depto":"Pergamino","cod_ase":"06623A03","fna":"Campo Urquiza","tipo_asent":"Paraje","cod_aglo":null,"nom_aglo":null,"cod_agl":"060623","nom_agl":"Pergamino","lat_gd":"-33.974715","long_gd":"-60.381163","lat_gs":"-33º58'29\"","long_gs":"-60º22'52\"","fdc":"Mapa Educativo (GPS)"},"bbox":[-60.3811629,-33.97471493,-60.3811629,-33.97471493]},{"type":"Feature","id":"bahra_paraje.2087","geometry":{"type":"MultiPoint","coordinates":[[-60.76584027,-33.83236209]]},"geometry_name":"geom","properties":{"gid":2087,"cod_pcia":"06","nom_pcia":"Buenos Aires","cod_depto":"06623","nom_depto":"Pergamino","cod_ase":"06623A04","fna":"Campo Urrutia","tipo_asent":"Paraje","cod_aglo":null,"nom_aglo":null,"cod_agl":"060623","nom_agl":"Pergamino","lat_gd":"-33.832362","long_gd":"-60.765840","lat_gs":"-33º49'57\"","long_gs":"-60º45'57\"","fdc":"Mapa Educativo (GPS)"},"bbox":[-60.76584027,-33.83236209,-60.76584027,-33.83236209]},{"type":"Feature","id":"bahra_paraje.2089","geometry":{"type":"MultiPoint","coordinates":[[-60.59306016,-33.78289124]]},"geometry_name":"geom","properties":{"gid":2089,"cod_pcia":"06","nom_pcia":"Buenos Aires","cod_depto":"06623","nom_depto":"Pergamino","cod_ase":"06623A06","fna":"12 de Agosto","tipo_asent":"Paraje","cod_aglo":null,"nom_aglo":null,"cod_agl":"060623","nom_agl":"Pergamino","lat_gd":"-33.782891","long_gd":"-60.593060","lat_gs":"-33º46'58\"","long_gs":"-60º35'35\"","fdc":"INDEC. ACA"},"bbox":[-60.59306016,-33.78289124,-60.59306016,-33.78289124]},{"type":"Feature","id":"bahra_paraje.2090","geometry":{"type":"MultiPoint","coordinates":[[-60.56198763,-33.83692688]]},"geometry_name":"geom","properties":{"gid":2090,"cod_pcia":"06","nom_pcia":"Buenos Aires","cod_depto":"06623","nom_depto":"Pergamino","cod_ase":"06623A07","fna":"Francisco Ayerza","tipo_asent":"Paraje","cod_aglo":null,"nom_aglo":null,"cod_agl":"060623","nom_agl":"Pergamino","lat_gd":"-33.836927","long_gd":"-60.561988","lat_gs":"-33º50'13\"","long_gs":"-60º33'43\"","fdc":"Mapa Educativo (GPS)"},"bbox":[-60.56198763,-33.83692688,-60.56198763,-33.83692688]},{"type":"Feature","id":"bahra_paraje.2091","geometry":{"type":"MultiPoint","coordinates":[[-60.48419791,-33.73821114]]},"geometry_name":"geom","properties":{"gid":2091,"cod_pcia":"06","nom_pcia":"Buenos Aires","cod_depto":"06623","nom_depto":"Pergamino","cod_ase":"06623A08","fna":"Gornatti","tipo_asent":"Paraje","cod_aglo":null,"nom_aglo":null,"cod_agl":"060623","nom_agl":"Pergamino","lat_gd":"-33.738211","long_gd":"-60.484198","lat_gs":"-33º44'18\"","long_gs":"-60º29' 3\"","fdc":"Mapa Educativo (GPS)"},"bbox":[-60.48419791,-33.73821114,-60.48419791,-33.73821114]},{"type":"Feature","id":"bahra_paraje.2093","geometry":{"type":"MultiPoint","coordinates":[[-60.63972359,-34.08334796]]},"geometry_name":"geom","properties":{"gid":2093,"cod_pcia":"06","nom_pcia":"Buenos Aires","cod_depto":"06623","nom_depto":"Pergamino","cod_ase":"06623A10","fna":"La Magdalena","tipo_asent":"Paraje","cod_aglo":null,"nom_aglo":null,"cod_agl":"060623","nom_agl":"Pergamino","lat_gd":"-34.083348","long_gd":"-60.639724","lat_gs":"-34º 5' 0\"","long_gs":"-60º38'23\"","fdc":"Mapa Educativo (GPS)"},"bbox":[-60.63972359,-34.08334796,-60.63972359,-34.08334796]},{"type":"Feature","id":"bahra_paraje.2094","geometry":{"type":"MultiPoint","coordinates":[[-60.8281529,-33.72776537]]},"geometry_name":"geom","properties":{"gid":2094,"cod_pcia":"06","nom_pcia":"Buenos Aires","cod_depto":"06623","nom_depto":"Pergamino","cod_ase":"06623A11","fna":"La Vanguardia","tipo_asent":"Paraje","cod_aglo":null,"nom_aglo":null,"cod_agl":"060623","nom_agl":"Pergamino","lat_gd":"-33.727765","long_gd":"-60.828153","lat_gs":"-33º43'40\"","long_gs":"-60º49'41\"","fdc":"Mapa Educativo (GPS)"},"bbox":[-60.8281529,-33.72776537,-60.8281529,-33.72776537]},{"type":"Feature","id":"bahra_paraje.2099","geometry":{"type":"MultiPoint","coordinates":[[-60.65524815,-34.02973284]]},"geometry_name":"geom","properties":{"gid":2099,"cod_pcia":"06","nom_pcia":"Buenos Aires","cod_depto":"06623","nom_depto":"Pergamino","cod_ase":"06623A16","fna":"Ortíz Basualdo","tipo_asent":"Paraje","cod_aglo":null,"nom_aglo":null,"cod_agl":"060623","nom_agl":"Pergamino","lat_gd":"-34.029733","long_gd":"-60.655248","lat_gs":"-34º 1'47\"","long_gs":"-60º39'19\"","fdc":"Mapa Educativo (GPS)"},"bbox":[-60.65524815,-34.02973284,-60.65524815,-34.02973284]},{"type":"Feature","id":"bahra_paraje.2100","geometry":{"type":"MultiPoint","coordinates":[[-60.55428111,-33.76001088]]},"geometry_name":"geom","properties":{"gid":2100,"cod_pcia":"06","nom_pcia":"Buenos Aires","cod_depto":"06623","nom_depto":"Pergamino","cod_ase":"06623A17","fna":"San Rafael","tipo_asent":"Paraje","cod_aglo":null,"nom_aglo":null,"cod_agl":"060623","nom_agl":"Pergamino","lat_gd":"-33.760011","long_gd":"-60.554281","lat_gs":"-33º45'36\"","long_gs":"-60º33'15\"","fdc":"Mapa Educativo (GPS)"},"bbox":[-60.55428111,-33.76001088,-60.55428111,-33.76001088]},{"type":"Feature","id":"bahra_paraje.2101","geometry":{"type":"MultiPoint","coordinates":[[-60.83856796,-33.80097122]]},"geometry_name":"geom","properties":{"gid":2101,"cod_pcia":"06","nom_pcia":"Buenos Aires","cod_depto":"06623","nom_depto":"Pergamino","cod_ase":"06623A18","fna":"Santa Rosa","tipo_asent":"Paraje","cod_aglo":null,"nom_aglo":null,"cod_agl":"060623","nom_agl":"Pergamino","lat_gd":"-33.800971","long_gd":"-60.838568","lat_gs":"-33º48' 3\"","long_gs":"-60º50'19\"","fdc":"Mapa Educativo (GPS)"},"bbox":[-60.83856796,-33.80097122,-60.83856796,-33.80097122]},{"type":"Feature","id":"bahra_paraje.2102","geometry":{"type":"MultiPoint","coordinates":[[-60.5794002,-33.96707712]]},"geometry_name":"geom","properties":{"gid":2102,"cod_pcia":"06","nom_pcia":"Buenos Aires","cod_depto":"06623","nom_depto":"Pergamino","cod_ase":"06623A19","fna":"Tambo Nuevo","tipo_asent":"Paraje","cod_aglo":null,"nom_aglo":null,"cod_agl":"060623","nom_agl":"Pergamino","lat_gd":"-33.967077","long_gd":"-60.579400","lat_gs":"-33º58' 1\"","long_gs":"-60º34'46\"","fdc":"INDEC. ACA"},"bbox":[-60.5794002,-33.96707712,-60.5794002,-33.96707712]},{"type":"Feature","id":"bahra_paraje.2237","geometry":{"type":"MultiPoint","coordinates":[[-60.97131166,-34.07716486]]},"geometry_name":"geom","properties":{"gid":2237,"cod_pcia":"06","nom_pcia":"Buenos Aires","cod_depto":"06686","nom_depto":"Rojas","cod_ase":"06686A07","fna":"La Verde","tipo_asent":"Paraje","cod_aglo":null,"nom_aglo":null,"cod_agl":"060686","nom_agl":"Rojas","lat_gd":"-34.077165","long_gd":"-60.971312","lat_gs":"-34º 4'38\"","long_gs":"-60º58'17\"","fdc":"Mapa Educativo (GPS)"},"bbox":[-60.97131166,-34.07716486,-60.97131166,-34.07716486]},{"type":"Feature","id":"bahra_paraje.2399","geometry":{"type":"MultiPoint","coordinates":[[-60.41808352,-33.60442222]]},"geometry_name":"geom","properties":{"gid":2399,"cod_pcia":"06","nom_pcia":"Buenos Aires","cod_depto":"06763","nom_depto":"San Nicolás","cod_ase":"06763A00","fna":"Cuartel V","tipo_asent":"Paraje","cod_aglo":null,"nom_aglo":null,"cod_agl":"060763","nom_agl":"San Nicolás","lat_gd":"-33.604422","long_gd":"-60.418084","lat_gs":"-33º36'16\"","long_gs":"-60º25' 5\"","fdc":"Mapa Educativo (GPS)"},"bbox":[-60.41808352,-33.60442222,-60.41808352,-33.60442222]},{"type":"Feature","id":"bahra_paraje.2400","geometry":{"type":"MultiPoint","coordinates":[[-60.39000636,-33.59375896]]},"geometry_name":"geom","properties":{"gid":2400,"cod_pcia":"06","nom_pcia":"Buenos Aires","cod_depto":"06763","nom_depto":"San Nicolás","cod_ase":"06763A01","fna":"Ingeniero Urcelay","tipo_asent":"Paraje","cod_aglo":null,"nom_aglo":null,"cod_agl":"060763","nom_agl":"San Nicolás","lat_gd":"-33.593759","long_gd":"-60.390006","lat_gs":"-33º35'38\"","long_gs":"-60º23'24\"","fdc":"INDEC. ACA"},"bbox":[-60.39000636,-33.59375896,-60.39000636,-33.59375896]},{"type":"Feature","id":"bahra_paraje.11777","geometry":{"type":"MultiPoint","coordinates":[[-60.43845144,-33.52812918]]},"geometry_name":"geom","properties":{"gid":11777,"cod_pcia":"82","nom_pcia":"Santa Fe","cod_depto":"82028","nom_depto":"Constitución","cod_ase":"82028A02","fna":"Campo Mugueta","tipo_asent":"Paraje","cod_aglo":null,"nom_aglo":null,"cod_agl":"822462","nom_agl":"Juan B. Molina","lat_gd":"-33.528129","long_gd":"-60.438451","lat_gs":"-33º31'41\"","long_gs":"-60º26'18\"","fdc":"Mapa Educativo (GPS)"},"bbox":[-60.43845144,-33.52812918,-60.43845144,-33.52812918]},{"type":"Feature","id":"bahra_paraje.11787","geometry":{"type":"MultiPoint","coordinates":[[-60.52564144,-33.61146187]]},"geometry_name":"geom","properties":{"gid":11787,"cod_pcia":"82","nom_pcia":"Santa Fe","cod_depto":"82028","nom_depto":"Constitución","cod_ase":"82028A01","fna":"Campo Fondato","tipo_asent":"Paraje","cod_aglo":null,"nom_aglo":null,"cod_agl":"822448","nom_agl":"General Gelly","lat_gd":"-33.611462","long_gd":"-60.525641","lat_gs":"-33º36'41\"","long_gs":"-60º31'32\"","fdc":"Mapa Educativo (GPS)"},"bbox":[-60.52564144,-33.61146187,-60.52564144,-33.61146187]},{"type":"Feature","id":"bahra_paraje.12252","geometry":{"type":"MultiPoint","coordinates":[[-60.96080232,-30.28487538]]},"geometry_name":"geom","properties":{"gid":12252,"cod_pcia":"82","nom_pcia":"Santa Fe","cod_depto":"82091","nom_depto":"San Cristóbal","cod_ase":"82091A44","fna":"San Francisco","tipo_asent":"Paraje","cod_aglo":null,"nom_aglo":null,"cod_agl":"820231","nom_agl":"San Cristóbal","lat_gd":"-30.284875","long_gd":"-60.960802","lat_gs":"-30º17' 6\"","long_gs":"-60º57'39\"","fdc":"Mapa Educativo (GPS)"},"bbox":[-60.96080232,-30.28487538,-60.96080232,-30.28487538]},{"type":"Feature","id":"bahra_paraje.6924","geometry":{"type":"MultiPoint","coordinates":[[-60.356952,-33.10514164]]},"geometry_name":"geom","properties":{"gid":6924,"cod_pcia":"30","nom_pcia":"Entre Ríos","cod_depto":"30105","nom_depto":"Victoria","cod_ase":"30105A12","fna":"Las Cuatro Bocas","tipo_asent":"Paraje","cod_aglo":null,"nom_aglo":null,"cod_agl":"300469","nom_agl":"Victoria","lat_gd":"-33.105142","long_gd":"-60.356952","lat_gs":"-33º 6'19\"","long_gs":"-60º21'25\"","fdc":"Mapa Educativo (GPS)"},"bbox":[-60.356952,-33.10514164,-60.356952,-33.10514164]},{"type":"Feature","id":"bahra_paraje.6932","geometry":{"type":"MultiPoint","coordinates":[[-60.47600264,-33.10504549]]},"geometry_name":"geom","properties":{"gid":6932,"cod_pcia":"30","nom_pcia":"Entre Ríos","cod_depto":"30105","nom_depto":"Victoria","cod_ase":"30105A20","fna":"Riacho El Brasilero","tipo_asent":"Paraje","cod_aglo":null,"nom_aglo":null,"cod_agl":"300469","nom_agl":"Victoria","lat_gd":"-33.105045","long_gd":"-60.476003","lat_gs":"-33º 6'18\"","long_gs":"-60º28'34\"","fdc":"INDEC. ACA"},"bbox":[-60.47600264,-33.10504549,-60.47600264,-33.10504549]},{"type":"Feature","id":"bahra_paraje.6936","geometry":{"type":"MultiPoint","coordinates":[[-60.22382827,-33.08829064]]},"geometry_name":"geom","properties":{"gid":6936,"cod_pcia":"30","nom_pcia":"Entre Ríos","cod_depto":"30105","nom_depto":"Victoria","cod_ase":"30105A24","fna":"Tercera Sección de Islas","tipo_asent":"Paraje","cod_aglo":null,"nom_aglo":null,"cod_agl":"300469","nom_agl":"Victoria","lat_gd":"-33.088291","long_gd":"-60.223828","lat_gs":"-33º 5'18\"","long_gs":"-60º13'26\"","fdc":"Mapa Educativo (GPS)"},"bbox":[-60.22382827,-33.08829064,-60.22382827,-33.08829064]},{"type":"Feature","id":"bahra_paraje.11779","geometry":{"type":"MultiPoint","coordinates":[[-60.36791365,-33.35487981]]},"geometry_name":"geom","properties":{"gid":11779,"cod_pcia":"82","nom_pcia":"Santa Fe","cod_depto":"82028","nom_depto":"Constitución","cod_ase":"82028A03","fna":"Colonia Alberdi","tipo_asent":"Paraje","cod_aglo":null,"nom_aglo":null,"cod_agl":"822532","nom_agl":"Theobald","lat_gd":"-33.354880","long_gd":"-60.367914","lat_gs":"-33º21'18\"","long_gs":"-60º22' 4\"","fdc":"Mapa Educativo (GPS)"},"bbox":[-60.36791365,-33.35487981,-60.36791365,-33.35487981]},{"type":"Feature","id":"bahra_paraje.11788","geometry":{"type":"MultiPoint","coordinates":[[-60.86004111,-33.34196664]]},"geometry_name":"geom","properties":{"gid":11788,"cod_pcia":"82","nom_pcia":"Santa Fe","cod_depto":"82028","nom_depto":"Constitución","cod_ase":"82028A09","fna":"La Malagueña","tipo_asent":"Paraje","cod_aglo":null,"nom_aglo":null,"cod_agl":"822497","nom_agl":"Pavón Arriba","lat_gd":"-33.341967","long_gd":"-60.860041","lat_gs":"-33º20'31\"","long_gs":"-60º51'36\"","fdc":"Mapa Educativo (GPS)"},"bbox":[-60.86004111,-33.34196664,-60.86004111,-33.34196664]},{"type":"Feature","id":"bahra_paraje.11804","geometry":{"type":"MultiPoint","coordinates":[[-60.39633662,-33.28815993]]},"geometry_name":"geom","properties":{"gid":11804,"cod_pcia":"82","nom_pcia":"Santa Fe","cod_depto":"82028","nom_depto":"Constitución","cod_ase":"82028A07","fna":"El Colorado","tipo_asent":"Paraje","cod_aglo":null,"nom_aglo":null,"cod_agl":"822441","nom_agl":"Empalme Villa Constitución","lat_gd":"-33.288160","long_gd":"-60.396337","lat_gs":"-33º17'17\"","long_gs":"-60º23'47\"","fdc":"Mapa Educativo (GPS)"},"bbox":[-60.39633662,-33.28815993,-60.39633662,-33.28815993]},{"type":"Feature","id":"bahra_paraje.12217","geometry":{"type":"MultiPoint","coordinates":[[-60.4579644,-33.16664983]]},"geometry_name":"geom","properties":{"gid":12217,"cod_pcia":"82","nom_pcia":"Santa Fe","cod_depto":"82084","nom_depto":"Rosario","cod_ase":"82084A03","fna":"Playa Mansa","tipo_asent":"Paraje","cod_aglo":null,"nom_aglo":null,"cod_agl":"820182","nom_agl":"Arroyo Seco","lat_gd":"-33.166650","long_gd":"-60.457964","lat_gs":"-33º 9'60\"","long_gs":"-60º27'29\"","fdc":"INDEC. ACA"},"bbox":[-60.4579644,-33.16664983,-60.4579644,-33.16664983]},{"type":"Feature","id":"bahra_paraje.12219","geometry":{"type":"MultiPoint","coordinates":[[-60.91327212,-33.07985]]},"geometry_name":"geom","properties":{"gid":12219,"cod_pcia":"82","nom_pcia":"Santa Fe","cod_depto":"82084","nom_depto":"Rosario","cod_ase":"82084A00","fna":"Campo La Elvira","tipo_asent":"Paraje","cod_aglo":null,"nom_aglo":null,"cod_agl":"823463","nom_agl":"Zavalla","lat_gd":"-33.079850","long_gd":"-60.913272","lat_gs":"-33º 4'47\"","long_gs":"-60º54'48\"","fdc":"Mapa Educativo (GPS)"},"bbox":[-60.91327212,-33.07985,-60.91327212,-33.07985]},{"type":"Feature","id":"bahra_paraje.12220","geometry":{"type":"MultiPoint","coordinates":[[-60.85199123,-33.03393447]]},"geometry_name":"geom","properties":{"gid":12220,"cod_pcia":"82","nom_pcia":"Santa Fe","cod_depto":"82084","nom_depto":"Rosario","cod_ase":"82084A02","fna":"El Retiro","tipo_asent":"Paraje","cod_aglo":null,"nom_aglo":null,"cod_agl":"820203","nom_agl":"Pérez","lat_gd":"-33.033934","long_gd":"-60.851991","lat_gs":"-33º 2' 2\"","long_gs":"-60º51' 7\"","fdc":"INDEC. ACA"},"bbox":[-60.85199123,-33.03393447,-60.85199123,-33.03393447]},{"type":"Feature","id":"bahra_paraje.12221","geometry":{"type":"MultiPoint","coordinates":[[-60.54935924,-33.26212355]]},"geometry_name":"geom","properties":{"gid":12221,"cod_pcia":"82","nom_pcia":"Santa Fe","cod_depto":"82084","nom_depto":"Rosario","cod_ase":"82084A01","fna":"Colonia Escribano","tipo_asent":"Paraje","cod_aglo":null,"nom_aglo":null,"cod_agl":"823393","nom_agl":"Coronel Bogado","lat_gd":"-33.262124","long_gd":"-60.549359","lat_gs":"-33º15'44\"","long_gs":"-60º32'58\"","fdc":"Mapa Educativo (GPS)"},"bbox":[-60.54935924,-33.26212355,-60.54935924,-33.26212355]},{"type":"Feature","id":"bahra_paraje.12440","geometry":{"type":"MultiPoint","coordinates":[[-60.96372332,-33.31828915]]},"geometry_name":"geom","properties":{"gid":12440,"cod_pcia":"82","nom_pcia":"Santa Fe","cod_depto":"82119","nom_depto":"San Lorenzo","cod_ase":"82119A03","fna":"Maizales","tipo_asent":"Paraje","cod_aglo":null,"nom_aglo":null,"cod_agl":"824037","nom_agl":"Villa Mugueta","lat_gd":"-33.318289","long_gd":"-60.963723","lat_gs":"-33º19' 6\"","long_gs":"-60º57'49\"","fdc":"Mapa Educativo (GPS)"},"bbox":[-60.96372332,-33.31828915,-60.96372332,-33.31828915]},{"type":"Feature","id":"bahra_paraje.11807","geometry":{"type":"MultiPoint","coordinates":[[-60.86808733,-33.41369686]]},"geometry_name":"geom","properties":{"gid":11807,"cod_pcia":"82","nom_pcia":"Santa Fe","cod_depto":"82028","nom_depto":"Constitución","cod_ase":"82028A08","fna":"Francisco Paz","tipo_asent":"Paraje","cod_aglo":null,"nom_aglo":null,"cod_agl":"822518","nom_agl":"Santa Teresa","lat_gd":"-33.413697","long_gd":"-60.868087","lat_gs":"-33º24'49\"","long_gs":"-60º52' 5\"","fdc":"Mapa Educativo"},"bbox":[-60.86808733,-33.41369686,-60.86808733,-33.41369686]},{"type":"Feature","id":"bahra_paraje.11808","geometry":{"type":"MultiPoint","coordinates":[[-60.47759737,-33.40620802]]},"geometry_name":"geom","properties":{"gid":11808,"cod_pcia":"82","nom_pcia":"Santa Fe","cod_depto":"82028","nom_depto":"Constitución","cod_ase":"82028A12","fna":"Tres Esquinas","tipo_asent":"Paraje","cod_aglo":null,"nom_aglo":null,"cod_agl":"822455","nom_agl":"Godoy","lat_gd":"-33.406208","long_gd":"-60.477597","lat_gs":"-33º24'22\"","long_gs":"-60º28'39\"","fdc":"Mapa Educativo (GPS)"},"bbox":[-60.47759737,-33.40620802,-60.47759737,-33.40620802]},{"type":"Feature","id":"bahra_paraje.11810","geometry":{"type":"MultiPoint","coordinates":[[-60.41215414,-33.43009124]]},"geometry_name":"geom","properties":{"gid":11810,"cod_pcia":"82","nom_pcia":"Santa Fe","cod_depto":"82028","nom_depto":"Constitución","cod_ase":"82028A10","fna":"Oratorio Morante","tipo_asent":"Paraje","cod_aglo":null,"nom_aglo":null,"cod_agl":"822455","nom_agl":"Godoy","lat_gd":"-33.430091","long_gd":"-60.412154","lat_gs":"-33º25'48\"","long_gs":"-60º24'44\"","fdc":"IGN. SIG 250"},"bbox":[-60.41215414,-33.43009124,-60.41215414,-33.43009124]},{"type":"Feature","id":"bahra_paraje.6416","geometry":{"type":"MultiPoint","coordinates":[[-60.61731267,-32.01143242]]},"geometry_name":"geom","properties":{"gid":6416,"cod_pcia":"30","nom_pcia":"Entre Ríos","cod_depto":"30021","nom_depto":"Diamante","cod_ase":"30021A00","fna":"Colonia Alvear","tipo_asent":"Paraje","cod_aglo":null,"nom_aglo":null,"cod_agl":"300077","nom_agl":"Aldea Valle María","lat_gd":"-32.011432","long_gd":"-60.617313","lat_gs":"-32º 0'41\"","long_gs":"-60º37' 2\"","fdc":"Mapa Educativo (GPS)"},"bbox":[-60.61731267,-32.01143242,-60.61731267,-32.01143242]},{"type":"Feature","id":"bahra_paraje.6417","geometry":{"type":"MultiPoint","coordinates":[[-60.40419242,-32.08908294]]},"geometry_name":"geom","properties":{"gid":6417,"cod_pcia":"30","nom_pcia":"Entre Ríos","cod_depto":"30021","nom_depto":"Diamante","cod_ase":"30021A01","fna":"Colonia San Emilio","tipo_asent":"Paraje","cod_aglo":null,"nom_aglo":null,"cod_agl":"300000","nom_agl":"sin gobierno local","lat_gd":"-32.089083","long_gd":"-60.404192","lat_gs":"-32º 5'21\"","long_gs":"-60º24'15\"","fdc":"Mapa Educativo (GPS)"},"bbox":[-60.40419242,-32.08908294,-60.40419242,-32.08908294]},{"type":"Feature","id":"bahra_paraje.6418","geometry":{"type":"MultiPoint","coordinates":[[-60.4978014,-32.03695589]]},"geometry_name":"geom","properties":{"gid":6418,"cod_pcia":"30","nom_pcia":"Entre Ríos","cod_depto":"30021","nom_depto":"Diamante","cod_ase":"30021A02","fna":"Colonia Santafesina","tipo_asent":"Paraje","cod_aglo":null,"nom_aglo":null,"cod_agl":"300000","nom_agl":"sin gobierno local","lat_gd":"-32.036956","long_gd":"-60.497801","lat_gs":"-32º 2'13\"","long_gs":"-60º29'52\"","fdc":"Mapa Educativo (GPS)"},"bbox":[-60.4978014,-32.03695589,-60.4978014,-32.03695589]},{"type":"Feature","id":"bahra_paraje.6419","geometry":{"type":"MultiPoint","coordinates":[[-60.43722526,-32.13850825]]},"geometry_name":"geom","properties":{"gid":6419,"cod_pcia":"30","nom_pcia":"Entre Ríos","cod_depto":"30021","nom_depto":"Diamante","cod_ase":"30021A03","fna":"Costa Grande","tipo_asent":"Paraje","cod_aglo":null,"nom_aglo":null,"cod_agl":"309105","nom_agl":"Costa Grande","lat_gd":"-32.138508","long_gd":"-60.437225","lat_gs":"-32º 8'19\"","long_gs":"-60º26'14\"","fdc":"Mapa Educativo (GPS)"},"bbox":[-60.43722526,-32.13850825,-60.43722526,-32.13850825]},{"type":"Feature","id":"bahra_paraje.6420","geometry":{"type":"MultiPoint","coordinates":[[-60.49180956,-32.21182269]]},"geometry_name":"geom","properties":{"gid":6420,"cod_pcia":"30","nom_pcia":"Entre Ríos","cod_depto":"30021","nom_depto":"Diamante","cod_ase":"30021A04","fna":"Costa Grande Sur","tipo_asent":"Paraje","cod_aglo":null,"nom_aglo":null,"cod_agl":"309105","nom_agl":"Costa Grande","lat_gd":"-32.211823","long_gd":"-60.491810","lat_gs":"-32º12'43\"","long_gs":"-60º29'31\"","fdc":"INDEC. ACA"},"bbox":[-60.49180956,-32.21182269,-60.49180956,-32.21182269]},{"type":"Feature","id":"bahra_paraje.6421","geometry":{"type":"MultiPoint","coordinates":[[-60.4535446,-32.21155951]]},"geometry_name":"geom","properties":{"gid":6421,"cod_pcia":"30","nom_pcia":"Entre Ríos","cod_depto":"30021","nom_depto":"Diamante","cod_ase":"30021A05","fna":"Doll","tipo_asent":"Paraje","cod_aglo":null,"nom_aglo":null,"cod_agl":"309105","nom_agl":"Costa Grande","lat_gd":"-32.211560","long_gd":"-60.453545","lat_gs":"-32º12'42\"","long_gs":"-60º27'13\"","fdc":"INDEC. ACA"},"bbox":[-60.4535446,-32.21155951,-60.4535446,-32.21155951]},{"type":"Feature","id":"bahra_paraje.6422","geometry":{"type":"MultiPoint","coordinates":[[-60.36323225,-32.22147507]]},"geometry_name":"geom","properties":{"gid":6422,"cod_pcia":"30","nom_pcia":"Entre Ríos","cod_depto":"30021","nom_depto":"Diamante","cod_ase":"30021A06","fna":"Isletas","tipo_asent":"Paraje","cod_aglo":null,"nom_aglo":null,"cod_agl":"309125","nom_agl":"Isletas","lat_gd":"-32.221475","long_gd":"-60.363232","lat_gs":"-32º13'17\"","long_gs":"-60º21'48\"","fdc":"Mapa Educativo (GPS)"},"bbox":[-60.36323225,-32.22147507,-60.36323225,-32.22147507]},{"type":"Feature","id":"bahra_paraje.6423","geometry":{"type":"MultiPoint","coordinates":[[-60.29116097,-32.19724877]]},"geometry_name":"geom","properties":{"gid":6423,"cod_pcia":"30","nom_pcia":"Entre Ríos","cod_depto":"30021","nom_depto":"Diamante","cod_ase":"30021A07","fna":"Isletas Norte","tipo_asent":"Paraje","cod_aglo":null,"nom_aglo":null,"cod_agl":"309125","nom_agl":"Isletas","lat_gd":"-32.197249","long_gd":"-60.291161","lat_gs":"-32º11'50\"","long_gs":"-60º17'28\"","fdc":"Mapa Educativo (GPS)"},"bbox":[-60.29116097,-32.19724877,-60.29116097,-32.19724877]},{"type":"Feature","id":"bahra_paraje.6424","geometry":{"type":"MultiPoint","coordinates":[[-60.4720875,-32.31768257]]},"geometry_name":"geom","properties":{"gid":6424,"cod_pcia":"30","nom_pcia":"Entre Ríos","cod_depto":"30021","nom_depto":"Diamante","cod_ase":"30021A08","fna":"Las Cuevas","tipo_asent":"Paraje","cod_aglo":null,"nom_aglo":null,"cod_agl":"309130","nom_agl":"Las Cuevas","lat_gd":"-32.317683","long_gd":"-60.472088","lat_gs":"-32º19' 4\"","long_gs":"-60º28'20\"","fdc":"INDEC. ACA"},"bbox":[-60.4720875,-32.31768257,-60.4720875,-32.31768257]},{"type":"Feature","id":"bahra_paraje.6425","geometry":{"type":"MultiPoint","coordinates":[[-60.42922391,-32.28169366]]},"geometry_name":"geom","properties":{"gid":6425,"cod_pcia":"30","nom_pcia":"Entre Ríos","cod_depto":"30021","nom_depto":"Diamante","cod_ase":"30021A09","fna":"Paraje Molino Doll","tipo_asent":"Paraje","cod_aglo":null,"nom_aglo":null,"cod_agl":"309105","nom_agl":"Costa Grande","lat_gd":"-32.281694","long_gd":"-60.429224","lat_gs":"-32º16'54\"","long_gs":"-60º25'45\"","fdc":"Mapa Educativo (GPS)"},"bbox":[-60.42922391,-32.28169366,-60.42922391,-32.28169366]},{"type":"Feature","id":"bahra_paraje.6426","geometry":{"type":"MultiPoint","coordinates":[[-60.42512448,-32.39146682]]},"geometry_name":"geom","properties":{"gid":6426,"cod_pcia":"30","nom_pcia":"Entre Ríos","cod_depto":"30021","nom_depto":"Diamante","cod_ase":"30021A10","fna":"Rincón Chico","tipo_asent":"Paraje","cod_aglo":null,"nom_aglo":null,"cod_agl":"309130","nom_agl":"Las Cuevas","lat_gd":"-32.391467","long_gd":"-60.425124","lat_gs":"-32º23'29\"","long_gs":"-60º25'30\"","fdc":"Mapa Educativo (GPS)"},"bbox":[-60.42512448,-32.39146682,-60.42512448,-32.39146682]},{"type":"Feature","id":"bahra_paraje.6721","geometry":{"type":"MultiPoint","coordinates":[[-60.17037851,-32.08189669]]},"geometry_name":"geom","properties":{"gid":6721,"cod_pcia":"30","nom_pcia":"Entre Ríos","cod_depto":"30077","nom_depto":"Nogoyá","cod_ase":"30077A01","fna":"Aldea San Miguel","tipo_asent":"Paraje","cod_aglo":null,"nom_aglo":null,"cod_agl":"309515","nom_agl":"Aldea San Miguel","lat_gd":"-32.081897","long_gd":"-60.170379","lat_gs":"-32º 4'55\"","long_gs":"-60º10'13\"","fdc":"IGN. SIG 250"},"bbox":[-60.17037851,-32.08189669,-60.17037851,-32.08189669]},{"type":"Feature","id":"bahra_paraje.6723","geometry":{"type":"MultiPoint","coordinates":[[-60.13029074,-32.18804501]]},"geometry_name":"geom","properties":{"gid":6723,"cod_pcia":"30","nom_pcia":"Entre Ríos","cod_depto":"30077","nom_depto":"Nogoyá","cod_ase":"30077A03","fna":"Algarrobito 2do.","tipo_asent":"Paraje","cod_aglo":null,"nom_aglo":null,"cod_agl":"300266","nom_agl":"Aranguren","lat_gd":"-32.188045","long_gd":"-60.130291","lat_gs":"-32º11'17\"","long_gs":"-60º 7'49\"","fdc":"Mapa Educativo (GPS)"},"bbox":[-60.13029074,-32.18804501,-60.13029074,-32.18804501]},{"type":"Feature","id":"bahra_paraje.6724","geometry":{"type":"MultiPoint","coordinates":[[-60.21953399,-32.07016369]]},"geometry_name":"geom","properties":{"gid":6724,"cod_pcia":"30","nom_pcia":"Entre Ríos","cod_depto":"30077","nom_depto":"Nogoyá","cod_ase":"30077A04","fna":"Campo García","tipo_asent":"Paraje","cod_aglo":null,"nom_aglo":null,"cod_agl":"309515","nom_agl":"Aldea San Miguel","lat_gd":"-32.070164","long_gd":"-60.219534","lat_gs":"-32º 4'13\"","long_gs":"-60º13'10\"","fdc":"Mapa Educativo (GPS)"},"bbox":[-60.21953399,-32.07016369,-60.21953399,-32.07016369]},{"type":"Feature","id":"bahra_paraje.6779","geometry":{"type":"MultiPoint","coordinates":[[-60.23458972,-31.88405831]]},"geometry_name":"geom","properties":{"gid":6779,"cod_pcia":"30","nom_pcia":"Entre Ríos","cod_depto":"30084","nom_depto":"Paraná","cod_ase":"30084A00","fna":"Aldea Eigenfeld","tipo_asent":"Paraje","cod_aglo":null,"nom_aglo":null,"cod_agl":"309575","nom_agl":"Aldea Eigenfeld","lat_gd":"-31.884058","long_gd":"-60.234590","lat_gs":"-31º53' 3\"","long_gs":"-60º14' 5\"","fdc":"Mapa Educativo (GPS)"},"bbox":[-60.23458972,-31.88405831,-60.23458972,-31.88405831]},{"type":"Feature","id":"bahra_paraje.6780","geometry":{"type":"MultiPoint","coordinates":[[-60.17405476,-31.85817017]]},"geometry_name":"geom","properties":{"gid":6780,"cod_pcia":"30","nom_pcia":"Entre Ríos","cod_depto":"30084","nom_depto":"Paraná","cod_ase":"30084A01","fna":"Aldea San Antonio","tipo_asent":"Paraje","cod_aglo":null,"nom_aglo":null,"cod_agl":"309585","nom_agl":"Aldea San Antonio","lat_gd":"-31.858170","long_gd":"-60.174055","lat_gs":"-31º51'29\"","long_gs":"-60º10'27\"","fdc":"Mapa Educativo (GPS)"},"bbox":[-60.17405476,-31.85817017,-60.17405476,-31.85817017]},{"type":"Feature","id":"bahra_paraje.6788","geometry":{"type":"MultiPoint","coordinates":[[-60.20601942,-32.02801064]]},"geometry_name":"geom","properties":{"gid":6788,"cod_pcia":"30","nom_pcia":"Entre Ríos","cod_depto":"30084","nom_depto":"Paraná","cod_ase":"30084A09","fna":"Boca del Tigre","tipo_asent":"Paraje","cod_aglo":null,"nom_aglo":null,"cod_agl":"300000","nom_agl":"sin gobierno local","lat_gd":"-32.028011","long_gd":"-60.206019","lat_gs":"-32º 1'41\"","long_gs":"-60º12'22\"","fdc":"INDEC. ACA"},"bbox":[-60.20601942,-32.02801064,-60.20601942,-32.02801064]},{"type":"Feature","id":"bahra_paraje.6792","geometry":{"type":"MultiPoint","coordinates":[[-60.21904574,-31.98005951]]},"geometry_name":"geom","properties":{"gid":6792,"cod_pcia":"30","nom_pcia":"Entre Ríos","cod_depto":"30084","nom_depto":"Paraná","cod_ase":"30084A13","fna":"Campo Zeigler","tipo_asent":"Paraje","cod_aglo":null,"nom_aglo":null,"cod_agl":"309590","nom_agl":"Aldea San Rafael","lat_gd":"-31.980060","long_gd":"-60.219046","lat_gs":"-31º58'48\"","long_gs":"-60º13' 9\"","fdc":"Mapa Educativo (GPS)"},"bbox":[-60.21904574,-31.98005951,-60.21904574,-31.98005951]},{"type":"Feature","id":"bahra_paraje.6793","geometry":{"type":"MultiPoint","coordinates":[[-60.21589676,-31.71918077]]},"geometry_name":"geom","properties":{"gid":6793,"cod_pcia":"30","nom_pcia":"Entre Ríos","cod_depto":"30084","nom_depto":"Paraná","cod_ase":"30084A14","fna":"Carmona","tipo_asent":"Paraje","cod_aglo":null,"nom_aglo":null,"cod_agl":"309645","nom_agl":"Colonia Crespo","lat_gd":"-31.719181","long_gd":"-60.215897","lat_gs":"-31º43' 9\"","long_gs":"-60º12'57\"","fdc":"Mapa Educativo (GPS)"},"bbox":[-60.21589676,-31.71918077,-60.21589676,-31.71918077]},{"type":"Feature","id":"bahra_paraje.6794","geometry":{"type":"MultiPoint","coordinates":[[-60.14943416,-31.69667047]]},"geometry_name":"geom","properties":{"gid":6794,"cod_pcia":"30","nom_pcia":"Entre Ríos","cod_depto":"30084","nom_depto":"Paraná","cod_ase":"30084A15","fna":"Colonia Argentina","tipo_asent":"Paraje","cod_aglo":null,"nom_aglo":null,"cod_agl":"309715","nom_agl":"Paso de las Piedras","lat_gd":"-31.696670","long_gd":"-60.149434","lat_gs":"-31º41'48\"","long_gs":"-60º 8'58\"","fdc":"INDEC. ACA"},"bbox":[-60.14943416,-31.69667047,-60.14943416,-31.69667047]},{"type":"Feature","id":"bahra_paraje.6797","geometry":{"type":"MultiPoint","coordinates":[[-60.30139627,-31.8995523]]},"geometry_name":"geom","properties":{"gid":6797,"cod_pcia":"30","nom_pcia":"Entre Ríos","cod_depto":"30084","nom_depto":"Paraná","cod_ase":"30084A18","fna":"Colonia Merou","tipo_asent":"Paraje","cod_aglo":null,"nom_aglo":null,"cod_agl":"309650","nom_agl":"Colonia Merou","lat_gd":"-31.899552","long_gd":"-60.301396","lat_gs":"-31º53'58\"","long_gs":"-60º18' 5\"","fdc":"Mapa Educativo (GPS)"},"bbox":[-60.30139627,-31.8995523,-60.30139627,-31.8995523]},{"type":"Feature","id":"bahra_paraje.6798","geometry":{"type":"MultiPoint","coordinates":[[-60.4230635,-31.91606945]]},"geometry_name":"geom","properties":{"gid":6798,"cod_pcia":"30","nom_pcia":"Entre Ríos","cod_depto":"30084","nom_depto":"Paraná","cod_ase":"30084A19","fna":"Colonia Reffino","tipo_asent":"Paraje","cod_aglo":null,"nom_aglo":null,"cod_agl":"309655","nom_agl":"Colonia Reffino","lat_gd":"-31.916069","long_gd":"-60.423064","lat_gs":"-31º54'58\"","long_gs":"-60º25'23\"","fdc":"INDEC. ACA"},"bbox":[-60.4230635,-31.91606945,-60.4230635,-31.91606945]},{"type":"Feature","id":"bahra_paraje.6803","geometry":{"type":"MultiPoint","coordinates":[[-60.2966199,-31.79754511]]},"geometry_name":"geom","properties":{"gid":6803,"cod_pcia":"30","nom_pcia":"Entre Ríos","cod_depto":"30084","nom_depto":"Paraná","cod_ase":"30084A24","fna":"Espinillo Norte","tipo_asent":"Paraje","cod_aglo":null,"nom_aglo":null,"cod_agl":"309685","nom_agl":"Espinillo Norte","lat_gd":"-31.797545","long_gd":"-60.296620","lat_gs":"-31º47'51\"","long_gs":"-60º17'48\"","fdc":"INDEC. ACA"},"bbox":[-60.2966199,-31.79754511,-60.2966199,-31.79754511]},{"type":"Feature","id":"bahra_paraje.6805","geometry":{"type":"MultiPoint","coordinates":[[-60.34000246,-31.67842081]]},"geometry_name":"geom","properties":{"gid":6805,"cod_pcia":"30","nom_pcia":"Entre Ríos","cod_depto":"30084","nom_depto":"Paraná","cod_ase":"30084A26","fna":"La Balsa","tipo_asent":"Paraje","cod_aglo":null,"nom_aglo":null,"cod_agl":"300371","nom_agl":"Villa Urquiza","lat_gd":"-31.678421","long_gd":"-60.340002","lat_gs":"-31º40'42\"","long_gs":"-60º20'24\"","fdc":"Mapa Educativo (GPS)"},"bbox":[-60.34000246,-31.67842081,-60.34000246,-31.67842081]},{"type":"Feature","id":"bahra_paraje.6809","geometry":{"type":"MultiPoint","coordinates":[[-60.16738757,-31.76194718]]},"geometry_name":"geom","properties":{"gid":6809,"cod_pcia":"30","nom_pcia":"Entre Ríos","cod_depto":"30084","nom_depto":"Paraná","cod_ase":"30084A30","fna":"Paso de la Arena","tipo_asent":"Paraje","cod_aglo":null,"nom_aglo":null,"cod_agl":"309710","nom_agl":"Paso de la Arena","lat_gd":"-31.761947","long_gd":"-60.167388","lat_gs":"-31º45'43\"","long_gs":"-60º10' 3\"","fdc":"INDEC. ACA"},"bbox":[-60.16738757,-31.76194718,-60.16738757,-31.76194718]},{"type":"Feature","id":"bahra_paraje.6811","geometry":{"type":"MultiPoint","coordinates":[[-60.35424198,-31.70336583]]},"geometry_name":"geom","properties":{"gid":6811,"cod_pcia":"30","nom_pcia":"Entre Ríos","cod_depto":"30084","nom_depto":"Paraná","cod_ase":"30084A32","fna":"Paso La Balsa","tipo_asent":"Paraje","cod_aglo":null,"nom_aglo":null,"cod_agl":"300371","nom_agl":"Villa Urquiza","lat_gd":"-31.703366","long_gd":"-60.354242","lat_gs":"-31º42'12\"","long_gs":"-60º21'15\"","fdc":"INDEC. ACA"},"bbox":[-60.35424198,-31.70336583,-60.35424198,-31.70336583]},{"type":"Feature","id":"bahra_paraje.6816","geometry":{"type":"MultiPoint","coordinates":[[-60.4050406,-31.8064915]]},"geometry_name":"geom","properties":{"gid":6816,"cod_pcia":"30","nom_pcia":"Entre Ríos","cod_depto":"30084","nom_depto":"Paraná","cod_ase":"30084A37","fna":"Sauce Medio","tipo_asent":"Paraje","cod_aglo":null,"nom_aglo":null,"cod_agl":"300343","nom_agl":"San Benito","lat_gd":"-31.806491","long_gd":"-60.405041","lat_gs":"-31º48'23\"","long_gs":"-60º24'18\"","fdc":"Mapa Educativo (GPS)"},"bbox":[-60.4050406,-31.8064915,-60.4050406,-31.8064915]},{"type":"Feature","id":"bahra_paraje.6913","geometry":{"type":"MultiPoint","coordinates":[[-60.6693421,-32.70644543]]},"geometry_name":"geom","properties":{"gid":6913,"cod_pcia":"30","nom_pcia":"Entre Ríos","cod_depto":"30105","nom_depto":"Victoria","cod_ase":"30105A01","fna":"Arroyo Piaggio","tipo_asent":"Paraje","cod_aglo":null,"nom_aglo":null,"cod_agl":"300469","nom_agl":"Victoria","lat_gd":"-32.706445","long_gd":"-60.669342","lat_gs":"-32º42'23\"","long_gs":"-60º40'10\"","fdc":"Mapa Educativo (GPS)"},"bbox":[-60.6693421,-32.70644543,-60.6693421,-32.70644543]},{"type":"Feature","id":"bahra_paraje.6914","geometry":{"type":"MultiPoint","coordinates":[[-60.53211629,-32.61679723]]},"geometry_name":"geom","properties":{"gid":6914,"cod_pcia":"30","nom_pcia":"Entre Ríos","cod_depto":"30105","nom_depto":"Victoria","cod_ase":"30105A02","fna":"Boca de las Piedras","tipo_asent":"Paraje","cod_aglo":null,"nom_aglo":null,"cod_agl":"300469","nom_agl":"Victoria","lat_gd":"-32.616797","long_gd":"-60.532116","lat_gs":"-32º37' 0\"","long_gs":"-60º31'56\"","fdc":"Mapa Educativo (GPS)"},"bbox":[-60.53211629,-32.61679723,-60.53211629,-32.61679723]},{"type":"Feature","id":"bahra_paraje.6915","geometry":{"type":"MultiPoint","coordinates":[[-60.40495315,-32.36249456]]},"geometry_name":"geom","properties":{"gid":6915,"cod_pcia":"30","nom_pcia":"Entre Ríos","cod_depto":"30105","nom_depto":"Victoria","cod_ase":"30105A03","fna":"Carrizal","tipo_asent":"Paraje","cod_aglo":null,"nom_aglo":null,"cod_agl":"309900","nom_agl":"Molino Doll","lat_gd":"-32.362495","long_gd":"-60.404953","lat_gs":"-32º21'45\"","long_gs":"-60º24'18\"","fdc":"Mapa Educativo (GPS)"},"bbox":[-60.40495315,-32.36249456,-60.40495315,-32.36249456]},{"type":"Feature","id":"bahra_paraje.6916","geometry":{"type":"MultiPoint","coordinates":[[-60.63049925,-32.90682908]]},"geometry_name":"geom","properties":{"gid":6916,"cod_pcia":"30","nom_pcia":"Entre Ríos","cod_depto":"30105","nom_depto":"Victoria","cod_ase":"30105A04","fna":"Charigüé","tipo_asent":"Paraje","cod_aglo":null,"nom_aglo":null,"cod_agl":"300469","nom_agl":"Victoria","lat_gd":"-32.906829","long_gd":"-60.630499","lat_gs":"-32º54'25\"","long_gs":"-60º37'50\"","fdc":"INDEC. ACA"},"bbox":[-60.63049925,-32.90682908,-60.63049925,-32.90682908]},{"type":"Feature","id":"bahra_paraje.6917","geometry":{"type":"MultiPoint","coordinates":[[-60.22727205,-32.28460296]]},"geometry_name":"geom","properties":{"gid":6917,"cod_pcia":"30","nom_pcia":"Entre Ríos","cod_depto":"30105","nom_depto":"Victoria","cod_ase":"30105A05","fna":"Chilcas","tipo_asent":"Paraje","cod_aglo":null,"nom_aglo":null,"cod_agl":"309880","nom_agl":"Chilcas","lat_gd":"-32.284603","long_gd":"-60.227272","lat_gs":"-32º17' 5\"","long_gs":"-60º13'38\"","fdc":"INDEC. ACA"},"bbox":[-60.22727205,-32.28460296,-60.22727205,-32.28460296]},{"type":"Feature","id":"bahra_paraje.6919","geometry":{"type":"MultiPoint","coordinates":[[-60.16341803,-32.33365055]]},"geometry_name":"geom","properties":{"gid":6919,"cod_pcia":"30","nom_pcia":"Entre Ríos","cod_depto":"30105","nom_depto":"Victoria","cod_ase":"30105A07","fna":"Hinojal","tipo_asent":"Paraje","cod_aglo":null,"nom_aglo":null,"cod_agl":"309890","nom_agl":"Hinojal","lat_gd":"-32.333651","long_gd":"-60.163418","lat_gs":"-32º20' 1\"","long_gs":"-60º 9'48\"","fdc":"Mapa Educativo (GPS)"},"bbox":[-60.16341803,-32.33365055,-60.16341803,-32.33365055]},{"type":"Feature","id":"bahra_paraje.6920","geometry":{"type":"MultiPoint","coordinates":[[-60.65337288,-32.91658492]]},"geometry_name":"geom","properties":{"gid":6920,"cod_pcia":"30","nom_pcia":"Entre Ríos","cod_depto":"30105","nom_depto":"Victoria","cod_ase":"30105A08","fna":"Isla El Espinillo","tipo_asent":"Paraje","cod_aglo":null,"nom_aglo":null,"cod_agl":"300469","nom_agl":"Victoria","lat_gd":"-32.916585","long_gd":"-60.653373","lat_gs":"-32º54'60\"","long_gs":"-60º39'12\"","fdc":"INDEC. ACA"},"bbox":[-60.65337288,-32.91658492,-60.65337288,-32.91658492]},{"type":"Feature","id":"bahra_paraje.6922","geometry":{"type":"MultiPoint","coordinates":[[-60.66362488,-32.89393051]]},"geometry_name":"geom","properties":{"gid":6922,"cod_pcia":"30","nom_pcia":"Entre Ríos","cod_depto":"30105","nom_depto":"Victoria","cod_ase":"30105A10","fna":"La Invernada","tipo_asent":"Paraje","cod_aglo":null,"nom_aglo":null,"cod_agl":"300469","nom_agl":"Victoria","lat_gd":"-32.893931","long_gd":"-60.663625","lat_gs":"-32º53'38\"","long_gs":"-60º39'49\"","fdc":"Mapa Educativo (GPS)"},"bbox":[-60.66362488,-32.89393051,-60.66362488,-32.89393051]},{"type":"Feature","id":"bahra_paraje.6925","geometry":{"type":"MultiPoint","coordinates":[[-60.28356587,-32.52885771]]},"geometry_name":"geom","properties":{"gid":6925,"cod_pcia":"30","nom_pcia":"Entre Ríos","cod_depto":"30105","nom_depto":"Victoria","cod_ase":"30105A13","fna":"Los Cerros","tipo_asent":"Paraje","cod_aglo":null,"nom_aglo":null,"cod_agl":"300000","nom_agl":"sin gobierno local","lat_gd":"-32.528858","long_gd":"-60.283566","lat_gs":"-32º31'44\"","long_gs":"-60º17' 1\"","fdc":"INDEC. ACA"},"bbox":[-60.28356587,-32.52885771,-60.28356587,-32.52885771]},{"type":"Feature","id":"bahra_paraje.6927","geometry":{"type":"MultiPoint","coordinates":[[-60.32171944,-32.40981492]]},"geometry_name":"geom","properties":{"gid":6927,"cod_pcia":"30","nom_pcia":"Entre Ríos","cod_depto":"30105","nom_depto":"Victoria","cod_ase":"30105A15","fna":"Pajonal","tipo_asent":"Paraje","cod_aglo":null,"nom_aglo":null,"cod_agl":"309885","nom_agl":"Distrito Pajonal","lat_gd":"-32.409815","long_gd":"-60.321719","lat_gs":"-32º24'35\"","long_gs":"-60º19'18\"","fdc":"INDEC. ACA"},"bbox":[-60.32171944,-32.40981492,-60.32171944,-32.40981492]},{"type":"Feature","id":"bahra_paraje.6928","geometry":{"type":"MultiPoint","coordinates":[[-60.61240516,-32.64063942]]},"geometry_name":"geom","properties":{"gid":6928,"cod_pcia":"30","nom_pcia":"Entre Ríos","cod_depto":"30105","nom_depto":"Victoria","cod_ase":"30105A16","fna":"Primera Sección de Islas","tipo_asent":"Paraje","cod_aglo":null,"nom_aglo":null,"cod_agl":"300469","nom_agl":"Victoria","lat_gd":"-32.640639","long_gd":"-60.612405","lat_gs":"-32º38'26\"","long_gs":"-60º36'45\"","fdc":"Mapa Educativo (GPS)"},"bbox":[-60.61240516,-32.64063942,-60.61240516,-32.64063942]},{"type":"Feature","id":"bahra_paraje.6931","geometry":{"type":"MultiPoint","coordinates":[[-60.12921856,-32.42261772]]},"geometry_name":"geom","properties":{"gid":6931,"cod_pcia":"30","nom_pcia":"Entre Ríos","cod_depto":"30105","nom_depto":"Victoria","cod_ase":"30105A19","fna":"Quebrachitos","tipo_asent":"Paraje","cod_aglo":null,"nom_aglo":null,"cod_agl":"300000","nom_agl":"sin gobierno local","lat_gd":"-32.422618","long_gd":"-60.129219","lat_gs":"-32º25'21\"","long_gs":"-60º 7'45\"","fdc":"Mapa Educativo (GPS)"},"bbox":[-60.12921856,-32.42261772,-60.12921856,-32.42261772]},{"type":"Feature","id":"bahra_paraje.6935","geometry":{"type":"MultiPoint","coordinates":[[-60.39344354,-32.43978558]]},"geometry_name":"geom","properties":{"gid":6935,"cod_pcia":"30","nom_pcia":"Entre Ríos","cod_depto":"30105","nom_depto":"Victoria","cod_ase":"30105A23","fna":"Rincón del Doll","tipo_asent":"Paraje","cod_aglo":null,"nom_aglo":null,"cod_agl":"309915","nom_agl":"Rincón del Doll","lat_gd":"-32.439786","long_gd":"-60.393444","lat_gs":"-32º26'23\"","long_gs":"-60º23'36\"","fdc":"INDEC. ACA"},"bbox":[-60.39344354,-32.43978558,-60.39344354,-32.43978558]},{"type":"Feature","id":"bahra_paraje.6937","geometry":{"type":"MultiPoint","coordinates":[[-60.34494118,-32.36413978]]},"geometry_name":"geom","properties":{"gid":6937,"cod_pcia":"30","nom_pcia":"Entre Ríos","cod_depto":"30105","nom_depto":"Victoria","cod_ase":"30105A25","fna":"Tres Esquinas","tipo_asent":"Paraje","cod_aglo":null,"nom_aglo":null,"cod_agl":"309915","nom_agl":"Rincón del Doll","lat_gd":"-32.364140","long_gd":"-60.344941","lat_gs":"-32º21'51\"","long_gs":"-60º20'42\"","fdc":"Mapa Educativo (GPS)"},"bbox":[-60.34494118,-32.36413978,-60.34494118,-32.36413978]},{"type":"Feature","id":"bahra_paraje.12032","geometry":{"type":"MultiPoint","coordinates":[[-60.85558475,-32.48541778]]},"geometry_name":"geom","properties":{"gid":12032,"cod_pcia":"82","nom_pcia":"Santa Fe","cod_depto":"82056","nom_depto":"Iriondo","cod_ase":"82056A12","fna":"Carcaraes","tipo_asent":"Paraje","cod_aglo":null,"nom_aglo":null,"cod_agl":"822917","nom_agl":"Oliveros","lat_gd":"-32.485418","long_gd":"-60.855585","lat_gs":"-32º29' 8\"","long_gs":"-60º51'20\"","fdc":"INDEC. ACA"},"bbox":[-60.85558475,-32.48541778,-60.85558475,-32.48541778]},{"type":"Feature","id":"bahra_paraje.12096","geometry":{"type":"MultiPoint","coordinates":[[-60.99159335,-31.71529641]]},"geometry_name":"geom","properties":{"gid":12096,"cod_pcia":"82","nom_pcia":"Santa Fe","cod_depto":"82070","nom_depto":"Las Colonias","cod_ase":"82070A03","fna":"Campo Periotti","tipo_asent":"Paraje","cod_aglo":null,"nom_aglo":null,"cod_agl":"823197","nom_agl":"San Agustín","lat_gd":"-31.715296","long_gd":"-60.991593","lat_gs":"-31º42'55\"","long_gs":"-60º59'30\"","fdc":"Mapa Educativo (GPS)"},"bbox":[-60.99159335,-31.71529641,-60.99159335,-31.71529641]},{"type":"Feature","id":"bahra_paraje.12112","geometry":{"type":"MultiPoint","coordinates":[[-60.87827516,-31.68023577]]},"geometry_name":"geom","properties":{"gid":12112,"cod_pcia":"82","nom_pcia":"Santa Fe","cod_depto":"82070","nom_depto":"Las Colonias","cod_ase":"82070A17","fna":"Estación San Agustín","tipo_asent":"Paraje","cod_aglo":null,"nom_aglo":null,"cod_agl":"823197","nom_agl":"San Agustín","lat_gd":"-31.680236","long_gd":"-60.878275","lat_gs":"-31º40'49\"","long_gs":"-60º52'42\"","fdc":"INDEC. ACA"},"bbox":[-60.87827516,-31.68023577,-60.87827516,-31.68023577]},{"type":"Feature","id":"bahra_paraje.12117","geometry":{"type":"MultiPoint","coordinates":[[-60.97139493,-31.63755403]]},"geometry_name":"geom","properties":{"gid":12117,"cod_pcia":"82","nom_pcia":"Santa Fe","cod_depto":"82070","nom_depto":"Las Colonias","cod_ase":"82070A26","fna":"Los Tres Reyes","tipo_asent":"Paraje","cod_aglo":null,"nom_aglo":null,"cod_agl":"823197","nom_agl":"San Agustín","lat_gd":"-31.637554","long_gd":"-60.971395","lat_gs":"-31º38'15\"","long_gs":"-60º58'17\"","fdc":"Mapa Educativo (GPS)"},"bbox":[-60.97139493,-31.63755403,-60.97139493,-31.63755403]},{"type":"Feature","id":"bahra_paraje.12130","geometry":{"type":"MultiPoint","coordinates":[[-60.85692524,-31.65409208]]},"geometry_name":"geom","properties":{"gid":12130,"cod_pcia":"82","nom_pcia":"Santa Fe","cod_depto":"82070","nom_depto":"Las Colonias","cod_ase":"82070A29","fna":"San José","tipo_asent":"Paraje","cod_aglo":null,"nom_aglo":null,"cod_agl":"823043","nom_agl":"San José","lat_gd":"-31.654092","long_gd":"-60.856925","lat_gs":"-31º39'15\"","long_gs":"-60º51'25\"","fdc":"INDEC. ACA"},"bbox":[-60.85692524,-31.65409208,-60.85692524,-31.65409208]},{"type":"Feature","id":"bahra_paraje.12376","geometry":{"type":"MultiPoint","coordinates":[[-60.88140687,-32.38959786]]},"geometry_name":"geom","properties":{"gid":12376,"cod_pcia":"82","nom_pcia":"Santa Fe","cod_depto":"82105","nom_depto":"San Jerónimo","cod_ase":"82105A00","fna":"Arroyo del Monje","tipo_asent":"Paraje","cod_aglo":null,"nom_aglo":null,"cod_agl":"823778","nom_agl":"Gaboto","lat_gd":"-32.389598","long_gd":"-60.881407","lat_gs":"-32º23'23\"","long_gs":"-60º52'53\"","fdc":"INDEC. ACA"},"bbox":[-60.88140687,-32.38959786,-60.88140687,-32.38959786]},{"type":"Feature","id":"bahra_paraje.12377","geometry":{"type":"MultiPoint","coordinates":[[-60.93676523,-32.04655191]]},"geometry_name":"geom","properties":{"gid":12377,"cod_pcia":"82","nom_pcia":"Santa Fe","cod_depto":"82105","nom_depto":"San Jerónimo","cod_ase":"82105A03","fna":"Campo Engler","tipo_asent":"Paraje","cod_aglo":null,"nom_aglo":null,"cod_agl":"820245","nom_agl":"Coronda","lat_gd":"-32.046552","long_gd":"-60.936765","lat_gs":"-32º 2'48\"","long_gs":"-60º56'12\"","fdc":"INDEC. ACA"},"bbox":[-60.93676523,-32.04655191,-60.93676523,-32.04655191]},{"type":"Feature","id":"bahra_paraje.12385","geometry":{"type":"MultiPoint","coordinates":[[-60.93775011,-32.08359498]]},"geometry_name":"geom","properties":{"gid":12385,"cod_pcia":"82","nom_pcia":"Santa Fe","cod_depto":"82105","nom_depto":"San Jerónimo","cod_ase":"82105A01","fna":"Balneario Arocena","tipo_asent":"Paraje","cod_aglo":null,"nom_aglo":null,"cod_agl":"823722","nom_agl":"Arocena","lat_gd":"-32.083595","long_gd":"-60.937750","lat_gs":"-32º 5' 1\"","long_gs":"-60º56'16\"","fdc":"INDEC. ACA"},"bbox":[-60.93775011,-32.08359498,-60.93775011,-32.08359498]},{"type":"Feature","id":"bahra_paraje.12434","geometry":{"type":"MultiPoint","coordinates":[[-60.8480195,-32.47609177]]},"geometry_name":"geom","properties":{"gid":12434,"cod_pcia":"82","nom_pcia":"Santa Fe","cod_depto":"82119","nom_depto":"San Lorenzo","cod_ase":"82119A02","fna":"Carcaraes","tipo_asent":"Paraje","cod_aglo":null,"nom_aglo":null,"cod_agl":"824030","nom_agl":"Timbúes","lat_gd":"-32.476092","long_gd":"-60.848019","lat_gs":"-32º28'34\"","long_gs":"-60º50'53\"","fdc":"INDEC. ACA"},"bbox":[-60.8480195,-32.47609177,-60.8480195,-32.47609177]},{"type":"Feature","id":"bahra_paraje.12450","geometry":{"type":"MultiPoint","coordinates":[[-60.84357501,-32.82197257]]},"geometry_name":"geom","properties":{"gid":12450,"cod_pcia":"82","nom_pcia":"Santa Fe","cod_depto":"82119","nom_depto":"San Lorenzo","cod_ase":"82119A04","fna":"Vicente A. Echeverría","tipo_asent":"Paraje","cod_aglo":null,"nom_aglo":null,"cod_agl":"823414","nom_agl":"Ibarlucea","lat_gd":"-32.821973","long_gd":"-60.843575","lat_gs":"-32º49'19\"","long_gs":"-60º50'37\"","fdc":"INDEC. ACA"},"bbox":[-60.84357501,-32.82197257,-60.84357501,-32.82197257]},{"type":"Feature","id":"bahra_paraje.6795","geometry":{"type":"MultiPoint","coordinates":[[-60.26624111,-31.61489448]]},"geometry_name":"geom","properties":{"gid":6795,"cod_pcia":"30","nom_pcia":"Entre Ríos","cod_depto":"30084","nom_depto":"Paraná","cod_ase":"30084A16","fna":"Colonia Celina","tipo_asent":"Paraje","cod_aglo":null,"nom_aglo":null,"cod_agl":"309635","nom_agl":"Colonia Celina","lat_gd":"-31.614894","long_gd":"-60.266241","lat_gs":"-31º36'54\"","long_gs":"-60º15'58\"","fdc":"INDEC. ACA"},"bbox":[-60.26624111,-31.61489448,-60.26624111,-31.61489448]},{"type":"Feature","id":"bahra_paraje.6800","geometry":{"type":"MultiPoint","coordinates":[[-60.16367564,-31.5382391]]},"geometry_name":"geom","properties":{"gid":6800,"cod_pcia":"30","nom_pcia":"Entre Ríos","cod_depto":"30084","nom_depto":"Paraná","cod_ase":"30084A21","fna":"Colonia San Martín","tipo_asent":"Paraje","cod_aglo":null,"nom_aglo":null,"cod_agl":"309660","nom_agl":"Curtiembre","lat_gd":"-31.538239","long_gd":"-60.163676","lat_gs":"-31º32'18\"","long_gs":"-60º 9'49\"","fdc":"Mapa Educativo (GPS)"},"bbox":[-60.16367564,-31.5382391,-60.16367564,-31.5382391]},{"type":"Feature","id":"bahra_paraje.11812","geometry":{"type":"MultiPoint","coordinates":[[-60.42005768,-31.48150776]]},"geometry_name":"geom","properties":{"gid":11812,"cod_pcia":"82","nom_pcia":"Santa Fe","cod_depto":"82035","nom_depto":"Garay","cod_ase":"82035A12","fna":"Parque El Ceibal","tipo_asent":"Paraje","cod_aglo":null,"nom_aglo":null,"cod_agl":"822567","nom_agl":"Santa Rosa de Calchines","lat_gd":"-31.481508","long_gd":"-60.420058","lat_gs":"-31º28'53\"","long_gs":"-60º25'12\"","fdc":"INDEC. ACA"},"bbox":[-60.42005768,-31.48150776,-60.42005768,-31.48150776]},{"type":"Feature","id":"bahra_paraje.11828","geometry":{"type":"MultiPoint","coordinates":[[-60.39770989,-31.46446309]]},"geometry_name":"geom","properties":{"gid":11828,"cod_pcia":"82","nom_pcia":"Santa Fe","cod_depto":"82035","nom_depto":"Garay","cod_ase":"82035A13","fna":"Parque El Timbó","tipo_asent":"Paraje","cod_aglo":null,"nom_aglo":null,"cod_agl":"822567","nom_agl":"Santa Rosa de Calchines","lat_gd":"-31.464463","long_gd":"-60.397710","lat_gs":"-31º27'52\"","long_gs":"-60º23'52\"","fdc":"INDEC. ACA"},"bbox":[-60.39770989,-31.46446309,-60.39770989,-31.46446309]},{"type":"Feature","id":"bahra_paraje.12051","geometry":{"type":"MultiPoint","coordinates":[[-60.90054041,-31.38195854]]},"geometry_name":"geom","properties":{"gid":12051,"cod_pcia":"82","nom_pcia":"Santa Fe","cod_depto":"82063","nom_depto":"La Capital","cod_ase":"82063A01","fna":"Balneario Esperanza","tipo_asent":"Paraje","cod_aglo":null,"nom_aglo":null,"cod_agl":"823008","nom_agl":"Nelson","lat_gd":"-31.381959","long_gd":"-60.900540","lat_gs":"-31º22'55\"","long_gs":"-60º54' 2\"","fdc":"INDEC. ACA"},"bbox":[-60.90054041,-31.38195854,-60.90054041,-31.38195854]},{"type":"Feature","id":"bahra_paraje.12052","geometry":{"type":"MultiPoint","coordinates":[[-60.55307622,-31.3124786]]},"geometry_name":"geom","properties":{"gid":12052,"cod_pcia":"82","nom_pcia":"Santa Fe","cod_depto":"82063","nom_depto":"La Capital","cod_ase":"82063A05","fna":"Los Bretes","tipo_asent":"Paraje","cod_aglo":null,"nom_aglo":null,"cod_agl":"822973","nom_agl":"Campo Andino","lat_gd":"-31.312479","long_gd":"-60.553076","lat_gs":"-31º18'45\"","long_gs":"-60º33'11\"","fdc":"Mapa Educativo (GPS)"},"bbox":[-60.55307622,-31.3124786,-60.55307622,-31.3124786]},{"type":"Feature","id":"bahra_paraje.12053","geometry":{"type":"MultiPoint","coordinates":[[-60.62673199,-31.2722617]]},"geometry_name":"geom","properties":{"gid":12053,"cod_pcia":"82","nom_pcia":"Santa Fe","cod_depto":"82063","nom_depto":"La Capital","cod_ase":"82063A02","fna":"Balneario Laguna Paiva","tipo_asent":"Paraje","cod_aglo":null,"nom_aglo":null,"cod_agl":"820140","nom_agl":"Laguna Paiva","lat_gd":"-31.272262","long_gd":"-60.626732","lat_gs":"-31º16'20\"","long_gs":"-60º37'36\"","fdc":"INDEC. ACA"},"bbox":[-60.62673199,-31.2722617,-60.62673199,-31.2722617]},{"type":"Feature","id":"bahra_paraje.12054","geometry":{"type":"MultiPoint","coordinates":[[-60.62442657,-31.18254214]]},"geometry_name":"geom","properties":{"gid":12054,"cod_pcia":"82","nom_pcia":"Santa Fe","cod_depto":"82063","nom_depto":"La Capital","cod_ase":"82063A00","fna":"Aromos","tipo_asent":"Paraje","cod_aglo":null,"nom_aglo":null,"cod_agl":"822994","nom_agl":"Llambí Campbell","lat_gd":"-31.182542","long_gd":"-60.624427","lat_gs":"-31º10'57\"","long_gs":"-60º37'28\"","fdc":"Mapa Educativo (GPS)"},"bbox":[-60.62442657,-31.18254214,-60.62442657,-31.18254214]},{"type":"Feature","id":"bahra_paraje.12055","geometry":{"type":"MultiPoint","coordinates":[[-60.74650716,-31.09984016]]},"geometry_name":"geom","properties":{"gid":12055,"cod_pcia":"82","nom_pcia":"Santa Fe","cod_depto":"82063","nom_depto":"La Capital","cod_ase":"82063A07","fna":"Paraje Cabal","tipo_asent":"Paraje","cod_aglo":null,"nom_aglo":null,"cod_agl":"822966","nom_agl":"Cabal","lat_gd":"-31.099840","long_gd":"-60.746507","lat_gs":"-31º 5'59\"","long_gs":"-60º44'47\"","fdc":"INDEC. ACA"},"bbox":[-60.74650716,-31.09984016,-60.74650716,-31.09984016]},{"type":"Feature","id":"bahra_paraje.12058","geometry":{"type":"MultiPoint","coordinates":[[-60.81204194,-31.26805604]]},"geometry_name":"geom","properties":{"gid":12058,"cod_pcia":"82","nom_pcia":"Santa Fe","cod_depto":"82063","nom_depto":"La Capital","cod_ase":"82063A06","fna":"Manucho","tipo_asent":"Paraje","cod_aglo":null,"nom_aglo":null,"cod_agl":"823008","nom_agl":"Nelson","lat_gd":"-31.268056","long_gd":"-60.812042","lat_gs":"-31º16' 5\"","long_gs":"-60º48'43\"","fdc":"Mapa Educativo (GPS)"},"bbox":[-60.81204194,-31.26805604,-60.81204194,-31.26805604]},{"type":"Feature","id":"bahra_paraje.12059","geometry":{"type":"MultiPoint","coordinates":[[-60.86715713,-31.32465765]]},"geometry_name":"geom","properties":{"gid":12059,"cod_pcia":"82","nom_pcia":"Santa Fe","cod_depto":"82063","nom_depto":"La Capital","cod_ase":"82063A08","fna":"Rincón de Ávila","tipo_asent":"Paraje","cod_aglo":null,"nom_aglo":null,"cod_agl":"823008","nom_agl":"Nelson","lat_gd":"-31.324658","long_gd":"-60.867157","lat_gs":"-31º19'29\"","long_gs":"-60º52' 2\"","fdc":"Mapa Educativo (GPS)"},"bbox":[-60.86715713,-31.32465765,-60.86715713,-31.32465765]},{"type":"Feature","id":"bahra_paraje.12060","geometry":{"type":"MultiPoint","coordinates":[[-60.75557116,-31.31474357]]},"geometry_name":"geom","properties":{"gid":12060,"cod_pcia":"82","nom_pcia":"Santa Fe","cod_depto":"82063","nom_depto":"La Capital","cod_ase":"82063A04","fna":"Iriondo","tipo_asent":"Paraje","cod_aglo":null,"nom_aglo":null,"cod_agl":"823008","nom_agl":"Nelson","lat_gd":"-31.314744","long_gd":"-60.755571","lat_gs":"-31º18'53\"","long_gs":"-60º45'20\"","fdc":"Mapa Educativo (GPS)"},"bbox":[-60.75557116,-31.31474357,-60.75557116,-31.31474357]},{"type":"Feature","id":"bahra_paraje.12062","geometry":{"type":"MultiPoint","coordinates":[[-60.68120754,-31.49729156]]},"geometry_name":"geom","properties":{"gid":12062,"cod_pcia":"82","nom_pcia":"Santa Fe","cod_depto":"82063","nom_depto":"La Capital","cod_ase":"82063A09","fna":"Setúbal","tipo_asent":"Paraje","cod_aglo":null,"nom_aglo":null,"cod_agl":"823001","nom_agl":"Monte Vera","lat_gd":"-31.497292","long_gd":"-60.681208","lat_gs":"-31º29'50\"","long_gs":"-60º40'52\"","fdc":"Mapa Educativo"},"bbox":[-60.68120754,-31.49729156,-60.68120754,-31.49729156]},{"type":"Feature","id":"bahra_paraje.12068","geometry":{"type":"MultiPoint","coordinates":[[-60.72138799,-31.06359331]]},"geometry_name":"geom","properties":{"gid":12068,"cod_pcia":"82","nom_pcia":"Santa Fe","cod_depto":"82063","nom_depto":"La Capital","cod_ase":"82063A03","fna":"Estación Emilia","tipo_asent":"Paraje","cod_aglo":null,"nom_aglo":null,"cod_agl":"822987","nom_agl":"Emilia","lat_gd":"-31.063593","long_gd":"-60.721388","lat_gs":"-31º 3'49\"","long_gs":"-60º43'17\"","fdc":"INDEC. ACA"},"bbox":[-60.72138799,-31.06359331,-60.72138799,-31.06359331]},{"type":"Feature","id":"bahra_paraje.12081","geometry":{"type":"MultiPoint","coordinates":[[-60.9500732,-31.23618728]]},"geometry_name":"geom","properties":{"gid":12081,"cod_pcia":"82","nom_pcia":"Santa Fe","cod_depto":"82070","nom_depto":"Las Colonias","cod_ase":"82070A23","fna":"La Teresita","tipo_asent":"Paraje","cod_aglo":null,"nom_aglo":null,"cod_agl":"823050","nom_agl":"Cululú","lat_gd":"-31.236187","long_gd":"-60.950073","lat_gs":"-31º14'10\"","long_gs":"-60º57' 0\"","fdc":"Mapa Educativo (GPS)"},"bbox":[-60.9500732,-31.23618728,-60.9500732,-31.23618728]},{"type":"Feature","id":"bahra_paraje.12101","geometry":{"type":"MultiPoint","coordinates":[[-60.90116751,-31.38579468]]},"geometry_name":"geom","properties":{"gid":12101,"cod_pcia":"82","nom_pcia":"Santa Fe","cod_depto":"82070","nom_depto":"Las Colonias","cod_ase":"82070A01","fna":"Balneario Esperanza","tipo_asent":"Paraje","cod_aglo":null,"nom_aglo":null,"cod_agl":"820161","nom_agl":"Esperanza","lat_gd":"-31.385795","long_gd":"-60.901168","lat_gs":"-31º23' 9\"","long_gs":"-60º54' 4\"","fdc":"INDEC. ACA"},"bbox":[-60.90116751,-31.38579468,-60.90116751,-31.38579468]},{"type":"Feature","id":"bahra_paraje.12106","geometry":{"type":"MultiPoint","coordinates":[[-60.87152172,-31.59993233]]},"geometry_name":"geom","properties":{"gid":12106,"cod_pcia":"82","nom_pcia":"Santa Fe","cod_depto":"82070","nom_depto":"Las Colonias","cod_ase":"82070A13","fna":"Colonia San José","tipo_asent":"Paraje","cod_aglo":null,"nom_aglo":null,"cod_agl":"823043","nom_agl":"San José","lat_gd":"-31.599932","long_gd":"-60.871522","lat_gs":"-31º35'60\"","long_gs":"-60º52'17\"","fdc":"Mapa Educativo (GPS)"},"bbox":[-60.87152172,-31.59993233,-60.87152172,-31.59993233]},{"type":"Feature","id":"bahra_paraje.12116","geometry":{"type":"MultiPoint","coordinates":[[-60.84126692,-31.39913781]]},"geometry_name":"geom","properties":{"gid":12116,"cod_pcia":"82","nom_pcia":"Santa Fe","cod_depto":"82070","nom_depto":"Las Colonias","cod_ase":"82070A28","fna":"Rincón del Pintado","tipo_asent":"Paraje","cod_aglo":null,"nom_aglo":null,"cod_agl":"820161","nom_agl":"Esperanza","lat_gd":"-31.399138","long_gd":"-60.841267","lat_gs":"-31º23'57\"","long_gs":"-60º50'29\"","fdc":"Mapa Educativo (GPS)"},"bbox":[-60.84126692,-31.39913781,-60.84126692,-31.39913781]},{"type":"Feature","id":"bahra_paraje.12120","geometry":{"type":"MultiPoint","coordinates":[[-60.97964903,-31.29124735]]},"geometry_name":"geom","properties":{"gid":12120,"cod_pcia":"82","nom_pcia":"Santa Fe","cod_depto":"82070","nom_depto":"Las Colonias","cod_ase":"82070A34","fna":"Villa Paso de las Piedras","tipo_asent":"Paraje","cod_aglo":null,"nom_aglo":null,"cod_agl":"823183","nom_agl":"Rivadavia","lat_gd":"-31.291247","long_gd":"-60.979649","lat_gs":"-31º17'28\"","long_gs":"-60º58'47\"","fdc":"INDEC. ACA"},"bbox":[-60.97964903,-31.29124735,-60.97964903,-31.29124735]},{"type":"Feature","id":"bahra_paraje.12139","geometry":{"type":"MultiPoint","coordinates":[[-60.88270801,-31.4777007]]},"geometry_name":"geom","properties":{"gid":12139,"cod_pcia":"82","nom_pcia":"Santa Fe","cod_depto":"82070","nom_depto":"Las Colonias","cod_ase":"82070A07","fna":"Colonia Larrechea","tipo_asent":"Paraje","cod_aglo":null,"nom_aglo":null,"cod_agl":"820161","nom_agl":"Esperanza","lat_gd":"-31.477701","long_gd":"-60.882708","lat_gs":"-31º28'40\"","long_gs":"-60º52'58\"","fdc":"Mapa Educativo (GPS)"},"bbox":[-60.88270801,-31.4777007,-60.88270801,-31.4777007]},{"type":"Feature","id":"bahra_paraje.12140","geometry":{"type":"MultiPoint","coordinates":[[-60.80145313,-31.48573535]]},"geometry_name":"geom","properties":{"gid":12140,"cod_pcia":"82","nom_pcia":"Santa Fe","cod_depto":"82070","nom_depto":"Las Colonias","cod_ase":"82070A11","fna":"Colonia Pujol","tipo_asent":"Paraje","cod_aglo":null,"nom_aglo":null,"cod_agl":"820161","nom_agl":"Esperanza","lat_gd":"-31.485735","long_gd":"-60.801453","lat_gs":"-31º29' 9\"","long_gs":"-60º48' 5\"","fdc":"Mapa Educativo (GPS)"},"bbox":[-60.80145313,-31.48573535,-60.80145313,-31.48573535]},{"type":"Feature","id":"bahra_paraje.12141","geometry":{"type":"MultiPoint","coordinates":[[-60.86855607,-31.03097996]]},"geometry_name":"geom","properties":{"gid":12141,"cod_pcia":"82","nom_pcia":"Santa Fe","cod_depto":"82070","nom_depto":"Las Colonias","cod_ase":"82070A15","fna":"El Bosque","tipo_asent":"Paraje","cod_aglo":null,"nom_aglo":null,"cod_agl":"823134","nom_agl":"María Luisa","lat_gd":"-31.030980","long_gd":"-60.868556","lat_gs":"-31º 1'52\"","long_gs":"-60º52' 7\"","fdc":"Mapa Educativo (GPS)"},"bbox":[-60.86855607,-31.03097996,-60.86855607,-31.03097996]},{"type":"Feature","id":"bahra_paraje.12142","geometry":{"type":"MultiPoint","coordinates":[[-60.93204331,-31.50655294]]},"geometry_name":"geom","properties":{"gid":12142,"cod_pcia":"82","nom_pcia":"Santa Fe","cod_depto":"82070","nom_depto":"Las Colonias","cod_ase":"82070A27","fna":"Pujato Norte","tipo_asent":"Paraje","cod_aglo":null,"nom_aglo":null,"cod_agl":"823176","nom_agl":"Pujato Norte","lat_gd":"-31.506553","long_gd":"-60.932043","lat_gs":"-31º30'24\"","long_gs":"-60º55'55\"","fdc":"INDEC. ACA"},"bbox":[-60.93204331,-31.50655294,-60.93204331,-31.50655294]},{"type":"Feature","id":"bahra_paraje.12431","geometry":{"type":"MultiPoint","coordinates":[[-60.50860401,-31.0300112]]},"geometry_name":"geom","properties":{"gid":12431,"cod_pcia":"82","nom_pcia":"Santa Fe","cod_depto":"82112","nom_depto":"San Justo","cod_ase":"82112A24","fna":"Miguel Escalada","tipo_asent":"Paraje","cod_aglo":null,"nom_aglo":null,"cod_agl":"823925","nom_agl":"Naré","lat_gd":"-31.030011","long_gd":"-60.508604","lat_gs":"-31º 1'48\"","long_gs":"-60º30'31\"","fdc":"Mapa Educativo (GPS)"},"bbox":[-60.50860401,-31.0300112,-60.50860401,-31.0300112]},{"type":"Feature","id":"bahra_paraje.12250","geometry":{"type":"MultiPoint","coordinates":[[-60.77927437,-30.70707497]]},"geometry_name":"geom","properties":{"gid":12250,"cod_pcia":"82","nom_pcia":"Santa Fe","cod_depto":"82091","nom_depto":"San Cristóbal","cod_ase":"82091A43","fna":"Rincón del Quebracho","tipo_asent":"Paraje","cod_aglo":null,"nom_aglo":null,"cod_agl":"823659","nom_agl":"Soledad","lat_gd":"-30.707075","long_gd":"-60.779274","lat_gs":"-30º42'25\"","long_gs":"-60º46'45\"","fdc":"INDEC. ACA"},"bbox":[-60.77927437,-30.70707497,-60.77927437,-30.70707497]},{"type":"Feature","id":"bahra_paraje.12255","geometry":{"type":"MultiPoint","coordinates":[[-60.87164935,-30.48270824]]},"geometry_name":"geom","properties":{"gid":12255,"cod_pcia":"82","nom_pcia":"Santa Fe","cod_depto":"82091","nom_depto":"San Cristóbal","cod_ase":"82091A38","fna":"María Eugenia","tipo_asent":"Paraje","cod_aglo":null,"nom_aglo":null,"cod_agl":"823673","nom_agl":"Villa Saralegui","lat_gd":"-30.482708","long_gd":"-60.871649","lat_gs":"-30º28'58\"","long_gs":"-60º52'18\"","fdc":"Mapa Educativo (GPS)"},"bbox":[-60.87164935,-30.48270824,-60.87164935,-30.48270824]},{"type":"Feature","id":"bahra_paraje.12260","geometry":{"type":"MultiPoint","coordinates":[[-60.65965639,-30.70811065]]},"geometry_name":"geom","properties":{"gid":12260,"cod_pcia":"82","nom_pcia":"Santa Fe","cod_depto":"82091","nom_depto":"San Cristóbal","cod_ase":"82091A27","fna":"Estación Rincón del Quebracho","tipo_asent":"Paraje","cod_aglo":null,"nom_aglo":null,"cod_agl":"823673","nom_agl":"Villa Saralegui","lat_gd":"-30.708111","long_gd":"-60.659656","lat_gs":"-30º42'29\"","long_gs":"-60º39'35\"","fdc":"Mapa Educativo (GPS)"},"bbox":[-60.65965639,-30.70811065,-60.65965639,-30.70811065]},{"type":"Feature","id":"bahra_paraje.12303","geometry":{"type":"MultiPoint","coordinates":[[-60.66276876,-30.6546566]]},"geometry_name":"geom","properties":{"gid":12303,"cod_pcia":"82","nom_pcia":"Santa Fe","cod_depto":"82091","nom_depto":"San Cristóbal","cod_ase":"82091A41","fna":"Petronila","tipo_asent":"Paraje","cod_aglo":null,"nom_aglo":null,"cod_agl":"823673","nom_agl":"Villa Saralegui","lat_gd":"-30.654657","long_gd":"-60.662769","lat_gs":"-30º39'17\"","long_gs":"-60º39'46\"","fdc":"Mapa Educativo (GPS)"},"bbox":[-60.66276876,-30.6546566,-60.66276876,-30.6546566]},{"type":"Feature","id":"bahra_paraje.12387","geometry":{"type":"MultiPoint","coordinates":[[-60.53230293,-30.79188052]]},"geometry_name":"geom","properties":{"gid":12387,"cod_pcia":"82","nom_pcia":"Santa Fe","cod_depto":"82112","nom_depto":"San Justo","cod_ase":"82112A04","fna":"Colonia El Fortín","tipo_asent":"Paraje","cod_aglo":null,"nom_aglo":null,"cod_agl":"820259","nom_agl":"San Justo","lat_gd":"-30.791881","long_gd":"-60.532303","lat_gs":"-30º47'31\"","long_gs":"-60º31'56\"","fdc":"Mapa Educativo (GPS)"},"bbox":[-60.53230293,-30.79188052,-60.53230293,-30.79188052]},{"type":"Feature","id":"bahra_paraje.12389","geometry":{"type":"MultiPoint","coordinates":[[-60.47269873,-30.8554123]]},"geometry_name":"geom","properties":{"gid":12389,"cod_pcia":"82","nom_pcia":"Santa Fe","cod_depto":"82112","nom_depto":"San Justo","cod_ase":"82112A10","fna":"Estación Vera Mujica","tipo_asent":"Paraje","cod_aglo":null,"nom_aglo":null,"cod_agl":"820259","nom_agl":"San Justo","lat_gd":"-30.855412","long_gd":"-60.472699","lat_gs":"-30º51'19\"","long_gs":"-60º28'22\"","fdc":"INDEC. ACA"},"bbox":[-60.47269873,-30.8554123,-60.47269873,-30.8554123]},{"type":"Feature","id":"bahra_paraje.12391","geometry":{"type":"MultiPoint","coordinates":[[-60.55233042,-30.72711121]]},"geometry_name":"geom","properties":{"gid":12391,"cod_pcia":"82","nom_pcia":"Santa Fe","cod_depto":"82112","nom_depto":"San Justo","cod_ase":"82112A02","fna":"Campo Pichuco","tipo_asent":"Paraje","cod_aglo":null,"nom_aglo":null,"cod_agl":"820259","nom_agl":"San Justo","lat_gd":"-30.727111","long_gd":"-60.552330","lat_gs":"-30º43'38\"","long_gs":"-60º33' 8\"","fdc":"Mapa Educativo (GPS)"},"bbox":[-60.55233042,-30.72711121,-60.55233042,-30.72711121]},{"type":"Feature","id":"bahra_paraje.12393","geometry":{"type":"MultiPoint","coordinates":[[-60.61736708,-30.86736726]]},"geometry_name":"geom","properties":{"gid":12393,"cod_pcia":"82","nom_pcia":"Santa Fe","cod_depto":"82112","nom_depto":"San Justo","cod_ase":"82112A23","fna":"Luciano Leiva","tipo_asent":"Paraje","cod_aglo":null,"nom_aglo":null,"cod_agl":"823862","nom_agl":"Angeloni","lat_gd":"-30.867367","long_gd":"-60.617367","lat_gs":"-30º52' 3\"","long_gs":"-60º37' 3\"","fdc":"Mapa Educativo"},"bbox":[-60.61736708,-30.86736726,-60.61736708,-30.86736726]},{"type":"Feature","id":"bahra_paraje.12395","geometry":{"type":"MultiPoint","coordinates":[[-60.45995059,-30.68458221]]},"geometry_name":"geom","properties":{"gid":12395,"cod_pcia":"82","nom_pcia":"Santa Fe","cod_depto":"82112","nom_depto":"San Justo","cod_ase":"82112A29","fna":"Villa Lastenia","tipo_asent":"Paraje","cod_aglo":null,"nom_aglo":null,"cod_agl":"823939","nom_agl":"Ramayón","lat_gd":"-30.684582","long_gd":"-60.459951","lat_gs":"-30º41' 4\"","long_gs":"-60º27'36\"","fdc":"Mapa Educativo (GPS)"},"bbox":[-60.45995059,-30.68458221,-60.45995059,-30.68458221]},{"type":"Feature","id":"bahra_paraje.12396","geometry":{"type":"MultiPoint","coordinates":[[-60.59071691,-30.53497942]]},"geometry_name":"geom","properties":{"gid":12396,"cod_pcia":"82","nom_pcia":"Santa Fe","cod_depto":"82112","nom_depto":"San Justo","cod_ase":"82112A27","fna":"San Juan","tipo_asent":"Paraje","cod_aglo":null,"nom_aglo":null,"cod_agl":"823939","nom_agl":"Ramayón","lat_gd":"-30.534979","long_gd":"-60.590717","lat_gs":"-30º32' 6\"","long_gs":"-60º35'27\"","fdc":"Mapa Educativo (GPS)"},"bbox":[-60.59071691,-30.53497942,-60.59071691,-30.53497942]},{"type":"Feature","id":"bahra_paraje.12398","geometry":{"type":"MultiPoint","coordinates":[[-60.70282032,-30.97488191]]},"geometry_name":"geom","properties":{"gid":12398,"cod_pcia":"82","nom_pcia":"Santa Fe","cod_depto":"82112","nom_depto":"San Justo","cod_ase":"82112A09","fna":"Colonia Sol de Mayo","tipo_asent":"Paraje","cod_aglo":null,"nom_aglo":null,"cod_agl":"823974","nom_agl":"Videla","lat_gd":"-30.974882","long_gd":"-60.702820","lat_gs":"-30º58'30\"","long_gs":"-60º42'10\"","fdc":"Mapa Educativo (GPS)"},"bbox":[-60.70282032,-30.97488191,-60.70282032,-30.97488191]},{"type":"Feature","id":"bahra_paraje.12399","geometry":{"type":"MultiPoint","coordinates":[[-60.68749755,-30.90169948]]},"geometry_name":"geom","properties":{"gid":12399,"cod_pcia":"82","nom_pcia":"Santa Fe","cod_depto":"82112","nom_depto":"San Justo","cod_ase":"82112A03","fna":"Colonia Angeloni","tipo_asent":"Paraje","cod_aglo":null,"nom_aglo":null,"cod_agl":"823862","nom_agl":"Angeloni","lat_gd":"-30.901699","long_gd":"-60.687498","lat_gs":"-30º54' 6\"","long_gs":"-60º41'15\"","fdc":"INDEC. ACA"},"bbox":[-60.68749755,-30.90169948,-60.68749755,-30.90169948]},{"type":"Feature","id":"bahra_paraje.12400","geometry":{"type":"MultiPoint","coordinates":[[-60.44214665,-30.85988612]]},"geometry_name":"geom","properties":{"gid":12400,"cod_pcia":"82","nom_pcia":"Santa Fe","cod_depto":"82112","nom_depto":"San Justo","cod_ase":"82112A28","fna":"Vera Mujica","tipo_asent":"Paraje","cod_aglo":null,"nom_aglo":null,"cod_agl":"820259","nom_agl":"San Justo","lat_gd":"-30.859886","long_gd":"-60.442147","lat_gs":"-30º51'36\"","long_gs":"-60º26'32\"","fdc":"Mapa Educativo (GPS)"},"bbox":[-60.44214665,-30.85988612,-60.44214665,-30.85988612]},{"type":"Feature","id":"bahra_paraje.12418","geometry":{"type":"MultiPoint","coordinates":[[-60.50442581,-31.15446763]]},"geometry_name":"geom","properties":{"gid":12418,"cod_pcia":"82","nom_pcia":"Santa Fe","cod_depto":"82112","nom_depto":"San Justo","cod_ase":"82112A15","fna":"La Clorinda","tipo_asent":"Paraje","cod_aglo":null,"nom_aglo":null,"cod_agl":"823869","nom_agl":"Cayastacito","lat_gd":"-31.154468","long_gd":"-60.504426","lat_gs":"-31º 9'16\"","long_gs":"-60º30'16\"","fdc":"Mapa Educativo (GPS)"},"bbox":[-60.50442581,-31.15446763,-60.50442581,-31.15446763]},{"type":"Feature","id":"bahra_paraje.12401","geometry":{"type":"MultiPoint","coordinates":[[-60.60156767,-30.36899629]]},"geometry_name":"geom","properties":{"gid":12401,"cod_pcia":"82","nom_pcia":"Santa Fe","cod_depto":"82112","nom_depto":"San Justo","cod_ase":"82112A19","fna":"La Rinconada","tipo_asent":"Paraje","cod_aglo":null,"nom_aglo":null,"cod_agl":"823911","nom_agl":"La Penca y Caraguatá","lat_gd":"-30.368996","long_gd":"-60.601568","lat_gs":"-30º22' 8\"","long_gs":"-60º36' 6\"","fdc":"Mapa Educativo (GPS)"},"bbox":[-60.60156767,-30.36899629,-60.60156767,-30.36899629]},{"type":"Feature","id":"bahra_paraje.12404","geometry":{"type":"MultiPoint","coordinates":[[-60.61585523,-30.17370357]]},"geometry_name":"geom","properties":{"gid":12404,"cod_pcia":"82","nom_pcia":"Santa Fe","cod_depto":"82112","nom_depto":"San Justo","cod_ase":"82112A17","fna":"La Nevada","tipo_asent":"Paraje","cod_aglo":null,"nom_aglo":null,"cod_agl":"823904","nom_agl":"La Criolla","lat_gd":"-30.173704","long_gd":"-60.615855","lat_gs":"-30º10'25\"","long_gs":"-60º36'57\"","fdc":"Mapa Educativo (GPS)"},"bbox":[-60.61585523,-30.17370357,-60.61585523,-30.17370357]},{"type":"Feature","id":"bahra_paraje.12406","geometry":{"type":"MultiPoint","coordinates":[[-60.55177946,-30.27772719]]},"geometry_name":"geom","properties":{"gid":12406,"cod_pcia":"82","nom_pcia":"Santa Fe","cod_depto":"82112","nom_depto":"San Justo","cod_ase":"82112A07","fna":"Colonia La Mora","tipo_asent":"Paraje","cod_aglo":null,"nom_aglo":null,"cod_agl":"823911","nom_agl":"La Penca y Caraguatá","lat_gd":"-30.277727","long_gd":"-60.551779","lat_gs":"-30º16'40\"","long_gs":"-60º33' 6\"","fdc":"Mapa Educativo (GPS)"},"bbox":[-60.55177946,-30.27772719,-60.55177946,-30.27772719]},{"type":"Feature","id":"bahra_paraje.12412","geometry":{"type":"MultiPoint","coordinates":[[-60.59835661,-30.20243432]]},"geometry_name":"geom","properties":{"gid":12412,"cod_pcia":"82","nom_pcia":"Santa Fe","cod_depto":"82112","nom_depto":"San Justo","cod_ase":"82112A01","fna":"Asunción María","tipo_asent":"Paraje","cod_aglo":null,"nom_aglo":null,"cod_agl":"823904","nom_agl":"La Criolla","lat_gd":"-30.202434","long_gd":"-60.598357","lat_gs":"-30º12' 9\"","long_gs":"-60º35'54\"","fdc":"INDEC. ACA"},"bbox":[-60.59835661,-30.20243432,-60.59835661,-30.20243432]},{"type":"Feature","id":"bahra_paraje.6344","geometry":{"type":"MultiPoint","coordinates":[[-58.28461567,-31.70913723]]},"geometry_name":"geom","properties":{"gid":6344,"cod_pcia":"30","nom_pcia":"Entre Ríos","cod_depto":"30008","nom_depto":"Colón","cod_ase":"30008A00","fna":"Aldea San Gregorio","tipo_asent":"Paraje","cod_aglo":null,"nom_aglo":null,"cod_agl":"300021","nom_agl":"Ubajay","lat_gd":"-31.709137","long_gd":"-58.284616","lat_gs":"-31º42'33\"","long_gs":"-58º17' 5\"","fdc":"Mapa Educativo (GPS)"},"bbox":[-58.28461567,-31.70913723,-58.28461567,-31.70913723]},{"type":"Feature","id":"bahra_paraje.6345","geometry":{"type":"MultiPoint","coordinates":[[-58.31806347,-31.92085971]]},"geometry_name":"geom","properties":{"gid":6345,"cod_pcia":"30","nom_pcia":"Entre Ríos","cod_depto":"30008","nom_depto":"Colón","cod_ase":"30008A01","fna":"Berduc","tipo_asent":"Paraje","cod_aglo":null,"nom_aglo":null,"cod_agl":"300000","nom_agl":"sin gobierno local","lat_gd":"-31.920860","long_gd":"-58.318063","lat_gs":"-31º55'15\"","long_gs":"-58º19' 5\"","fdc":"INDEC. ACA"},"bbox":[-58.31806347,-31.92085971,-58.31806347,-31.92085971]},{"type":"Feature","id":"bahra_paraje.6346","geometry":{"type":"MultiPoint","coordinates":[[-58.31122225,-32.1353419]]},"geometry_name":"geom","properties":{"gid":6346,"cod_pcia":"30","nom_pcia":"Entre Ríos","cod_depto":"30008","nom_depto":"Colón","cod_ase":"30008A02","fna":"Caraballo","tipo_asent":"Paraje","cod_aglo":null,"nom_aglo":null,"cod_agl":"300028","nom_agl":"Villa Elisa","lat_gd":"-32.135342","long_gd":"-58.311222","lat_gs":"-32º 8' 7\"","long_gs":"-58º18'40\"","fdc":"INDEC. ACA"},"bbox":[-58.31122225,-32.1353419,-58.31122225,-32.1353419]},{"type":"Feature","id":"bahra_paraje.6347","geometry":{"type":"MultiPoint","coordinates":[[-58.39647316,-32.04888355]]},"geometry_name":"geom","properties":{"gid":6347,"cod_pcia":"30","nom_pcia":"Entre Ríos","cod_depto":"30008","nom_depto":"Colón","cod_ase":"30008A03","fna":"Colonia El Carmen","tipo_asent":"Paraje","cod_aglo":null,"nom_aglo":null,"cod_agl":"300000","nom_agl":"sin gobierno local","lat_gd":"-32.048884","long_gd":"-58.396473","lat_gs":"-32º 2'56\"","long_gs":"-58º23'47\"","fdc":"Mapa Educativo (GPS)"},"bbox":[-58.39647316,-32.04888355,-58.39647316,-32.04888355]},{"type":"Feature","id":"bahra_paraje.6348","geometry":{"type":"MultiPoint","coordinates":[[-58.50814661,-31.837808]]},"geometry_name":"geom","properties":{"gid":6348,"cod_pcia":"30","nom_pcia":"Entre Ríos","cod_depto":"30008","nom_depto":"Colón","cod_ase":"30008A04","fna":"Colonia Izquierdo","tipo_asent":"Paraje","cod_aglo":null,"nom_aglo":null,"cod_agl":"309005","nom_agl":"Arroyo Barú","lat_gd":"-31.837808","long_gd":"-58.508147","lat_gs":"-31º50'16\"","long_gs":"-58º30'29\"","fdc":"Mapa Educativo (GPS)"},"bbox":[-58.50814661,-31.837808,-58.50814661,-31.837808]},{"type":"Feature","id":"bahra_paraje.6349","geometry":{"type":"MultiPoint","coordinates":[[-58.23797801,-32.07159846]]},"geometry_name":"geom","properties":{"gid":6349,"cod_pcia":"30","nom_pcia":"Entre Ríos","cod_depto":"30008","nom_depto":"Colón","cod_ase":"30008A05","fna":"Colonia Las Mercedes","tipo_asent":"Paraje","cod_aglo":null,"nom_aglo":null,"cod_agl":"300000","nom_agl":"sin gobierno local","lat_gd":"-32.071598","long_gd":"-58.237978","lat_gs":"-32º 4'18\"","long_gs":"-58º14'17\"","fdc":"Mapa Educativo (GPS)"},"bbox":[-58.23797801,-32.07159846,-58.23797801,-32.07159846]},{"type":"Feature","id":"bahra_paraje.6350","geometry":{"type":"MultiPoint","coordinates":[[-58.62506642,-32.10319644]]},"geometry_name":"geom","properties":{"gid":6350,"cod_pcia":"30","nom_pcia":"Entre Ríos","cod_depto":"30008","nom_depto":"Colón","cod_ase":"30008A06","fna":"Colonia Las Pepas","tipo_asent":"Paraje","cod_aglo":null,"nom_aglo":null,"cod_agl":"300000","nom_agl":"sin gobierno local","lat_gd":"-32.103196","long_gd":"-58.625066","lat_gs":"-32º 6'12\"","long_gs":"-58º37'30\"","fdc":"Mapa Educativo (GPS)"},"bbox":[-58.62506642,-32.10319644,-58.62506642,-32.10319644]},{"type":"Feature","id":"bahra_paraje.6351","geometry":{"type":"MultiPoint","coordinates":[[-58.28668003,-32.09577604]]},"geometry_name":"geom","properties":{"gid":6351,"cod_pcia":"30","nom_pcia":"Entre Ríos","cod_depto":"30008","nom_depto":"Colón","cod_ase":"30008A07","fna":"Colonia Mabragaña","tipo_asent":"Paraje","cod_aglo":null,"nom_aglo":null,"cod_agl":"300000","nom_agl":"sin gobierno local","lat_gd":"-32.095776","long_gd":"-58.286680","lat_gs":"-32º 5'45\"","long_gs":"-58º17'12\"","fdc":"Mapa Educativo (GPS)"},"bbox":[-58.28668003,-32.09577604,-58.28668003,-32.09577604]},{"type":"Feature","id":"bahra_paraje.6352","geometry":{"type":"MultiPoint","coordinates":[[-58.55301929,-32.06225117]]},"geometry_name":"geom","properties":{"gid":6352,"cod_pcia":"30","nom_pcia":"Entre Ríos","cod_depto":"30008","nom_depto":"Colón","cod_ase":"30008A08","fna":"Colonia Nueva San Miguel","tipo_asent":"Paraje","cod_aglo":null,"nom_aglo":null,"cod_agl":"300000","nom_agl":"sin gobierno local","lat_gd":"-32.062251","long_gd":"-58.553019","lat_gs":"-32º 3'44\"","long_gs":"-58º33'11\"","fdc":"Mapa Educativo (GPS)"},"bbox":[-58.55301929,-32.06225117,-58.55301929,-32.06225117]},{"type":"Feature","id":"bahra_paraje.6353","geometry":{"type":"MultiPoint","coordinates":[[-58.39268717,-31.75405745]]},"geometry_name":"geom","properties":{"gid":6353,"cod_pcia":"30","nom_pcia":"Entre Ríos","cod_depto":"30008","nom_depto":"Colón","cod_ase":"30008A09","fna":"Colonia Palmar Yatay","tipo_asent":"Paraje","cod_aglo":null,"nom_aglo":null,"cod_agl":"300000","nom_agl":"sin gobierno local","lat_gd":"-31.754057","long_gd":"-58.392687","lat_gs":"-31º45'15\"","long_gs":"-58º23'34\"","fdc":"Mapa Educativo (GPS)"},"bbox":[-58.39268717,-31.75405745,-58.39268717,-31.75405745]},{"type":"Feature","id":"bahra_paraje.6354","geometry":{"type":"MultiPoint","coordinates":[[-58.1519196,-32.26550351]]},"geometry_name":"geom","properties":{"gid":6354,"cod_pcia":"30","nom_pcia":"Entre Ríos","cod_depto":"30008","nom_depto":"Colón","cod_ase":"30008A10","fna":"Colonia Paso Paysandú","tipo_asent":"Paraje","cod_aglo":null,"nom_aglo":null,"cod_agl":"300007","nom_agl":"Colón","lat_gd":"-32.265504","long_gd":"-58.151920","lat_gs":"-32º15'56\"","long_gs":"-58º 9' 7\"","fdc":"Mapa Educativo (GPS)"},"bbox":[-58.1519196,-32.26550351,-58.1519196,-32.26550351]},{"type":"Feature","id":"bahra_paraje.6355","geometry":{"type":"MultiPoint","coordinates":[[-58.28005669,-32.30034787]]},"geometry_name":"geom","properties":{"gid":6355,"cod_pcia":"30","nom_pcia":"Entre Ríos","cod_depto":"30008","nom_depto":"Colón","cod_ase":"30008A11","fna":"Colonia Pereira","tipo_asent":"Paraje","cod_aglo":null,"nom_aglo":null,"cod_agl":"309007","nom_agl":"Colonia San Anselmo y Aledañas","lat_gd":"-32.300348","long_gd":"-58.280057","lat_gs":"-32º18' 1\"","long_gs":"-58º16'48\"","fdc":"Mapa Educativo (GPS)"},"bbox":[-58.28005669,-32.30034787,-58.28005669,-32.30034787]},{"type":"Feature","id":"bahra_paraje.6356","geometry":{"type":"MultiPoint","coordinates":[[-58.56808954,-32.14770545]]},"geometry_name":"geom","properties":{"gid":6356,"cod_pcia":"30","nom_pcia":"Entre Ríos","cod_depto":"30008","nom_depto":"Colón","cod_ase":"30008A12","fna":"Colonia Puente del Gualeguaychú","tipo_asent":"Paraje","cod_aglo":null,"nom_aglo":null,"cod_agl":"300000","nom_agl":"sin gobierno local","lat_gd":"-32.147705","long_gd":"-58.568090","lat_gs":"-32º 8'52\"","long_gs":"-58º34' 5\"","fdc":"Mapa Educativo (GPS)"},"bbox":[-58.56808954,-32.14770545,-58.56808954,-32.14770545]},{"type":"Feature","id":"bahra_paraje.6357","geometry":{"type":"MultiPoint","coordinates":[[-58.18015826,-32.33275639]]},"geometry_name":"geom","properties":{"gid":6357,"cod_pcia":"30","nom_pcia":"Entre Ríos","cod_depto":"30008","nom_depto":"Colón","cod_ase":"30008A13","fna":"Colonia San Anselmo","tipo_asent":"Paraje","cod_aglo":null,"nom_aglo":null,"cod_agl":"309007","nom_agl":"Colonia San Anselmo y Aledañas","lat_gd":"-32.332756","long_gd":"-58.180158","lat_gs":"-32º19'58\"","long_gs":"-58º10'49\"","fdc":"Mapa Educativo (GPS)"},"bbox":[-58.18015826,-32.33275639,-58.18015826,-32.33275639]},{"type":"Feature","id":"bahra_paraje.6358","geometry":{"type":"MultiPoint","coordinates":[[-58.26871899,-31.78851981]]},"geometry_name":"geom","properties":{"gid":6358,"cod_pcia":"30","nom_pcia":"Entre Ríos","cod_depto":"30008","nom_depto":"Colón","cod_ase":"30008A14","fna":"Colonia San Antonio","tipo_asent":"Paraje","cod_aglo":null,"nom_aglo":null,"cod_agl":"300021","nom_agl":"Ubajay","lat_gd":"-31.788520","long_gd":"-58.268719","lat_gs":"-31º47'19\"","long_gs":"-58º16' 7\"","fdc":"Mapa Educativo (GPS)"},"bbox":[-58.26871899,-31.78851981,-58.26871899,-31.78851981]},{"type":"Feature","id":"bahra_paraje.6359","geometry":{"type":"MultiPoint","coordinates":[[-58.56619664,-31.89128929]]},"geometry_name":"geom","properties":{"gid":6359,"cod_pcia":"30","nom_pcia":"Entre Ríos","cod_depto":"30008","nom_depto":"Colón","cod_ase":"30008A15","fna":"Colonia San Huberto","tipo_asent":"Paraje","cod_aglo":null,"nom_aglo":null,"cod_agl":"309010","nom_agl":"Hambis","lat_gd":"-31.891289","long_gd":"-58.566197","lat_gs":"-31º53'29\"","long_gs":"-58º33'58\"","fdc":"Mapa Educativo (GPS)"},"bbox":[-58.56619664,-31.89128929,-58.56619664,-31.89128929]},{"type":"Feature","id":"bahra_paraje.6360","geometry":{"type":"MultiPoint","coordinates":[[-58.54952095,-31.99383095]]},"geometry_name":"geom","properties":{"gid":6360,"cod_pcia":"30","nom_pcia":"Entre Ríos","cod_depto":"30008","nom_depto":"Colón","cod_ase":"30008A16","fna":"Colonia San Miguel","tipo_asent":"Paraje","cod_aglo":null,"nom_aglo":null,"cod_agl":"309025","nom_agl":"Pueblo Cazes","lat_gd":"-31.993831","long_gd":"-58.549521","lat_gs":"-31º59'38\"","long_gs":"-58º32'58\"","fdc":"Mapa Educativo (GPS)"},"bbox":[-58.54952095,-31.99383095,-58.54952095,-31.99383095]},{"type":"Feature","id":"bahra_paraje.6361","geometry":{"type":"MultiPoint","coordinates":[[-58.42566581,-32.1068834]]},"geometry_name":"geom","properties":{"gid":6361,"cod_pcia":"30","nom_pcia":"Entre Ríos","cod_depto":"30008","nom_depto":"Colón","cod_ase":"30008A17","fna":"Colonia Vásquez","tipo_asent":"Paraje","cod_aglo":null,"nom_aglo":null,"cod_agl":"300028","nom_agl":"Villa Elisa","lat_gd":"-32.106883","long_gd":"-58.425666","lat_gs":"-32º 6'25\"","long_gs":"-58º25'32\"","fdc":"Mapa Educativo (GPS)"},"bbox":[-58.42566581,-32.1068834,-58.42566581,-32.1068834]},{"type":"Feature","id":"bahra_paraje.6362","geometry":{"type":"MultiPoint","coordinates":[[-58.24373361,-31.75430108]]},"geometry_name":"geom","properties":{"gid":6362,"cod_pcia":"30","nom_pcia":"Entre Ríos","cod_depto":"30008","nom_depto":"Colón","cod_ase":"30008A18","fna":"Distrito 6to.","tipo_asent":"Paraje","cod_aglo":null,"nom_aglo":null,"cod_agl":"300000","nom_agl":"sin gobierno local","lat_gd":"-31.754301","long_gd":"-58.243734","lat_gs":"-31º45'15\"","long_gs":"-58º14'37\"","fdc":"Mapa Educativo (GPS)"},"bbox":[-58.24373361,-31.75430108,-58.24373361,-31.75430108]},{"type":"Feature","id":"bahra_paraje.6363","geometry":{"type":"MultiPoint","coordinates":[[-58.21053168,-31.86762511]]},"geometry_name":"geom","properties":{"gid":6363,"cod_pcia":"30","nom_pcia":"Entre Ríos","cod_depto":"30008","nom_depto":"Colón","cod_ase":"30008A19","fna":"El Palmar","tipo_asent":"Paraje","cod_aglo":null,"nom_aglo":null,"cod_agl":"300000","nom_agl":"sin gobierno local","lat_gd":"-31.867625","long_gd":"-58.210532","lat_gs":"-31º52' 3\"","long_gs":"-58º12'38\"","fdc":"INDEC. ACA"},"bbox":[-58.21053168,-31.86762511,-58.21053168,-31.86762511]},{"type":"Feature","id":"bahra_paraje.6364","geometry":{"type":"MultiPoint","coordinates":[[-58.14425915,-31.76773744]]},"geometry_name":"geom","properties":{"gid":6364,"cod_pcia":"30","nom_pcia":"Entre Ríos","cod_depto":"30008","nom_depto":"Colón","cod_ase":"30008A20","fna":"Humaitá","tipo_asent":"Paraje","cod_aglo":null,"nom_aglo":null,"cod_agl":"300000","nom_agl":"sin gobierno local","lat_gd":"-31.767737","long_gd":"-58.144259","lat_gs":"-31º46' 4\"","long_gs":"-58º 8'39\"","fdc":"Mapa Educativo (GPS)"},"bbox":[-58.14425915,-31.76773744,-58.14425915,-31.76773744]},{"type":"Feature","id":"bahra_paraje.6365","geometry":{"type":"MultiPoint","coordinates":[[-58.30369484,-32.00218131]]},"geometry_name":"geom","properties":{"gid":6365,"cod_pcia":"30","nom_pcia":"Entre Ríos","cod_depto":"30008","nom_depto":"Colón","cod_ase":"30008A21","fna":"Juan Jorge","tipo_asent":"Paraje","cod_aglo":null,"nom_aglo":null,"cod_agl":"300000","nom_agl":"sin gobierno local","lat_gd":"-32.002181","long_gd":"-58.303695","lat_gs":"-32º 0' 8\"","long_gs":"-58º18'13\"","fdc":"INDEC. ACA"},"bbox":[-58.30369484,-32.00218131,-58.30369484,-32.00218131]},{"type":"Feature","id":"bahra_paraje.6366","geometry":{"type":"MultiPoint","coordinates":[[-58.66483231,-31.94079846]]},"geometry_name":"geom","properties":{"gid":6366,"cod_pcia":"30","nom_pcia":"Entre Ríos","cod_depto":"30008","nom_depto":"Colón","cod_ase":"30008A22","fna":"Paraje Santa Rosa","tipo_asent":"Paraje","cod_aglo":null,"nom_aglo":null,"cod_agl":"300000","nom_agl":"sin gobierno local","lat_gd":"-31.940798","long_gd":"-58.664832","lat_gs":"-31º56'27\"","long_gs":"-58º39'53\"","fdc":"Mapa Educativo (GPS)"},"bbox":[-58.66483231,-31.94079846,-58.66483231,-31.94079846]},{"type":"Feature","id":"bahra_paraje.6367","geometry":{"type":"MultiPoint","coordinates":[[-58.39235965,-31.9270603]]},"geometry_name":"geom","properties":{"gid":6367,"cod_pcia":"30","nom_pcia":"Entre Ríos","cod_depto":"30008","nom_depto":"Colón","cod_ase":"30008A23","fna":"Santa Inés","tipo_asent":"Paraje","cod_aglo":null,"nom_aglo":null,"cod_agl":"300000","nom_agl":"sin gobierno local","lat_gd":"-31.927060","long_gd":"-58.392360","lat_gs":"-31º55'37\"","long_gs":"-58º23'32\"","fdc":"INDEC. ACA"},"bbox":[-58.39235965,-31.9270603,-58.39235965,-31.9270603]},{"type":"Feature","id":"bahra_paraje.6368","geometry":{"type":"MultiPoint","coordinates":[[-58.19225702,-31.92726667]]},"geometry_name":"geom","properties":{"gid":6368,"cod_pcia":"30","nom_pcia":"Entre Ríos","cod_depto":"30008","nom_depto":"Colón","cod_ase":"30008A24","fna":"Sumaca","tipo_asent":"Paraje","cod_aglo":null,"nom_aglo":null,"cod_agl":"300000","nom_agl":"sin gobierno local","lat_gd":"-31.927267","long_gd":"-58.192257","lat_gs":"-31º55'38\"","long_gs":"-58º11'32\"","fdc":"Mapa Educativo (GPS)"},"bbox":[-58.19225702,-31.92726667,-58.19225702,-31.92726667]},{"type":"Feature","id":"bahra_paraje.6383","geometry":{"type":"MultiPoint","coordinates":[[-58.39454309,-31.34013788]]},"geometry_name":"geom","properties":{"gid":6383,"cod_pcia":"30","nom_pcia":"Entre Ríos","cod_depto":"30015","nom_depto":"Concordia","cod_ase":"30015A00","fna":"Colonia Los Sauces","tipo_asent":"Paraje","cod_aglo":null,"nom_aglo":null,"cod_agl":"300000","nom_agl":"sin gobierno local","lat_gd":"-31.340138","long_gd":"-58.394543","lat_gs":"-31º20'24\"","long_gs":"-58º23'40\"","fdc":"Mapa Educativo (GPS)"},"bbox":[-58.39454309,-31.34013788,-58.39454309,-31.34013788]},{"type":"Feature","id":"bahra_paraje.6385","geometry":{"type":"MultiPoint","coordinates":[[-58.19620592,-31.7173921]]},"geometry_name":"geom","properties":{"gid":6385,"cod_pcia":"30","nom_pcia":"Entre Ríos","cod_depto":"30015","nom_depto":"Concordia","cod_ase":"30015A02","fna":"Colonia Santa Isabel","tipo_asent":"Paraje","cod_aglo":null,"nom_aglo":null,"cod_agl":"309065","nom_agl":"Pedernal","lat_gd":"-31.717392","long_gd":"-58.196206","lat_gs":"-31º43' 3\"","long_gs":"-58º11'46\"","fdc":"Mapa Educativo (GPS)"},"bbox":[-58.19620592,-31.7173921,-58.19620592,-31.7173921]},{"type":"Feature","id":"bahra_paraje.6388","geometry":{"type":"MultiPoint","coordinates":[[-58.0879587,-31.48558158]]},"geometry_name":"geom","properties":{"gid":6388,"cod_pcia":"30","nom_pcia":"Entre Ríos","cod_depto":"30015","nom_depto":"Concordia","cod_ase":"30015A05","fna":"Embarcadero Ferrari","tipo_asent":"Paraje","cod_aglo":null,"nom_aglo":null,"cod_agl":"300070","nom_agl":"Puerto Yeruá","lat_gd":"-31.485582","long_gd":"-58.087959","lat_gs":"-31º29' 8\"","long_gs":"-58º 5'17\"","fdc":"INDEC. ACA"},"bbox":[-58.0879587,-31.48558158,-58.0879587,-31.48558158]},{"type":"Feature","id":"bahra_paraje.6392","geometry":{"type":"MultiPoint","coordinates":[[-58.03682623,-31.55420436]]},"geometry_name":"geom","properties":{"gid":6392,"cod_pcia":"30","nom_pcia":"Entre Ríos","cod_depto":"30015","nom_depto":"Concordia","cod_ase":"30015A09","fna":"La Rosada","tipo_asent":"Paraje","cod_aglo":null,"nom_aglo":null,"cod_agl":"300070","nom_agl":"Puerto Yeruá","lat_gd":"-31.554204","long_gd":"-58.036826","lat_gs":"-31º33'15\"","long_gs":"-58º 2'13\"","fdc":"Mapa Educativo (GPS)"},"bbox":[-58.03682623,-31.55420436,-58.03682623,-31.55420436]},{"type":"Feature","id":"bahra_paraje.6395","geometry":{"type":"MultiPoint","coordinates":[[-58.42351258,-31.44442975]]},"geometry_name":"geom","properties":{"gid":6395,"cod_pcia":"30","nom_pcia":"Entre Ríos","cod_depto":"30015","nom_depto":"Concordia","cod_ase":"30015A12","fna":"Pueblo Ferré","tipo_asent":"Paraje","cod_aglo":null,"nom_aglo":null,"cod_agl":"309050","nom_agl":"Estación Yeruá","lat_gd":"-31.444430","long_gd":"-58.423513","lat_gs":"-31º26'40\"","long_gs":"-58º25'25\"","fdc":"Mapa Educativo (GPS)"},"bbox":[-58.42351258,-31.44442975,-58.42351258,-31.44442975]},{"type":"Feature","id":"bahra_paraje.6396","geometry":{"type":"MultiPoint","coordinates":[[-58.16823125,-31.28086207]]},"geometry_name":"geom","properties":{"gid":6396,"cod_pcia":"30","nom_pcia":"Entre Ríos","cod_depto":"30015","nom_depto":"Concordia","cod_ase":"30015A13","fna":"San Bonifacio","tipo_asent":"Paraje","cod_aglo":null,"nom_aglo":null,"cod_agl":"300056","nom_agl":"La Criolla","lat_gd":"-31.280862","long_gd":"-58.168231","lat_gs":"-31º16'51\"","long_gs":"-58º10' 6\"","fdc":"Mapa Educativo (GPS)"},"bbox":[-58.16823125,-31.28086207,-58.16823125,-31.28086207]},{"type":"Feature","id":"bahra_paraje.6484","geometry":{"type":"MultiPoint","coordinates":[[-58.66843634,-31.26515364]]},"geometry_name":"geom","properties":{"gid":6484,"cod_pcia":"30","nom_pcia":"Entre Ríos","cod_depto":"30035","nom_depto":"Federal","cod_ase":"30035A08","fna":"Chañar","tipo_asent":"Paraje","cod_aglo":null,"nom_aglo":null,"cod_agl":"309220","nom_agl":"Paso Duarte","lat_gd":"-31.265154","long_gd":"-58.668436","lat_gs":"-31º15'55\"","long_gs":"-58º40' 6\"","fdc":"Mapa Educativo (GPS)"},"bbox":[-58.66843634,-31.26515364,-58.66843634,-31.26515364]},{"type":"Feature","id":"bahra_paraje.6819","geometry":{"type":"MultiPoint","coordinates":[[-58.36767258,-31.59794618]]},"geometry_name":"geom","properties":{"gid":6819,"cod_pcia":"30","nom_pcia":"Entre Ríos","cod_depto":"30088","nom_depto":"San Salvador","cod_ase":"30088A00","fna":"Arroyo Grande","tipo_asent":"Paraje","cod_aglo":null,"nom_aglo":null,"cod_agl":"309775","nom_agl":"Colonia Oficial Nº5","lat_gd":"-31.597946","long_gd":"-58.367673","lat_gs":"-31º35'53\"","long_gs":"-58º22' 4\"","fdc":"Mapa Educativo (GPS)"},"bbox":[-58.36767258,-31.59794618,-58.36767258,-31.59794618]},{"type":"Feature","id":"bahra_paraje.6820","geometry":{"type":"MultiPoint","coordinates":[[-58.48452005,-31.74226787]]},"geometry_name":"geom","properties":{"gid":6820,"cod_pcia":"30","nom_pcia":"Entre Ríos","cod_depto":"30088","nom_depto":"San Salvador","cod_ase":"30088A01","fna":"Arroyo Palmar","tipo_asent":"Paraje","cod_aglo":null,"nom_aglo":null,"cod_agl":"300000","nom_agl":"sin gobierno local","lat_gd":"-31.742268","long_gd":"-58.484520","lat_gs":"-31º44'32\"","long_gs":"-58º29' 4\"","fdc":"INDEC. ACA"},"bbox":[-58.48452005,-31.74226787,-58.48452005,-31.74226787]},{"type":"Feature","id":"bahra_paraje.6821","geometry":{"type":"MultiPoint","coordinates":[[-58.52721399,-31.68877764]]},"geometry_name":"geom","properties":{"gid":6821,"cod_pcia":"30","nom_pcia":"Entre Ríos","cod_depto":"30088","nom_depto":"San Salvador","cod_ase":"30088A02","fna":"Cañada Grande","tipo_asent":"Paraje","cod_aglo":null,"nom_aglo":null,"cod_agl":"300000","nom_agl":"sin gobierno local","lat_gd":"-31.688778","long_gd":"-58.527214","lat_gs":"-31º41'20\"","long_gs":"-58º31'38\"","fdc":"Mapa Educativo (GPS)"},"bbox":[-58.52721399,-31.68877764,-58.52721399,-31.68877764]},{"type":"Feature","id":"bahra_paraje.6822","geometry":{"type":"MultiPoint","coordinates":[[-58.53197751,-31.78365299]]},"geometry_name":"geom","properties":{"gid":6822,"cod_pcia":"30","nom_pcia":"Entre Ríos","cod_depto":"30088","nom_depto":"San Salvador","cod_ase":"30088A03","fna":"Colonia Baylina","tipo_asent":"Paraje","cod_aglo":null,"nom_aglo":null,"cod_agl":"309770","nom_agl":"Colonia Baylina","lat_gd":"-31.783653","long_gd":"-58.531978","lat_gs":"-31º47' 1\"","long_gs":"-58º31'55\"","fdc":"Mapa Educativo (GPS)"},"bbox":[-58.53197751,-31.78365299,-58.53197751,-31.78365299]},{"type":"Feature","id":"bahra_paraje.6823","geometry":{"type":"MultiPoint","coordinates":[[-58.58489107,-31.28163047]]},"geometry_name":"geom","properties":{"gid":6823,"cod_pcia":"30","nom_pcia":"Entre Ríos","cod_depto":"30088","nom_depto":"San Salvador","cod_ase":"30088A04","fna":"Colonia La Armonía","tipo_asent":"Paraje","cod_aglo":null,"nom_aglo":null,"cod_agl":"309785","nom_agl":"Walter Moss","lat_gd":"-31.281630","long_gd":"-58.584891","lat_gs":"-31º16'54\"","long_gs":"-58º35' 6\"","fdc":"Mapa Educativo (GPS)"},"bbox":[-58.58489107,-31.28163047,-58.58489107,-31.28163047]},{"type":"Feature","id":"bahra_paraje.6824","geometry":{"type":"MultiPoint","coordinates":[[-58.45239278,-31.45834707]]},"geometry_name":"geom","properties":{"gid":6824,"cod_pcia":"30","nom_pcia":"Entre Ríos","cod_depto":"30088","nom_depto":"San Salvador","cod_ase":"30088A05","fna":"Colonia La Perla","tipo_asent":"Paraje","cod_aglo":null,"nom_aglo":null,"cod_agl":"300000","nom_agl":"sin gobierno local","lat_gd":"-31.458347","long_gd":"-58.452393","lat_gs":"-31º27'30\"","long_gs":"-58º27' 9\"","fdc":"Mapa Educativo (GPS)"},"bbox":[-58.45239278,-31.45834707,-58.45239278,-31.45834707]},{"type":"Feature","id":"bahra_paraje.6825","geometry":{"type":"MultiPoint","coordinates":[[-58.33404272,-31.57522721]]},"geometry_name":"geom","properties":{"gid":6825,"cod_pcia":"30","nom_pcia":"Entre Ríos","cod_depto":"30088","nom_depto":"San Salvador","cod_ase":"30088A06","fna":"Colonia Oficial 5","tipo_asent":"Paraje","cod_aglo":null,"nom_aglo":null,"cod_agl":"309775","nom_agl":"Colonia Oficial Nº5","lat_gd":"-31.575227","long_gd":"-58.334043","lat_gs":"-31º34'31\"","long_gs":"-58º20' 3\"","fdc":"Mapa Educativo (GPS)"},"bbox":[-58.33404272,-31.57522721,-58.33404272,-31.57522721]},{"type":"Feature","id":"bahra_paraje.6826","geometry":{"type":"MultiPoint","coordinates":[[-58.5754075,-31.8268511]]},"geometry_name":"geom","properties":{"gid":6826,"cod_pcia":"30","nom_pcia":"Entre Ríos","cod_depto":"30088","nom_depto":"San Salvador","cod_ase":"30088A07","fna":"Colonia Puntas del Gualeguaychú","tipo_asent":"Paraje","cod_aglo":null,"nom_aglo":null,"cod_agl":"309780","nom_agl":"San Ernesto","lat_gd":"-31.826851","long_gd":"-58.575407","lat_gs":"-31º49'37\"","long_gs":"-58º34'31\"","fdc":"Mapa Educativo (GPS)"},"bbox":[-58.5754075,-31.8268511,-58.5754075,-31.8268511]},{"type":"Feature","id":"bahra_paraje.6827","geometry":{"type":"MultiPoint","coordinates":[[-58.6340522,-31.83812897]]},"geometry_name":"geom","properties":{"gid":6827,"cod_pcia":"30","nom_pcia":"Entre Ríos","cod_depto":"30088","nom_depto":"San Salvador","cod_ase":"30088A08","fna":"Colonia San Ernesto","tipo_asent":"Paraje","cod_aglo":null,"nom_aglo":null,"cod_agl":"309780","nom_agl":"San Ernesto","lat_gd":"-31.838129","long_gd":"-58.634052","lat_gs":"-31º50'17\"","long_gs":"-58º38' 3\"","fdc":"Mapa Educativo (GPS)"},"bbox":[-58.6340522,-31.83812897,-58.6340522,-31.83812897]},{"type":"Feature","id":"bahra_paraje.6828","geometry":{"type":"MultiPoint","coordinates":[[-58.50546424,-31.57907232]]},"geometry_name":"geom","properties":{"gid":6828,"cod_pcia":"30","nom_pcia":"Entre Ríos","cod_depto":"30088","nom_depto":"San Salvador","cod_ase":"30088A09","fna":"Colonia San Salvador","tipo_asent":"Paraje","cod_aglo":null,"nom_aglo":null,"cod_agl":"300385","nom_agl":"San Salvador","lat_gd":"-31.579072","long_gd":"-58.505464","lat_gs":"-31º34'45\"","long_gs":"-58º30'20\"","fdc":"Mapa Educativo (GPS)"},"bbox":[-58.50546424,-31.57907232,-58.50546424,-31.57907232]},{"type":"Feature","id":"bahra_paraje.6829","geometry":{"type":"MultiPoint","coordinates":[[-58.4409694,-31.67350403]]},"geometry_name":"geom","properties":{"gid":6829,"cod_pcia":"30","nom_pcia":"Entre Ríos","cod_depto":"30088","nom_depto":"San Salvador","cod_ase":"30088A10","fna":"Colonia Santa Margarita","tipo_asent":"Paraje","cod_aglo":null,"nom_aglo":null,"cod_agl":"300000","nom_agl":"sin gobierno local","lat_gd":"-31.673504","long_gd":"-58.440969","lat_gs":"-31º40'25\"","long_gs":"-58º26'27\"","fdc":"Mapa Educativo (GPS)"},"bbox":[-58.4409694,-31.67350403,-58.4409694,-31.67350403]},{"type":"Feature","id":"bahra_paraje.6830","geometry":{"type":"MultiPoint","coordinates":[[-58.39267849,-31.58576276]]},"geometry_name":"geom","properties":{"gid":6830,"cod_pcia":"30","nom_pcia":"Entre Ríos","cod_depto":"30088","nom_depto":"San Salvador","cod_ase":"30088A11","fna":"Paso Margariños","tipo_asent":"Paraje","cod_aglo":null,"nom_aglo":null,"cod_agl":"309775","nom_agl":"Colonia Oficial Nº5","lat_gd":"-31.585763","long_gd":"-58.392678","lat_gs":"-31º35' 9\"","long_gs":"-58º23'34\"","fdc":"INDEC. ACA"},"bbox":[-58.39267849,-31.58576276,-58.39267849,-31.58576276]},{"type":"Feature","id":"bahra_paraje.6831","geometry":{"type":"MultiPoint","coordinates":[[-58.65144432,-31.85814555]]},"geometry_name":"geom","properties":{"gid":6831,"cod_pcia":"30","nom_pcia":"Entre Ríos","cod_depto":"30088","nom_depto":"San Salvador","cod_ase":"30088A12","fna":"San Ernesto","tipo_asent":"Paraje","cod_aglo":null,"nom_aglo":null,"cod_agl":"309780","nom_agl":"San Ernesto","lat_gd":"-31.858146","long_gd":"-58.651444","lat_gs":"-31º51'29\"","long_gs":"-58º39' 5\"","fdc":"INDEC. ACA"},"bbox":[-58.65144432,-31.85814555,-58.65144432,-31.85814555]},{"type":"Feature","id":"bahra_paraje.6832","geometry":{"type":"MultiPoint","coordinates":[[-58.53564983,-31.40413979]]},"geometry_name":"geom","properties":{"gid":6832,"cod_pcia":"30","nom_pcia":"Entre Ríos","cod_depto":"30088","nom_depto":"San Salvador","cod_ase":"30088A13","fna":"Walter Moss","tipo_asent":"Paraje","cod_aglo":null,"nom_aglo":null,"cod_agl":"309785","nom_agl":"Walter Moss","lat_gd":"-31.404140","long_gd":"-58.535650","lat_gs":"-31º24'15\"","long_gs":"-58º32' 8\"","fdc":"INDEC. ACA"},"bbox":[-58.53564983,-31.40413979,-58.53564983,-31.40413979]},{"type":"Feature","id":"bahra_paraje.6871","geometry":{"type":"MultiPoint","coordinates":[[-58.63534664,-32.2641262]]},"geometry_name":"geom","properties":{"gid":6871,"cod_pcia":"30","nom_pcia":"Entre Ríos","cod_depto":"30098","nom_depto":"Uruguay","cod_ase":"30098A01","fna":"Arroyo Gená","tipo_asent":"Paraje","cod_aglo":null,"nom_aglo":null,"cod_agl":"309832","nom_agl":"Arroyo Gená","lat_gd":"-32.264126","long_gd":"-58.635347","lat_gs":"-32º15'51\"","long_gs":"-58º38' 7\"","fdc":"INDEC. ACA"},"bbox":[-58.63534664,-32.2641262,-58.63534664,-32.2641262]},{"type":"Feature","id":"bahra_paraje.6872","geometry":{"type":"MultiPoint","coordinates":[[-58.23992717,-32.38508576]]},"geometry_name":"geom","properties":{"gid":6872,"cod_pcia":"30","nom_pcia":"Entre Ríos","cod_depto":"30098","nom_depto":"Uruguay","cod_ase":"30098A02","fna":"Arroyo Urquiza","tipo_asent":"Paraje","cod_aglo":null,"nom_aglo":null,"cod_agl":"300000","nom_agl":"sin gobierno local","lat_gd":"-32.385086","long_gd":"-58.239927","lat_gs":"-32º23' 6\"","long_gs":"-58º14'24\"","fdc":"Mapa Educativo"},"bbox":[-58.23992717,-32.38508576,-58.23992717,-32.38508576]},{"type":"Feature","id":"bahra_paraje.6874","geometry":{"type":"MultiPoint","coordinates":[[-58.60039498,-32.40188241]]},"geometry_name":"geom","properties":{"gid":6874,"cod_pcia":"30","nom_pcia":"Entre Ríos","cod_depto":"30098","nom_depto":"Uruguay","cod_ase":"30098A04","fna":"Campo La Virginia","tipo_asent":"Paraje","cod_aglo":null,"nom_aglo":null,"cod_agl":"300434","nom_agl":"Herrera","lat_gd":"-32.401882","long_gd":"-58.600395","lat_gs":"-32º24' 7\"","long_gs":"-58º36' 1\"","fdc":"Mapa Educativo (GPS)"},"bbox":[-58.60039498,-32.40188241,-58.60039498,-32.40188241]},{"type":"Feature","id":"bahra_paraje.6878","geometry":{"type":"MultiPoint","coordinates":[[-58.44699269,-32.20235518]]},"geometry_name":"geom","properties":{"gid":6878,"cod_pcia":"30","nom_pcia":"Entre Ríos","cod_depto":"30098","nom_depto":"Uruguay","cod_ase":"30098A08","fna":"Colonia El Pantanoso","tipo_asent":"Paraje","cod_aglo":null,"nom_aglo":null,"cod_agl":"300437","nom_agl":"1º de Mayo","lat_gd":"-32.202355","long_gd":"-58.446993","lat_gs":"-32º12' 8\"","long_gs":"-58º26'49\"","fdc":"Mapa Educativo (GPS)"},"bbox":[-58.44699269,-32.20235518,-58.44699269,-32.20235518]},{"type":"Feature","id":"bahra_paraje.6880","geometry":{"type":"MultiPoint","coordinates":[[-58.45088659,-32.27564794]]},"geometry_name":"geom","properties":{"gid":6880,"cod_pcia":"30","nom_pcia":"Entre Ríos","cod_depto":"30098","nom_depto":"Uruguay","cod_ase":"30098A10","fna":"Colonia General Urquiza","tipo_asent":"Paraje","cod_aglo":null,"nom_aglo":null,"cod_agl":"300437","nom_agl":"1º de Mayo","lat_gd":"-32.275648","long_gd":"-58.450887","lat_gs":"-32º16'32\"","long_gs":"-58º27' 3\"","fdc":"Mapa Educativo (GPS)"},"bbox":[-58.45088659,-32.27564794,-58.45088659,-32.27564794]},{"type":"Feature","id":"bahra_paraje.6887","geometry":{"type":"MultiPoint","coordinates":[[-58.6497904,-32.34297572]]},"geometry_name":"geom","properties":{"gid":6887,"cod_pcia":"30","nom_pcia":"Entre Ríos","cod_depto":"30098","nom_depto":"Uruguay","cod_ase":"30098A17","fna":"Colonia San Martín","tipo_asent":"Paraje","cod_aglo":null,"nom_aglo":null,"cod_agl":"309832","nom_agl":"Arroyo Gená","lat_gd":"-32.342976","long_gd":"-58.649790","lat_gs":"-32º20'35\"","long_gs":"-58º38'59\"","fdc":"Mapa Educativo (GPS)"},"bbox":[-58.6497904,-32.34297572,-58.6497904,-32.34297572]},{"type":"Feature","id":"bahra_paraje.6888","geometry":{"type":"MultiPoint","coordinates":[[-58.33463019,-32.39004092]]},"geometry_name":"geom","properties":{"gid":6888,"cod_pcia":"30","nom_pcia":"Entre Ríos","cod_depto":"30098","nom_depto":"Uruguay","cod_ase":"30098A18","fna":"Colonia San Ramón","tipo_asent":"Paraje","cod_aglo":null,"nom_aglo":null,"cod_agl":"309860","nom_agl":"San Cipriano","lat_gd":"-32.390041","long_gd":"-58.334630","lat_gs":"-32º23'24\"","long_gs":"-58º20' 5\"","fdc":"Mapa Educativo (GPS)"},"bbox":[-58.33463019,-32.39004092,-58.33463019,-32.39004092]},{"type":"Feature","id":"bahra_paraje.6889","geometry":{"type":"MultiPoint","coordinates":[[-58.53207407,-32.32762448]]},"geometry_name":"geom","properties":{"gid":6889,"cod_pcia":"30","nom_pcia":"Entre Ríos","cod_depto":"30098","nom_depto":"Uruguay","cod_ase":"30098A19","fna":"Colonia Santa Teresita","tipo_asent":"Paraje","cod_aglo":null,"nom_aglo":null,"cod_agl":"300000","nom_agl":"sin gobierno local","lat_gd":"-32.327624","long_gd":"-58.532074","lat_gs":"-32º19'39\"","long_gs":"-58º31'55\"","fdc":"Mapa Educativo (GPS)"},"bbox":[-58.53207407,-32.32762448,-58.53207407,-32.32762448]},{"type":"Feature","id":"bahra_paraje.6890","geometry":{"type":"MultiPoint","coordinates":[[-58.65037785,-32.38779309]]},"geometry_name":"geom","properties":{"gid":6890,"cod_pcia":"30","nom_pcia":"Entre Ríos","cod_depto":"30098","nom_depto":"Uruguay","cod_ase":"30098A20","fna":"Colonia Santa Zelmira","tipo_asent":"Paraje","cod_aglo":null,"nom_aglo":null,"cod_agl":"300434","nom_agl":"Herrera","lat_gd":"-32.387793","long_gd":"-58.650378","lat_gs":"-32º23'16\"","long_gs":"-58º39' 1\"","fdc":"Mapa Educativo (GPS)"},"bbox":[-58.65037785,-32.38779309,-58.65037785,-32.38779309]},{"type":"Feature","id":"bahra_paraje.6892","geometry":{"type":"MultiPoint","coordinates":[[-58.49552881,-32.21605605]]},"geometry_name":"geom","properties":{"gid":6892,"cod_pcia":"30","nom_pcia":"Entre Ríos","cod_depto":"30098","nom_depto":"Uruguay","cod_ase":"30098A22","fna":"Colonia 3 de Febrero","tipo_asent":"Paraje","cod_aglo":null,"nom_aglo":null,"cod_agl":"300437","nom_agl":"1º de Mayo","lat_gd":"-32.216056","long_gd":"-58.495529","lat_gs":"-32º12'58\"","long_gs":"-58º29'44\"","fdc":"Mapa Educativo (GPS)"},"bbox":[-58.49552881,-32.21605605,-58.49552881,-32.21605605]},{"type":"Feature","id":"bahra_paraje.6897","geometry":{"type":"MultiPoint","coordinates":[[-58.35814755,-32.30676034]]},"geometry_name":"geom","properties":{"gid":6897,"cod_pcia":"30","nom_pcia":"Entre Ríos","cod_depto":"30098","nom_depto":"Uruguay","cod_ase":"30098A27","fna":"Las Achiras","tipo_asent":"Paraje","cod_aglo":null,"nom_aglo":null,"cod_agl":"300437","nom_agl":"1º de Mayo","lat_gd":"-32.306760","long_gd":"-58.358148","lat_gs":"-32º18'24\"","long_gs":"-58º21'29\"","fdc":"Mapa Educativo (GPS)"},"bbox":[-58.35814755,-32.30676034,-58.35814755,-32.30676034]},{"type":"Feature","id":"bahra_paraje.6899","geometry":{"type":"MultiPoint","coordinates":[[-58.27702396,-32.40820121]]},"geometry_name":"geom","properties":{"gid":6899,"cod_pcia":"30","nom_pcia":"Entre Ríos","cod_depto":"30098","nom_depto":"Uruguay","cod_ase":"30098A29","fna":"Molino","tipo_asent":"Paraje","cod_aglo":null,"nom_aglo":null,"cod_agl":"300000","nom_agl":"sin gobierno local","lat_gd":"-32.408201","long_gd":"-58.277024","lat_gs":"-32º24'30\"","long_gs":"-58º16'37\"","fdc":"Mapa Educativo (GPS)"},"bbox":[-58.27702396,-32.40820121,-58.27702396,-32.40820121]},{"type":"Feature","id":"bahra_paraje.6903","geometry":{"type":"MultiPoint","coordinates":[[-58.47764241,-32.40916488]]},"geometry_name":"geom","properties":{"gid":6903,"cod_pcia":"30","nom_pcia":"Entre Ríos","cod_depto":"30098","nom_depto":"Uruguay","cod_ase":"30098A33","fna":"Rincón Santa María","tipo_asent":"Paraje","cod_aglo":null,"nom_aglo":null,"cod_agl":"300448","nom_agl":"San Justo","lat_gd":"-32.409165","long_gd":"-58.477642","lat_gs":"-32º24'33\"","long_gs":"-58º28'40\"","fdc":"Mapa Educativo (GPS)"},"bbox":[-58.47764241,-32.40916488,-58.47764241,-32.40916488]},{"type":"Feature","id":"bahra_paraje.6904","geometry":{"type":"MultiPoint","coordinates":[[-58.35043632,-32.34081684]]},"geometry_name":"geom","properties":{"gid":6904,"cod_pcia":"30","nom_pcia":"Entre Ríos","cod_depto":"30098","nom_depto":"Uruguay","cod_ase":"30098A34","fna":"San Cipriano","tipo_asent":"Paraje","cod_aglo":null,"nom_aglo":null,"cod_agl":"309860","nom_agl":"San Cipriano","lat_gd":"-32.340817","long_gd":"-58.350436","lat_gs":"-32º20'27\"","long_gs":"-58º21' 2\"","fdc":"Mapa Educativo (GPS)"},"bbox":[-58.35043632,-32.34081684,-58.35043632,-32.34081684]},{"type":"Feature","id":"bahra_paraje.6951","geometry":{"type":"MultiPoint","coordinates":[[-58.57636778,-31.59937001]]},"geometry_name":"geom","properties":{"gid":6951,"cod_pcia":"30","nom_pcia":"Entre Ríos","cod_depto":"30113","nom_depto":"Villaguay","cod_ase":"30113A05","fna":"Colonia Berro","tipo_asent":"Paraje","cod_aglo":null,"nom_aglo":null,"cod_agl":"309945","nom_agl":"Lucas Sur Segundo","lat_gd":"-31.599370","long_gd":"-58.576368","lat_gs":"-31º35'58\"","long_gs":"-58º34'35\"","fdc":"Mapa Educativo (GPS)"},"bbox":[-58.57636778,-31.59937001,-58.57636778,-31.59937001]},{"type":"Feature","id":"bahra_paraje.6952","geometry":{"type":"MultiPoint","coordinates":[[-58.55285254,-31.54978798]]},"geometry_name":"geom","properties":{"gid":6952,"cod_pcia":"30","nom_pcia":"Entre Ríos","cod_depto":"30113","nom_depto":"Villaguay","cod_ase":"30113A06","fna":"Colonia Cóndor","tipo_asent":"Paraje","cod_aglo":null,"nom_aglo":null,"cod_agl":"309945","nom_agl":"Lucas Sur Segundo","lat_gd":"-31.549788","long_gd":"-58.552853","lat_gs":"-31º32'59\"","long_gs":"-58º33'10\"","fdc":"Mapa Educativo (GPS)"},"bbox":[-58.55285254,-31.54978798,-58.55285254,-31.54978798]},{"type":"Feature","id":"bahra_paraje.6958","geometry":{"type":"MultiPoint","coordinates":[[-58.60588102,-31.43964999]]},"geometry_name":"geom","properties":{"gid":6958,"cod_pcia":"30","nom_pcia":"Entre Ríos","cod_depto":"30113","nom_depto":"Villaguay","cod_ase":"30113A12","fna":"Colonia La Mora","tipo_asent":"Paraje","cod_aglo":null,"nom_aglo":null,"cod_agl":"309945","nom_agl":"Lucas Sur Segundo","lat_gd":"-31.439650","long_gd":"-58.605881","lat_gs":"-31º26'23\"","long_gs":"-58º36'21\"","fdc":"Mapa Educativo (GPS)"},"bbox":[-58.60588102,-31.43964999,-58.60588102,-31.43964999]},{"type":"Feature","id":"bahra_paraje.6964","geometry":{"type":"MultiPoint","coordinates":[[-58.67112075,-31.52884347]]},"geometry_name":"geom","properties":{"gid":6964,"cod_pcia":"30","nom_pcia":"Entre Ríos","cod_depto":"30113","nom_depto":"Villaguay","cod_ase":"30113A17","fna":"Colonia San Gregorio","tipo_asent":"Paraje","cod_aglo":null,"nom_aglo":null,"cod_agl":"309945","nom_agl":"Lucas Sur Segundo","lat_gd":"-31.528843","long_gd":"-58.671121","lat_gs":"-31º31'44\"","long_gs":"-58º40'16\"","fdc":"Mapa Educativo (GPS)"},"bbox":[-58.67112075,-31.52884347,-58.67112075,-31.52884347]},{"type":"Feature","id":"bahra_paraje.5049","geometry":{"type":"MultiPoint","coordinates":[[-57.98444323,-30.47336471]]},"geometry_name":"geom","properties":{"gid":5049,"cod_pcia":"18","nom_pcia":"Corrientes","cod_depto":"18112","nom_depto":"Monte Caseros","cod_ase":"18112A00","fna":"Arroyo Mota","tipo_asent":"Paraje","cod_aglo":null,"nom_aglo":null,"cod_agl":"180266","nom_agl":"Mocoretá","lat_gd":"-30.473365","long_gd":"-57.984443","lat_gs":"-30º28'24\"","long_gs":"-57º59' 4\"","fdc":"Mapa Educativo (GPS)"},"bbox":[-57.98444323,-30.47336471,-57.98444323,-30.47336471]},{"type":"Feature","id":"bahra_paraje.5051","geometry":{"type":"MultiPoint","coordinates":[[-57.96113123,-30.53465851]]},"geometry_name":"geom","properties":{"gid":5051,"cod_pcia":"18","nom_pcia":"Corrientes","cod_depto":"18112","nom_depto":"Monte Caseros","cod_ase":"18112A02","fna":"Colonia Buena Vista","tipo_asent":"Paraje","cod_aglo":null,"nom_aglo":null,"cod_agl":"180266","nom_agl":"Mocoretá","lat_gd":"-30.534659","long_gd":"-57.961131","lat_gs":"-30º32' 5\"","long_gs":"-57º57'40\"","fdc":"Mapa Educativo (GPS)"},"bbox":[-57.96113123,-30.53465851,-57.96113123,-30.53465851]},{"type":"Feature","id":"bahra_paraje.5052","geometry":{"type":"MultiPoint","coordinates":[[-57.99465542,-30.58474246]]},"geometry_name":"geom","properties":{"gid":5052,"cod_pcia":"18","nom_pcia":"Corrientes","cod_depto":"18112","nom_depto":"Monte Caseros","cod_ase":"18112A03","fna":"Colonia San Andrés","tipo_asent":"Paraje","cod_aglo":null,"nom_aglo":null,"cod_agl":"180266","nom_agl":"Mocoretá","lat_gd":"-30.584742","long_gd":"-57.994655","lat_gs":"-30º35' 5\"","long_gs":"-57º59'41\"","fdc":"Mapa Educativo (GPS)"},"bbox":[-57.99465542,-30.58474246,-57.99465542,-30.58474246]},{"type":"Feature","id":"bahra_paraje.5054","geometry":{"type":"MultiPoint","coordinates":[[-57.94087104,-30.57815627]]},"geometry_name":"geom","properties":{"gid":5054,"cod_pcia":"18","nom_pcia":"Corrientes","cod_depto":"18112","nom_depto":"Monte Caseros","cod_ase":"18112A05","fna":"Colonia San Gregorio Norte","tipo_asent":"Paraje","cod_aglo":null,"nom_aglo":null,"cod_agl":"180266","nom_agl":"Mocoretá","lat_gd":"-30.578156","long_gd":"-57.940871","lat_gs":"-30º34'41\"","long_gs":"-57º56'27\"","fdc":"INDEC. ACA"},"bbox":[-57.94087104,-30.57815627,-57.94087104,-30.57815627]},{"type":"Feature","id":"bahra_paraje.5055","geometry":{"type":"MultiPoint","coordinates":[[-57.89035285,-30.62266205]]},"geometry_name":"geom","properties":{"gid":5055,"cod_pcia":"18","nom_pcia":"Corrientes","cod_depto":"18112","nom_depto":"Monte Caseros","cod_ase":"18112A06","fna":"Colonia San Gregorio Sur","tipo_asent":"Paraje","cod_aglo":null,"nom_aglo":null,"cod_agl":"180266","nom_agl":"Mocoretá","lat_gd":"-30.622662","long_gd":"-57.890353","lat_gs":"-30º37'22\"","long_gs":"-57º53'25\"","fdc":"Mapa Educativo (GPS)"},"bbox":[-57.89035285,-30.62266205,-57.89035285,-30.62266205]},{"type":"Feature","id":"bahra_paraje.5063","geometry":{"type":"MultiPoint","coordinates":[[-58.01562429,-30.43345072]]},"geometry_name":"geom","properties":{"gid":5063,"cod_pcia":"18","nom_pcia":"Corrientes","cod_depto":"18112","nom_depto":"Monte Caseros","cod_ase":"18112A14","fna":"Piedritas","tipo_asent":"Paraje","cod_aglo":null,"nom_aglo":null,"cod_agl":"180266","nom_agl":"Mocoretá","lat_gd":"-30.433451","long_gd":"-58.015624","lat_gs":"-30º26' 0\"","long_gs":"-58º 0'56\"","fdc":"Mapa Educativo (GPS)"},"bbox":[-58.01562429,-30.43345072,-58.01562429,-30.43345072]},{"type":"Feature","id":"bahra_paraje.5064","geometry":{"type":"MultiPoint","coordinates":[[-57.91218822,-30.493589]]},"geometry_name":"geom","properties":{"gid":5064,"cod_pcia":"18","nom_pcia":"Corrientes","cod_depto":"18112","nom_depto":"Monte Caseros","cod_ase":"18112A15","fna":"Sáenz Valiente","tipo_asent":"Paraje","cod_aglo":null,"nom_aglo":null,"cod_agl":"180259","nom_agl":"Juan Pujol","lat_gd":"-30.493589","long_gd":"-57.912188","lat_gs":"-30º29'37\"","long_gs":"-57º54'44\"","fdc":"INDEC. ACA"},"bbox":[-57.91218822,-30.493589,-57.91218822,-30.493589]},{"type":"Feature","id":"bahra_paraje.6384","geometry":{"type":"MultiPoint","coordinates":[[-58.23529131,-31.08629219]]},"geometry_name":"geom","properties":{"gid":6384,"cod_pcia":"30","nom_pcia":"Entre Ríos","cod_depto":"30015","nom_depto":"Concordia","cod_ase":"30015A01","fna":"Colonia San Justo","tipo_asent":"Paraje","cod_aglo":null,"nom_aglo":null,"cod_agl":"309045","nom_agl":"El Redomón","lat_gd":"-31.086292","long_gd":"-58.235291","lat_gs":"-31º 5'11\"","long_gs":"-58º14' 7\"","fdc":"Mapa Educativo (GPS)"},"bbox":[-58.23529131,-31.08629219,-58.23529131,-31.08629219]},{"type":"Feature","id":"bahra_paraje.6386","geometry":{"type":"MultiPoint","coordinates":[[-58.36933424,-31.10465598]]},"geometry_name":"geom","properties":{"gid":6386,"cod_pcia":"30","nom_pcia":"Entre Ríos","cod_depto":"30015","nom_depto":"Concordia","cod_ase":"30015A03","fna":"Colonia Urquiza","tipo_asent":"Paraje","cod_aglo":null,"nom_aglo":null,"cod_agl":"309045","nom_agl":"El Redomón","lat_gd":"-31.104656","long_gd":"-58.369334","lat_gs":"-31º 6'17\"","long_gs":"-58º22'10\"","fdc":"Mapa Educativo (GPS)"},"bbox":[-58.36933424,-31.10465598,-58.36933424,-31.10465598]},{"type":"Feature","id":"bahra_paraje.6387","geometry":{"type":"MultiPoint","coordinates":[[-58.26962596,-31.09672526]]},"geometry_name":"geom","properties":{"gid":6387,"cod_pcia":"30","nom_pcia":"Entre Ríos","cod_depto":"30015","nom_depto":"Concordia","cod_ase":"30015A04","fna":"El Redomón","tipo_asent":"Paraje","cod_aglo":null,"nom_aglo":null,"cod_agl":"309045","nom_agl":"El Redomón","lat_gd":"-31.096725","long_gd":"-58.269626","lat_gs":"-31º 5'48\"","long_gs":"-58º16'11\"","fdc":"INDEC. ACA"},"bbox":[-58.26962596,-31.09672526,-58.26962596,-31.09672526]},{"type":"Feature","id":"bahra_paraje.6389","geometry":{"type":"MultiPoint","coordinates":[[-58.29071458,-31.09350924]]},"geometry_name":"geom","properties":{"gid":6389,"cod_pcia":"30","nom_pcia":"Entre Ríos","cod_depto":"30015","nom_depto":"Concordia","cod_ase":"30015A06","fna":"Estación El Redomón","tipo_asent":"Paraje","cod_aglo":null,"nom_aglo":null,"cod_agl":"309045","nom_agl":"El Redomón","lat_gd":"-31.093509","long_gd":"-58.290715","lat_gs":"-31º 5'37\"","long_gs":"-58º17'27\"","fdc":"INDEC"},"bbox":[-58.29071458,-31.09350924,-58.29071458,-31.09350924]},{"type":"Feature","id":"bahra_paraje.6390","geometry":{"type":"MultiPoint","coordinates":[[-58.11540154,-31.13247223]]},"geometry_name":"geom","properties":{"gid":6390,"cod_pcia":"30","nom_pcia":"Entre Ríos","cod_depto":"30015","nom_depto":"Concordia","cod_ase":"30015A07","fna":"Ishtilart","tipo_asent":"Paraje","cod_aglo":null,"nom_aglo":null,"cod_agl":"309070","nom_agl":"San Justo","lat_gd":"-31.132472","long_gd":"-58.115402","lat_gs":"-31º 7'57\"","long_gs":"-58º 6'55\"","fdc":"INDEC. ACA"},"bbox":[-58.11540154,-31.13247223,-58.11540154,-31.13247223]},{"type":"Feature","id":"bahra_paraje.6391","geometry":{"type":"MultiPoint","coordinates":[[-58.43822029,-31.07319075]]},"geometry_name":"geom","properties":{"gid":6391,"cod_pcia":"30","nom_pcia":"Entre Ríos","cod_depto":"30015","nom_depto":"Concordia","cod_ase":"30015A08","fna":"La Querencia","tipo_asent":"Paraje","cod_aglo":null,"nom_aglo":null,"cod_agl":"309045","nom_agl":"El Redomón","lat_gd":"-31.073191","long_gd":"-58.438220","lat_gs":"-31º 4'23\"","long_gs":"-58º26'18\"","fdc":"Mapa Educativo (GPS)"},"bbox":[-58.43822029,-31.07319075,-58.43822029,-31.07319075]},{"type":"Feature","id":"bahra_paraje.6393","geometry":{"type":"MultiPoint","coordinates":[[-58.20857184,-31.21469864]]},"geometry_name":"geom","properties":{"gid":6393,"cod_pcia":"30","nom_pcia":"Entre Ríos","cod_depto":"30015","nom_depto":"Concordia","cod_ase":"30015A10","fna":"Loma Negra","tipo_asent":"Paraje","cod_aglo":null,"nom_aglo":null,"cod_agl":"300063","nom_agl":"Los Charrúas","lat_gd":"-31.214699","long_gd":"-58.208572","lat_gs":"-31º12'53\"","long_gs":"-58º12'31\"","fdc":"Mapa Educativo (GPS)"},"bbox":[-58.20857184,-31.21469864,-58.20857184,-31.21469864]},{"type":"Feature","id":"bahra_paraje.6394","geometry":{"type":"MultiPoint","coordinates":[[-58.38118913,-30.9411456]]},"geometry_name":"geom","properties":{"gid":6394,"cod_pcia":"30","nom_pcia":"Entre Ríos","cod_depto":"30015","nom_depto":"Concordia","cod_ase":"30015A11","fna":"Paso del Gallo","tipo_asent":"Paraje","cod_aglo":null,"nom_aglo":null,"cod_agl":"309045","nom_agl":"El Redomón","lat_gd":"-30.941146","long_gd":"-58.381189","lat_gs":"-30º56'28\"","long_gs":"-58º22'52\"","fdc":"Mapa Educativo (GPS)"},"bbox":[-58.38118913,-30.9411456,-58.38118913,-30.9411456]},{"type":"Feature","id":"bahra_paraje.6397","geometry":{"type":"MultiPoint","coordinates":[[-58.12070468,-31.13824781]]},"geometry_name":"geom","properties":{"gid":6397,"cod_pcia":"30","nom_pcia":"Entre Ríos","cod_depto":"30015","nom_depto":"Concordia","cod_ase":"30015A14","fna":"San Justo","tipo_asent":"Paraje","cod_aglo":null,"nom_aglo":null,"cod_agl":"309070","nom_agl":"San Justo","lat_gd":"-31.138248","long_gd":"-58.120705","lat_gs":"-31º 8'18\"","long_gs":"-58º 7'15\"","fdc":"INDEC. ACA"},"bbox":[-58.12070468,-31.13824781,-58.12070468,-31.13824781]},{"type":"Feature","id":"bahra_paraje.6438","geometry":{"type":"MultiPoint","coordinates":[[-58.56268585,-30.68174018]]},"geometry_name":"geom","properties":{"gid":6438,"cod_pcia":"30","nom_pcia":"Entre Ríos","cod_depto":"30028","nom_depto":"Federación","cod_ase":"30028A00","fna":"Bella Unión","tipo_asent":"Paraje","cod_aglo":null,"nom_aglo":null,"cod_agl":"300000","nom_agl":"sin gobierno local","lat_gd":"-30.681740","long_gd":"-58.562686","lat_gs":"-30º40'54\"","long_gs":"-58º33'46\"","fdc":"Mapa Educativo (GPS)"},"bbox":[-58.56268585,-30.68174018,-58.56268585,-30.68174018]},{"type":"Feature","id":"bahra_paraje.6439","geometry":{"type":"MultiPoint","coordinates":[[-57.88875644,-30.70771068]]},"geometry_name":"geom","properties":{"gid":6439,"cod_pcia":"30","nom_pcia":"Entre Ríos","cod_depto":"30028","nom_depto":"Federación","cod_ase":"30028A01","fna":"Colonia Aymán","tipo_asent":"Paraje","cod_aglo":null,"nom_aglo":null,"cod_agl":"309185","nom_agl":"San Roque","lat_gd":"-30.707711","long_gd":"-57.888756","lat_gs":"-30º42'28\"","long_gs":"-57º53'20\"","fdc":"Mapa Educativo (GPS)"},"bbox":[-57.88875644,-30.70771068,-57.88875644,-30.70771068]},{"type":"Feature","id":"bahra_paraje.6440","geometry":{"type":"MultiPoint","coordinates":[[-58.11975354,-30.72533343]]},"geometry_name":"geom","properties":{"gid":6440,"cod_pcia":"30","nom_pcia":"Entre Ríos","cod_depto":"30028","nom_depto":"Federación","cod_ase":"30028A02","fna":"Colonia Cadel","tipo_asent":"Paraje","cod_aglo":null,"nom_aglo":null,"cod_agl":"309175","nom_agl":"San Pedro","lat_gd":"-30.725333","long_gd":"-58.119754","lat_gs":"-30º43'31\"","long_gs":"-58º 7'11\"","fdc":"INDEC. ACA"},"bbox":[-58.11975354,-30.72533343,-58.11975354,-30.72533343]},{"type":"Feature","id":"bahra_paraje.6441","geometry":{"type":"MultiPoint","coordinates":[[-57.90133798,-31.04499056]]},"geometry_name":"geom","properties":{"gid":6441,"cod_pcia":"30","nom_pcia":"Entre Ríos","cod_depto":"30028","nom_depto":"Federación","cod_ase":"30028A03","fna":"Colonia El Bizcocho","tipo_asent":"Paraje","cod_aglo":null,"nom_aglo":null,"cod_agl":"300112","nom_agl":"Federación","lat_gd":"-31.044991","long_gd":"-57.901338","lat_gs":"-31º 2'42\"","long_gs":"-57º54' 5\"","fdc":"Mapa Educativo (GPS)"},"bbox":[-57.90133798,-31.04499056,-57.90133798,-31.04499056]},{"type":"Feature","id":"bahra_paraje.6442","geometry":{"type":"MultiPoint","coordinates":[[-58.24582301,-30.97135917]]},"geometry_name":"geom","properties":{"gid":6442,"cod_pcia":"30","nom_pcia":"Entre Ríos","cod_depto":"30028","nom_depto":"Federación","cod_ase":"30028A04","fna":"Colonia El Trompo","tipo_asent":"Paraje","cod_aglo":null,"nom_aglo":null,"cod_agl":"309180","nom_agl":"San Ramón","lat_gd":"-30.971359","long_gd":"-58.245823","lat_gs":"-30º58'17\"","long_gs":"-58º14'45\"","fdc":"Mapa Educativo (GPS)"},"bbox":[-58.24582301,-30.97135917,-58.24582301,-30.97135917]},{"type":"Feature","id":"bahra_paraje.6443","geometry":{"type":"MultiPoint","coordinates":[[-57.98730097,-30.99629359]]},"geometry_name":"geom","properties":{"gid":6443,"cod_pcia":"30","nom_pcia":"Entre Ríos","cod_depto":"30028","nom_depto":"Federación","cod_ase":"30028A05","fna":"Colonia Ensanche","tipo_asent":"Paraje","cod_aglo":null,"nom_aglo":null,"cod_agl":"300112","nom_agl":"Federación","lat_gd":"-30.996294","long_gd":"-57.987301","lat_gs":"-30º59'47\"","long_gs":"-57º59'14\"","fdc":"Mapa Educativo (GPS)"},"bbox":[-57.98730097,-30.99629359,-57.98730097,-30.99629359]},{"type":"Feature","id":"bahra_paraje.6444","geometry":{"type":"MultiPoint","coordinates":[[-57.83142546,-30.85843281]]},"geometry_name":"geom","properties":{"gid":6444,"cod_pcia":"30","nom_pcia":"Entre Ríos","cod_depto":"30028","nom_depto":"Federación","cod_ase":"30028A06","fna":"Colonia Ensanche Sauce","tipo_asent":"Paraje","cod_aglo":null,"nom_aglo":null,"cod_agl":"300133","nom_agl":"Villa del Rosario","lat_gd":"-30.858433","long_gd":"-57.831425","lat_gs":"-30º51'30\"","long_gs":"-57º49'53\"","fdc":"INDEC. ACA"},"bbox":[-57.83142546,-30.85843281,-57.83142546,-30.85843281]},{"type":"Feature","id":"bahra_paraje.6445","geometry":{"type":"MultiPoint","coordinates":[[-57.9209562,-31.04096081]]},"geometry_name":"geom","properties":{"gid":6445,"cod_pcia":"30","nom_pcia":"Entre Ríos","cod_depto":"30028","nom_depto":"Federación","cod_ase":"30028A07","fna":"Colonia Flores","tipo_asent":"Paraje","cod_aglo":null,"nom_aglo":null,"cod_agl":"300112","nom_agl":"Federación","lat_gd":"-31.040961","long_gd":"-57.920956","lat_gs":"-31º 2'27\"","long_gs":"-57º55'15\"","fdc":"Mapa Educativo (GPS)"},"bbox":[-57.9209562,-31.04096081,-57.9209562,-31.04096081]},{"type":"Feature","id":"bahra_paraje.6446","geometry":{"type":"MultiPoint","coordinates":[[-58.05360048,-30.71102507]]},"geometry_name":"geom","properties":{"gid":6446,"cod_pcia":"30","nom_pcia":"Entre Ríos","cod_depto":"30028","nom_depto":"Federación","cod_ase":"30028A08","fna":"Colonia La Florida","tipo_asent":"Paraje","cod_aglo":null,"nom_aglo":null,"cod_agl":"309155","nom_agl":"La Florida","lat_gd":"-30.711025","long_gd":"-58.053600","lat_gs":"-30º42'40\"","long_gs":"-58º 3'13\"","fdc":"INDEC. ACA"},"bbox":[-58.05360048,-30.71102507,-58.05360048,-30.71102507]},{"type":"Feature","id":"bahra_paraje.6447","geometry":{"type":"MultiPoint","coordinates":[[-58.0931004,-31.06534111]]},"geometry_name":"geom","properties":{"gid":6447,"cod_pcia":"30","nom_pcia":"Entre Ríos","cod_depto":"30028","nom_depto":"Federación","cod_ase":"30028A09","fna":"Colonia La Gloria","tipo_asent":"Paraje","cod_aglo":null,"nom_aglo":null,"cod_agl":"309150","nom_agl":"Gualeguaycito","lat_gd":"-31.065341","long_gd":"-58.093100","lat_gs":"-31º 3'55\"","long_gs":"-58º 5'35\"","fdc":"Mapa Educativo (GPS)"},"bbox":[-58.0931004,-31.06534111,-58.0931004,-31.06534111]},{"type":"Feature","id":"bahra_paraje.6448","geometry":{"type":"MultiPoint","coordinates":[[-58.16335193,-31.03640494]]},"geometry_name":"geom","properties":{"gid":6448,"cod_pcia":"30","nom_pcia":"Entre Ríos","cod_depto":"30028","nom_depto":"Federación","cod_ase":"30028A10","fna":"Colonia La Paz","tipo_asent":"Paraje","cod_aglo":null,"nom_aglo":null,"cod_agl":"309150","nom_agl":"Gualeguaycito","lat_gd":"-31.036405","long_gd":"-58.163352","lat_gs":"-31º 2'11\"","long_gs":"-58º 9'48\"","fdc":"Mapa Educativo (GPS)"},"bbox":[-58.16335193,-31.03640494,-58.16335193,-31.03640494]},{"type":"Feature","id":"bahra_paraje.6450","geometry":{"type":"MultiPoint","coordinates":[[-58.08688514,-30.89111623]]},"geometry_name":"geom","properties":{"gid":6450,"cod_pcia":"30","nom_pcia":"Entre Ríos","cod_depto":"30028","nom_depto":"Federación","cod_ase":"30028A12","fna":"Colonia Mandisoví","tipo_asent":"Paraje","cod_aglo":null,"nom_aglo":null,"cod_agl":"309180","nom_agl":"San Ramón","lat_gd":"-30.891116","long_gd":"-58.086885","lat_gs":"-30º53'28\"","long_gs":"-58º 5'13\"","fdc":"Mapa Educativo (GPS)"},"bbox":[-58.08688514,-30.89111623,-58.08688514,-30.89111623]},{"type":"Feature","id":"bahra_paraje.6452","geometry":{"type":"MultiPoint","coordinates":[[-58.01593798,-30.670803]]},"geometry_name":"geom","properties":{"gid":6452,"cod_pcia":"30","nom_pcia":"Entre Ríos","cod_depto":"30028","nom_depto":"Federación","cod_ase":"30028A14","fna":"Colonia Oficial 16","tipo_asent":"Paraje","cod_aglo":null,"nom_aglo":null,"cod_agl":"309155","nom_agl":"La Florida","lat_gd":"-30.670803","long_gd":"-58.015938","lat_gs":"-30º40'15\"","long_gs":"-58º 0'57\"","fdc":"Mapa Educativo (GPS)"},"bbox":[-58.01593798,-30.670803,-58.01593798,-30.670803]},{"type":"Feature","id":"bahra_paraje.6453","geometry":{"type":"MultiPoint","coordinates":[[-58.08906204,-30.55595083]]},"geometry_name":"geom","properties":{"gid":6453,"cod_pcia":"30","nom_pcia":"Entre Ríos","cod_depto":"30028","nom_depto":"Federación","cod_ase":"30028A15","fna":"Colonia Oficial 17","tipo_asent":"Paraje","cod_aglo":null,"nom_aglo":null,"cod_agl":"309143","nom_agl":"Colonia Santa María y Las Margaritas","lat_gd":"-30.555951","long_gd":"-58.089062","lat_gs":"-30º33'21\"","long_gs":"-58º 5'21\"","fdc":"Mapa Educativo (GPS)"},"bbox":[-58.08906204,-30.55595083,-58.08906204,-30.55595083]},{"type":"Feature","id":"bahra_paraje.6454","geometry":{"type":"MultiPoint","coordinates":[[-58.03969329,-30.98392372]]},"geometry_name":"geom","properties":{"gid":6454,"cod_pcia":"30","nom_pcia":"Entre Ríos","cod_depto":"30028","nom_depto":"Federación","cod_ase":"30028A16","fna":"Colonia Racedo","tipo_asent":"Paraje","cod_aglo":null,"nom_aglo":null,"cod_agl":"309165","nom_agl":"Paraje Guayaquil","lat_gd":"-30.983924","long_gd":"-58.039693","lat_gs":"-30º59' 2\"","long_gs":"-58º 2'23\"","fdc":"Mapa Educativo (GPS)"},"bbox":[-58.03969329,-30.98392372,-58.03969329,-30.98392372]},{"type":"Feature","id":"bahra_paraje.6455","geometry":{"type":"MultiPoint","coordinates":[[-57.84262226,-30.7757669]]},"geometry_name":"geom","properties":{"gid":6455,"cod_pcia":"30","nom_pcia":"Entre Ríos","cod_depto":"30028","nom_depto":"Federación","cod_ase":"30028A17","fna":"Colonia Santa Eloísa","tipo_asent":"Paraje","cod_aglo":null,"nom_aglo":null,"cod_agl":"300133","nom_agl":"Villa del Rosario","lat_gd":"-30.775767","long_gd":"-57.842622","lat_gs":"-30º46'33\"","long_gs":"-57º50'33\"","fdc":"Mapa Educativo (GPS)"},"bbox":[-57.84262226,-30.7757669,-57.84262226,-30.7757669]},{"type":"Feature","id":"bahra_paraje.6456","geometry":{"type":"MultiPoint","coordinates":[[-58.12576686,-30.64666541]]},"geometry_name":"geom","properties":{"gid":6456,"cod_pcia":"30","nom_pcia":"Entre Ríos","cod_depto":"30028","nom_depto":"Federación","cod_ase":"30028A18","fna":"Colonia Santa Juana","tipo_asent":"Paraje","cod_aglo":null,"nom_aglo":null,"cod_agl":"309160","nom_agl":"La Fraternidad y Santa Juana","lat_gd":"-30.646665","long_gd":"-58.125767","lat_gs":"-30º38'48\"","long_gs":"-58º 7'33\"","fdc":"Mapa Educativo (GPS)"},"bbox":[-58.12576686,-30.64666541,-58.12576686,-30.64666541]},{"type":"Feature","id":"bahra_paraje.6457","geometry":{"type":"MultiPoint","coordinates":[[-58.18771222,-30.5876232]]},"geometry_name":"geom","properties":{"gid":6457,"cod_pcia":"30","nom_pcia":"Entre Ríos","cod_depto":"30028","nom_depto":"Federación","cod_ase":"30028A19","fna":"Colonia Santa María y Las Margaritas","tipo_asent":"Paraje","cod_aglo":null,"nom_aglo":null,"cod_agl":"309143","nom_agl":"Colonia Santa María y Las Margaritas","lat_gd":"-30.587623","long_gd":"-58.187712","lat_gs":"-30º35'15\"","long_gs":"-58º11'16\"","fdc":"INDEC. ACA"},"bbox":[-58.18771222,-30.5876232,-58.18771222,-30.5876232]},{"type":"Feature","id":"bahra_paraje.6458","geometry":{"type":"MultiPoint","coordinates":[[-57.99829462,-30.82633241]]},"geometry_name":"geom","properties":{"gid":6458,"cod_pcia":"30","nom_pcia":"Entre Ríos","cod_depto":"30028","nom_depto":"Federación","cod_ase":"30028A20","fna":"Colonia Sauce","tipo_asent":"Paraje","cod_aglo":null,"nom_aglo":null,"cod_agl":"300105","nom_agl":"Chajarí","lat_gd":"-30.826332","long_gd":"-57.998295","lat_gs":"-30º49'35\"","long_gs":"-57º59'54\"","fdc":"INDEC. ACA"},"bbox":[-57.99829462,-30.82633241,-57.99829462,-30.82633241]},{"type":"Feature","id":"bahra_paraje.6459","geometry":{"type":"MultiPoint","coordinates":[[-57.92600746,-30.73844824]]},"geometry_name":"geom","properties":{"gid":6459,"cod_pcia":"30","nom_pcia":"Entre Ríos","cod_depto":"30028","nom_depto":"Federación","cod_ase":"30028A21","fna":"Colonia Villa Libertad","tipo_asent":"Paraje","cod_aglo":null,"nom_aglo":null,"cod_agl":"300105","nom_agl":"Chajarí","lat_gd":"-30.738448","long_gd":"-57.926007","lat_gs":"-30º44'18\"","long_gs":"-57º55'34\"","fdc":"Mapa Educativo (GPS)"},"bbox":[-57.92600746,-30.73844824,-57.92600746,-30.73844824]},{"type":"Feature","id":"bahra_paraje.6461","geometry":{"type":"MultiPoint","coordinates":[[-58.05729918,-30.99024882]]},"geometry_name":"geom","properties":{"gid":6461,"cod_pcia":"30","nom_pcia":"Entre Ríos","cod_depto":"30028","nom_depto":"Federación","cod_ase":"30028A23","fna":"Estación Federación","tipo_asent":"Paraje","cod_aglo":null,"nom_aglo":null,"cod_agl":"309165","nom_agl":"Paraje Guayaquil","lat_gd":"-30.990249","long_gd":"-58.057299","lat_gs":"-30º59'25\"","long_gs":"-58º 3'26\"","fdc":"INDEC. ACA"},"bbox":[-58.05729918,-30.99024882,-58.05729918,-30.99024882]},{"type":"Feature","id":"bahra_paraje.6462","geometry":{"type":"MultiPoint","coordinates":[[-58.01100802,-30.843059]]},"geometry_name":"geom","properties":{"gid":6462,"cod_pcia":"30","nom_pcia":"Entre Ríos","cod_depto":"30028","nom_depto":"Federación","cod_ase":"30028A24","fna":"Estación Santa Ana","tipo_asent":"Paraje","cod_aglo":null,"nom_aglo":null,"cod_agl":"300000","nom_agl":"sin gobierno local","lat_gd":"-30.843059","long_gd":"-58.011008","lat_gs":"-30º50'35\"","long_gs":"-58º 0'40\"","fdc":"INDEC. ACA"},"bbox":[-58.01100802,-30.843059,-58.01100802,-30.843059]},{"type":"Feature","id":"bahra_paraje.6463","geometry":{"type":"MultiPoint","coordinates":[[-58.28204762,-30.66286269]]},"geometry_name":"geom","properties":{"gid":6463,"cod_pcia":"30","nom_pcia":"Entre Ríos","cod_depto":"30028","nom_depto":"Federación","cod_ase":"30028A25","fna":"Fortuna","tipo_asent":"Paraje","cod_aglo":null,"nom_aglo":null,"cod_agl":"300000","nom_agl":"sin gobierno local","lat_gd":"-30.662863","long_gd":"-58.282048","lat_gs":"-30º39'46\"","long_gs":"-58º16'55\"","fdc":"INDEC. ACA"},"bbox":[-58.28204762,-30.66286269,-58.28204762,-30.66286269]},{"type":"Feature","id":"bahra_paraje.6464","geometry":{"type":"MultiPoint","coordinates":[[-58.13201165,-30.66170202]]},"geometry_name":"geom","properties":{"gid":6464,"cod_pcia":"30","nom_pcia":"Entre Ríos","cod_depto":"30028","nom_depto":"Federación","cod_ase":"30028A26","fna":"Fraternidad","tipo_asent":"Paraje","cod_aglo":null,"nom_aglo":null,"cod_agl":"309160","nom_agl":"La Fraternidad y Santa Juana","lat_gd":"-30.661702","long_gd":"-58.132012","lat_gs":"-30º39'42\"","long_gs":"-58º 7'55\"","fdc":"INDEC. ACA"},"bbox":[-58.13201165,-30.66170202,-58.13201165,-30.66170202]},{"type":"Feature","id":"bahra_paraje.6465","geometry":{"type":"MultiPoint","coordinates":[[-58.13756441,-31.0696664]]},"geometry_name":"geom","properties":{"gid":6465,"cod_pcia":"30","nom_pcia":"Entre Ríos","cod_depto":"30028","nom_depto":"Federación","cod_ase":"30028A27","fna":"Gualeguaycito","tipo_asent":"Paraje","cod_aglo":null,"nom_aglo":null,"cod_agl":"309150","nom_agl":"Gualeguaycito","lat_gd":"-31.069666","long_gd":"-58.137564","lat_gs":"-31º 4'11\"","long_gs":"-58º 8'15\"","fdc":"INDEC. ACA"},"bbox":[-58.13756441,-31.0696664,-58.13756441,-31.0696664]},{"type":"Feature","id":"bahra_paraje.6466","geometry":{"type":"MultiPoint","coordinates":[[-57.89203485,-30.90014587]]},"geometry_name":"geom","properties":{"gid":6466,"cod_pcia":"30","nom_pcia":"Entre Ríos","cod_depto":"30028","nom_depto":"Federación","cod_ase":"30028A28","fna":"La Muela","tipo_asent":"Paraje","cod_aglo":null,"nom_aglo":null,"cod_agl":"300126","nom_agl":"Santa Ana","lat_gd":"-30.900146","long_gd":"-57.892035","lat_gs":"-30º54' 1\"","long_gs":"-57º53'31\"","fdc":"INDEC. ACA"},"bbox":[-57.89203485,-30.90014587,-57.89203485,-30.90014587]},{"type":"Feature","id":"bahra_paraje.6467","geometry":{"type":"MultiPoint","coordinates":[[-58.07065335,-30.9788945]]},"geometry_name":"geom","properties":{"gid":6467,"cod_pcia":"30","nom_pcia":"Entre Ríos","cod_depto":"30028","nom_depto":"Federación","cod_ase":"30028A29","fna":"Paraje Guayaquil","tipo_asent":"Paraje","cod_aglo":null,"nom_aglo":null,"cod_agl":"309165","nom_agl":"Paraje Guayaquil","lat_gd":"-30.978894","long_gd":"-58.070653","lat_gs":"-30º58'44\"","long_gs":"-58º 4'14\"","fdc":"INDEC. ACA"},"bbox":[-58.07065335,-30.9788945,-58.07065335,-30.9788945]},{"type":"Feature","id":"bahra_paraje.6468","geometry":{"type":"MultiPoint","coordinates":[[-57.93248255,-31.21208368]]},"geometry_name":"geom","properties":{"gid":6468,"cod_pcia":"30","nom_pcia":"Entre Ríos","cod_depto":"30028","nom_depto":"Federación","cod_ase":"30028A30","fna":"Salto Grande","tipo_asent":"Paraje","cod_aglo":null,"nom_aglo":null,"cod_agl":"300112","nom_agl":"Federación","lat_gd":"-31.212084","long_gd":"-57.932483","lat_gs":"-31º12'44\"","long_gs":"-57º55'57\"","fdc":"Mapa Educativo (GPS)"},"bbox":[-57.93248255,-31.21208368,-57.93248255,-31.21208368]},{"type":"Feature","id":"bahra_paraje.6469","geometry":{"type":"MultiPoint","coordinates":[[-57.91525864,-30.68970152]]},"geometry_name":"geom","properties":{"gid":6469,"cod_pcia":"30","nom_pcia":"Entre Ríos","cod_depto":"30028","nom_depto":"Federación","cod_ase":"30028A31","fna":"San Roque","tipo_asent":"Paraje","cod_aglo":null,"nom_aglo":null,"cod_agl":"309185","nom_agl":"San Roque","lat_gd":"-30.689702","long_gd":"-57.915259","lat_gs":"-30º41'23\"","long_gs":"-57º54'55\"","fdc":"INDEC. ACA"},"bbox":[-57.91525864,-30.68970152,-57.91525864,-30.68970152]},{"type":"Feature","id":"bahra_paraje.6470","geometry":{"type":"MultiPoint","coordinates":[[-58.17720976,-30.60359507]]},"geometry_name":"geom","properties":{"gid":6470,"cod_pcia":"30","nom_pcia":"Entre Ríos","cod_depto":"30028","nom_depto":"Federación","cod_ase":"30028A32","fna":"Tatutí","tipo_asent":"Paraje","cod_aglo":null,"nom_aglo":null,"cod_agl":"309143","nom_agl":"Colonia Santa María y Las Margaritas","lat_gd":"-30.603595","long_gd":"-58.177210","lat_gs":"-30º36'13\"","long_gs":"-58º10'38\"","fdc":"INDEC. ACA"},"bbox":[-58.17720976,-30.60359507,-58.17720976,-30.60359507]},{"type":"Feature","id":"bahra_paraje.6483","geometry":{"type":"MultiPoint","coordinates":[[-58.63416715,-30.71810294]]},"geometry_name":"geom","properties":{"gid":6483,"cod_pcia":"30","nom_pcia":"Entre Ríos","cod_depto":"30035","nom_depto":"Federal","cod_ase":"30035A07","fna":"Carpinchorí","tipo_asent":"Paraje","cod_aglo":null,"nom_aglo":null,"cod_agl":"309225","nom_agl":"Santa Lucía","lat_gd":"-30.718103","long_gd":"-58.634167","lat_gs":"-30º43' 5\"","long_gs":"-58º38' 3\"","fdc":"Mapa Educativo (GPS)"},"bbox":[-58.63416715,-30.71810294,-58.63416715,-30.71810294]},{"type":"Feature","id":"bahra_paraje.6485","geometry":{"type":"MultiPoint","coordinates":[[-58.62317796,-31.20373931]]},"geometry_name":"geom","properties":{"gid":6485,"cod_pcia":"30","nom_pcia":"Entre Ríos","cod_depto":"30035","nom_depto":"Federal","cod_ase":"30035A09","fna":"Colonia Fink","tipo_asent":"Paraje","cod_aglo":null,"nom_aglo":null,"cod_agl":"309220","nom_agl":"Paso Duarte","lat_gd":"-31.203739","long_gd":"-58.623178","lat_gs":"-31º12'13\"","long_gs":"-58º37'23\"","fdc":"Mapa Educativo (GPS)"},"bbox":[-58.62317796,-31.20373931,-58.62317796,-31.20373931]},{"type":"Feature","id":"bahra_paraje.6489","geometry":{"type":"MultiPoint","coordinates":[[-58.5150213,-30.89387058]]},"geometry_name":"geom","properties":{"gid":6489,"cod_pcia":"30","nom_pcia":"Entre Ríos","cod_depto":"30035","nom_depto":"Federal","cod_ase":"30035A13","fna":"Colonia Oficial 15","tipo_asent":"Paraje","cod_aglo":null,"nom_aglo":null,"cod_agl":"309215","nom_agl":"Nueva Vizcaya","lat_gd":"-30.893871","long_gd":"-58.515021","lat_gs":"-30º53'38\"","long_gs":"-58º30'54\"","fdc":"INDEC. ACA"},"bbox":[-58.5150213,-30.89387058,-58.5150213,-30.89387058]},{"type":"Feature","id":"bahra_paraje.6491","geometry":{"type":"MultiPoint","coordinates":[[-58.51818905,-30.90350034]]},"geometry_name":"geom","properties":{"gid":6491,"cod_pcia":"30","nom_pcia":"Entre Ríos","cod_depto":"30035","nom_depto":"Federal","cod_ase":"30035A15","fna":"Colonia Santa Lucía","tipo_asent":"Paraje","cod_aglo":null,"nom_aglo":null,"cod_agl":"309215","nom_agl":"Nueva Vizcaya","lat_gd":"-30.903500","long_gd":"-58.518189","lat_gs":"-30º54'13\"","long_gs":"-58º31' 5\"","fdc":"INDEC. ACA"},"bbox":[-58.51818905,-30.90350034,-58.51818905,-30.90350034]},{"type":"Feature","id":"bahra_paraje.6498","geometry":{"type":"MultiPoint","coordinates":[[-58.65049356,-30.79917821]]},"geometry_name":"geom","properties":{"gid":6498,"cod_pcia":"30","nom_pcia":"Entre Ríos","cod_depto":"30035","nom_depto":"Federal","cod_ase":"30035A22","fna":"La Calandria","tipo_asent":"Paraje","cod_aglo":null,"nom_aglo":null,"cod_agl":"309225","nom_agl":"Santa Lucía","lat_gd":"-30.799178","long_gd":"-58.650494","lat_gs":"-30º47'57\"","long_gs":"-58º39' 2\"","fdc":"INDEC. ACA"},"bbox":[-58.65049356,-30.79917821,-58.65049356,-30.79917821]},{"type":"Feature","id":"bahra_paraje.6502","geometry":{"type":"MultiPoint","coordinates":[[-58.58274872,-30.69824847]]},"geometry_name":"geom","properties":{"gid":6502,"cod_pcia":"30","nom_pcia":"Entre Ríos","cod_depto":"30035","nom_depto":"Federal","cod_ase":"30035A26","fna":"Miñones","tipo_asent":"Paraje","cod_aglo":null,"nom_aglo":null,"cod_agl":"309225","nom_agl":"Santa Lucía","lat_gd":"-30.698248","long_gd":"-58.582749","lat_gs":"-30º41'54\"","long_gs":"-58º34'58\"","fdc":"INDEC. ACA"},"bbox":[-58.58274872,-30.69824847,-58.58274872,-30.69824847]},{"type":"Feature","id":"bahra_paraje.6503","geometry":{"type":"MultiPoint","coordinates":[[-58.57840454,-31.12317304]]},"geometry_name":"geom","properties":{"gid":6503,"cod_pcia":"30","nom_pcia":"Entre Ríos","cod_depto":"30035","nom_depto":"Federal","cod_ase":"30035A27","fna":"Moreira","tipo_asent":"Paraje","cod_aglo":null,"nom_aglo":null,"cod_agl":"309220","nom_agl":"Paso Duarte","lat_gd":"-31.123173","long_gd":"-58.578405","lat_gs":"-31º 7'23\"","long_gs":"-58º34'42\"","fdc":"Mapa Educativo (GPS)"},"bbox":[-58.57840454,-31.12317304,-58.57840454,-31.12317304]},{"type":"Feature","id":"bahra_paraje.6507","geometry":{"type":"MultiPoint","coordinates":[[-58.41622027,-31.21750588]]},"geometry_name":"geom","properties":{"gid":6507,"cod_pcia":"30","nom_pcia":"Entre Ríos","cod_depto":"30035","nom_depto":"Federal","cod_ase":"30035A31","fna":"Puntas de Moreira","tipo_asent":"Paraje","cod_aglo":null,"nom_aglo":null,"cod_agl":"309220","nom_agl":"Paso Duarte","lat_gd":"-31.217506","long_gd":"-58.416220","lat_gs":"-31º13' 3\"","long_gs":"-58º24'58\"","fdc":"INDEC. ACA"},"bbox":[-58.41622027,-31.21750588,-58.41622027,-31.21750588]},{"type":"Feature","id":"bahra_paraje.6509","geometry":{"type":"MultiPoint","coordinates":[[-58.62554793,-30.8994207]]},"geometry_name":"geom","properties":{"gid":6509,"cod_pcia":"30","nom_pcia":"Entre Ríos","cod_depto":"30035","nom_depto":"Federal","cod_ase":"30035A33","fna":"Sauce Norte","tipo_asent":"Paraje","cod_aglo":null,"nom_aglo":null,"cod_agl":"309215","nom_agl":"Nueva Vizcaya","lat_gd":"-30.899421","long_gd":"-58.625548","lat_gs":"-30º53'58\"","long_gs":"-58º37'32\"","fdc":"Mapa Educativo (GPS)"},"bbox":[-58.62554793,-30.8994207,-58.62554793,-30.8994207]},{"type":"Feature","id":"bahra_paraje.6513","geometry":{"type":"MultiPoint","coordinates":[[-58.6501705,-30.56621182]]},"geometry_name":"geom","properties":{"gid":6513,"cod_pcia":"30","nom_pcia":"Entre Ríos","cod_depto":"30042","nom_depto":"Feliciano","cod_ase":"30042A00","fna":"Atencio","tipo_asent":"Paraje","cod_aglo":null,"nom_aglo":null,"cod_agl":"309250","nom_agl":"Laguna Benítez","lat_gd":"-30.566212","long_gd":"-58.650170","lat_gs":"-30º33'58\"","long_gs":"-58º39' 1\"","fdc":"INDEC. ACA"},"bbox":[-58.6501705,-30.56621182,-58.6501705,-30.56621182]},{"type":"Feature","id":"bahra_paraje.6521","geometry":{"type":"MultiPoint","coordinates":[[-58.40603258,-30.45605705]]},"geometry_name":"geom","properties":{"gid":6521,"cod_pcia":"30","nom_pcia":"Entre Ríos","cod_depto":"30042","nom_depto":"Feliciano","cod_ase":"30042A08","fna":"La Hierra","tipo_asent":"Paraje","cod_aglo":null,"nom_aglo":null,"cod_agl":"309240","nom_agl":"La Hierra","lat_gd":"-30.456057","long_gd":"-58.406033","lat_gs":"-30º27'22\"","long_gs":"-58º24'22\"","fdc":"INDEC. ACA"},"bbox":[-58.40603258,-30.45605705,-58.40603258,-30.45605705]},{"type":"Feature","id":"bahra_paraje.6522","geometry":{"type":"MultiPoint","coordinates":[[-58.57931435,-30.48609665]]},"geometry_name":"geom","properties":{"gid":6522,"cod_pcia":"30","nom_pcia":"Entre Ríos","cod_depto":"30042","nom_depto":"Feliciano","cod_ase":"30042A09","fna":"La Libertad","tipo_asent":"Paraje","cod_aglo":null,"nom_aglo":null,"cod_agl":"309245","nom_agl":"La Verbena","lat_gd":"-30.486097","long_gd":"-58.579314","lat_gs":"-30º29'10\"","long_gs":"-58º34'46\"","fdc":"INDEC. ACA"},"bbox":[-58.57931435,-30.48609665,-58.57931435,-30.48609665]},{"type":"Feature","id":"bahra_paraje.6524","geometry":{"type":"MultiPoint","coordinates":[[-58.57739134,-30.50623856]]},"geometry_name":"geom","properties":{"gid":6524,"cod_pcia":"30","nom_pcia":"Entre Ríos","cod_depto":"30042","nom_depto":"Feliciano","cod_ase":"30042A11","fna":"La Verbena","tipo_asent":"Paraje","cod_aglo":null,"nom_aglo":null,"cod_agl":"309245","nom_agl":"La Verbena","lat_gd":"-30.506239","long_gd":"-58.577391","lat_gs":"-30º30'22\"","long_gs":"-58º34'39\"","fdc":"INDEC. ACA"},"bbox":[-58.57739134,-30.50623856,-58.57739134,-30.50623856]},{"type":"Feature","id":"bahra_paraje.6525","geometry":{"type":"MultiPoint","coordinates":[[-58.65350953,-30.629694]]},"geometry_name":"geom","properties":{"gid":6525,"cod_pcia":"30","nom_pcia":"Entre Ríos","cod_depto":"30042","nom_depto":"Feliciano","cod_ase":"30042A12","fna":"Laguna Benítez","tipo_asent":"Paraje","cod_aglo":null,"nom_aglo":null,"cod_agl":"309250","nom_agl":"Laguna Benítez","lat_gd":"-30.629694","long_gd":"-58.653510","lat_gs":"-30º37'47\"","long_gs":"-58º39'13\"","fdc":"Mapa Educativo (GPS)"},"bbox":[-58.65350953,-30.629694,-58.65350953,-30.629694]},{"type":"Feature","id":"bahra_paraje.6532","geometry":{"type":"MultiPoint","coordinates":[[-58.63577706,-30.38922441]]},"geometry_name":"geom","properties":{"gid":6532,"cod_pcia":"30","nom_pcia":"Entre Ríos","cod_depto":"30042","nom_depto":"Feliciano","cod_ase":"30042A19","fna":"Víboras","tipo_asent":"Paraje","cod_aglo":null,"nom_aglo":null,"cod_agl":"309240","nom_agl":"La Hierra","lat_gd":"-30.389224","long_gd":"-58.635777","lat_gs":"-30º23'21\"","long_gs":"-58º38' 9\"","fdc":"Mapa Educativo (GPS)"},"bbox":[-58.63577706,-30.38922441,-58.63577706,-30.38922441]},{"type":"Feature","id":"bahra_paraje.6477","geometry":{"type":"MultiPoint","coordinates":[[-58.72674707,-31.17378416]]},"geometry_name":"geom","properties":{"gid":6477,"cod_pcia":"30","nom_pcia":"Entre Ríos","cod_depto":"30035","nom_depto":"Federal","cod_ase":"30035A01","fna":"Arroyo Chañar","tipo_asent":"Paraje","cod_aglo":null,"nom_aglo":null,"cod_agl":"309220","nom_agl":"Paso Duarte","lat_gd":"-31.173784","long_gd":"-58.726747","lat_gs":"-31º10'26\"","long_gs":"-58º43'36\"","fdc":"Mapa Educativo (GPS)"},"bbox":[-58.72674707,-31.17378416,-58.72674707,-31.17378416]},{"type":"Feature","id":"bahra_paraje.6479","geometry":{"type":"MultiPoint","coordinates":[[-58.84765254,-30.71907346]]},"geometry_name":"geom","properties":{"gid":6479,"cod_pcia":"30","nom_pcia":"Entre Ríos","cod_depto":"30035","nom_depto":"Federal","cod_ase":"30035A03","fna":"Arroyo Las Tunas","tipo_asent":"Paraje","cod_aglo":null,"nom_aglo":null,"cod_agl":"309192","nom_agl":"Arroyo Las Tunas","lat_gd":"-30.719073","long_gd":"-58.847653","lat_gs":"-30º43' 9\"","long_gs":"-58º50'52\"","fdc":"INDEC. ACA"},"bbox":[-58.84765254,-30.71907346,-58.84765254,-30.71907346]},{"type":"Feature","id":"bahra_paraje.6487","geometry":{"type":"MultiPoint","coordinates":[[-58.83023276,-31.10948604]]},"geometry_name":"geom","properties":{"gid":6487,"cod_pcia":"30","nom_pcia":"Entre Ríos","cod_depto":"30035","nom_depto":"Federal","cod_ase":"30035A11","fna":"Colonia La Lata","tipo_asent":"Paraje","cod_aglo":null,"nom_aglo":null,"cod_agl":"309195","nom_agl":"Distrito Diego López","lat_gd":"-31.109486","long_gd":"-58.830233","lat_gs":"-31º 6'34\"","long_gs":"-58º49'49\"","fdc":"Mapa Educativo (GPS)"},"bbox":[-58.83023276,-31.10948604,-58.83023276,-31.10948604]},{"type":"Feature","id":"bahra_paraje.6488","geometry":{"type":"MultiPoint","coordinates":[[-58.81178566,-31.03769344]]},"geometry_name":"geom","properties":{"gid":6488,"cod_pcia":"30","nom_pcia":"Entre Ríos","cod_depto":"30035","nom_depto":"Federal","cod_ase":"30035A12","fna":"Colonia La Marta","tipo_asent":"Paraje","cod_aglo":null,"nom_aglo":null,"cod_agl":"309195","nom_agl":"Distrito Diego López","lat_gd":"-31.037693","long_gd":"-58.811786","lat_gs":"-31º 2'16\"","long_gs":"-58º48'42\"","fdc":"Mapa Educativo (GPS)"},"bbox":[-58.81178566,-31.03769344,-58.81178566,-31.03769344]},{"type":"Feature","id":"bahra_paraje.6490","geometry":{"type":"MultiPoint","coordinates":[[-58.91777367,-31.15527007]]},"geometry_name":"geom","properties":{"gid":6490,"cod_pcia":"30","nom_pcia":"Entre Ríos","cod_depto":"30035","nom_depto":"Federal","cod_ase":"30035A14","fna":"Colonia San Lorenzo","tipo_asent":"Paraje","cod_aglo":null,"nom_aglo":null,"cod_agl":"309195","nom_agl":"Distrito Diego López","lat_gd":"-31.155270","long_gd":"-58.917774","lat_gs":"-31º 9'19\"","long_gs":"-58º55' 4\"","fdc":"Mapa Educativo (GPS)"},"bbox":[-58.91777367,-31.15527007,-58.91777367,-31.15527007]},{"type":"Feature","id":"bahra_paraje.6492","geometry":{"type":"MultiPoint","coordinates":[[-58.90530048,-31.14301541]]},"geometry_name":"geom","properties":{"gid":6492,"cod_pcia":"30","nom_pcia":"Entre Ríos","cod_depto":"30035","nom_depto":"Federal","cod_ase":"30035A16","fna":"Diego López","tipo_asent":"Paraje","cod_aglo":null,"nom_aglo":null,"cod_agl":"309195","nom_agl":"Distrito Diego López","lat_gd":"-31.143015","long_gd":"-58.905300","lat_gs":"-31º 8'35\"","long_gs":"-58º54'19\"","fdc":"INDEC. ACA"},"bbox":[-58.90530048,-31.14301541,-58.90530048,-31.14301541]},{"type":"Feature","id":"bahra_paraje.6497","geometry":{"type":"MultiPoint","coordinates":[[-58.83861625,-30.85018379]]},"geometry_name":"geom","properties":{"gid":6497,"cod_pcia":"30","nom_pcia":"Entre Ríos","cod_depto":"30035","nom_depto":"Federal","cod_ase":"30035A21","fna":"El Rincón","tipo_asent":"Paraje","cod_aglo":null,"nom_aglo":null,"cod_agl":"300147","nom_agl":"Federal","lat_gd":"-30.850184","long_gd":"-58.838616","lat_gs":"-30º51' 1\"","long_gs":"-58º50'19\"","fdc":"Mapa Educativo (GPS)"},"bbox":[-58.83861625,-30.85018379,-58.83861625,-30.85018379]},{"type":"Feature","id":"bahra_paraje.6500","geometry":{"type":"MultiPoint","coordinates":[[-58.89589719,-30.90103221]]},"geometry_name":"geom","properties":{"gid":6500,"cod_pcia":"30","nom_pcia":"Entre Ríos","cod_depto":"30035","nom_depto":"Federal","cod_ase":"30035A24","fna":"Las Delicias","tipo_asent":"Paraje","cod_aglo":null,"nom_aglo":null,"cod_agl":"300147","nom_agl":"Federal","lat_gd":"-30.901032","long_gd":"-58.895897","lat_gs":"-30º54' 4\"","long_gs":"-58º53'45\"","fdc":"Mapa Educativo (GPS)"},"bbox":[-58.89589719,-30.90103221,-58.89589719,-30.90103221]},{"type":"Feature","id":"bahra_paraje.6505","geometry":{"type":"MultiPoint","coordinates":[[-58.73300344,-31.20586948]]},"geometry_name":"geom","properties":{"gid":6505,"cod_pcia":"30","nom_pcia":"Entre Ríos","cod_depto":"30035","nom_depto":"Federal","cod_ase":"30035A29","fna":"Paso Duarte","tipo_asent":"Paraje","cod_aglo":null,"nom_aglo":null,"cod_agl":"309220","nom_agl":"Paso Duarte","lat_gd":"-31.205869","long_gd":"-58.733003","lat_gs":"-31º12'21\"","long_gs":"-58º43'59\"","fdc":"INDEC. ACA"},"bbox":[-58.73300344,-31.20586948,-58.73300344,-31.20586948]},{"type":"Feature","id":"bahra_paraje.6506","geometry":{"type":"MultiPoint","coordinates":[[-58.80305999,-30.67717899]]},"geometry_name":"geom","properties":{"gid":6506,"cod_pcia":"30","nom_pcia":"Entre Ríos","cod_depto":"30035","nom_depto":"Federal","cod_ase":"30035A30","fna":"Paso Puerto","tipo_asent":"Paraje","cod_aglo":null,"nom_aglo":null,"cod_agl":"309192","nom_agl":"Arroyo Las Tunas","lat_gd":"-30.677179","long_gd":"-58.803060","lat_gs":"-30º40'38\"","long_gs":"-58º48'11\"","fdc":"INDEC. ACA"},"bbox":[-58.80305999,-30.67717899,-58.80305999,-30.67717899]},{"type":"Feature","id":"bahra_paraje.6510","geometry":{"type":"MultiPoint","coordinates":[[-58.70868596,-30.96537061]]},"geometry_name":"geom","properties":{"gid":6510,"cod_pcia":"30","nom_pcia":"Entre Ríos","cod_depto":"30035","nom_depto":"Federal","cod_ase":"30035A34","fna":"Sauce Sur","tipo_asent":"Paraje","cod_aglo":null,"nom_aglo":null,"cod_agl":"300147","nom_agl":"Federal","lat_gd":"-30.965371","long_gd":"-58.708686","lat_gs":"-30º57'55\"","long_gs":"-58º42'31\"","fdc":"Mapa Educativo (GPS)"},"bbox":[-58.70868596,-30.96537061,-58.70868596,-30.96537061]},{"type":"Feature","id":"bahra_paraje.6529","geometry":{"type":"MultiPoint","coordinates":[[-58.73008452,-30.47576284]]},"geometry_name":"geom","properties":{"gid":6529,"cod_pcia":"30","nom_pcia":"Entre Ríos","cod_depto":"30042","nom_depto":"Feliciano","cod_ase":"30042A16","fna":"Paso Bravo","tipo_asent":"Paraje","cod_aglo":null,"nom_aglo":null,"cod_agl":"309250","nom_agl":"Laguna Benítez","lat_gd":"-30.475763","long_gd":"-58.730085","lat_gs":"-30º28'33\"","long_gs":"-58º43'48\"","fdc":"Mapa Educativo (GPS)"},"bbox":[-58.73008452,-30.47576284,-58.73008452,-30.47576284]},{"type":"Feature","id":"bahra_paraje.6948","geometry":{"type":"MultiPoint","coordinates":[[-58.90432914,-31.29386391]]},"geometry_name":"geom","properties":{"gid":6948,"cod_pcia":"30","nom_pcia":"Entre Ríos","cod_depto":"30113","nom_depto":"Villaguay","cod_ase":"30113A02","fna":"Arroyo del Medio","tipo_asent":"Paraje","cod_aglo":null,"nom_aglo":null,"cod_agl":"309935","nom_agl":"Lucas Norte","lat_gd":"-31.293864","long_gd":"-58.904329","lat_gs":"-31º17'38\"","long_gs":"-58º54'16\"","fdc":"Mapa Educativo (GPS)"},"bbox":[-58.90432914,-31.29386391,-58.90432914,-31.29386391]},{"type":"Feature","id":"bahra_paraje.6956","geometry":{"type":"MultiPoint","coordinates":[[-58.8607811,-31.46365662]]},"geometry_name":"geom","properties":{"gid":6956,"cod_pcia":"30","nom_pcia":"Entre Ríos","cod_depto":"30113","nom_depto":"Villaguay","cod_ase":"30113A10","fna":"Colonia La Chunga","tipo_asent":"Paraje","cod_aglo":null,"nom_aglo":null,"cod_agl":"309945","nom_agl":"Lucas Sur Segundo","lat_gd":"-31.463657","long_gd":"-58.860781","lat_gs":"-31º27'49\"","long_gs":"-58º51'39\"","fdc":"Mapa Educativo (GPS)"},"bbox":[-58.8607811,-31.46365662,-58.8607811,-31.46365662]},{"type":"Feature","id":"bahra_paraje.6962","geometry":{"type":"MultiPoint","coordinates":[[-58.70675588,-31.45161595]]},"geometry_name":"geom","properties":{"gid":6962,"cod_pcia":"30","nom_pcia":"Entre Ríos","cod_depto":"30113","nom_depto":"Villaguay","cod_ase":"30113A15","fna":"Colonia Nueva Itatí","tipo_asent":"Paraje","cod_aglo":null,"nom_aglo":null,"cod_agl":"309945","nom_agl":"Lucas Sur Segundo","lat_gd":"-31.451616","long_gd":"-58.706756","lat_gs":"-31º27' 6\"","long_gs":"-58º42'24\"","fdc":"Mapa Educativo (GPS)"},"bbox":[-58.70675588,-31.45161595,-58.70675588,-31.45161595]},{"type":"Feature","id":"bahra_paraje.6966","geometry":{"type":"MultiPoint","coordinates":[[-58.80089018,-31.29311466]]},"geometry_name":"geom","properties":{"gid":6966,"cod_pcia":"30","nom_pcia":"Entre Ríos","cod_depto":"30113","nom_depto":"Villaguay","cod_ase":"30113A19","fna":"Curupí","tipo_asent":"Paraje","cod_aglo":null,"nom_aglo":null,"cod_agl":"309935","nom_agl":"Lucas Norte","lat_gd":"-31.293115","long_gd":"-58.800890","lat_gs":"-31º17'35\"","long_gs":"-58º48' 3\"","fdc":"INDEC. ACA"},"bbox":[-58.80089018,-31.29311466,-58.80089018,-31.29311466]},{"type":"Feature","id":"bahra_paraje.6967","geometry":{"type":"MultiPoint","coordinates":[[-58.8056855,-31.35667345]]},"geometry_name":"geom","properties":{"gid":6967,"cod_pcia":"30","nom_pcia":"Entre Ríos","cod_depto":"30113","nom_depto":"Villaguay","cod_ase":"30113A20","fna":"El Achiral","tipo_asent":"Paraje","cod_aglo":null,"nom_aglo":null,"cod_agl":"309935","nom_agl":"Lucas Norte","lat_gd":"-31.356673","long_gd":"-58.805685","lat_gs":"-31º21'24\"","long_gs":"-58º48'20\"","fdc":"Mapa Educativo (GPS)"},"bbox":[-58.8056855,-31.35667345,-58.8056855,-31.35667345]},{"type":"Feature","id":"bahra_paraje.6972","geometry":{"type":"MultiPoint","coordinates":[[-58.90650658,-31.4947596]]},"geometry_name":"geom","properties":{"gid":6972,"cod_pcia":"30","nom_pcia":"Entre Ríos","cod_depto":"30113","nom_depto":"Villaguay","cod_ase":"30113A25","fna":"Laguna Larga","tipo_asent":"Paraje","cod_aglo":null,"nom_aglo":null,"cod_agl":"309945","nom_agl":"Lucas Sur Segundo","lat_gd":"-31.494760","long_gd":"-58.906507","lat_gs":"-31º29'41\"","long_gs":"-58º54'23\"","fdc":"INDEC. ACA"},"bbox":[-58.90650658,-31.4947596,-58.90650658,-31.4947596]},{"type":"Feature","id":"bahra_paraje.6976","geometry":{"type":"MultiPoint","coordinates":[[-58.81670598,-31.52683659]]},"geometry_name":"geom","properties":{"gid":6976,"cod_pcia":"30","nom_pcia":"Entre Ríos","cod_depto":"30113","nom_depto":"Villaguay","cod_ase":"30113A29","fna":"Lucas Sur 2do.","tipo_asent":"Paraje","cod_aglo":null,"nom_aglo":null,"cod_agl":"309945","nom_agl":"Lucas Sur Segundo","lat_gd":"-31.526837","long_gd":"-58.816706","lat_gs":"-31º31'37\"","long_gs":"-58º49' 0\"","fdc":"INDEC. ACA"},"bbox":[-58.81670598,-31.52683659,-58.81670598,-31.52683659]},{"type":"Feature","id":"bahra_paraje.872","geometry":{"type":"MultiPoint","coordinates":[[-59.23675971,-33.9085323]]},"geometry_name":"geom","properties":{"gid":872,"cod_pcia":"06","nom_pcia":"Buenos Aires","cod_depto":"06070","nom_depto":"Baradero","cod_ase":"06070A14","fna":"Vuelta de los Pastos","tipo_asent":"Paraje","cod_aglo":null,"nom_aglo":null,"cod_agl":"060070","nom_agl":"Baradero","lat_gd":"-33.908532","long_gd":"-59.236760","lat_gs":"-33º54'31\"","long_gs":"-59º14'12\"","fdc":"Mapa Educativo (GPS)"},"bbox":[-59.23675971,-33.9085323,-59.23675971,-33.9085323]},{"type":"Feature","id":"bahra_paraje.984","geometry":{"type":"MultiPoint","coordinates":[[-58.83626493,-34.05912481]]},"geometry_name":"geom","properties":{"gid":984,"cod_pcia":"06","nom_pcia":"Buenos Aires","cod_depto":"06126","nom_depto":"Campana","cod_ase":"06126A00","fna":"Blondeau","tipo_asent":"Paraje","cod_aglo":null,"nom_aglo":null,"cod_agl":"060126","nom_agl":"Campana","lat_gd":"-34.059125","long_gd":"-58.836265","lat_gs":"-34º 3'33\"","long_gs":"-58º50'11\"","fdc":"Mapa Educativo (GPS)"},"bbox":[-58.83626493,-34.05912481,-58.83626493,-34.05912481]},{"type":"Feature","id":"bahra_paraje.986","geometry":{"type":"MultiPoint","coordinates":[[-58.96668411,-33.96893443]]},"geometry_name":"geom","properties":{"gid":986,"cod_pcia":"06","nom_pcia":"Buenos Aires","cod_depto":"06126","nom_depto":"Campana","cod_ase":"06126A02","fna":"Isla Talavera","tipo_asent":"Paraje","cod_aglo":null,"nom_aglo":null,"cod_agl":"060126","nom_agl":"Campana","lat_gd":"-33.968934","long_gd":"-58.966684","lat_gs":"-33º58' 8\"","long_gs":"-58º58' 0\"","fdc":"Mapa Educativo (GPS)"},"bbox":[-58.96668411,-33.96893443,-58.96668411,-33.96893443]},{"type":"Feature","id":"bahra_paraje.2386","geometry":{"type":"MultiPoint","coordinates":[[-58.53747632,-34.03803284]]},"geometry_name":"geom","properties":{"gid":2386,"cod_pcia":"06","nom_pcia":"Buenos Aires","cod_depto":"06749","nom_depto":"San Fernando","cod_ase":"06749A05","fna":"Manzano de la Barca","tipo_asent":"Paraje","cod_aglo":null,"nom_aglo":null,"cod_agl":"060749","nom_agl":"San Fernando","lat_gd":"-34.038033","long_gd":"-58.537476","lat_gs":"-34º 2'17\"","long_gs":"-58º32'15\"","fdc":"Mapa Educativo (GPS)"},"bbox":[-58.53747632,-34.03803284,-58.53747632,-34.03803284]},{"type":"Feature","id":"bahra_paraje.2672","geometry":{"type":"MultiPoint","coordinates":[[-59.20034483,-33.97562921]]},"geometry_name":"geom","properties":{"gid":2672,"cod_pcia":"06","nom_pcia":"Buenos Aires","cod_depto":"06882","nom_depto":"Zárate","cod_ase":"06882A00","fna":"Atucha","tipo_asent":"Paraje","cod_aglo":null,"nom_aglo":null,"cod_agl":"060882","nom_agl":"Zárate","lat_gd":"-33.975629","long_gd":"-59.200345","lat_gs":"-33º58'32\"","long_gs":"-59º12' 1\"","fdc":"INDEC. ACA"},"bbox":[-59.20034483,-33.97562921,-59.20034483,-33.97562921]},{"type":"Feature","id":"bahra_paraje.2673","geometry":{"type":"MultiPoint","coordinates":[[-59.106563,-33.90068267]]},"geometry_name":"geom","properties":{"gid":2673,"cod_pcia":"06","nom_pcia":"Buenos Aires","cod_depto":"06882","nom_depto":"Zárate","cod_ase":"06882A01","fna":"Barrio Naútico Talavera","tipo_asent":"Paraje","cod_aglo":null,"nom_aglo":null,"cod_agl":"060882","nom_agl":"Zárate","lat_gd":"-33.900683","long_gd":"-59.106563","lat_gs":"-33º54' 2\"","long_gs":"-59º 6'24\"","fdc":"INDEC. ACA"},"bbox":[-59.106563,-33.90068267,-59.106563,-33.90068267]},{"type":"Feature","id":"bahra_paraje.2674","geometry":{"type":"MultiPoint","coordinates":[[-59.28239853,-34.03114405]]},"geometry_name":"geom","properties":{"gid":2674,"cod_pcia":"06","nom_pcia":"Buenos Aires","cod_depto":"06882","nom_depto":"Zárate","cod_ase":"06882A02","fna":"Chacras de Olivia","tipo_asent":"Paraje","cod_aglo":null,"nom_aglo":null,"cod_agl":"060882","nom_agl":"Zárate","lat_gd":"-34.031144","long_gd":"-59.282399","lat_gs":"-34º 1'52\"","long_gs":"-59º16'57\"","fdc":"INDEC. ACA"},"bbox":[-59.28239853,-34.03114405,-59.28239853,-34.03114405]},{"type":"Feature","id":"bahra_paraje.2675","geometry":{"type":"MultiPoint","coordinates":[[-59.26051362,-33.96879235]]},"geometry_name":"geom","properties":{"gid":2675,"cod_pcia":"06","nom_pcia":"Buenos Aires","cod_depto":"06882","nom_depto":"Zárate","cod_ase":"06882A03","fna":"Chacras del Paraná","tipo_asent":"Paraje","cod_aglo":null,"nom_aglo":null,"cod_agl":"060882","nom_agl":"Zárate","lat_gd":"-33.968792","long_gd":"-59.260514","lat_gs":"-33º58' 8\"","long_gs":"-59º15'38\"","fdc":"INDEC. ACA"},"bbox":[-59.26051362,-33.96879235,-59.26051362,-33.96879235]},{"type":"Feature","id":"bahra_paraje.2676","geometry":{"type":"MultiPoint","coordinates":[[-59.18371765,-33.99187932]]},"geometry_name":"geom","properties":{"gid":2676,"cod_pcia":"06","nom_pcia":"Buenos Aires","cod_depto":"06882","nom_depto":"Zárate","cod_ase":"06882A04","fna":"Cuartel V","tipo_asent":"Paraje","cod_aglo":null,"nom_aglo":null,"cod_agl":"060882","nom_agl":"Zárate","lat_gd":"-33.991879","long_gd":"-59.183718","lat_gs":"-33º59'31\"","long_gs":"-59º11' 1\"","fdc":"Mapa Educativo (GPS)"},"bbox":[-59.18371765,-33.99187932,-59.18371765,-33.99187932]},{"type":"Feature","id":"bahra_paraje.2678","geometry":{"type":"MultiPoint","coordinates":[[-59.28807375,-33.98109057]]},"geometry_name":"geom","properties":{"gid":2678,"cod_pcia":"06","nom_pcia":"Buenos Aires","cod_depto":"06882","nom_depto":"Zárate","cod_ase":"06882A06","fna":"Estación Atucha","tipo_asent":"Paraje","cod_aglo":null,"nom_aglo":null,"cod_agl":"060882","nom_agl":"Zárate","lat_gd":"-33.981091","long_gd":"-59.288074","lat_gs":"-33º58'52\"","long_gs":"-59º17'17\"","fdc":"Mapa Educativo (GPS)"},"bbox":[-59.28807375,-33.98109057,-59.28807375,-33.98109057]},{"type":"Feature","id":"bahra_paraje.2680","geometry":{"type":"MultiPoint","coordinates":[[-59.00447801,-33.84713457]]},"geometry_name":"geom","properties":{"gid":2680,"cod_pcia":"06","nom_pcia":"Buenos Aires","cod_depto":"06882","nom_depto":"Zárate","cod_ase":"06882A08","fna":"Isla Botija","tipo_asent":"Paraje","cod_aglo":null,"nom_aglo":null,"cod_agl":"060882","nom_agl":"Zárate","lat_gd":"-33.847135","long_gd":"-59.004478","lat_gs":"-33º50'50\"","long_gs":"-59º 0'16\"","fdc":"Mapa Educativo (GPS)"},"bbox":[-59.00447801,-33.84713457,-59.00447801,-33.84713457]},{"type":"Feature","id":"bahra_paraje.2681","geometry":{"type":"MultiPoint","coordinates":[[-58.91401748,-33.89341992]]},"geometry_name":"geom","properties":{"gid":2681,"cod_pcia":"06","nom_pcia":"Buenos Aires","cod_depto":"06882","nom_depto":"Zárate","cod_ase":"06882A09","fna":"Keidel","tipo_asent":"Paraje","cod_aglo":null,"nom_aglo":null,"cod_agl":"060882","nom_agl":"Zárate","lat_gd":"-33.893420","long_gd":"-58.914017","lat_gs":"-33º53'36\"","long_gs":"-58º54'50\"","fdc":"INDEC. ACA"},"bbox":[-58.91401748,-33.89341992,-58.91401748,-33.89341992]},{"type":"Feature","id":"bahra_paraje.2682","geometry":{"type":"MultiPoint","coordinates":[[-59.10127025,-34.09238612]]},"geometry_name":"geom","properties":{"gid":2682,"cod_pcia":"06","nom_pcia":"Buenos Aires","cod_depto":"06882","nom_depto":"Zárate","cod_ase":"06882A10","fna":"Las Cuatro Esquinas","tipo_asent":"Paraje","cod_aglo":null,"nom_aglo":null,"cod_agl":"060882","nom_agl":"Zárate","lat_gd":"-34.092386","long_gd":"-59.101270","lat_gs":"-34º 5'33\"","long_gs":"-59º 6' 5\"","fdc":"Mapa Educativo (GPS)"},"bbox":[-59.10127025,-34.09238612,-59.10127025,-34.09238612]},{"type":"Feature","id":"bahra_paraje.2683","geometry":{"type":"MultiPoint","coordinates":[[-59.08158169,-34.04137331]]},"geometry_name":"geom","properties":{"gid":2683,"cod_pcia":"06","nom_pcia":"Buenos Aires","cod_depto":"06882","nom_depto":"Zárate","cod_ase":"06882A11","fna":"Las Islas","tipo_asent":"Paraje","cod_aglo":null,"nom_aglo":null,"cod_agl":"060882","nom_agl":"Zárate","lat_gd":"-34.041373","long_gd":"-59.081582","lat_gs":"-34º 2'29\"","long_gs":"-59º 4'54\"","fdc":"Mapa Educativo (GPS)"},"bbox":[-59.08158169,-34.04137331,-59.08158169,-34.04137331]},{"type":"Feature","id":"bahra_paraje.2684","geometry":{"type":"MultiPoint","coordinates":[[-59.1509951,-34.06901409]]},"geometry_name":"geom","properties":{"gid":2684,"cod_pcia":"06","nom_pcia":"Buenos Aires","cod_depto":"06882","nom_depto":"Zárate","cod_ase":"06882A12","fna":"Las Palmas","tipo_asent":"Paraje","cod_aglo":null,"nom_aglo":null,"cod_agl":"060882","nom_agl":"Zárate","lat_gd":"-34.069014","long_gd":"-59.150995","lat_gs":"-34º 4' 8\"","long_gs":"-59º 9' 4\"","fdc":"INDEC. ACA"},"bbox":[-59.1509951,-34.06901409,-59.1509951,-34.06901409]},{"type":"Feature","id":"bahra_paraje.2685","geometry":{"type":"MultiPoint","coordinates":[[-58.89232007,-33.91280625]]},"geometry_name":"geom","properties":{"gid":2685,"cod_pcia":"06","nom_pcia":"Buenos Aires","cod_depto":"06882","nom_depto":"Zárate","cod_ase":"06882A13","fna":"Puente Urquiza","tipo_asent":"Paraje","cod_aglo":null,"nom_aglo":null,"cod_agl":"060882","nom_agl":"Zárate","lat_gd":"-33.912806","long_gd":"-58.892320","lat_gs":"-33º54'46\"","long_gs":"-58º53'32\"","fdc":"INDEC. ACA"},"bbox":[-58.89232007,-33.91280625,-58.89232007,-33.91280625]},{"type":"Feature","id":"bahra_paraje.2686","geometry":{"type":"MultiPoint","coordinates":[[-59.12800085,-34.01993569]]},"geometry_name":"geom","properties":{"gid":2686,"cod_pcia":"06","nom_pcia":"Buenos Aires","cod_depto":"06882","nom_depto":"Zárate","cod_ase":"06882A14","fna":"Puerto Las Palmas","tipo_asent":"Paraje","cod_aglo":null,"nom_aglo":null,"cod_agl":"060882","nom_agl":"Zárate","lat_gd":"-34.019936","long_gd":"-59.128001","lat_gs":"-34º 1'12\"","long_gs":"-59º 7'41\"","fdc":"INDEC. ACA"},"bbox":[-59.12800085,-34.01993569,-59.12800085,-34.01993569]},{"type":"Feature","id":"bahra_paraje.2687","geometry":{"type":"MultiPoint","coordinates":[[-59.17853308,-33.97347055]]},"geometry_name":"geom","properties":{"gid":2687,"cod_pcia":"06","nom_pcia":"Buenos Aires","cod_depto":"06882","nom_depto":"Zárate","cod_ase":"06882A15","fna":"Puerto Lima","tipo_asent":"Paraje","cod_aglo":null,"nom_aglo":null,"cod_agl":"060882","nom_agl":"Zárate","lat_gd":"-33.973471","long_gd":"-59.178533","lat_gs":"-33º58'24\"","long_gs":"-59º10'43\"","fdc":"INDEC. ACA"},"bbox":[-59.17853308,-33.97347055,-59.17853308,-33.97347055]},{"type":"Feature","id":"bahra_paraje.6575","geometry":{"type":"MultiPoint","coordinates":[[-58.73868877,-33.3917018]]},"geometry_name":"geom","properties":{"gid":6575,"cod_pcia":"30","nom_pcia":"Entre Ríos","cod_depto":"30056","nom_depto":"Gualeguaychú","cod_ase":"30056A02","fna":"Arroyo Ñancay","tipo_asent":"Paraje","cod_aglo":null,"nom_aglo":null,"cod_agl":"300000","nom_agl":"sin gobierno local","lat_gd":"-33.391702","long_gd":"-58.738689","lat_gs":"-33º23'30\"","long_gs":"-58º44'19\"","fdc":"INDEC. ACA"},"bbox":[-58.73868877,-33.3917018,-58.73868877,-33.3917018]},{"type":"Feature","id":"bahra_paraje.6598","geometry":{"type":"MultiPoint","coordinates":[[-58.86276839,-33.4961167]]},"geometry_name":"geom","properties":{"gid":6598,"cod_pcia":"30","nom_pcia":"Entre Ríos","cod_depto":"30056","nom_depto":"Gualeguaychú","cod_ase":"30056A24","fna":"La Peregrina","tipo_asent":"Paraje","cod_aglo":null,"nom_aglo":null,"cod_agl":"300000","nom_agl":"sin gobierno local","lat_gd":"-33.496117","long_gd":"-58.862768","lat_gs":"-33º29'46\"","long_gs":"-58º51'46\"","fdc":"INDEC. ACA"},"bbox":[-58.86276839,-33.4961167,-58.86276839,-33.4961167]},{"type":"Feature","id":"bahra_paraje.6616","geometry":{"type":"MultiPoint","coordinates":[[-58.97737286,-33.74560074]]},"geometry_name":"geom","properties":{"gid":6616,"cod_pcia":"30","nom_pcia":"Entre Ríos","cod_depto":"30063","nom_depto":"Islas del Ibicuy","cod_ase":"30063A00","fna":"Anahí","tipo_asent":"Paraje","cod_aglo":null,"nom_aglo":null,"cod_agl":"300217","nom_agl":"Ibicuy","lat_gd":"-33.745601","long_gd":"-58.977373","lat_gs":"-33º44'44\"","long_gs":"-58º58'39\"","fdc":"INDEC. ACA"},"bbox":[-58.97737286,-33.74560074,-58.97737286,-33.74560074]},{"type":"Feature","id":"bahra_paraje.6617","geometry":{"type":"MultiPoint","coordinates":[[-58.8527447,-33.85618233]]},"geometry_name":"geom","properties":{"gid":6617,"cod_pcia":"30","nom_pcia":"Entre Ríos","cod_depto":"30063","nom_depto":"Islas del Ibicuy","cod_ase":"30063A01","fna":"Arroyo Brazo Largo","tipo_asent":"Paraje","cod_aglo":null,"nom_aglo":null,"cod_agl":"300224","nom_agl":"Villa Paranacito","lat_gd":"-33.856182","long_gd":"-58.852745","lat_gs":"-33º51'22\"","long_gs":"-58º51'10\"","fdc":"INDEC. ACA"},"bbox":[-58.8527447,-33.85618233,-58.8527447,-33.85618233]},{"type":"Feature","id":"bahra_paraje.6618","geometry":{"type":"MultiPoint","coordinates":[[-58.60955317,-33.77509263]]},"geometry_name":"geom","properties":{"gid":6618,"cod_pcia":"30","nom_pcia":"Entre Ríos","cod_depto":"30063","nom_depto":"Islas del Ibicuy","cod_ase":"30063A02","fna":"Arroyo Brazo Largo Norte","tipo_asent":"Paraje","cod_aglo":null,"nom_aglo":null,"cod_agl":"300224","nom_agl":"Villa Paranacito","lat_gd":"-33.775093","long_gd":"-58.609553","lat_gs":"-33º46'30\"","long_gs":"-58º36'34\"","fdc":"Mapa Educativo (GPS)"},"bbox":[-58.60955317,-33.77509263,-58.60955317,-33.77509263]},{"type":"Feature","id":"bahra_paraje.6619","geometry":{"type":"MultiPoint","coordinates":[[-58.8302264,-33.64545475]]},"geometry_name":"geom","properties":{"gid":6619,"cod_pcia":"30","nom_pcia":"Entre Ríos","cod_depto":"30063","nom_depto":"Islas del Ibicuy","cod_ase":"30063A03","fna":"Arroyo Grande","tipo_asent":"Paraje","cod_aglo":null,"nom_aglo":null,"cod_agl":"300000","nom_agl":"sin gobierno local","lat_gd":"-33.645455","long_gd":"-58.830226","lat_gs":"-33º38'44\"","long_gs":"-58º49'49\"","fdc":"Mapa Educativo (GPS)"},"bbox":[-58.8302264,-33.64545475,-58.8302264,-33.64545475]},{"type":"Feature","id":"bahra_paraje.6621","geometry":{"type":"MultiPoint","coordinates":[[-58.62470866,-33.54733356]]},"geometry_name":"geom","properties":{"gid":6621,"cod_pcia":"30","nom_pcia":"Entre Ríos","cod_depto":"30063","nom_depto":"Islas del Ibicuy","cod_ase":"30063A04","fna":"Arroyo Hondo","tipo_asent":"Paraje","cod_aglo":null,"nom_aglo":null,"cod_agl":"300000","nom_agl":"sin gobierno local","lat_gd":"-33.547334","long_gd":"-58.624709","lat_gs":"-33º32'50\"","long_gs":"-58º37'29\"","fdc":"Mapa Educativo (GPS)"},"bbox":[-58.62470866,-33.54733356,-58.62470866,-33.54733356]},{"type":"Feature","id":"bahra_paraje.6622","geometry":{"type":"MultiPoint","coordinates":[[-58.59572358,-33.64736351]]},"geometry_name":"geom","properties":{"gid":6622,"cod_pcia":"30","nom_pcia":"Entre Ríos","cod_depto":"30063","nom_depto":"Islas del Ibicuy","cod_ase":"30063A05","fna":"Arroyo Martínez","tipo_asent":"Paraje","cod_aglo":null,"nom_aglo":null,"cod_agl":"300224","nom_agl":"Villa Paranacito","lat_gd":"-33.647364","long_gd":"-58.595724","lat_gs":"-33º38'51\"","long_gs":"-58º35'45\"","fdc":"INDEC. ACA"},"bbox":[-58.59572358,-33.64736351,-58.59572358,-33.64736351]},{"type":"Feature","id":"bahra_paraje.6623","geometry":{"type":"MultiPoint","coordinates":[[-58.55616542,-33.99981293]]},"geometry_name":"geom","properties":{"gid":6623,"cod_pcia":"30","nom_pcia":"Entre Ríos","cod_depto":"30063","nom_depto":"Islas del Ibicuy","cod_ase":"30063A06","fna":"Arroyo Merlo","tipo_asent":"Paraje","cod_aglo":null,"nom_aglo":null,"cod_agl":"300224","nom_agl":"Villa Paranacito","lat_gd":"-33.999813","long_gd":"-58.556165","lat_gs":"-33º59'59\"","long_gs":"-58º33'22\"","fdc":"Mapa Educativo"},"bbox":[-58.55616542,-33.99981293,-58.55616542,-33.99981293]},{"type":"Feature","id":"bahra_paraje.6624","geometry":{"type":"MultiPoint","coordinates":[[-58.67420265,-33.86371009]]},"geometry_name":"geom","properties":{"gid":6624,"cod_pcia":"30","nom_pcia":"Entre Ríos","cod_depto":"30063","nom_depto":"Islas del Ibicuy","cod_ase":"30063A07","fna":"Arroyo Negro","tipo_asent":"Paraje","cod_aglo":null,"nom_aglo":null,"cod_agl":"300224","nom_agl":"Villa Paranacito","lat_gd":"-33.863710","long_gd":"-58.674203","lat_gs":"-33º51'49\"","long_gs":"-58º40'27\"","fdc":"Mapa Educativo (GPS)"},"bbox":[-58.67420265,-33.86371009,-58.67420265,-33.86371009]},{"type":"Feature","id":"bahra_paraje.6625","geometry":{"type":"MultiPoint","coordinates":[[-58.72272191,-33.65953401]]},"geometry_name":"geom","properties":{"gid":6625,"cod_pcia":"30","nom_pcia":"Entre Ríos","cod_depto":"30063","nom_depto":"Islas del Ibicuy","cod_ase":"30063A08","fna":"Arroyo Sagastume Grande","tipo_asent":"Paraje","cod_aglo":null,"nom_aglo":null,"cod_agl":"300224","nom_agl":"Villa Paranacito","lat_gd":"-33.659534","long_gd":"-58.722722","lat_gs":"-33º39'34\"","long_gs":"-58º43'22\"","fdc":"INDEC. ACA"},"bbox":[-58.72272191,-33.65953401,-58.72272191,-33.65953401]},{"type":"Feature","id":"bahra_paraje.6626","geometry":{"type":"MultiPoint","coordinates":[[-58.56131841,-33.5635435]]},"geometry_name":"geom","properties":{"gid":6626,"cod_pcia":"30","nom_pcia":"Entre Ríos","cod_depto":"30063","nom_depto":"Islas del Ibicuy","cod_ase":"30063A09","fna":"Arroyo Santos Grande","tipo_asent":"Paraje","cod_aglo":null,"nom_aglo":null,"cod_agl":"300224","nom_agl":"Villa Paranacito","lat_gd":"-33.563544","long_gd":"-58.561318","lat_gs":"-33º33'49\"","long_gs":"-58º33'41\"","fdc":"Mapa Educativo (GPS)"},"bbox":[-58.56131841,-33.5635435,-58.56131841,-33.5635435]},{"type":"Feature","id":"bahra_paraje.6627","geometry":{"type":"MultiPoint","coordinates":[[-58.8753171,-33.85936594]]},"geometry_name":"geom","properties":{"gid":6627,"cod_pcia":"30","nom_pcia":"Entre Ríos","cod_depto":"30063","nom_depto":"Islas del Ibicuy","cod_ase":"30063A10","fna":"Brazo Largo","tipo_asent":"Paraje","cod_aglo":null,"nom_aglo":null,"cod_agl":"300224","nom_agl":"Villa Paranacito","lat_gd":"-33.859366","long_gd":"-58.875317","lat_gs":"-33º51'34\"","long_gs":"-58º52'31\"","fdc":"INDEC. ACA"},"bbox":[-58.8753171,-33.85936594,-58.8753171,-33.85936594]},{"type":"Feature","id":"bahra_paraje.6628","geometry":{"type":"MultiPoint","coordinates":[[-58.79697126,-33.58441948]]},"geometry_name":"geom","properties":{"gid":6628,"cod_pcia":"30","nom_pcia":"Entre Ríos","cod_depto":"30063","nom_depto":"Islas del Ibicuy","cod_ase":"30063A11","fna":"El Empalme","tipo_asent":"Paraje","cod_aglo":null,"nom_aglo":null,"cod_agl":"300000","nom_agl":"sin gobierno local","lat_gd":"-33.584419","long_gd":"-58.796971","lat_gs":"-33º35' 4\"","long_gs":"-58º47'49\"","fdc":"INDEC. ACA"},"bbox":[-58.79697126,-33.58441948,-58.79697126,-33.58441948]},{"type":"Feature","id":"bahra_paraje.6630","geometry":{"type":"MultiPoint","coordinates":[[-58.94448322,-33.48542406]]},"geometry_name":"geom","properties":{"gid":6630,"cod_pcia":"30","nom_pcia":"Entre Ríos","cod_depto":"30063","nom_depto":"Islas del Ibicuy","cod_ase":"30063A13","fna":"El Sauce","tipo_asent":"Paraje","cod_aglo":null,"nom_aglo":null,"cod_agl":"300000","nom_agl":"sin gobierno local","lat_gd":"-33.485424","long_gd":"-58.944483","lat_gs":"-33º29' 8\"","long_gs":"-58º56'40\"","fdc":"Mapa Educativo (GPS)"},"bbox":[-58.94448322,-33.48542406,-58.94448322,-33.48542406]},{"type":"Feature","id":"bahra_paraje.6631","geometry":{"type":"MultiPoint","coordinates":[[-58.9511881,-33.54490728]]},"geometry_name":"geom","properties":{"gid":6631,"cod_pcia":"30","nom_pcia":"Entre Ríos","cod_depto":"30063","nom_depto":"Islas del Ibicuy","cod_ase":"30063A14","fna":"Esquina","tipo_asent":"Paraje","cod_aglo":null,"nom_aglo":null,"cod_agl":"300000","nom_agl":"sin gobierno local","lat_gd":"-33.544907","long_gd":"-58.951188","lat_gs":"-33º32'42\"","long_gs":"-58º57' 4\"","fdc":"Mapa Educativo (GPS)"},"bbox":[-58.9511881,-33.54490728,-58.9511881,-33.54490728]},{"type":"Feature","id":"bahra_paraje.6632","geometry":{"type":"MultiPoint","coordinates":[[-58.94780527,-33.86227248]]},"geometry_name":"geom","properties":{"gid":6632,"cod_pcia":"30","nom_pcia":"Entre Ríos","cod_depto":"30063","nom_depto":"Islas del Ibicuy","cod_ase":"30063A15","fna":"Estación Brazo Largo","tipo_asent":"Paraje","cod_aglo":null,"nom_aglo":null,"cod_agl":"300224","nom_agl":"Villa Paranacito","lat_gd":"-33.862272","long_gd":"-58.947805","lat_gs":"-33º51'44\"","long_gs":"-58º56'52\"","fdc":"INDEC. ACA"},"bbox":[-58.94780527,-33.86227248,-58.94780527,-33.86227248]},{"type":"Feature","id":"bahra_paraje.6633","geometry":{"type":"MultiPoint","coordinates":[[-59.04666107,-33.64717278]]},"geometry_name":"geom","properties":{"gid":6633,"cod_pcia":"30","nom_pcia":"Entre Ríos","cod_depto":"30063","nom_depto":"Islas del Ibicuy","cod_ase":"30063A16","fna":"Fernández","tipo_asent":"Paraje","cod_aglo":null,"nom_aglo":null,"cod_agl":"300000","nom_agl":"sin gobierno local","lat_gd":"-33.647173","long_gd":"-59.046661","lat_gs":"-33º38'50\"","long_gs":"-59º 2'48\"","fdc":"INDEC. ACA"},"bbox":[-59.04666107,-33.64717278,-59.04666107,-33.64717278]},{"type":"Feature","id":"bahra_paraje.6634","geometry":{"type":"MultiPoint","coordinates":[[-59.31367426,-33.54599631]]},"geometry_name":"geom","properties":{"gid":6634,"cod_pcia":"30","nom_pcia":"Entre Ríos","cod_depto":"30063","nom_depto":"Islas del Ibicuy","cod_ase":"30063A17","fna":"La Argentina","tipo_asent":"Paraje","cod_aglo":null,"nom_aglo":null,"cod_agl":"300000","nom_agl":"sin gobierno local","lat_gd":"-33.545996","long_gd":"-59.313674","lat_gs":"-33º32'46\"","long_gs":"-59º18'49\"","fdc":"Mapa Educativo (GPS)"},"bbox":[-59.31367426,-33.54599631,-59.31367426,-33.54599631]},{"type":"Feature","id":"bahra_paraje.6635","geometry":{"type":"MultiPoint","coordinates":[[-59.03240093,-33.7086943]]},"geometry_name":"geom","properties":{"gid":6635,"cod_pcia":"30","nom_pcia":"Entre Ríos","cod_depto":"30063","nom_depto":"Islas del Ibicuy","cod_ase":"30063A18","fna":"Libertador General San Martín","tipo_asent":"Paraje","cod_aglo":null,"nom_aglo":null,"cod_agl":"300217","nom_agl":"Ibicuy","lat_gd":"-33.708694","long_gd":"-59.032401","lat_gs":"-33º42'31\"","long_gs":"-59º 1'57\"","fdc":"Mapa Educativo (GPS)"},"bbox":[-59.03240093,-33.7086943,-59.03240093,-33.7086943]},{"type":"Feature","id":"bahra_paraje.6636","geometry":{"type":"MultiPoint","coordinates":[[-59.27838018,-33.60859286]]},"geometry_name":"geom","properties":{"gid":6636,"cod_pcia":"30","nom_pcia":"Entre Ríos","cod_depto":"30063","nom_depto":"Islas del Ibicuy","cod_ase":"30063A19","fna":"Mazaruca","tipo_asent":"Paraje","cod_aglo":null,"nom_aglo":null,"cod_agl":"300217","nom_agl":"Ibicuy","lat_gd":"-33.608593","long_gd":"-59.278380","lat_gs":"-33º36'31\"","long_gs":"-59º16'42\"","fdc":"INDEC. ACA"},"bbox":[-59.27838018,-33.60859286,-59.27838018,-33.60859286]},{"type":"Feature","id":"bahra_paraje.6637","geometry":{"type":"MultiPoint","coordinates":[[-58.67819142,-33.45792884]]},"geometry_name":"geom","properties":{"gid":6637,"cod_pcia":"30","nom_pcia":"Entre Ríos","cod_depto":"30063","nom_depto":"Islas del Ibicuy","cod_ase":"30063A20","fna":"Ñancay","tipo_asent":"Paraje","cod_aglo":null,"nom_aglo":null,"cod_agl":"300000","nom_agl":"sin gobierno local","lat_gd":"-33.457929","long_gd":"-58.678191","lat_gs":"-33º27'29\"","long_gs":"-58º40'41\"","fdc":"INDEC. ACA"},"bbox":[-58.67819142,-33.45792884,-58.67819142,-33.45792884]},{"type":"Feature","id":"bahra_paraje.6639","geometry":{"type":"MultiPoint","coordinates":[[-59.02970798,-33.828225]]},"geometry_name":"geom","properties":{"gid":6639,"cod_pcia":"30","nom_pcia":"Entre Ríos","cod_depto":"30063","nom_depto":"Islas del Ibicuy","cod_ase":"30063A21","fna":"Puerto Constanza","tipo_asent":"Paraje","cod_aglo":null,"nom_aglo":null,"cod_agl":"300217","nom_agl":"Ibicuy","lat_gd":"-33.828225","long_gd":"-59.029708","lat_gs":"-33º49'42\"","long_gs":"-59º 1'47\"","fdc":"Mapa Educativo (GPS)"},"bbox":[-59.02970798,-33.828225,-59.02970798,-33.828225]},{"type":"Feature","id":"bahra_paraje.6640","geometry":{"type":"MultiPoint","coordinates":[[-59.24338048,-33.6616423]]},"geometry_name":"geom","properties":{"gid":6640,"cod_pcia":"30","nom_pcia":"Entre Ríos","cod_depto":"30063","nom_depto":"Islas del Ibicuy","cod_ase":"30063A22","fna":"Puerto Perazzo","tipo_asent":"Paraje","cod_aglo":null,"nom_aglo":null,"cod_agl":"300217","nom_agl":"Ibicuy","lat_gd":"-33.661642","long_gd":"-59.243380","lat_gs":"-33º39'42\"","long_gs":"-59º14'36\"","fdc":"Mapa Educativo (GPS)"},"bbox":[-59.24338048,-33.6616423,-59.24338048,-33.6616423]},{"type":"Feature","id":"bahra_paraje.6641","geometry":{"type":"MultiPoint","coordinates":[[-58.77894646,-33.60657709]]},"geometry_name":"geom","properties":{"gid":6641,"cod_pcia":"30","nom_pcia":"Entre Ríos","cod_depto":"30063","nom_depto":"Islas del Ibicuy","cod_ase":"30063A23","fna":"Sagastumé","tipo_asent":"Paraje","cod_aglo":null,"nom_aglo":null,"cod_agl":"300224","nom_agl":"Villa Paranacito","lat_gd":"-33.606577","long_gd":"-58.778946","lat_gs":"-33º36'24\"","long_gs":"-58º46'44\"","fdc":"Mapa Educativo (GPS)"},"bbox":[-58.77894646,-33.60657709,-58.77894646,-33.60657709]},{"type":"Feature","id":"bahra_paraje.2390","geometry":{"type":"MultiPoint","coordinates":[[-58.44389806,-34.07585138]]},"geometry_name":"geom","properties":{"gid":2390,"cod_pcia":"06","nom_pcia":"Buenos Aires","cod_depto":"06749","nom_depto":"San Fernando","cod_ase":"06749A09","fna":"3° Sección de Islas","tipo_asent":"Paraje","cod_aglo":null,"nom_aglo":null,"cod_agl":"060749","nom_agl":"San Fernando","lat_gd":"-34.075851","long_gd":"-58.443898","lat_gs":"-34º 4'33\"","long_gs":"-58º26'38\"","fdc":"Mapa Educativo (GPS)"},"bbox":[-58.44389806,-34.07585138,-58.44389806,-34.07585138]},{"type":"Feature","id":"bahra_paraje.850","geometry":{"type":"MultiPoint","coordinates":[[-59.96459621,-34.00827407]]},"geometry_name":"geom","properties":{"gid":850,"cod_pcia":"06","nom_pcia":"Buenos Aires","cod_depto":"06077","nom_depto":"Arrecifes","cod_ase":"06077A05","fna":"La Nélida","tipo_asent":"Paraje","cod_aglo":null,"nom_aglo":null,"cod_agl":"060077","nom_agl":"Arrecifes","lat_gd":"-34.008274","long_gd":"-59.964596","lat_gs":"-34º 0'30\"","long_gs":"-59º57'53\"","fdc":"Mapa Educativo (GPS)"},"bbox":[-59.96459621,-34.00827407,-59.96459621,-34.00827407]},{"type":"Feature","id":"bahra_paraje.864","geometry":{"type":"MultiPoint","coordinates":[[-59.70854193,-34.08701743]]},"geometry_name":"geom","properties":{"gid":864,"cod_pcia":"06","nom_pcia":"Buenos Aires","cod_depto":"06070","nom_depto":"Baradero","cod_ase":"06070A06","fna":"El Silencio","tipo_asent":"Paraje","cod_aglo":null,"nom_aglo":null,"cod_agl":"060070","nom_agl":"Baradero","lat_gd":"-34.087017","long_gd":"-59.708542","lat_gs":"-34º 5'13\"","long_gs":"-59º42'31\"","fdc":"INDEC. ACA"},"bbox":[-59.70854193,-34.08701743,-59.70854193,-34.08701743]},{"type":"Feature","id":"bahra_paraje.866","geometry":{"type":"MultiPoint","coordinates":[[-59.59618449,-33.97937616]]},"geometry_name":"geom","properties":{"gid":866,"cod_pcia":"06","nom_pcia":"Buenos Aires","cod_depto":"06070","nom_depto":"Baradero","cod_ase":"06070A08","fna":"El Triángulo","tipo_asent":"Paraje","cod_aglo":null,"nom_aglo":null,"cod_agl":"060070","nom_agl":"Baradero","lat_gd":"-33.979376","long_gd":"-59.596184","lat_gs":"-33º58'46\"","long_gs":"-59º35'46\"","fdc":"Mapa Educativo (GPS)"},"bbox":[-59.59618449,-33.97937616,-59.59618449,-33.97937616]},{"type":"Feature","id":"bahra_paraje.868","geometry":{"type":"MultiPoint","coordinates":[[-59.63119904,-34.04126686]]},"geometry_name":"geom","properties":{"gid":868,"cod_pcia":"06","nom_pcia":"Buenos Aires","cod_depto":"06070","nom_depto":"Baradero","cod_ase":"06070A10","fna":"La Bellaca","tipo_asent":"Paraje","cod_aglo":null,"nom_aglo":null,"cod_agl":"060070","nom_agl":"Baradero","lat_gd":"-34.041267","long_gd":"-59.631199","lat_gs":"-34º 2'29\"","long_gs":"-59º37'52\"","fdc":"Mapa Educativo (GPS)"},"bbox":[-59.63119904,-34.04126686,-59.63119904,-34.04126686]},{"type":"Feature","id":"bahra_paraje.878","geometry":{"type":"MultiPoint","coordinates":[[-59.58536745,-33.91344674]]},"geometry_name":"geom","properties":{"gid":878,"cod_pcia":"06","nom_pcia":"Buenos Aires","cod_depto":"06070","nom_depto":"Baradero","cod_ase":"06070A01","fna":"Cañada Grande","tipo_asent":"Paraje","cod_aglo":null,"nom_aglo":null,"cod_agl":"060070","nom_agl":"Baradero","lat_gd":"-33.913447","long_gd":"-59.585367","lat_gs":"-33º54'48\"","long_gs":"-59º35' 7\"","fdc":"Mapa Educativo (GPS)"},"bbox":[-59.58536745,-33.91344674,-59.58536745,-33.91344674]},{"type":"Feature","id":"bahra_paraje.882","geometry":{"type":"MultiPoint","coordinates":[[-59.86086379,-33.96344389]]},"geometry_name":"geom","properties":{"gid":882,"cod_pcia":"06","nom_pcia":"Buenos Aires","cod_depto":"06077","nom_depto":"Arrecifes","cod_ase":"06077A00","fna":"Arroyo Burgos","tipo_asent":"Paraje","cod_aglo":null,"nom_aglo":null,"cod_agl":"060077","nom_agl":"Arrecifes","lat_gd":"-33.963444","long_gd":"-59.860864","lat_gs":"-33º57'48\"","long_gs":"-59º51'39\"","fdc":"Mapa Educativo (GPS)"},"bbox":[-59.86086379,-33.96344389,-59.86086379,-33.96344389]},{"type":"Feature","id":"bahra_paraje.883","geometry":{"type":"MultiPoint","coordinates":[[-60.036387,-33.928738]]},"geometry_name":"geom","properties":{"gid":883,"cod_pcia":"06","nom_pcia":"Buenos Aires","cod_depto":"06077","nom_depto":"Arrecifes","cod_ase":"06077A01","fna":"Cañada Marta","tipo_asent":"Paraje","cod_aglo":null,"nom_aglo":null,"cod_agl":"060077","nom_agl":"Arrecifes","lat_gd":"-33.928738","long_gd":"-60.036387","lat_gs":"-33º55'43\"","long_gs":"-60º 2'11\"","fdc":"INDEC. ACA"},"bbox":[-60.036387,-33.928738,-60.036387,-33.928738]},{"type":"Feature","id":"bahra_paraje.885","geometry":{"type":"MultiPoint","coordinates":[[-60.13105272,-33.91138878]]},"geometry_name":"geom","properties":{"gid":885,"cod_pcia":"06","nom_pcia":"Buenos Aires","cod_depto":"06077","nom_depto":"Arrecifes","cod_ase":"06077A03","fna":"El Nacional","tipo_asent":"Paraje","cod_aglo":null,"nom_aglo":null,"cod_agl":"060077","nom_agl":"Arrecifes","lat_gd":"-33.911389","long_gd":"-60.131053","lat_gs":"-33º54'41\"","long_gs":"-60º 7'52\"","fdc":"Mapa Educativo (GPS)"},"bbox":[-60.13105272,-33.91138878,-60.13105272,-33.91138878]},{"type":"Feature","id":"bahra_paraje.886","geometry":{"type":"MultiPoint","coordinates":[[-60.11711949,-34.01768272]]},"geometry_name":"geom","properties":{"gid":886,"cod_pcia":"06","nom_pcia":"Buenos Aires","cod_depto":"06077","nom_depto":"Arrecifes","cod_ase":"06077A04","fna":"La Blanqueada","tipo_asent":"Paraje","cod_aglo":null,"nom_aglo":null,"cod_agl":"060077","nom_agl":"Arrecifes","lat_gd":"-34.017683","long_gd":"-60.117119","lat_gs":"-34º 1' 4\"","long_gs":"-60º 7' 2\"","fdc":"Mapa Educativo (GPS)"},"bbox":[-60.11711949,-34.01768272,-60.11711949,-34.01768272]},{"type":"Feature","id":"bahra_paraje.887","geometry":{"type":"MultiPoint","coordinates":[[-60.20557448,-33.83851839]]},"geometry_name":"geom","properties":{"gid":887,"cod_pcia":"06","nom_pcia":"Buenos Aires","cod_depto":"06077","nom_depto":"Arrecifes","cod_ase":"06077A06","fna":"La Sarita","tipo_asent":"Paraje","cod_aglo":null,"nom_aglo":null,"cod_agl":"060077","nom_agl":"Arrecifes","lat_gd":"-33.838518","long_gd":"-60.205574","lat_gs":"-33º50'19\"","long_gs":"-60º12'20\"","fdc":"IGN. SIG 250"},"bbox":[-60.20557448,-33.83851839,-60.20557448,-33.83851839]},{"type":"Feature","id":"bahra_paraje.888","geometry":{"type":"MultiPoint","coordinates":[[-60.03444188,-34.05252575]]},"geometry_name":"geom","properties":{"gid":888,"cod_pcia":"06","nom_pcia":"Buenos Aires","cod_depto":"06077","nom_depto":"Arrecifes","cod_ase":"06077A07","fna":"Monte Lavalle","tipo_asent":"Paraje","cod_aglo":null,"nom_aglo":null,"cod_agl":"060077","nom_agl":"Arrecifes","lat_gd":"-34.052526","long_gd":"-60.034442","lat_gs":"-34º 3' 9\"","long_gs":"-60º 2' 4\"","fdc":"Mapa Educativo (GPS)"},"bbox":[-60.03444188,-34.05252575,-60.03444188,-34.05252575]},{"type":"Feature","id":"bahra_paraje.889","geometry":{"type":"MultiPoint","coordinates":[[-60.07409108,-33.983881]]},"geometry_name":"geom","properties":{"gid":889,"cod_pcia":"06","nom_pcia":"Buenos Aires","cod_depto":"06077","nom_depto":"Arrecifes","cod_ase":"06077A08","fna":"Paraje La Estrella","tipo_asent":"Paraje","cod_aglo":null,"nom_aglo":null,"cod_agl":"060077","nom_agl":"Arrecifes","lat_gd":"-33.983881","long_gd":"-60.074091","lat_gs":"-33º59' 2\"","long_gs":"-60º 4'27\"","fdc":"INDEC. ACA"},"bbox":[-60.07409108,-33.983881,-60.07409108,-33.983881]},{"type":"Feature","id":"bahra_paraje.2088","geometry":{"type":"MultiPoint","coordinates":[[-60.20064468,-33.79348694]]},"geometry_name":"geom","properties":{"gid":2088,"cod_pcia":"06","nom_pcia":"Buenos Aires","cod_depto":"06623","nom_depto":"Pergamino","cod_ase":"06623A05","fna":"Castro","tipo_asent":"Paraje","cod_aglo":null,"nom_aglo":null,"cod_agl":"060623","nom_agl":"Pergamino","lat_gd":"-33.793487","long_gd":"-60.200645","lat_gs":"-33º47'37\"","long_gs":"-60º12' 2\"","fdc":"INDEC. ACA"},"bbox":[-60.20064468,-33.79348694,-60.20064468,-33.79348694]},{"type":"Feature","id":"bahra_paraje.2092","geometry":{"type":"MultiPoint","coordinates":[[-60.29424573,-33.67245474]]},"geometry_name":"geom","properties":{"gid":2092,"cod_pcia":"06","nom_pcia":"Buenos Aires","cod_depto":"06623","nom_depto":"Pergamino","cod_ase":"06623A09","fna":"Juan Gregorio Pujol","tipo_asent":"Paraje","cod_aglo":null,"nom_aglo":null,"cod_agl":"060623","nom_agl":"Pergamino","lat_gd":"-33.672455","long_gd":"-60.294246","lat_gs":"-33º40'21\"","long_gs":"-60º17'39\"","fdc":"INDEC. ACA"},"bbox":[-60.29424573,-33.67245474,-60.29424573,-33.67245474]},{"type":"Feature","id":"bahra_paraje.2095","geometry":{"type":"MultiPoint","coordinates":[[-60.29582496,-33.95453164]]},"geometry_name":"geom","properties":{"gid":2095,"cod_pcia":"06","nom_pcia":"Buenos Aires","cod_depto":"06623","nom_depto":"Pergamino","cod_ase":"06623A12","fna":"Maguire","tipo_asent":"Paraje","cod_aglo":null,"nom_aglo":null,"cod_agl":"060623","nom_agl":"Pergamino","lat_gd":"-33.954532","long_gd":"-60.295825","lat_gs":"-33º57'16\"","long_gs":"-60º17'45\"","fdc":"INDEC. ACA"},"bbox":[-60.29582496,-33.95453164,-60.29582496,-33.95453164]},{"type":"Feature","id":"bahra_paraje.2096","geometry":{"type":"MultiPoint","coordinates":[[-60.32532859,-33.74696223]]},"geometry_name":"geom","properties":{"gid":2096,"cod_pcia":"06","nom_pcia":"Buenos Aires","cod_depto":"06623","nom_depto":"Pergamino","cod_ase":"06623A13","fna":"Manantiales","tipo_asent":"Paraje","cod_aglo":null,"nom_aglo":null,"cod_agl":"060623","nom_agl":"Pergamino","lat_gd":"-33.746962","long_gd":"-60.325329","lat_gs":"-33º44'49\"","long_gs":"-60º19'31\"","fdc":"Mapa Educativo (GPS)"},"bbox":[-60.32532859,-33.74696223,-60.32532859,-33.74696223]},{"type":"Feature","id":"bahra_paraje.2097","geometry":{"type":"MultiPoint","coordinates":[[-60.31183825,-33.86757762]]},"geometry_name":"geom","properties":{"gid":2097,"cod_pcia":"06","nom_pcia":"Buenos Aires","cod_depto":"06623","nom_depto":"Pergamino","cod_ase":"06623A14","fna":"Manantiales Chicos","tipo_asent":"Paraje","cod_aglo":null,"nom_aglo":null,"cod_agl":"060623","nom_agl":"Pergamino","lat_gd":"-33.867578","long_gd":"-60.311838","lat_gs":"-33º52' 3\"","long_gs":"-60º18'43\"","fdc":"IGN. SIG 250"},"bbox":[-60.31183825,-33.86757762,-60.31183825,-33.86757762]},{"type":"Feature","id":"bahra_paraje.2098","geometry":{"type":"MultiPoint","coordinates":[[-60.34008266,-33.84278226]]},"geometry_name":"geom","properties":{"gid":2098,"cod_pcia":"06","nom_pcia":"Buenos Aires","cod_depto":"06623","nom_depto":"Pergamino","cod_ase":"06623A15","fna":"Manantiales Grandes","tipo_asent":"Paraje","cod_aglo":null,"nom_aglo":null,"cod_agl":"060623","nom_agl":"Pergamino","lat_gd":"-33.842782","long_gd":"-60.340083","lat_gs":"-33º50'34\"","long_gs":"-60º20'24\"","fdc":"INDEC. ACA"},"bbox":[-60.34008266,-33.84278226,-60.34008266,-33.84278226]},{"type":"Feature","id":"bahra_paraje.2103","geometry":{"type":"MultiPoint","coordinates":[[-60.33840491,-33.93372615]]},"geometry_name":"geom","properties":{"gid":2103,"cod_pcia":"06","nom_pcia":"Buenos Aires","cod_depto":"06623","nom_depto":"Pergamino","cod_ase":"06623A20","fna":"Villa Da Fonte","tipo_asent":"Paraje","cod_aglo":null,"nom_aglo":null,"cod_agl":"060623","nom_agl":"Pergamino","lat_gd":"-33.933726","long_gd":"-60.338405","lat_gs":"-33º56' 1\"","long_gs":"-60º20'18\"","fdc":"INDEC. ACA"},"bbox":[-60.33840491,-33.93372615,-60.33840491,-33.93372615]},{"type":"Feature","id":"bahra_paraje.2174","geometry":{"type":"MultiPoint","coordinates":[[-60.04341338,-33.62560437]]},"geometry_name":"geom","properties":{"gid":2174,"cod_pcia":"06","nom_pcia":"Buenos Aires","cod_depto":"06665","nom_depto":"Ramallo","cod_ase":"06665A00","fna":"El Júpiter","tipo_asent":"Paraje","cod_aglo":null,"nom_aglo":null,"cod_agl":"060665","nom_agl":"Ramallo","lat_gd":"-33.625604","long_gd":"-60.043413","lat_gs":"-33º37'32\"","long_gs":"-60º 2'36\"","fdc":"Mapa Educativo (GPS)"},"bbox":[-60.04341338,-33.62560437,-60.04341338,-33.62560437]},{"type":"Feature","id":"bahra_paraje.2175","geometry":{"type":"MultiPoint","coordinates":[[-60.10305293,-33.44689248]]},"geometry_name":"geom","properties":{"gid":2175,"cod_pcia":"06","nom_pcia":"Buenos Aires","cod_depto":"06665","nom_depto":"Ramallo","cod_ase":"06665A01","fna":"El Tonelero","tipo_asent":"Paraje","cod_aglo":null,"nom_aglo":null,"cod_agl":"060665","nom_agl":"Ramallo","lat_gd":"-33.446892","long_gd":"-60.103053","lat_gs":"-33º26'49\"","long_gs":"-60º 6'11\"","fdc":"Mapa Educativo (GPS)"},"bbox":[-60.10305293,-33.44689248,-60.10305293,-33.44689248]},{"type":"Feature","id":"bahra_paraje.2176","geometry":{"type":"MultiPoint","coordinates":[[-60.15193736,-33.61683713]]},"geometry_name":"geom","properties":{"gid":2176,"cod_pcia":"06","nom_pcia":"Buenos Aires","cod_depto":"06665","nom_depto":"Ramallo","cod_ase":"06665A02","fna":"Grassetti","tipo_asent":"Paraje","cod_aglo":null,"nom_aglo":null,"cod_agl":"060665","nom_agl":"Ramallo","lat_gd":"-33.616837","long_gd":"-60.151937","lat_gs":"-33º37' 1\"","long_gs":"-60º 9' 7\"","fdc":"INDEC. ACA"},"bbox":[-60.15193736,-33.61683713,-60.15193736,-33.61683713]},{"type":"Feature","id":"bahra_paraje.2177","geometry":{"type":"MultiPoint","coordinates":[[-60.13825388,-33.50788847]]},"geometry_name":"geom","properties":{"gid":2177,"cod_pcia":"06","nom_pcia":"Buenos Aires","cod_depto":"06665","nom_depto":"Ramallo","cod_ase":"06665A03","fna":"Herrera","tipo_asent":"Paraje","cod_aglo":null,"nom_aglo":null,"cod_agl":"060665","nom_agl":"Ramallo","lat_gd":"-33.507888","long_gd":"-60.138254","lat_gs":"-33º30'28\"","long_gs":"-60º 8'18\"","fdc":"Mapa Educativo (GPS)"},"bbox":[-60.13825388,-33.50788847,-60.13825388,-33.50788847]},{"type":"Feature","id":"bahra_paraje.2178","geometry":{"type":"MultiPoint","coordinates":[[-59.97695944,-33.48008937]]},"geometry_name":"geom","properties":{"gid":2178,"cod_pcia":"06","nom_pcia":"Buenos Aires","cod_depto":"06665","nom_depto":"Ramallo","cod_ase":"06665A04","fna":"Isla de las Hermanas","tipo_asent":"Paraje","cod_aglo":null,"nom_aglo":null,"cod_agl":"060665","nom_agl":"Ramallo","lat_gd":"-33.480089","long_gd":"-59.976959","lat_gs":"-33º28'48\"","long_gs":"-59º58'37\"","fdc":"INDEC. ACA"},"bbox":[-59.97695944,-33.48008937,-59.97695944,-33.48008937]},{"type":"Feature","id":"bahra_paraje.2179","geometry":{"type":"MultiPoint","coordinates":[[-60.08981383,-33.54609447]]},"geometry_name":"geom","properties":{"gid":2179,"cod_pcia":"06","nom_pcia":"Buenos Aires","cod_depto":"06665","nom_depto":"Ramallo","cod_ase":"06665A05","fna":"La Feria","tipo_asent":"Paraje","cod_aglo":null,"nom_aglo":null,"cod_agl":"060665","nom_agl":"Ramallo","lat_gd":"-33.546094","long_gd":"-60.089814","lat_gs":"-33º32'46\"","long_gs":"-60º 5'23\"","fdc":"Mapa Educativo (GPS)"},"bbox":[-60.08981383,-33.54609447,-60.08981383,-33.54609447]},{"type":"Feature","id":"bahra_paraje.2180","geometry":{"type":"MultiPoint","coordinates":[[-59.90024372,-33.54814762]]},"geometry_name":"geom","properties":{"gid":2180,"cod_pcia":"06","nom_pcia":"Buenos Aires","cod_depto":"06665","nom_depto":"Ramallo","cod_ase":"06665A06","fna":"La Independencia","tipo_asent":"Paraje","cod_aglo":null,"nom_aglo":null,"cod_agl":"060665","nom_agl":"Ramallo","lat_gd":"-33.548148","long_gd":"-59.900244","lat_gs":"-33º32'53\"","long_gs":"-59º54' 1\"","fdc":"Mapa Educativo (GPS)"},"bbox":[-59.90024372,-33.54814762,-59.90024372,-33.54814762]},{"type":"Feature","id":"bahra_paraje.2181","geometry":{"type":"MultiPoint","coordinates":[[-60.21464305,-33.64192967]]},"geometry_name":"geom","properties":{"gid":2181,"cod_pcia":"06","nom_pcia":"Buenos Aires","cod_depto":"06665","nom_depto":"Ramallo","cod_ase":"06665A07","fna":"Manantiales Chico","tipo_asent":"Paraje","cod_aglo":null,"nom_aglo":null,"cod_agl":"060665","nom_agl":"Ramallo","lat_gd":"-33.641930","long_gd":"-60.214643","lat_gs":"-33º38'31\"","long_gs":"-60º12'53\"","fdc":"Mapa Educativo (GPS)"},"bbox":[-60.21464305,-33.64192967,-60.21464305,-33.64192967]},{"type":"Feature","id":"bahra_paraje.2182","geometry":{"type":"MultiPoint","coordinates":[[-59.93824341,-33.59942787]]},"geometry_name":"geom","properties":{"gid":2182,"cod_pcia":"06","nom_pcia":"Buenos Aires","cod_depto":"06665","nom_depto":"Ramallo","cod_ase":"06665A08","fna":"Marelli","tipo_asent":"Paraje","cod_aglo":null,"nom_aglo":null,"cod_agl":"060665","nom_agl":"Ramallo","lat_gd":"-33.599428","long_gd":"-59.938243","lat_gs":"-33º35'58\"","long_gs":"-59º56'18\"","fdc":"Mapa Educativo (GPS)"},"bbox":[-59.93824341,-33.59942787,-59.93824341,-33.59942787]},{"type":"Feature","id":"bahra_paraje.2183","geometry":{"type":"MultiPoint","coordinates":[[-59.99418406,-33.71738992]]},"geometry_name":"geom","properties":{"gid":2183,"cod_pcia":"06","nom_pcia":"Buenos Aires","cod_depto":"06665","nom_depto":"Ramallo","cod_ase":"06665A09","fna":"San Carlos","tipo_asent":"Paraje","cod_aglo":null,"nom_aglo":null,"cod_agl":"060665","nom_agl":"Ramallo","lat_gd":"-33.717390","long_gd":"-59.994184","lat_gs":"-33º43' 3\"","long_gs":"-59º59'39\"","fdc":"Mapa Educativo (GPS)"},"bbox":[-59.99418406,-33.71738992,-59.99418406,-33.71738992]},{"type":"Feature","id":"bahra_paraje.2184","geometry":{"type":"MultiPoint","coordinates":[[-60.13895341,-33.59837928]]},"geometry_name":"geom","properties":{"gid":2184,"cod_pcia":"06","nom_pcia":"Buenos Aires","cod_depto":"06665","nom_depto":"Ramallo","cod_ase":"06665A10","fna":"Zino","tipo_asent":"Paraje","cod_aglo":null,"nom_aglo":null,"cod_agl":"060665","nom_agl":"Ramallo","lat_gd":"-33.598379","long_gd":"-60.138953","lat_gs":"-33º35'54\"","long_gs":"-60º 8'20\"","fdc":"Mapa Educativo (GPS)"},"bbox":[-60.13895341,-33.59837928,-60.13895341,-33.59837928]},{"type":"Feature","id":"bahra_paraje.2319","geometry":{"type":"MultiPoint","coordinates":[[-59.70323932,-33.66931319]]},"geometry_name":"geom","properties":{"gid":2319,"cod_pcia":"06","nom_pcia":"Buenos Aires","cod_depto":"06770","nom_depto":"San Pedro","cod_ase":"06770A17","fna":"Los Mataderos","tipo_asent":"Paraje","cod_aglo":null,"nom_aglo":null,"cod_agl":"060770","nom_agl":"San Pedro","lat_gd":"-33.669313","long_gd":"-59.703239","lat_gs":"-33º40'10\"","long_gs":"-59º42'12\"","fdc":"Mapa Educativo (GPS)"},"bbox":[-59.70323932,-33.66931319,-59.70323932,-33.66931319]},{"type":"Feature","id":"bahra_paraje.2328","geometry":{"type":"MultiPoint","coordinates":[[-60.23343771,-34.09015778]]},"geometry_name":"geom","properties":{"gid":2328,"cod_pcia":"06","nom_pcia":"Buenos Aires","cod_depto":"06714","nom_depto":"Salto","cod_ase":"06714A02","fna":"El Crisol","tipo_asent":"Paraje","cod_aglo":null,"nom_aglo":null,"cod_agl":"060714","nom_agl":"Salto","lat_gd":"-34.090158","long_gd":"-60.233438","lat_gs":"-34º 5'25\"","long_gs":"-60º14' 0\"","fdc":"Mapa Educativo (GPS)"},"bbox":[-60.23343771,-34.09015778,-60.23343771,-34.09015778]},{"type":"Feature","id":"bahra_paraje.2332","geometry":{"type":"MultiPoint","coordinates":[[-60.31474909,-34.04375222]]},"geometry_name":"geom","properties":{"gid":2332,"cod_pcia":"06","nom_pcia":"Buenos Aires","cod_depto":"06714","nom_depto":"Salto","cod_ase":"06714A06","fna":"Santa Isabel","tipo_asent":"Paraje","cod_aglo":null,"nom_aglo":null,"cod_agl":"060714","nom_agl":"Salto","lat_gd":"-34.043752","long_gd":"-60.314749","lat_gs":"-34º 2'38\"","long_gs":"-60º18'53\"","fdc":"Mapa Educativo (GPS)"},"bbox":[-60.31474909,-34.04375222,-60.31474909,-34.04375222]},{"type":"Feature","id":"bahra_paraje.2401","geometry":{"type":"MultiPoint","coordinates":[[-60.36725853,-33.46348793]]},"geometry_name":"geom","properties":{"gid":2401,"cod_pcia":"06","nom_pcia":"Buenos Aires","cod_depto":"06763","nom_depto":"San Nicolás","cod_ase":"06763A02","fna":"La Alicia","tipo_asent":"Paraje","cod_aglo":null,"nom_aglo":null,"cod_agl":"060763","nom_agl":"San Nicolás","lat_gd":"-33.463488","long_gd":"-60.367259","lat_gs":"-33º27'49\"","long_gs":"-60º22' 2\"","fdc":"Mapa Educativo (GPS)"},"bbox":[-60.36725853,-33.46348793,-60.36725853,-33.46348793]},{"type":"Feature","id":"bahra_paraje.2402","geometry":{"type":"MultiPoint","coordinates":[[-60.18407048,-33.48426613]]},"geometry_name":"geom","properties":{"gid":2402,"cod_pcia":"06","nom_pcia":"Buenos Aires","cod_depto":"06763","nom_depto":"San Nicolás","cod_ase":"06763A03","fna":"La Clemencia","tipo_asent":"Paraje","cod_aglo":null,"nom_aglo":null,"cod_agl":"060763","nom_agl":"San Nicolás","lat_gd":"-33.484266","long_gd":"-60.184070","lat_gs":"-33º29' 3\"","long_gs":"-60º11' 3\"","fdc":"Mapa Educativo (GPS)"},"bbox":[-60.18407048,-33.48426613,-60.18407048,-33.48426613]},{"type":"Feature","id":"bahra_paraje.2409","geometry":{"type":"MultiPoint","coordinates":[[-59.78557897,-33.63682919]]},"geometry_name":"geom","properties":{"gid":2409,"cod_pcia":"06","nom_pcia":"Buenos Aires","cod_depto":"06770","nom_depto":"San Pedro","cod_ase":"06770A00","fna":"Almacén de Basso","tipo_asent":"Paraje","cod_aglo":null,"nom_aglo":null,"cod_agl":"060770","nom_agl":"San Pedro","lat_gd":"-33.636829","long_gd":"-59.785579","lat_gs":"-33º38'13\"","long_gs":"-59º47' 8\"","fdc":"Mapa Educativo (GPS)"},"bbox":[-59.78557897,-33.63682919,-59.78557897,-33.63682919]},{"type":"Feature","id":"bahra_paraje.2410","geometry":{"type":"MultiPoint","coordinates":[[-59.61454145,-33.74239616]]},"geometry_name":"geom","properties":{"gid":2410,"cod_pcia":"06","nom_pcia":"Buenos Aires","cod_depto":"06770","nom_depto":"San Pedro","cod_ase":"06770A01","fna":"Bajo Tala","tipo_asent":"Paraje","cod_aglo":null,"nom_aglo":null,"cod_agl":"060770","nom_agl":"San Pedro","lat_gd":"-33.742396","long_gd":"-59.614541","lat_gs":"-33º44'33\"","long_gs":"-59º36'52\"","fdc":"Mapa Educativo (GPS)"},"bbox":[-59.61454145,-33.74239616,-59.61454145,-33.74239616]},{"type":"Feature","id":"bahra_paraje.2411","geometry":{"type":"MultiPoint","coordinates":[[-59.8427148,-33.96838955]]},"geometry_name":"geom","properties":{"gid":2411,"cod_pcia":"06","nom_pcia":"Buenos Aires","cod_depto":"06770","nom_depto":"San Pedro","cod_ase":"06770A02","fna":"Beladrich","tipo_asent":"Paraje","cod_aglo":null,"nom_aglo":null,"cod_agl":"060770","nom_agl":"San Pedro","lat_gd":"-33.968390","long_gd":"-59.842715","lat_gs":"-33º58' 6\"","long_gs":"-59º50'34\"","fdc":"INDEC. ACA"},"bbox":[-59.8427148,-33.96838955,-59.8427148,-33.96838955]},{"type":"Feature","id":"bahra_paraje.2412","geometry":{"type":"MultiPoint","coordinates":[[-59.85797264,-33.7969286]]},"geometry_name":"geom","properties":{"gid":2412,"cod_pcia":"06","nom_pcia":"Buenos Aires","cod_depto":"06770","nom_depto":"San Pedro","cod_ase":"06770A03","fna":"Colegiales","tipo_asent":"Paraje","cod_aglo":null,"nom_aglo":null,"cod_agl":"060770","nom_agl":"San Pedro","lat_gd":"-33.796929","long_gd":"-59.857973","lat_gs":"-33º47'49\"","long_gs":"-59º51'29\"","fdc":"Mapa Educativo (GPS)"},"bbox":[-59.85797264,-33.7969286,-59.85797264,-33.7969286]},{"type":"Feature","id":"bahra_paraje.2413","geometry":{"type":"MultiPoint","coordinates":[[-60.02830225,-33.80917503]]},"geometry_name":"geom","properties":{"gid":2413,"cod_pcia":"06","nom_pcia":"Buenos Aires","cod_depto":"06770","nom_depto":"San Pedro","cod_ase":"06770A04","fna":"Colonia Vélaz","tipo_asent":"Paraje","cod_aglo":null,"nom_aglo":null,"cod_agl":"060770","nom_agl":"San Pedro","lat_gd":"-33.809175","long_gd":"-60.028302","lat_gs":"-33º48'33\"","long_gs":"-60º 1'42\"","fdc":"INDEC. ACA"},"bbox":[-60.02830225,-33.80917503,-60.02830225,-33.80917503]},{"type":"Feature","id":"bahra_paraje.2414","geometry":{"type":"MultiPoint","coordinates":[[-59.72051614,-33.7528239]]},"geometry_name":"geom","properties":{"gid":2414,"cod_pcia":"06","nom_pcia":"Buenos Aires","cod_depto":"06770","nom_depto":"San Pedro","cod_ase":"06770A05","fna":"El Centro","tipo_asent":"Paraje","cod_aglo":null,"nom_aglo":null,"cod_agl":"060770","nom_agl":"San Pedro","lat_gd":"-33.752824","long_gd":"-59.720516","lat_gs":"-33º45'10\"","long_gs":"-59º43'14\"","fdc":"Mapa Educativo (GPS)"},"bbox":[-59.72051614,-33.7528239,-59.72051614,-33.7528239]},{"type":"Feature","id":"bahra_paraje.2415","geometry":{"type":"MultiPoint","coordinates":[[-59.95412794,-33.84236286]]},"geometry_name":"geom","properties":{"gid":2415,"cod_pcia":"06","nom_pcia":"Buenos Aires","cod_depto":"06770","nom_depto":"San Pedro","cod_ase":"06770A06","fna":"El Descanso","tipo_asent":"Paraje","cod_aglo":null,"nom_aglo":null,"cod_agl":"060770","nom_agl":"San Pedro","lat_gd":"-33.842363","long_gd":"-59.954128","lat_gs":"-33º50'33\"","long_gs":"-59º57'15\"","fdc":"Mapa Educativo (GPS)"},"bbox":[-59.95412794,-33.84236286,-59.95412794,-33.84236286]},{"type":"Feature","id":"bahra_paraje.2416","geometry":{"type":"MultiPoint","coordinates":[[-59.82013535,-33.68649887]]},"geometry_name":"geom","properties":{"gid":2416,"cod_pcia":"06","nom_pcia":"Buenos Aires","cod_depto":"06770","nom_depto":"San Pedro","cod_ase":"06770A07","fna":"El Espinillo","tipo_asent":"Paraje","cod_aglo":null,"nom_aglo":null,"cod_agl":"060770","nom_agl":"San Pedro","lat_gd":"-33.686499","long_gd":"-59.820135","lat_gs":"-33º41'11\"","long_gs":"-59º49'12\"","fdc":"Mapa Educativo (GPS)"},"bbox":[-59.82013535,-33.68649887,-59.82013535,-33.68649887]},{"type":"Feature","id":"bahra_paraje.2417","geometry":{"type":"MultiPoint","coordinates":[[-59.86070685,-33.70194696]]},"geometry_name":"geom","properties":{"gid":2417,"cod_pcia":"06","nom_pcia":"Buenos Aires","cod_depto":"06770","nom_depto":"San Pedro","cod_ase":"06770A08","fna":"El Ideal","tipo_asent":"Paraje","cod_aglo":null,"nom_aglo":null,"cod_agl":"060770","nom_agl":"San Pedro","lat_gd":"-33.701947","long_gd":"-59.860707","lat_gs":"-33º42' 7\"","long_gs":"-59º51'39\"","fdc":"Mapa Educativo (GPS)"},"bbox":[-59.86070685,-33.70194696,-59.86070685,-33.70194696]},{"type":"Feature","id":"bahra_paraje.2418","geometry":{"type":"MultiPoint","coordinates":[[-59.64363984,-33.72060532]]},"geometry_name":"geom","properties":{"gid":2418,"cod_pcia":"06","nom_pcia":"Buenos Aires","cod_depto":"06770","nom_depto":"San Pedro","cod_ase":"06770A09","fna":"El Pardo","tipo_asent":"Paraje","cod_aglo":null,"nom_aglo":null,"cod_agl":"060770","nom_agl":"San Pedro","lat_gd":"-33.720605","long_gd":"-59.643640","lat_gs":"-33º43'14\"","long_gs":"-59º38'37\"","fdc":"Mapa Educativo (GPS)"},"bbox":[-59.64363984,-33.72060532,-59.64363984,-33.72060532]},{"type":"Feature","id":"bahra_paraje.2419","geometry":{"type":"MultiPoint","coordinates":[[-59.9921678,-33.77821282]]},"geometry_name":"geom","properties":{"gid":2419,"cod_pcia":"06","nom_pcia":"Buenos Aires","cod_depto":"06770","nom_depto":"San Pedro","cod_ase":"06770A10","fna":"La Bolsa","tipo_asent":"Paraje","cod_aglo":null,"nom_aglo":null,"cod_agl":"060770","nom_agl":"San Pedro","lat_gd":"-33.778213","long_gd":"-59.992168","lat_gs":"-33º46'42\"","long_gs":"-59º59'32\"","fdc":"Mapa Educativo (GPS)"},"bbox":[-59.9921678,-33.77821282,-59.9921678,-33.77821282]},{"type":"Feature","id":"bahra_paraje.2420","geometry":{"type":"MultiPoint","coordinates":[[-59.76335564,-33.73869702]]},"geometry_name":"geom","properties":{"gid":2420,"cod_pcia":"06","nom_pcia":"Buenos Aires","cod_depto":"06770","nom_depto":"San Pedro","cod_ase":"06770A11","fna":"La Buena Moza","tipo_asent":"Paraje","cod_aglo":null,"nom_aglo":null,"cod_agl":"060770","nom_agl":"San Pedro","lat_gd":"-33.738697","long_gd":"-59.763356","lat_gs":"-33º44'19\"","long_gs":"-59º45'48\"","fdc":"Mapa Educativo (GPS)"},"bbox":[-59.76335564,-33.73869702,-59.76335564,-33.73869702]},{"type":"Feature","id":"bahra_paraje.2421","geometry":{"type":"MultiPoint","coordinates":[[-59.65859039,-33.80037754]]},"geometry_name":"geom","properties":{"gid":2421,"cod_pcia":"06","nom_pcia":"Buenos Aires","cod_depto":"06770","nom_depto":"San Pedro","cod_ase":"06770A12","fna":"La Celina","tipo_asent":"Paraje","cod_aglo":null,"nom_aglo":null,"cod_agl":"060770","nom_agl":"San Pedro","lat_gd":"-33.800378","long_gd":"-59.658590","lat_gs":"-33º48' 1\"","long_gs":"-59º39'31\"","fdc":"Mapa Educativo (GPS)"},"bbox":[-59.65859039,-33.80037754,-59.65859039,-33.80037754]},{"type":"Feature","id":"bahra_paraje.2422","geometry":{"type":"MultiPoint","coordinates":[[-59.68385156,-33.88632685]]},"geometry_name":"geom","properties":{"gid":2422,"cod_pcia":"06","nom_pcia":"Buenos Aires","cod_depto":"06770","nom_depto":"San Pedro","cod_ase":"06770A13","fna":"La Estrella","tipo_asent":"Paraje","cod_aglo":null,"nom_aglo":null,"cod_agl":"060770","nom_agl":"San Pedro","lat_gd":"-33.886327","long_gd":"-59.683852","lat_gs":"-33º53'11\"","long_gs":"-59º41' 2\"","fdc":"Mapa Educativo (GPS)"},"bbox":[-59.68385156,-33.88632685,-59.68385156,-33.88632685]},{"type":"Feature","id":"bahra_paraje.2423","geometry":{"type":"MultiPoint","coordinates":[[-59.86294074,-33.74182994]]},"geometry_name":"geom","properties":{"gid":2423,"cod_pcia":"06","nom_pcia":"Buenos Aires","cod_depto":"06770","nom_depto":"San Pedro","cod_ase":"06770A14","fna":"La Matilde","tipo_asent":"Paraje","cod_aglo":null,"nom_aglo":null,"cod_agl":"060770","nom_agl":"San Pedro","lat_gd":"-33.741830","long_gd":"-59.862941","lat_gs":"-33º44'31\"","long_gs":"-59º51'47\"","fdc":"Mapa Educativo (GPS)"},"bbox":[-59.86294074,-33.74182994,-59.86294074,-33.74182994]},{"type":"Feature","id":"bahra_paraje.2424","geometry":{"type":"MultiPoint","coordinates":[[-59.62856391,-33.71371965]]},"geometry_name":"geom","properties":{"gid":2424,"cod_pcia":"06","nom_pcia":"Buenos Aires","cod_depto":"06770","nom_depto":"San Pedro","cod_ase":"06770A15","fna":"La Tosquera","tipo_asent":"Paraje","cod_aglo":null,"nom_aglo":null,"cod_agl":"060770","nom_agl":"San Pedro","lat_gd":"-33.713720","long_gd":"-59.628564","lat_gs":"-33º42'49\"","long_gs":"-59º37'43\"","fdc":"Mapa Educativo (GPS)"},"bbox":[-59.62856391,-33.71371965,-59.62856391,-33.71371965]},{"type":"Feature","id":"bahra_paraje.2425","geometry":{"type":"MultiPoint","coordinates":[[-59.91375594,-33.7468781]]},"geometry_name":"geom","properties":{"gid":2425,"cod_pcia":"06","nom_pcia":"Buenos Aires","cod_depto":"06770","nom_depto":"San Pedro","cod_ase":"06770A16","fna":"Las Flores","tipo_asent":"Paraje","cod_aglo":null,"nom_aglo":null,"cod_agl":"060770","nom_agl":"San Pedro","lat_gd":"-33.746878","long_gd":"-59.913756","lat_gs":"-33º44'49\"","long_gs":"-59º54'50\"","fdc":"INDEC. ACA"},"bbox":[-59.91375594,-33.7468781,-59.91375594,-33.7468781]},{"type":"Feature","id":"bahra_paraje.2426","geometry":{"type":"MultiPoint","coordinates":[[-59.8092552,-33.71373249]]},"geometry_name":"geom","properties":{"gid":2426,"cod_pcia":"06","nom_pcia":"Buenos Aires","cod_depto":"06770","nom_depto":"San Pedro","cod_ase":"06770A18","fna":"Tablas","tipo_asent":"Paraje","cod_aglo":null,"nom_aglo":null,"cod_agl":"060770","nom_agl":"San Pedro","lat_gd":"-33.713732","long_gd":"-59.809255","lat_gs":"-33º42'49\"","long_gs":"-59º48'33\"","fdc":"Mapa Educativo (GPS)"},"bbox":[-59.8092552,-33.71373249,-59.8092552,-33.71373249]},{"type":"Feature","id":"bahra_paraje.2427","geometry":{"type":"MultiPoint","coordinates":[[-59.7434415,-33.69734313]]},"geometry_name":"geom","properties":{"gid":2427,"cod_pcia":"06","nom_pcia":"Buenos Aires","cod_depto":"06770","nom_depto":"San Pedro","cod_ase":"06770A19","fna":"Villa Jardín","tipo_asent":"Paraje","cod_aglo":null,"nom_aglo":null,"cod_agl":"060770","nom_agl":"San Pedro","lat_gd":"-33.697343","long_gd":"-59.743441","lat_gs":"-33º41'50\"","long_gs":"-59º44'36\"","fdc":"Mapa Educativo (GPS)"},"bbox":[-59.7434415,-33.69734313,-59.7434415,-33.69734313]},{"type":"Feature","id":"bahra_paraje.2428","geometry":{"type":"MultiPoint","coordinates":[[-59.88133559,-33.64631518]]},"geometry_name":"geom","properties":{"gid":2428,"cod_pcia":"06","nom_pcia":"Buenos Aires","cod_depto":"06770","nom_depto":"San Pedro","cod_ase":"06770A20","fna":"Villa Leandra","tipo_asent":"Paraje","cod_aglo":null,"nom_aglo":null,"cod_agl":"060770","nom_agl":"San Pedro","lat_gd":"-33.646315","long_gd":"-59.881336","lat_gs":"-33º38'47\"","long_gs":"-59º52'53\"","fdc":"Mapa Educativo (GPS)"},"bbox":[-59.88133559,-33.64631518,-59.88133559,-33.64631518]},{"type":"Feature","id":"bahra_paraje.2429","geometry":{"type":"MultiPoint","coordinates":[[-59.73371192,-33.80060147]]},"geometry_name":"geom","properties":{"gid":2429,"cod_pcia":"06","nom_pcia":"Buenos Aires","cod_depto":"06770","nom_depto":"San Pedro","cod_ase":"06770A21","fna":"Villa Sarita","tipo_asent":"Paraje","cod_aglo":null,"nom_aglo":null,"cod_agl":"060770","nom_agl":"San Pedro","lat_gd":"-33.800601","long_gd":"-59.733712","lat_gs":"-33º48' 2\"","long_gs":"-59º44' 1\"","fdc":"Mapa Educativo (GPS)"},"bbox":[-59.73371192,-33.80060147,-59.73371192,-33.80060147]},{"type":"Feature","id":"bahra_paraje.6540","geometry":{"type":"MultiPoint","coordinates":[[-59.89162442,-33.4416395]]},"geometry_name":"geom","properties":{"gid":6540,"cod_pcia":"30","nom_pcia":"Entre Ríos","cod_depto":"30049","nom_depto":"Gualeguay","cod_ase":"30049A02","fna":"Arroyo Sepultura","tipo_asent":"Paraje","cod_aglo":null,"nom_aglo":null,"cod_agl":"309302","nom_agl":"Islas Las Lechiguanas","lat_gd":"-33.441640","long_gd":"-59.891624","lat_gs":"-33º26'30\"","long_gs":"-59º53'30\"","fdc":"Mapa Educativo (GPS)"},"bbox":[-59.89162442,-33.4416395,-59.89162442,-33.4416395]},{"type":"Feature","id":"bahra_paraje.860","geometry":{"type":"MultiPoint","coordinates":[[-59.5369485,-33.79863057]]},"geometry_name":"geom","properties":{"gid":860,"cod_pcia":"06","nom_pcia":"Buenos Aires","cod_depto":"06070","nom_depto":"Baradero","cod_ase":"06070A02","fna":"Colonia Suiza","tipo_asent":"Paraje","cod_aglo":null,"nom_aglo":null,"cod_agl":"060070","nom_agl":"Baradero","lat_gd":"-33.798631","long_gd":"-59.536948","lat_gs":"-33º47'55\"","long_gs":"-59º32'13\"","fdc":"Mapa Educativo (GPS)"},"bbox":[-59.5369485,-33.79863057,-59.5369485,-33.79863057]},{"type":"Feature","id":"bahra_paraje.861","geometry":{"type":"MultiPoint","coordinates":[[-59.51845161,-33.97214864]]},"geometry_name":"geom","properties":{"gid":861,"cod_pcia":"06","nom_pcia":"Buenos Aires","cod_depto":"06070","nom_depto":"Baradero","cod_ase":"06070A03","fna":"El Caballito","tipo_asent":"Paraje","cod_aglo":null,"nom_aglo":null,"cod_agl":"060070","nom_agl":"Baradero","lat_gd":"-33.972149","long_gd":"-59.518452","lat_gs":"-33º58'20\"","long_gs":"-59º31' 6\"","fdc":"Mapa Educativo (GPS)"},"bbox":[-59.51845161,-33.97214864,-59.51845161,-33.97214864]},{"type":"Feature","id":"bahra_paraje.862","geometry":{"type":"MultiPoint","coordinates":[[-59.5252151,-34.02953759]]},"geometry_name":"geom","properties":{"gid":862,"cod_pcia":"06","nom_pcia":"Buenos Aires","cod_depto":"06070","nom_depto":"Baradero","cod_ase":"06070A04","fna":"El Caballito Chico","tipo_asent":"Paraje","cod_aglo":null,"nom_aglo":null,"cod_agl":"060070","nom_agl":"Baradero","lat_gd":"-34.029538","long_gd":"-59.525215","lat_gs":"-34º 1'46\"","long_gs":"-59º31'31\"","fdc":"Mapa Educativo (GPS)"},"bbox":[-59.5252151,-34.02953759,-59.5252151,-34.02953759]},{"type":"Feature","id":"bahra_paraje.863","geometry":{"type":"MultiPoint","coordinates":[[-59.52894096,-33.878616]]},"geometry_name":"geom","properties":{"gid":863,"cod_pcia":"06","nom_pcia":"Buenos Aires","cod_depto":"06070","nom_depto":"Baradero","cod_ase":"06070A05","fna":"El Martillo","tipo_asent":"Paraje","cod_aglo":null,"nom_aglo":null,"cod_agl":"060070","nom_agl":"Baradero","lat_gd":"-33.878616","long_gd":"-59.528941","lat_gs":"-33º52'43\"","long_gs":"-59º31'44\"","fdc":"Mapa Educativo (GPS)"},"bbox":[-59.52894096,-33.878616,-59.52894096,-33.878616]},{"type":"Feature","id":"bahra_paraje.865","geometry":{"type":"MultiPoint","coordinates":[[-59.51436096,-33.96018893]]},"geometry_name":"geom","properties":{"gid":865,"cod_pcia":"06","nom_pcia":"Buenos Aires","cod_depto":"06070","nom_depto":"Baradero","cod_ase":"06070A07","fna":"El Torito","tipo_asent":"Paraje","cod_aglo":null,"nom_aglo":null,"cod_agl":"060070","nom_agl":"Baradero","lat_gd":"-33.960189","long_gd":"-59.514361","lat_gs":"-33º57'37\"","long_gs":"-59º30'52\"","fdc":"INDEC. ACA"},"bbox":[-59.51436096,-33.96018893,-59.51436096,-33.96018893]},{"type":"Feature","id":"bahra_paraje.867","geometry":{"type":"MultiPoint","coordinates":[[-59.37130939,-33.75670699]]},"geometry_name":"geom","properties":{"gid":867,"cod_pcia":"06","nom_pcia":"Buenos Aires","cod_depto":"06070","nom_depto":"Baradero","cod_ase":"06070A09","fna":"Isla Los Laureles","tipo_asent":"Paraje","cod_aglo":null,"nom_aglo":null,"cod_agl":"060070","nom_agl":"Baradero","lat_gd":"-33.756707","long_gd":"-59.371309","lat_gs":"-33º45'24\"","long_gs":"-59º22'17\"","fdc":"Mapa Educativo (GPS)"},"bbox":[-59.37130939,-33.75670699,-59.37130939,-33.75670699]},{"type":"Feature","id":"bahra_paraje.869","geometry":{"type":"MultiPoint","coordinates":[[-59.45791257,-34.01594172]]},"geometry_name":"geom","properties":{"gid":869,"cod_pcia":"06","nom_pcia":"Buenos Aires","cod_depto":"06070","nom_depto":"Baradero","cod_ase":"06070A11","fna":"La Paloma","tipo_asent":"Paraje","cod_aglo":null,"nom_aglo":null,"cod_agl":"060070","nom_agl":"Baradero","lat_gd":"-34.015942","long_gd":"-59.457913","lat_gs":"-34º 0'57\"","long_gs":"-59º27'28\"","fdc":"Mapa Educativo (GPS)"},"bbox":[-59.45791257,-34.01594172,-59.45791257,-34.01594172]},{"type":"Feature","id":"bahra_paraje.870","geometry":{"type":"MultiPoint","coordinates":[[-59.49697228,-33.86347939]]},"geometry_name":"geom","properties":{"gid":870,"cod_pcia":"06","nom_pcia":"Buenos Aires","cod_depto":"06070","nom_depto":"Baradero","cod_ase":"06070A12","fna":"La Tortuga","tipo_asent":"Paraje","cod_aglo":null,"nom_aglo":null,"cod_agl":"060070","nom_agl":"Baradero","lat_gd":"-33.863479","long_gd":"-59.496972","lat_gs":"-33º51'49\"","long_gs":"-59º29'49\"","fdc":"Mapa Educativo (GPS)"},"bbox":[-59.49697228,-33.86347939,-59.49697228,-33.86347939]},{"type":"Feature","id":"bahra_paraje.871","geometry":{"type":"MultiPoint","coordinates":[[-59.46750582,-33.92492646]]},"geometry_name":"geom","properties":{"gid":871,"cod_pcia":"06","nom_pcia":"Buenos Aires","cod_depto":"06070","nom_depto":"Baradero","cod_ase":"06070A13","fna":"Sáenz Valiente","tipo_asent":"Paraje","cod_aglo":null,"nom_aglo":null,"cod_agl":"060070","nom_agl":"Baradero","lat_gd":"-33.924926","long_gd":"-59.467506","lat_gs":"-33º55'30\"","long_gs":"-59º28' 3\"","fdc":"Mapa Educativo (GPS)"},"bbox":[-59.46750582,-33.92492646,-59.46750582,-33.92492646]},{"type":"Feature","id":"bahra_paraje.2362","geometry":{"type":"MultiPoint","coordinates":[[-59.38680468,-34.06564441]]},"geometry_name":"geom","properties":{"gid":2362,"cod_pcia":"06","nom_pcia":"Buenos Aires","cod_depto":"06735","nom_depto":"San Antonio de Areco","cod_ase":"06735A03","fna":"El Tropezón","tipo_asent":"Paraje","cod_aglo":null,"nom_aglo":null,"cod_agl":"060735","nom_agl":"San Antonio de Areco","lat_gd":"-34.065644","long_gd":"-59.386805","lat_gs":"-34º 3'56\"","long_gs":"-59º23'12\"","fdc":"Mapa Educativo (GPS)"},"bbox":[-59.38680468,-34.06564441,-59.38680468,-34.06564441]},{"type":"Feature","id":"bahra_paraje.6539","geometry":{"type":"MultiPoint","coordinates":[[-59.46981167,-33.55848243]]},"geometry_name":"geom","properties":{"gid":6539,"cod_pcia":"30","nom_pcia":"Entre Ríos","cod_depto":"30049","nom_depto":"Gualeguay","cod_ase":"30049A01","fna":"Arroyo Las Lechiguanas","tipo_asent":"Paraje","cod_aglo":null,"nom_aglo":null,"cod_agl":"309302","nom_agl":"Islas Las Lechiguanas","lat_gd":"-33.558482","long_gd":"-59.469812","lat_gs":"-33º33'31\"","long_gs":"-59º28'11\"","fdc":"INDEC. ACA"},"bbox":[-59.46981167,-33.55848243,-59.46981167,-33.55848243]},{"type":"Feature","id":"bahra_paraje.6476","geometry":{"type":"MultiPoint","coordinates":[[-59.16791134,-31.00481064]]},"geometry_name":"geom","properties":{"gid":6476,"cod_pcia":"30","nom_pcia":"Entre Ríos","cod_depto":"30035","nom_depto":"Federal","cod_ase":"30035A00","fna":"Achiras","tipo_asent":"Paraje","cod_aglo":null,"nom_aglo":null,"cod_agl":"300140","nom_agl":"Conscripto Bernardi","lat_gd":"-31.004811","long_gd":"-59.167911","lat_gs":"-31º 0'17\"","long_gs":"-59º10' 4\"","fdc":"Mapa Educativo (GPS)"},"bbox":[-59.16791134,-31.00481064,-59.16791134,-31.00481064]},{"type":"Feature","id":"bahra_paraje.6478","geometry":{"type":"MultiPoint","coordinates":[[-59.09160161,-31.27428214]]},"geometry_name":"geom","properties":{"gid":6478,"cod_pcia":"30","nom_pcia":"Entre Ríos","cod_depto":"30035","nom_depto":"Federal","cod_ase":"30035A02","fna":"Arroyo del Medio","tipo_asent":"Paraje","cod_aglo":null,"nom_aglo":null,"cod_agl":"309190","nom_agl":"Arroyo del Medio","lat_gd":"-31.274282","long_gd":"-59.091602","lat_gs":"-31º16'27\"","long_gs":"-59º 5'30\"","fdc":"Mapa Educativo (GPS)"},"bbox":[-59.09160161,-31.27428214,-59.09160161,-31.27428214]},{"type":"Feature","id":"bahra_paraje.6480","geometry":{"type":"MultiPoint","coordinates":[[-59.24197879,-30.82063788]]},"geometry_name":"geom","properties":{"gid":6480,"cod_pcia":"30","nom_pcia":"Entre Ríos","cod_depto":"30035","nom_depto":"Federal","cod_ase":"30035A04","fna":"Banderas","tipo_asent":"Paraje","cod_aglo":null,"nom_aglo":null,"cod_agl":"309193","nom_agl":"Banderas","lat_gd":"-30.820638","long_gd":"-59.241979","lat_gs":"-30º49'14\"","long_gs":"-59º14'31\"","fdc":"INDEC. ACA"},"bbox":[-59.24197879,-30.82063788,-59.24197879,-30.82063788]},{"type":"Feature","id":"bahra_paraje.6481","geometry":{"type":"MultiPoint","coordinates":[[-59.16034633,-30.78902915]]},"geometry_name":"geom","properties":{"gid":6481,"cod_pcia":"30","nom_pcia":"Entre Ríos","cod_depto":"30035","nom_depto":"Federal","cod_ase":"30035A05","fna":"Banderitas","tipo_asent":"Paraje","cod_aglo":null,"nom_aglo":null,"cod_agl":"309193","nom_agl":"Banderas","lat_gd":"-30.789029","long_gd":"-59.160346","lat_gs":"-30º47'21\"","long_gs":"-59º 9'37\"","fdc":"Mapa Educativo (GPS)"},"bbox":[-59.16034633,-30.78902915,-59.16034633,-30.78902915]},{"type":"Feature","id":"bahra_paraje.6482","geometry":{"type":"MultiPoint","coordinates":[[-59.07829655,-30.84720307]]},"geometry_name":"geom","properties":{"gid":6482,"cod_pcia":"30","nom_pcia":"Entre Ríos","cod_depto":"30035","nom_depto":"Federal","cod_ase":"30035A06","fna":"Barragán","tipo_asent":"Paraje","cod_aglo":null,"nom_aglo":null,"cod_agl":"309200","nom_agl":"El Cimarrón","lat_gd":"-30.847203","long_gd":"-59.078297","lat_gs":"-30º50'50\"","long_gs":"-59º 4'42\"","fdc":"Mapa Educativo (GPS)"},"bbox":[-59.07829655,-30.84720307,-59.07829655,-30.84720307]},{"type":"Feature","id":"bahra_paraje.6486","geometry":{"type":"MultiPoint","coordinates":[[-59.15367715,-30.89340898]]},"geometry_name":"geom","properties":{"gid":6486,"cod_pcia":"30","nom_pcia":"Entre Ríos","cod_depto":"30035","nom_depto":"Federal","cod_ase":"30035A10","fna":"Colonia La Berta","tipo_asent":"Paraje","cod_aglo":null,"nom_aglo":null,"cod_agl":"309193","nom_agl":"Banderas","lat_gd":"-30.893409","long_gd":"-59.153677","lat_gs":"-30º53'36\"","long_gs":"-59º 9'13\"","fdc":"Mapa Educativo (GPS)"},"bbox":[-59.15367715,-30.89340898,-59.15367715,-30.89340898]},{"type":"Feature","id":"bahra_paraje.6493","geometry":{"type":"MultiPoint","coordinates":[[-59.17145225,-31.11981941]]},"geometry_name":"geom","properties":{"gid":6493,"cod_pcia":"30","nom_pcia":"Entre Ríos","cod_depto":"30035","nom_depto":"Federal","cod_ase":"30035A17","fna":"Don Gonzalo","tipo_asent":"Paraje","cod_aglo":null,"nom_aglo":null,"cod_agl":"300000","nom_agl":"sin gobierno local","lat_gd":"-31.119819","long_gd":"-59.171452","lat_gs":"-31º 7'11\"","long_gs":"-59º10'17\"","fdc":"Mapa Educativo (GPS)"},"bbox":[-59.17145225,-31.11981941,-59.17145225,-31.11981941]},{"type":"Feature","id":"bahra_paraje.6494","geometry":{"type":"MultiPoint","coordinates":[[-59.11180169,-30.97159585]]},"geometry_name":"geom","properties":{"gid":6494,"cod_pcia":"30","nom_pcia":"Entre Ríos","cod_depto":"30035","nom_depto":"Federal","cod_ase":"30035A18","fna":"El Carumbé","tipo_asent":"Paraje","cod_aglo":null,"nom_aglo":null,"cod_agl":"300140","nom_agl":"Conscripto Bernardi","lat_gd":"-30.971596","long_gd":"-59.111802","lat_gs":"-30º58'18\"","long_gs":"-59º 6'42\"","fdc":"Mapa Educativo (GPS)"},"bbox":[-59.11180169,-30.97159585,-59.11180169,-30.97159585]},{"type":"Feature","id":"bahra_paraje.6495","geometry":{"type":"MultiPoint","coordinates":[[-59.01263786,-30.72976572]]},"geometry_name":"geom","properties":{"gid":6495,"cod_pcia":"30","nom_pcia":"Entre Ríos","cod_depto":"30035","nom_depto":"Federal","cod_ase":"30035A19","fna":"El Gato","tipo_asent":"Paraje","cod_aglo":null,"nom_aglo":null,"cod_agl":"300000","nom_agl":"sin gobierno local","lat_gd":"-30.729766","long_gd":"-59.012638","lat_gs":"-30º43'47\"","long_gs":"-59º 0'45\"","fdc":"Mapa Educativo (GPS)"},"bbox":[-59.01263786,-30.72976572,-59.01263786,-30.72976572]},{"type":"Feature","id":"bahra_paraje.6496","geometry":{"type":"MultiPoint","coordinates":[[-59.11556449,-31.34924631]]},"geometry_name":"geom","properties":{"gid":6496,"cod_pcia":"30","nom_pcia":"Entre Ríos","cod_depto":"30035","nom_depto":"Federal","cod_ase":"30035A20","fna":"El Gramiyal","tipo_asent":"Paraje","cod_aglo":null,"nom_aglo":null,"cod_agl":"309190","nom_agl":"Arroyo del Medio","lat_gd":"-31.349246","long_gd":"-59.115564","lat_gs":"-31º20'57\"","long_gs":"-59º 6'56\"","fdc":"Mapa Educativo (GPS)"},"bbox":[-59.11556449,-31.34924631,-59.11556449,-31.34924631]},{"type":"Feature","id":"bahra_paraje.6499","geometry":{"type":"MultiPoint","coordinates":[[-59.12037963,-31.19279255]]},"geometry_name":"geom","properties":{"gid":6499,"cod_pcia":"30","nom_pcia":"Entre Ríos","cod_depto":"30035","nom_depto":"Federal","cod_ase":"30035A23","fna":"La Encierra","tipo_asent":"Paraje","cod_aglo":null,"nom_aglo":null,"cod_agl":"309205","nom_agl":"El Gramiyal","lat_gd":"-31.192793","long_gd":"-59.120380","lat_gs":"-31º11'34\"","long_gs":"-59º 7'13\"","fdc":"Mapa Educativo (GPS)"},"bbox":[-59.12037963,-31.19279255,-59.12037963,-31.19279255]},{"type":"Feature","id":"bahra_paraje.6501","geometry":{"type":"MultiPoint","coordinates":[[-59.04044432,-30.81766924]]},"geometry_name":"geom","properties":{"gid":6501,"cod_pcia":"30","nom_pcia":"Entre Ríos","cod_depto":"30035","nom_depto":"Federal","cod_ase":"30035A25","fna":"Loma Limpia","tipo_asent":"Paraje","cod_aglo":null,"nom_aglo":null,"cod_agl":"309210","nom_agl":"Loma Limpia","lat_gd":"-30.817669","long_gd":"-59.040444","lat_gs":"-30º49' 4\"","long_gs":"-59º 2'26\"","fdc":"Mapa Educativo (GPS)"},"bbox":[-59.04044432,-30.81766924,-59.04044432,-30.81766924]},{"type":"Feature","id":"bahra_paraje.6504","geometry":{"type":"MultiPoint","coordinates":[[-59.22147189,-30.77028473]]},"geometry_name":"geom","properties":{"gid":6504,"cod_pcia":"30","nom_pcia":"Entre Ríos","cod_depto":"30035","nom_depto":"Federal","cod_ase":"30035A28","fna":"Paso Birrinchín","tipo_asent":"Paraje","cod_aglo":null,"nom_aglo":null,"cod_agl":"309193","nom_agl":"Banderas","lat_gd":"-30.770285","long_gd":"-59.221472","lat_gs":"-30º46'13\"","long_gs":"-59º13'17\"","fdc":"INDEC. ACA"},"bbox":[-59.22147189,-30.77028473,-59.22147189,-30.77028473]},{"type":"Feature","id":"bahra_paraje.6508","geometry":{"type":"MultiPoint","coordinates":[[-59.23380469,-30.95705689]]},"geometry_name":"geom","properties":{"gid":6508,"cod_pcia":"30","nom_pcia":"Entre Ríos","cod_depto":"30035","nom_depto":"Federal","cod_ase":"30035A32","fna":"Ramblones","tipo_asent":"Paraje","cod_aglo":null,"nom_aglo":null,"cod_agl":"300000","nom_agl":"sin gobierno local","lat_gd":"-30.957057","long_gd":"-59.233805","lat_gs":"-30º57'25\"","long_gs":"-59º14' 2\"","fdc":"Mapa Educativo (GPS)"},"bbox":[-59.23380469,-30.95705689,-59.23380469,-30.95705689]},{"type":"Feature","id":"bahra_paraje.6590","geometry":{"type":"MultiPoint","coordinates":[[-59.46711712,-30.9369952]]},"geometry_name":"geom","properties":{"gid":6590,"cod_pcia":"30","nom_pcia":"Entre Ríos","cod_depto":"30070","nom_depto":"La Paz","cod_ase":"30070A62","fna":"Yeso Oeste","tipo_asent":"Paraje","cod_aglo":null,"nom_aglo":null,"cod_agl":"309510","nom_agl":"Yeso Oeste","lat_gd":"-30.936995","long_gd":"-59.467117","lat_gs":"-30º56'13\"","long_gs":"-59º28' 2\"","fdc":"INDEC. ACA"},"bbox":[-59.46711712,-30.9369952,-59.46711712,-30.9369952]},{"type":"Feature","id":"bahra_paraje.6620","geometry":{"type":"MultiPoint","coordinates":[[-59.42812657,-31.0124257]]},"geometry_name":"geom","properties":{"gid":6620,"cod_pcia":"30","nom_pcia":"Entre Ríos","cod_depto":"30070","nom_depto":"La Paz","cod_ase":"30070A63","fna":"Yeso Sur","tipo_asent":"Paraje","cod_aglo":null,"nom_aglo":null,"cod_agl":"309510","nom_agl":"Yeso Oeste","lat_gd":"-31.012426","long_gd":"-59.428127","lat_gs":"-31º 0'45\"","long_gs":"-59º25'41\"","fdc":"Mapa Educativo (GPS)"},"bbox":[-59.42812657,-31.0124257,-59.42812657,-31.0124257]},{"type":"Feature","id":"bahra_paraje.6638","geometry":{"type":"MultiPoint","coordinates":[[-59.62841466,-30.84106363]]},"geometry_name":"geom","properties":{"gid":6638,"cod_pcia":"30","nom_pcia":"Entre Ríos","cod_depto":"30070","nom_depto":"La Paz","cod_ase":"30070A42","fna":"Molino Público","tipo_asent":"Paraje","cod_aglo":null,"nom_aglo":null,"cod_agl":"309460","nom_agl":"Estaquitas","lat_gd":"-30.841064","long_gd":"-59.628415","lat_gs":"-30º50'28\"","long_gs":"-59º37'42\"","fdc":"Mapa Educativo (GPS)"},"bbox":[-59.62841466,-30.84106363,-59.62841466,-30.84106363]},{"type":"Feature","id":"bahra_paraje.6651","geometry":{"type":"MultiPoint","coordinates":[[-59.75519494,-31.32742786]]},"geometry_name":"geom","properties":{"gid":6651,"cod_pcia":"30","nom_pcia":"Entre Ríos","cod_depto":"30070","nom_depto":"La Paz","cod_ase":"30070A00","fna":"Alcaraz Norte","tipo_asent":"Paraje","cod_aglo":null,"nom_aglo":null,"cod_agl":"309415","nom_agl":"Alcaraz Norte","lat_gd":"-31.327428","long_gd":"-59.755195","lat_gs":"-31º19'39\"","long_gs":"-59º45'19\"","fdc":"INDEC. ACA"},"bbox":[-59.75519494,-31.32742786,-59.75519494,-31.32742786]},{"type":"Feature","id":"bahra_paraje.6652","geometry":{"type":"MultiPoint","coordinates":[[-59.33329882,-31.16757682]]},"geometry_name":"geom","properties":{"gid":6652,"cod_pcia":"30","nom_pcia":"Entre Ríos","cod_depto":"30070","nom_depto":"La Paz","cod_ase":"30070A01","fna":"Alcaraz Primero","tipo_asent":"Paraje","cod_aglo":null,"nom_aglo":null,"cod_agl":"300000","nom_agl":"sin gobierno local","lat_gd":"-31.167577","long_gd":"-59.333299","lat_gs":"-31º10' 3\"","long_gs":"-59º19'60\"","fdc":"INDEC. ACA"},"bbox":[-59.33329882,-31.16757682,-59.33329882,-31.16757682]},{"type":"Feature","id":"bahra_paraje.6653","geometry":{"type":"MultiPoint","coordinates":[[-59.87653363,-31.23488603]]},"geometry_name":"geom","properties":{"gid":6653,"cod_pcia":"30","nom_pcia":"Entre Ríos","cod_depto":"30070","nom_depto":"La Paz","cod_ase":"30070A02","fna":"Alcaraz Segundo","tipo_asent":"Paraje","cod_aglo":null,"nom_aglo":null,"cod_agl":"300252","nom_agl":"Piedras Blancas","lat_gd":"-31.234886","long_gd":"-59.876534","lat_gs":"-31º14' 6\"","long_gs":"-59º52'36\"","fdc":"Mapa Educativo (GPS)"},"bbox":[-59.87653363,-31.23488603,-59.87653363,-31.23488603]},{"type":"Feature","id":"bahra_paraje.6654","geometry":{"type":"MultiPoint","coordinates":[[-59.83428007,-31.35574153]]},"geometry_name":"geom","properties":{"gid":6654,"cod_pcia":"30","nom_pcia":"Entre Ríos","cod_depto":"30070","nom_depto":"La Paz","cod_ase":"30070A03","fna":"Alcaraz Sur","tipo_asent":"Paraje","cod_aglo":null,"nom_aglo":null,"cod_agl":"309420","nom_agl":"Alcaraz Sur","lat_gd":"-31.355742","long_gd":"-59.834280","lat_gs":"-31º21'21\"","long_gs":"-59º50' 3\"","fdc":"INDEC. ACA"},"bbox":[-59.83428007,-31.35574153,-59.83428007,-31.35574153]},{"type":"Feature","id":"bahra_paraje.6655","geometry":{"type":"MultiPoint","coordinates":[[-59.52826803,-30.60469523]]},"geometry_name":"geom","properties":{"gid":6655,"cod_pcia":"30","nom_pcia":"Entre Ríos","cod_depto":"30070","nom_depto":"La Paz","cod_ase":"30070A04","fna":"Arroyo Hondo","tipo_asent":"Paraje","cod_aglo":null,"nom_aglo":null,"cod_agl":"309505","nom_agl":"Yacaré","lat_gd":"-30.604695","long_gd":"-59.528268","lat_gs":"-30º36'17\"","long_gs":"-59º31'42\"","fdc":"Mapa Educativo (GPS)"},"bbox":[-59.52826803,-30.60469523,-59.52826803,-30.60469523]},{"type":"Feature","id":"bahra_paraje.6656","geometry":{"type":"MultiPoint","coordinates":[[-59.62576185,-31.36179094]]},"geometry_name":"geom","properties":{"gid":6656,"cod_pcia":"30","nom_pcia":"Entre Ríos","cod_depto":"30070","nom_depto":"La Paz","cod_ase":"30070A05","fna":"Campo Jourbet","tipo_asent":"Paraje","cod_aglo":null,"nom_aglo":null,"cod_agl":"309415","nom_agl":"Alcaraz Norte","lat_gd":"-31.361791","long_gd":"-59.625762","lat_gs":"-31º21'42\"","long_gs":"-59º37'33\"","fdc":"Mapa Educativo (GPS)"},"bbox":[-59.62576185,-31.36179094,-59.62576185,-31.36179094]},{"type":"Feature","id":"bahra_paraje.6657","geometry":{"type":"MultiPoint","coordinates":[[-59.84114299,-31.46460218]]},"geometry_name":"geom","properties":{"gid":6657,"cod_pcia":"30","nom_pcia":"Entre Ríos","cod_depto":"30070","nom_depto":"La Paz","cod_ase":"30070A06","fna":"Campo Parera","tipo_asent":"Paraje","cod_aglo":null,"nom_aglo":null,"cod_agl":"309420","nom_agl":"Alcaraz Sur","lat_gd":"-31.464602","long_gd":"-59.841143","lat_gs":"-31º27'53\"","long_gs":"-59º50'28\"","fdc":"Mapa Educativo (GPS)"},"bbox":[-59.84114299,-31.46460218,-59.84114299,-31.46460218]},{"type":"Feature","id":"bahra_paraje.6658","geometry":{"type":"MultiPoint","coordinates":[[-59.86120899,-31.18761252]]},"geometry_name":"geom","properties":{"gid":6658,"cod_pcia":"30","nom_pcia":"Entre Ríos","cod_depto":"30070","nom_depto":"La Paz","cod_ase":"30070A07","fna":"Campo Rebechi","tipo_asent":"Paraje","cod_aglo":null,"nom_aglo":null,"cod_agl":"309485","nom_agl":"Puerto Algarrobo","lat_gd":"-31.187613","long_gd":"-59.861209","lat_gs":"-31º11'15\"","long_gs":"-59º51'40\"","fdc":"Mapa Educativo (GPS)"},"bbox":[-59.86120899,-31.18761252,-59.86120899,-31.18761252]},{"type":"Feature","id":"bahra_paraje.6659","geometry":{"type":"MultiPoint","coordinates":[[-59.50791841,-31.15242117]]},"geometry_name":"geom","properties":{"gid":6659,"cod_pcia":"30","nom_pcia":"Entre Ríos","cod_depto":"30070","nom_depto":"La Paz","cod_ase":"30070A08","fna":"Capivara","tipo_asent":"Paraje","cod_aglo":null,"nom_aglo":null,"cod_agl":"309425","nom_agl":"Colonia Avigdor","lat_gd":"-31.152421","long_gd":"-59.507918","lat_gs":"-31º 9' 9\"","long_gs":"-59º30'29\"","fdc":"Mapa Educativo (GPS)"},"bbox":[-59.50791841,-31.15242117,-59.50791841,-31.15242117]},{"type":"Feature","id":"bahra_paraje.6660","geometry":{"type":"MultiPoint","coordinates":[[-59.3258364,-31.09054115]]},"geometry_name":"geom","properties":{"gid":6660,"cod_pcia":"30","nom_pcia":"Entre Ríos","cod_depto":"30070","nom_depto":"La Paz","cod_ase":"30070A09","fna":"Chacabuco","tipo_asent":"Paraje","cod_aglo":null,"nom_aglo":null,"cod_agl":"309510","nom_agl":"Yeso Oeste","lat_gd":"-31.090541","long_gd":"-59.325836","lat_gs":"-31º 5'26\"","long_gs":"-59º19'33\"","fdc":"Mapa Educativo (GPS)"},"bbox":[-59.3258364,-31.09054115,-59.3258364,-31.09054115]},{"type":"Feature","id":"bahra_paraje.6661","geometry":{"type":"MultiPoint","coordinates":[[-59.3082119,-31.31642142]]},"geometry_name":"geom","properties":{"gid":6661,"cod_pcia":"30","nom_pcia":"Entre Ríos","cod_depto":"30070","nom_depto":"La Paz","cod_ase":"30070A10","fna":"Colonia Adivino","tipo_asent":"Paraje","cod_aglo":null,"nom_aglo":null,"cod_agl":"300000","nom_agl":"sin gobierno local","lat_gd":"-31.316421","long_gd":"-59.308212","lat_gs":"-31º18'59\"","long_gs":"-59º18'30\"","fdc":"Mapa Educativo (GPS)"},"bbox":[-59.3082119,-31.31642142,-59.3082119,-31.31642142]},{"type":"Feature","id":"bahra_paraje.6662","geometry":{"type":"MultiPoint","coordinates":[[-59.71881675,-31.13779581]]},"geometry_name":"geom","properties":{"gid":6662,"cod_pcia":"30","nom_pcia":"Entre Ríos","cod_depto":"30070","nom_depto":"La Paz","cod_ase":"30070A11","fna":"Colonia Bertozzi","tipo_asent":"Paraje","cod_aglo":null,"nom_aglo":null,"cod_agl":"309455","nom_agl":"El Solar","lat_gd":"-31.137796","long_gd":"-59.718817","lat_gs":"-31º 8'16\"","long_gs":"-59º43' 8\"","fdc":"Mapa Educativo (GPS)"},"bbox":[-59.71881675,-31.13779581,-59.71881675,-31.13779581]},{"type":"Feature","id":"bahra_paraje.6663","geometry":{"type":"MultiPoint","coordinates":[[-59.50444273,-30.8525565]]},"geometry_name":"geom","properties":{"gid":6663,"cod_pcia":"30","nom_pcia":"Entre Ríos","cod_depto":"30070","nom_depto":"La Paz","cod_ase":"30070A12","fna":"Colonia Buena Vista","tipo_asent":"Paraje","cod_aglo":null,"nom_aglo":null,"cod_agl":"309460","nom_agl":"Estaquitas","lat_gd":"-30.852557","long_gd":"-59.504443","lat_gs":"-30º51' 9\"","long_gs":"-59º30'16\"","fdc":"Mapa Educativo (GPS)"},"bbox":[-59.50444273,-30.8525565,-59.50444273,-30.8525565]},{"type":"Feature","id":"bahra_paraje.6664","geometry":{"type":"MultiPoint","coordinates":[[-59.55597044,-31.33726828]]},"geometry_name":"geom","properties":{"gid":6664,"cod_pcia":"30","nom_pcia":"Entre Ríos","cod_depto":"30070","nom_depto":"La Paz","cod_ase":"30070A13","fna":"Colonia Carrasco","tipo_asent":"Paraje","cod_aglo":null,"nom_aglo":null,"cod_agl":"309430","nom_agl":"Colonia Carrasco","lat_gd":"-31.337268","long_gd":"-59.555970","lat_gs":"-31º20'14\"","long_gs":"-59º33'21\"","fdc":"Mapa Educativo (GPS)"},"bbox":[-59.55597044,-31.33726828,-59.55597044,-31.33726828]},{"type":"Feature","id":"bahra_paraje.6665","geometry":{"type":"MultiPoint","coordinates":[[-59.59253262,-30.80630017]]},"geometry_name":"geom","properties":{"gid":6665,"cod_pcia":"30","nom_pcia":"Entre Ríos","cod_depto":"30070","nom_depto":"La Paz","cod_ase":"30070A14","fna":"Colonia El Chañar","tipo_asent":"Paraje","cod_aglo":null,"nom_aglo":null,"cod_agl":"300245","nom_agl":"La Paz","lat_gd":"-30.806300","long_gd":"-59.592533","lat_gs":"-30º48'23\"","long_gs":"-59º35'33\"","fdc":"INDEC. ACA"},"bbox":[-59.59253262,-30.80630017,-59.59253262,-30.80630017]},{"type":"Feature","id":"bahra_paraje.6666","geometry":{"type":"MultiPoint","coordinates":[[-59.44289586,-30.81013124]]},"geometry_name":"geom","properties":{"gid":6666,"cod_pcia":"30","nom_pcia":"Entre Ríos","cod_depto":"30070","nom_depto":"La Paz","cod_ase":"30070A15","fna":"Colonia Máximo Castro","tipo_asent":"Paraje","cod_aglo":null,"nom_aglo":null,"cod_agl":"300000","nom_agl":"sin gobierno local","lat_gd":"-30.810131","long_gd":"-59.442896","lat_gs":"-30º48'36\"","long_gs":"-59º26'34\"","fdc":"Mapa Educativo (GPS)"},"bbox":[-59.44289586,-30.81013124,-59.44289586,-30.81013124]},{"type":"Feature","id":"bahra_paraje.6667","geometry":{"type":"MultiPoint","coordinates":[[-59.41325824,-30.54276814]]},"geometry_name":"geom","properties":{"gid":6667,"cod_pcia":"30","nom_pcia":"Entre Ríos","cod_depto":"30070","nom_depto":"La Paz","cod_ase":"30070A16","fna":"Colonia Oficial Nº 3","tipo_asent":"Paraje","cod_aglo":null,"nom_aglo":null,"cod_agl":"309440","nom_agl":"Colonia Oficial Nº 3 y 14","lat_gd":"-30.542768","long_gd":"-59.413258","lat_gs":"-30º32'34\"","long_gs":"-59º24'48\"","fdc":"INDEC. ACA"},"bbox":[-59.41325824,-30.54276814,-59.41325824,-30.54276814]},{"type":"Feature","id":"bahra_paraje.6668","geometry":{"type":"MultiPoint","coordinates":[[-59.84734527,-31.36907764]]},"geometry_name":"geom","properties":{"gid":6668,"cod_pcia":"30","nom_pcia":"Entre Ríos","cod_depto":"30070","nom_depto":"La Paz","cod_ase":"30070A17","fna":"Colonia Oficial Nº 11","tipo_asent":"Paraje","cod_aglo":null,"nom_aglo":null,"cod_agl":"309420","nom_agl":"Alcaraz Sur","lat_gd":"-31.369078","long_gd":"-59.847345","lat_gs":"-31º22' 9\"","long_gs":"-59º50'50\"","fdc":"INDEC. ACA"},"bbox":[-59.84734527,-31.36907764,-59.84734527,-31.36907764]},{"type":"Feature","id":"bahra_paraje.6669","geometry":{"type":"MultiPoint","coordinates":[[-59.17963332,-30.67063936]]},"geometry_name":"geom","properties":{"gid":6669,"cod_pcia":"30","nom_pcia":"Entre Ríos","cod_depto":"30070","nom_depto":"La Paz","cod_ase":"30070A18","fna":"Colonia Oficial Nº 13","tipo_asent":"Paraje","cod_aglo":null,"nom_aglo":null,"cod_agl":"309435","nom_agl":"Colonia Oficial N° 13","lat_gd":"-30.670639","long_gd":"-59.179633","lat_gs":"-30º40'14\"","long_gs":"-59º10'47\"","fdc":"INDEC. ACA"},"bbox":[-59.17963332,-30.67063936,-59.17963332,-30.67063936]},{"type":"Feature","id":"bahra_paraje.6670","geometry":{"type":"MultiPoint","coordinates":[[-59.3407783,-30.5443539]]},"geometry_name":"geom","properties":{"gid":6670,"cod_pcia":"30","nom_pcia":"Entre Ríos","cod_depto":"30070","nom_depto":"La Paz","cod_ase":"30070A19","fna":"Colonia Oficial Nº 14","tipo_asent":"Paraje","cod_aglo":null,"nom_aglo":null,"cod_agl":"309440","nom_agl":"Colonia Oficial Nº 3 y 14","lat_gd":"-30.544354","long_gd":"-59.340778","lat_gs":"-30º32'40\"","long_gs":"-59º20'27\"","fdc":"INDEC. ACA"},"bbox":[-59.3407783,-30.5443539,-59.3407783,-30.5443539]},{"type":"Feature","id":"bahra_paraje.6671","geometry":{"type":"MultiPoint","coordinates":[[-59.72712555,-30.92374484]]},"geometry_name":"geom","properties":{"gid":6671,"cod_pcia":"30","nom_pcia":"Entre Ríos","cod_depto":"30070","nom_depto":"La Paz","cod_ase":"30070A20","fna":"Colonia Oficial Nº 22","tipo_asent":"Paraje","cod_aglo":null,"nom_aglo":null,"cod_agl":"300259","nom_agl":"Santa Elena","lat_gd":"-30.923745","long_gd":"-59.727126","lat_gs":"-30º55'25\"","long_gs":"-59º43'38\"","fdc":"INDEC. ACA"},"bbox":[-59.72712555,-30.92374484,-59.72712555,-30.92374484]},{"type":"Feature","id":"bahra_paraje.6672","geometry":{"type":"MultiPoint","coordinates":[[-59.66677426,-31.19563635]]},"geometry_name":"geom","properties":{"gid":6672,"cod_pcia":"30","nom_pcia":"Entre Ríos","cod_depto":"30070","nom_depto":"La Paz","cod_ase":"30070A21","fna":"Colonia San Carlos","tipo_asent":"Paraje","cod_aglo":null,"nom_aglo":null,"cod_agl":"300000","nom_agl":"sin gobierno local","lat_gd":"-31.195636","long_gd":"-59.666774","lat_gs":"-31º11'44\"","long_gs":"-59º40' 0\"","fdc":"Mapa Educativo (GPS)"},"bbox":[-59.66677426,-31.19563635,-59.66677426,-31.19563635]},{"type":"Feature","id":"bahra_paraje.6673","geometry":{"type":"MultiPoint","coordinates":[[-59.80920833,-31.2142559]]},"geometry_name":"geom","properties":{"gid":6673,"cod_pcia":"30","nom_pcia":"Entre Ríos","cod_depto":"30070","nom_depto":"La Paz","cod_ase":"30070A22","fna":"Colonia San Luis","tipo_asent":"Paraje","cod_aglo":null,"nom_aglo":null,"cod_agl":"300000","nom_agl":"sin gobierno local","lat_gd":"-31.214256","long_gd":"-59.809208","lat_gs":"-31º12'51\"","long_gs":"-59º48'33\"","fdc":"Mapa Educativo (GPS)"},"bbox":[-59.80920833,-31.2142559,-59.80920833,-31.2142559]},{"type":"Feature","id":"bahra_paraje.6674","geometry":{"type":"MultiPoint","coordinates":[[-59.51035916,-30.72985088]]},"geometry_name":"geom","properties":{"gid":6674,"cod_pcia":"30","nom_pcia":"Entre Ríos","cod_depto":"30070","nom_depto":"La Paz","cod_ase":"30070A23","fna":"Colonia San Pedro","tipo_asent":"Paraje","cod_aglo":null,"nom_aglo":null,"cod_agl":"309460","nom_agl":"Estaquitas","lat_gd":"-30.729851","long_gd":"-59.510359","lat_gs":"-30º43'47\"","long_gs":"-59º30'37\"","fdc":"INDEC. ACA"},"bbox":[-59.51035916,-30.72985088,-59.51035916,-30.72985088]},{"type":"Feature","id":"bahra_paraje.6675","geometry":{"type":"MultiPoint","coordinates":[[-59.66084432,-31.31548307]]},"geometry_name":"geom","properties":{"gid":6675,"cod_pcia":"30","nom_pcia":"Entre Ríos","cod_depto":"30070","nom_depto":"La Paz","cod_ase":"30070A24","fna":"Colonia Taboada","tipo_asent":"Paraje","cod_aglo":null,"nom_aglo":null,"cod_agl":"309415","nom_agl":"Alcaraz Norte","lat_gd":"-31.315483","long_gd":"-59.660844","lat_gs":"-31º18'56\"","long_gs":"-59º39'39\"","fdc":"Mapa Educativo (GPS)"},"bbox":[-59.66084432,-31.31548307,-59.66084432,-31.31548307]},{"type":"Feature","id":"bahra_paraje.6676","geometry":{"type":"MultiPoint","coordinates":[[-59.69623264,-31.37339886]]},"geometry_name":"geom","properties":{"gid":6676,"cod_pcia":"30","nom_pcia":"Entre Ríos","cod_depto":"30070","nom_depto":"La Paz","cod_ase":"30070A25","fna":"Colonia 3 de Febrero","tipo_asent":"Paraje","cod_aglo":null,"nom_aglo":null,"cod_agl":"300000","nom_agl":"sin gobierno local","lat_gd":"-31.373399","long_gd":"-59.696233","lat_gs":"-31º22'24\"","long_gs":"-59º41'46\"","fdc":"Mapa Educativo (GPS)"},"bbox":[-59.69623264,-31.37339886,-59.69623264,-31.37339886]},{"type":"Feature","id":"bahra_paraje.6677","geometry":{"type":"MultiPoint","coordinates":[[-59.59432024,-31.40744747]]},"geometry_name":"geom","properties":{"gid":6677,"cod_pcia":"30","nom_pcia":"Entre Ríos","cod_depto":"30070","nom_depto":"La Paz","cod_ase":"30070A26","fna":"Colonia 25 de Mayo","tipo_asent":"Paraje","cod_aglo":null,"nom_aglo":null,"cod_agl":"300231","nom_agl":"Alcaraz","lat_gd":"-31.407447","long_gd":"-59.594320","lat_gs":"-31º24'27\"","long_gs":"-59º35'40\"","fdc":"Mapa Educativo (GPS)"},"bbox":[-59.59432024,-31.40744747,-59.59432024,-31.40744747]},{"type":"Feature","id":"bahra_paraje.6678","geometry":{"type":"MultiPoint","coordinates":[[-59.42772987,-31.29097025]]},"geometry_name":"geom","properties":{"gid":6678,"cod_pcia":"30","nom_pcia":"Entre Ríos","cod_depto":"30070","nom_depto":"La Paz","cod_ase":"30070A27","fna":"Colonia Viraró","tipo_asent":"Paraje","cod_aglo":null,"nom_aglo":null,"cod_agl":"309445","nom_agl":"Colonia Viraró","lat_gd":"-31.290970","long_gd":"-59.427730","lat_gs":"-31º17'27\"","long_gs":"-59º25'40\"","fdc":"Mapa Educativo (GPS)"},"bbox":[-59.42772987,-31.29097025,-59.42772987,-31.29097025]},{"type":"Feature","id":"bahra_paraje.6679","geometry":{"type":"MultiPoint","coordinates":[[-59.33453545,-30.63067196]]},"geometry_name":"geom","properties":{"gid":6679,"cod_pcia":"30","nom_pcia":"Entre Ríos","cod_depto":"30070","nom_depto":"La Paz","cod_ase":"30070A28","fna":"Cuatro Bocas","tipo_asent":"Paraje","cod_aglo":null,"nom_aglo":null,"cod_agl":"309440","nom_agl":"Colonia Oficial Nº 3 y 14","lat_gd":"-30.630672","long_gd":"-59.334535","lat_gs":"-30º37'50\"","long_gs":"-59º20' 4\"","fdc":"Mapa Educativo (GPS)"},"bbox":[-59.33453545,-30.63067196,-59.33453545,-30.63067196]},{"type":"Feature","id":"bahra_paraje.6680","geometry":{"type":"MultiPoint","coordinates":[[-59.45256122,-30.92263479]]},"geometry_name":"geom","properties":{"gid":6680,"cod_pcia":"30","nom_pcia":"Entre Ríos","cod_depto":"30070","nom_depto":"La Paz","cod_ase":"30070A29","fna":"El Chimango","tipo_asent":"Paraje","cod_aglo":null,"nom_aglo":null,"cod_agl":"309510","nom_agl":"Yeso Oeste","lat_gd":"-30.922635","long_gd":"-59.452561","lat_gs":"-30º55'21\"","long_gs":"-59º27' 9\"","fdc":"Mapa Educativo (GPS)"},"bbox":[-59.45256122,-30.92263479,-59.45256122,-30.92263479]},{"type":"Feature","id":"bahra_paraje.6681","geometry":{"type":"MultiPoint","coordinates":[[-59.13976862,-30.49849127]]},"geometry_name":"geom","properties":{"gid":6681,"cod_pcia":"30","nom_pcia":"Entre Ríos","cod_depto":"30070","nom_depto":"La Paz","cod_ase":"30070A30","fna":"El Ombú Centenario","tipo_asent":"Paraje","cod_aglo":null,"nom_aglo":null,"cod_agl":"300000","nom_agl":"sin gobierno local","lat_gd":"-30.498491","long_gd":"-59.139769","lat_gs":"-30º29'55\"","long_gs":"-59º 8'23\"","fdc":"INDEC. ACA"},"bbox":[-59.13976862,-30.49849127,-59.13976862,-30.49849127]},{"type":"Feature","id":"bahra_paraje.6682","geometry":{"type":"MultiPoint","coordinates":[[-59.52239881,-31.18601375]]},"geometry_name":"geom","properties":{"gid":6682,"cod_pcia":"30","nom_pcia":"Entre Ríos","cod_depto":"30070","nom_depto":"La Paz","cod_ase":"30070A31","fna":"El Salado","tipo_asent":"Paraje","cod_aglo":null,"nom_aglo":null,"cod_agl":"300000","nom_agl":"sin gobierno local","lat_gd":"-31.186014","long_gd":"-59.522399","lat_gs":"-31º11'10\"","long_gs":"-59º31'21\"","fdc":"Mapa Educativo (GPS)"},"bbox":[-59.52239881,-31.18601375,-59.52239881,-31.18601375]},{"type":"Feature","id":"bahra_paraje.6683","geometry":{"type":"MultiPoint","coordinates":[[-59.01358363,-30.59800832]]},"geometry_name":"geom","properties":{"gid":6683,"cod_pcia":"30","nom_pcia":"Entre Ríos","cod_depto":"30070","nom_depto":"La Paz","cod_ase":"30070A32","fna":"El Tigre","tipo_asent":"Paraje","cod_aglo":null,"nom_aglo":null,"cod_agl":"300000","nom_agl":"sin gobierno local","lat_gd":"-30.598008","long_gd":"-59.013584","lat_gs":"-30º35'53\"","long_gs":"-59º 0'49\"","fdc":"Mapa Educativo (GPS)"},"bbox":[-59.01358363,-30.59800832,-59.01358363,-30.59800832]},{"type":"Feature","id":"bahra_paraje.6684","geometry":{"type":"MultiPoint","coordinates":[[-59.25973943,-30.58400262]]},"geometry_name":"geom","properties":{"gid":6684,"cod_pcia":"30","nom_pcia":"Entre Ríos","cod_depto":"30070","nom_depto":"La Paz","cod_ase":"30070A33","fna":"Estacas","tipo_asent":"Paraje","cod_aglo":null,"nom_aglo":null,"cod_agl":"300000","nom_agl":"sin gobierno local","lat_gd":"-30.584003","long_gd":"-59.259739","lat_gs":"-30º35' 2\"","long_gs":"-59º15'35\"","fdc":"Mapa Educativo (GPS)"},"bbox":[-59.25973943,-30.58400262,-59.25973943,-30.58400262]},{"type":"Feature","id":"bahra_paraje.6685","geometry":{"type":"MultiPoint","coordinates":[[-59.53144523,-30.83802809]]},"geometry_name":"geom","properties":{"gid":6685,"cod_pcia":"30","nom_pcia":"Entre Ríos","cod_depto":"30070","nom_depto":"La Paz","cod_ase":"30070A34","fna":"Estaquitas","tipo_asent":"Paraje","cod_aglo":null,"nom_aglo":null,"cod_agl":"309460","nom_agl":"Estaquitas","lat_gd":"-30.838028","long_gd":"-59.531445","lat_gs":"-30º50'17\"","long_gs":"-59º31'53\"","fdc":"INDEC. ACA"},"bbox":[-59.53144523,-30.83802809,-59.53144523,-30.83802809]},{"type":"Feature","id":"bahra_paraje.6686","geometry":{"type":"MultiPoint","coordinates":[[-59.64143978,-30.79292814]]},"geometry_name":"geom","properties":{"gid":6686,"cod_pcia":"30","nom_pcia":"Entre Ríos","cod_depto":"30070","nom_depto":"La Paz","cod_ase":"30070A35","fna":"La Armonía","tipo_asent":"Paraje","cod_aglo":null,"nom_aglo":null,"cod_agl":"300245","nom_agl":"La Paz","lat_gd":"-30.792928","long_gd":"-59.641440","lat_gs":"-30º47'35\"","long_gs":"-59º38'29\"","fdc":"INDEC. ACA"},"bbox":[-59.64143978,-30.79292814,-59.64143978,-30.79292814]},{"type":"Feature","id":"bahra_paraje.6687","geometry":{"type":"MultiPoint","coordinates":[[-59.75111331,-31.24918172]]},"geometry_name":"geom","properties":{"gid":6687,"cod_pcia":"30","nom_pcia":"Entre Ríos","cod_depto":"30070","nom_depto":"La Paz","cod_ase":"30070A36","fna":"La Providencia","tipo_asent":"Paraje","cod_aglo":null,"nom_aglo":null,"cod_agl":"309465","nom_agl":"La Providencia","lat_gd":"-31.249182","long_gd":"-59.751113","lat_gs":"-31º14'57\"","long_gs":"-59º45' 4\"","fdc":"Mapa Educativo (GPS)"},"bbox":[-59.75111331,-31.24918172,-59.75111331,-31.24918172]},{"type":"Feature","id":"bahra_paraje.6688","geometry":{"type":"MultiPoint","coordinates":[[-59.62067094,-30.88818494]]},"geometry_name":"geom","properties":{"gid":6688,"cod_pcia":"30","nom_pcia":"Entre Ríos","cod_depto":"30070","nom_depto":"La Paz","cod_ase":"30070A37","fna":"La Selva","tipo_asent":"Paraje","cod_aglo":null,"nom_aglo":null,"cod_agl":"309460","nom_agl":"Estaquitas","lat_gd":"-30.888185","long_gd":"-59.620671","lat_gs":"-30º53'17\"","long_gs":"-59º37'14\"","fdc":"Mapa Educativo (GPS)"},"bbox":[-59.62067094,-30.88818494,-59.62067094,-30.88818494]},{"type":"Feature","id":"bahra_paraje.6689","geometry":{"type":"MultiPoint","coordinates":[[-59.49110763,-31.08003825]]},"geometry_name":"geom","properties":{"gid":6689,"cod_pcia":"30","nom_pcia":"Entre Ríos","cod_depto":"30070","nom_depto":"La Paz","cod_ase":"30070A38","fna":"Las Gurisas","tipo_asent":"Paraje","cod_aglo":null,"nom_aglo":null,"cod_agl":"309425","nom_agl":"Colonia Avigdor","lat_gd":"-31.080038","long_gd":"-59.491108","lat_gs":"-31º 4'48\"","long_gs":"-59º29'28\"","fdc":"Mapa Educativo (GPS)"},"bbox":[-59.49110763,-31.08003825,-59.49110763,-31.08003825]},{"type":"Feature","id":"bahra_paraje.6690","geometry":{"type":"MultiPoint","coordinates":[[-59.10303576,-30.4947293]]},"geometry_name":"geom","properties":{"gid":6690,"cod_pcia":"30","nom_pcia":"Entre Ríos","cod_depto":"30070","nom_depto":"La Paz","cod_ase":"30070A39","fna":"Las Toscas","tipo_asent":"Paraje","cod_aglo":null,"nom_aglo":null,"cod_agl":"309470","nom_agl":"Las Toscas","lat_gd":"-30.494729","long_gd":"-59.103036","lat_gs":"-30º29'41\"","long_gs":"-59º 6'11\"","fdc":"Mapa Educativo (GPS)"},"bbox":[-59.10303576,-30.4947293,-59.10303576,-30.4947293]},{"type":"Feature","id":"bahra_paraje.6691","geometry":{"type":"MultiPoint","coordinates":[[-59.86184253,-31.28941687]]},"geometry_name":"geom","properties":{"gid":6691,"cod_pcia":"30","nom_pcia":"Entre Ríos","cod_depto":"30070","nom_depto":"La Paz","cod_ase":"30070A40","fna":"Los Paraísos","tipo_asent":"Paraje","cod_aglo":null,"nom_aglo":null,"cod_agl":"309420","nom_agl":"Alcaraz Sur","lat_gd":"-31.289417","long_gd":"-59.861843","lat_gs":"-31º17'22\"","long_gs":"-59º51'43\"","fdc":"Mapa Educativo (GPS)"},"bbox":[-59.86184253,-31.28941687,-59.86184253,-31.28941687]},{"type":"Feature","id":"bahra_paraje.6692","geometry":{"type":"MultiPoint","coordinates":[[-59.65284946,-31.02085502]]},"geometry_name":"geom","properties":{"gid":6692,"cod_pcia":"30","nom_pcia":"Entre Ríos","cod_depto":"30070","nom_depto":"La Paz","cod_ase":"30070A41","fna":"Los Talas","tipo_asent":"Paraje","cod_aglo":null,"nom_aglo":null,"cod_agl":"300000","nom_agl":"sin gobierno local","lat_gd":"-31.020855","long_gd":"-59.652849","lat_gs":"-31º 1'15\"","long_gs":"-59º39'10\"","fdc":"Mapa Educativo (GPS)"},"bbox":[-59.65284946,-31.02085502,-59.65284946,-31.02085502]},{"type":"Feature","id":"bahra_paraje.6693","geometry":{"type":"MultiPoint","coordinates":[[-59.1412911,-30.52549722]]},"geometry_name":"geom","properties":{"gid":6693,"cod_pcia":"30","nom_pcia":"Entre Ríos","cod_depto":"30070","nom_depto":"La Paz","cod_ase":"30070A43","fna":"Montiel","tipo_asent":"Paraje","cod_aglo":null,"nom_aglo":null,"cod_agl":"300000","nom_agl":"sin gobierno local","lat_gd":"-30.525497","long_gd":"-59.141291","lat_gs":"-30º31'32\"","long_gs":"-59º 8'29\"","fdc":"INDEC. ACA"},"bbox":[-59.1412911,-30.52549722,-59.1412911,-30.52549722]},{"type":"Feature","id":"bahra_paraje.6694","geometry":{"type":"MultiPoint","coordinates":[[-59.24249522,-30.46630944]]},"geometry_name":"geom","properties":{"gid":6694,"cod_pcia":"30","nom_pcia":"Entre Ríos","cod_depto":"30070","nom_depto":"La Paz","cod_ase":"30070A44","fna":"Ombú","tipo_asent":"Paraje","cod_aglo":null,"nom_aglo":null,"cod_agl":"309475","nom_agl":"Ombú","lat_gd":"-30.466309","long_gd":"-59.242495","lat_gs":"-30º27'59\"","long_gs":"-59º14'33\"","fdc":"Mapa Educativo (GPS)"},"bbox":[-59.24249522,-30.46630944,-59.24249522,-30.46630944]},{"type":"Feature","id":"bahra_paraje.6695","geometry":{"type":"MultiPoint","coordinates":[[-59.66146951,-30.98661314]]},"geometry_name":"geom","properties":{"gid":6695,"cod_pcia":"30","nom_pcia":"Entre Ríos","cod_depto":"30070","nom_depto":"La Paz","cod_ase":"30070A45","fna":"Paso El Quebracho","tipo_asent":"Paraje","cod_aglo":null,"nom_aglo":null,"cod_agl":"309450","nom_agl":"El Quebracho","lat_gd":"-30.986613","long_gd":"-59.661470","lat_gs":"-30º59'12\"","long_gs":"-59º39'41\"","fdc":"Mapa Educativo (GPS)"},"bbox":[-59.66146951,-30.98661314,-59.66146951,-30.98661314]},{"type":"Feature","id":"bahra_paraje.6696","geometry":{"type":"MultiPoint","coordinates":[[-59.5540689,-30.9214025]]},"geometry_name":"geom","properties":{"gid":6696,"cod_pcia":"30","nom_pcia":"Entre Ríos","cod_depto":"30070","nom_depto":"La Paz","cod_ase":"30070A46","fna":"Paso Medina","tipo_asent":"Paraje","cod_aglo":null,"nom_aglo":null,"cod_agl":"309460","nom_agl":"Estaquitas","lat_gd":"-30.921402","long_gd":"-59.554069","lat_gs":"-30º55'17\"","long_gs":"-59º33'15\"","fdc":"IGN. SIG 250"},"bbox":[-59.5540689,-30.9214025,-59.5540689,-30.9214025]},{"type":"Feature","id":"bahra_paraje.6697","geometry":{"type":"MultiPoint","coordinates":[[-59.78676161,-31.14833035]]},"geometry_name":"geom","properties":{"gid":6697,"cod_pcia":"30","nom_pcia":"Entre Ríos","cod_depto":"30070","nom_depto":"La Paz","cod_ase":"30070A47","fna":"Paso Potrillo","tipo_asent":"Paraje","cod_aglo":null,"nom_aglo":null,"cod_agl":"309485","nom_agl":"Puerto Algarrobo","lat_gd":"-31.148330","long_gd":"-59.786762","lat_gs":"-31º 8'54\"","long_gs":"-59º47'12\"","fdc":"Mapa Educativo (GPS)"},"bbox":[-59.78676161,-31.14833035,-59.78676161,-31.14833035]},{"type":"Feature","id":"bahra_paraje.6700","geometry":{"type":"MultiPoint","coordinates":[[-59.3629724,-30.9111898]]},"geometry_name":"geom","properties":{"gid":6700,"cod_pcia":"30","nom_pcia":"Entre Ríos","cod_depto":"30070","nom_depto":"La Paz","cod_ase":"30070A50","fna":"Picada Berón","tipo_asent":"Paraje","cod_aglo":null,"nom_aglo":null,"cod_agl":"309480","nom_agl":"Picada Berón","lat_gd":"-30.911190","long_gd":"-59.362972","lat_gs":"-30º54'40\"","long_gs":"-59º21'47\"","fdc":"INDEC. ACA"},"bbox":[-59.3629724,-30.9111898,-59.3629724,-30.9111898]},{"type":"Feature","id":"bahra_paraje.6701","geometry":{"type":"MultiPoint","coordinates":[[-59.32537787,-31.31265588]]},"geometry_name":"geom","properties":{"gid":6701,"cod_pcia":"30","nom_pcia":"Entre Ríos","cod_depto":"30070","nom_depto":"La Paz","cod_ase":"30070A51","fna":"Primer Congreso","tipo_asent":"Paraje","cod_aglo":null,"nom_aglo":null,"cod_agl":"300000","nom_agl":"sin gobierno local","lat_gd":"-31.312656","long_gd":"-59.325378","lat_gs":"-31º18'46\"","long_gs":"-59º19'31\"","fdc":"INDEC. ACA"},"bbox":[-59.32537787,-31.31265588,-59.32537787,-31.31265588]},{"type":"Feature","id":"bahra_paraje.6702","geometry":{"type":"MultiPoint","coordinates":[[-59.85071254,-31.10963592]]},"geometry_name":"geom","properties":{"gid":6702,"cod_pcia":"30","nom_pcia":"Entre Ríos","cod_depto":"30070","nom_depto":"La Paz","cod_ase":"30070A52","fna":"Puerto Algarrobo","tipo_asent":"Paraje","cod_aglo":null,"nom_aglo":null,"cod_agl":"309485","nom_agl":"Puerto Algarrobo","lat_gd":"-31.109636","long_gd":"-59.850713","lat_gs":"-31º 6'35\"","long_gs":"-59º51' 3\"","fdc":"Mapa Educativo (GPS)"},"bbox":[-59.85071254,-31.10963592,-59.85071254,-31.10963592]},{"type":"Feature","id":"bahra_paraje.6703","geometry":{"type":"MultiPoint","coordinates":[[-59.58198701,-30.64271198]]},"geometry_name":"geom","properties":{"gid":6703,"cod_pcia":"30","nom_pcia":"Entre Ríos","cod_depto":"30070","nom_depto":"La Paz","cod_ase":"30070A53","fna":"Puerto La Esmeralda","tipo_asent":"Paraje","cod_aglo":null,"nom_aglo":null,"cod_agl":"300000","nom_agl":"sin gobierno local","lat_gd":"-30.642712","long_gd":"-59.581987","lat_gs":"-30º38'34\"","long_gs":"-59º34'55\"","fdc":"INDEC. ACA"},"bbox":[-59.58198701,-30.64271198,-59.58198701,-30.64271198]},{"type":"Feature","id":"bahra_paraje.6704","geometry":{"type":"MultiPoint","coordinates":[[-59.34010023,-30.46310643]]},"geometry_name":"geom","properties":{"gid":6704,"cod_pcia":"30","nom_pcia":"Entre Ríos","cod_depto":"30070","nom_depto":"La Paz","cod_ase":"30070A54","fna":"San Ramírez","tipo_asent":"Paraje","cod_aglo":null,"nom_aglo":null,"cod_agl":"309495","nom_agl":"San Ramírez","lat_gd":"-30.463106","long_gd":"-59.340100","lat_gs":"-30º27'47\"","long_gs":"-59º20'24\"","fdc":"Mapa Educativo (GPS)"},"bbox":[-59.34010023,-30.46310643,-59.34010023,-30.46310643]},{"type":"Feature","id":"bahra_paraje.6705","geometry":{"type":"MultiPoint","coordinates":[[-59.36121718,-30.73711071]]},"geometry_name":"geom","properties":{"gid":6705,"cod_pcia":"30","nom_pcia":"Entre Ríos","cod_depto":"30070","nom_depto":"La Paz","cod_ase":"30070A55","fna":"Santa Inés","tipo_asent":"Paraje","cod_aglo":null,"nom_aglo":null,"cod_agl":"309497","nom_agl":"Saucecito","lat_gd":"-30.737111","long_gd":"-59.361217","lat_gs":"-30º44'14\"","long_gs":"-59º21'40\"","fdc":"Mapa Educativo (GPS)"},"bbox":[-59.36121718,-30.73711071,-59.36121718,-30.73711071]},{"type":"Feature","id":"bahra_paraje.6706","geometry":{"type":"MultiPoint","coordinates":[[-59.15520466,-30.69443178]]},"geometry_name":"geom","properties":{"gid":6706,"cod_pcia":"30","nom_pcia":"Entre Ríos","cod_depto":"30070","nom_depto":"La Paz","cod_ase":"30070A56","fna":"Saucesito","tipo_asent":"Paraje","cod_aglo":null,"nom_aglo":null,"cod_agl":"309497","nom_agl":"Saucecito","lat_gd":"-30.694432","long_gd":"-59.155205","lat_gs":"-30º41'40\"","long_gs":"-59º 9'19\"","fdc":"INDEC. ACA"},"bbox":[-59.15520466,-30.69443178,-59.15520466,-30.69443178]},{"type":"Feature","id":"bahra_paraje.6707","geometry":{"type":"MultiPoint","coordinates":[[-59.50942192,-30.52616213]]},"geometry_name":"geom","properties":{"gid":6707,"cod_pcia":"30","nom_pcia":"Entre Ríos","cod_depto":"30070","nom_depto":"La Paz","cod_ase":"30070A57","fna":"Tacuaras","tipo_asent":"Paraje","cod_aglo":null,"nom_aglo":null,"cod_agl":"309505","nom_agl":"Yacaré","lat_gd":"-30.526162","long_gd":"-59.509422","lat_gs":"-30º31'34\"","long_gs":"-59º30'34\"","fdc":"INDEC. ACA"},"bbox":[-59.50942192,-30.52616213,-59.50942192,-30.52616213]},{"type":"Feature","id":"bahra_paraje.6708","geometry":{"type":"MultiPoint","coordinates":[[-59.66475682,-31.43622787]]},"geometry_name":"geom","properties":{"gid":6708,"cod_pcia":"30","nom_pcia":"Entre Ríos","cod_depto":"30070","nom_depto":"La Paz","cod_ase":"30070A58","fna":"Talitas","tipo_asent":"Paraje","cod_aglo":null,"nom_aglo":null,"cod_agl":"300000","nom_agl":"sin gobierno local","lat_gd":"-31.436228","long_gd":"-59.664757","lat_gs":"-31º26'10\"","long_gs":"-59º39'53\"","fdc":"INDEC. ACA"},"bbox":[-59.66475682,-31.43622787,-59.66475682,-31.43622787]},{"type":"Feature","id":"bahra_paraje.6709","geometry":{"type":"MultiPoint","coordinates":[[-59.39144612,-31.00727606]]},"geometry_name":"geom","properties":{"gid":6709,"cod_pcia":"30","nom_pcia":"Entre Ríos","cod_depto":"30070","nom_depto":"La Paz","cod_ase":"30070A59","fna":"Villa Álvarez","tipo_asent":"Paraje","cod_aglo":null,"nom_aglo":null,"cod_agl":"309510","nom_agl":"Yeso Oeste","lat_gd":"-31.007276","long_gd":"-59.391446","lat_gs":"-31º 0'26\"","long_gs":"-59º23'29\"","fdc":"Mapa Educativo (GPS)"},"bbox":[-59.39144612,-31.00727606,-59.39144612,-31.00727606]},{"type":"Feature","id":"bahra_paraje.6710","geometry":{"type":"MultiPoint","coordinates":[[-59.50842104,-30.48297037]]},"geometry_name":"geom","properties":{"gid":6710,"cod_pcia":"30","nom_pcia":"Entre Ríos","cod_depto":"30070","nom_depto":"La Paz","cod_ase":"30070A60","fna":"Yacaré","tipo_asent":"Paraje","cod_aglo":null,"nom_aglo":null,"cod_agl":"309505","nom_agl":"Yacaré","lat_gd":"-30.482970","long_gd":"-59.508421","lat_gs":"-30º28'59\"","long_gs":"-59º30'30\"","fdc":"INDEC. ACA"},"bbox":[-59.50842104,-30.48297037,-59.50842104,-30.48297037]},{"type":"Feature","id":"bahra_paraje.6711","geometry":{"type":"MultiPoint","coordinates":[[-59.37151963,-30.84567653]]},"geometry_name":"geom","properties":{"gid":6711,"cod_pcia":"30","nom_pcia":"Entre Ríos","cod_depto":"30070","nom_depto":"La Paz","cod_ase":"30070A61","fna":"Yeso","tipo_asent":"Paraje","cod_aglo":null,"nom_aglo":null,"cod_agl":"309480","nom_agl":"Picada Berón","lat_gd":"-30.845677","long_gd":"-59.371520","lat_gs":"-30º50'44\"","long_gs":"-59º22'17\"","fdc":"Mapa Educativo (GPS)"},"bbox":[-59.37151963,-30.84567653,-59.37151963,-30.84567653]},{"type":"Feature","id":"bahra_paraje.6781","geometry":{"type":"MultiPoint","coordinates":[[-60.04777872,-31.42441791]]},"geometry_name":"geom","properties":{"gid":6781,"cod_pcia":"30","nom_pcia":"Entre Ríos","cod_depto":"30084","nom_depto":"Paraná","cod_ase":"30084A02","fna":"Antonio Tomás","tipo_asent":"Paraje","cod_aglo":null,"nom_aglo":null,"cod_agl":"309605","nom_agl":"Antonio Tomás","lat_gd":"-31.424418","long_gd":"-60.047779","lat_gs":"-31º25'28\"","long_gs":"-60º 2'52\"","fdc":"INDEC. ACA"},"bbox":[-60.04777872,-31.42441791,-60.04777872,-31.42441791]},{"type":"Feature","id":"bahra_paraje.6782","geometry":{"type":"MultiPoint","coordinates":[[-59.99046097,-31.46722325]]},"geometry_name":"geom","properties":{"gid":6782,"cod_pcia":"30","nom_pcia":"Entre Ríos","cod_depto":"30084","nom_depto":"Paraná","cod_ase":"30084A03","fna":"Antonio Tomás Sur","tipo_asent":"Paraje","cod_aglo":null,"nom_aglo":null,"cod_agl":"309615","nom_agl":"Arroyo Corralito","lat_gd":"-31.467223","long_gd":"-59.990461","lat_gs":"-31º28' 2\"","long_gs":"-59º59'26\"","fdc":"INDEC. ACA"},"bbox":[-59.99046097,-31.46722325,-59.99046097,-31.46722325]},{"type":"Feature","id":"bahra_paraje.6783","geometry":{"type":"MultiPoint","coordinates":[[-59.61132663,-31.50729225]]},"geometry_name":"geom","properties":{"gid":6783,"cod_pcia":"30","nom_pcia":"Entre Ríos","cod_depto":"30084","nom_depto":"Paraná","cod_ase":"30084A04","fna":"Arroyo Burgos","tipo_asent":"Paraje","cod_aglo":null,"nom_aglo":null,"cod_agl":"309610","nom_agl":"Arroyo Burgos","lat_gd":"-31.507292","long_gd":"-59.611327","lat_gs":"-31º30'26\"","long_gs":"-59º36'41\"","fdc":"INDEC. ACA"},"bbox":[-59.61132663,-31.50729225,-59.61132663,-31.50729225]},{"type":"Feature","id":"bahra_paraje.6796","geometry":{"type":"MultiPoint","coordinates":[[-59.6752587,-31.47916399]]},"geometry_name":"geom","properties":{"gid":6796,"cod_pcia":"30","nom_pcia":"Entre Ríos","cod_depto":"30084","nom_depto":"Paraná","cod_ase":"30084A17","fna":"Colonia La Gama","tipo_asent":"Paraje","cod_aglo":null,"nom_aglo":null,"cod_agl":"309695","nom_agl":"Las Garzas","lat_gd":"-31.479164","long_gd":"-59.675259","lat_gs":"-31º28'45\"","long_gs":"-59º40'31\"","fdc":"Mapa Educativo (GPS)"},"bbox":[-59.6752587,-31.47916399,-59.6752587,-31.47916399]},{"type":"Feature","id":"bahra_paraje.6801","geometry":{"type":"MultiPoint","coordinates":[[-60.11531396,-31.4546158]]},"geometry_name":"geom","properties":{"gid":6801,"cod_pcia":"30","nom_pcia":"Entre Ríos","cod_depto":"30084","nom_depto":"Paraná","cod_ase":"30084A22","fna":"Colonia Sedna","tipo_asent":"Paraje","cod_aglo":null,"nom_aglo":null,"cod_agl":"309660","nom_agl":"Curtiembre","lat_gd":"-31.454616","long_gd":"-60.115314","lat_gs":"-31º27'17\"","long_gs":"-60º 6'55\"","fdc":"Mapa Educativo (GPS)"},"bbox":[-60.11531396,-31.4546158,-60.11531396,-31.4546158]},{"type":"Feature","id":"bahra_paraje.6804","geometry":{"type":"MultiPoint","coordinates":[[-59.95640304,-31.40576024]]},"geometry_name":"geom","properties":{"gid":6804,"cod_pcia":"30","nom_pcia":"Entre Ríos","cod_depto":"30084","nom_depto":"Paraná","cod_ase":"30084A25","fna":"General Güemes","tipo_asent":"Paraje","cod_aglo":null,"nom_aglo":null,"cod_agl":"309605","nom_agl":"Antonio Tomás","lat_gd":"-31.405760","long_gd":"-59.956403","lat_gs":"-31º24'21\"","long_gs":"-59º57'23\"","fdc":"Mapa Educativo (GPS)"},"bbox":[-59.95640304,-31.40576024,-59.95640304,-31.40576024]},{"type":"Feature","id":"bahra_paraje.6812","geometry":{"type":"MultiPoint","coordinates":[[-60.0503113,-31.53205227]]},"geometry_name":"geom","properties":{"gid":6812,"cod_pcia":"30","nom_pcia":"Entre Ríos","cod_depto":"30084","nom_depto":"Paraná","cod_ase":"30084A33","fna":"Pueblo General Paz","tipo_asent":"Paraje","cod_aglo":null,"nom_aglo":null,"cod_agl":"300294","nom_agl":"Cerrito","lat_gd":"-31.532052","long_gd":"-60.050311","lat_gs":"-31º31'55\"","long_gs":"-60º 3' 1\"","fdc":"Mapa Educativo (GPS)"},"bbox":[-60.0503113,-31.53205227,-60.0503113,-31.53205227]},{"type":"Feature","id":"bahra_paraje.6813","geometry":{"type":"MultiPoint","coordinates":[[-60.01044597,-31.27070839]]},"geometry_name":"geom","properties":{"gid":6813,"cod_pcia":"30","nom_pcia":"Entre Ríos","cod_depto":"30084","nom_depto":"Paraná","cod_ase":"30084A34","fna":"Puerto Víboras","tipo_asent":"Paraje","cod_aglo":null,"nom_aglo":null,"cod_agl":"300315","nom_agl":"Hernandarias","lat_gd":"-31.270708","long_gd":"-60.010446","lat_gs":"-31º16'15\"","long_gs":"-60º 0'38\"","fdc":"Mapa Educativo (GPS)"},"bbox":[-60.01044597,-31.27070839,-60.01044597,-31.27070839]},{"type":"Feature","id":"bahra_paraje.6950","geometry":{"type":"MultiPoint","coordinates":[[-59.30760161,-31.31807502]]},"geometry_name":"geom","properties":{"gid":6950,"cod_pcia":"30","nom_pcia":"Entre Ríos","cod_depto":"30113","nom_depto":"Villaguay","cod_ase":"30113A04","fna":"Colonia Adivino","tipo_asent":"Paraje","cod_aglo":null,"nom_aglo":null,"cod_agl":"309917","nom_agl":"Colonia Adivino","lat_gd":"-31.318075","long_gd":"-59.307602","lat_gs":"-31º19' 5\"","long_gs":"-59º18'27\"","fdc":"Mapa Educativo (GPS)"},"bbox":[-59.30760161,-31.31807502,-59.30760161,-31.31807502]},{"type":"Feature","id":"bahra_paraje.6975","geometry":{"type":"MultiPoint","coordinates":[[-58.96178837,-31.39717782]]},"geometry_name":"geom","properties":{"gid":6975,"cod_pcia":"30","nom_pcia":"Entre Ríos","cod_depto":"30113","nom_depto":"Villaguay","cod_ase":"30113A28","fna":"Lucas Norte","tipo_asent":"Paraje","cod_aglo":null,"nom_aglo":null,"cod_agl":"309935","nom_agl":"Lucas Norte","lat_gd":"-31.397178","long_gd":"-58.961788","lat_gs":"-31º23'50\"","long_gs":"-58º57'42\"","fdc":"INDEC. ACA"},"bbox":[-58.96178837,-31.39717782,-58.96178837,-31.39717782]},{"type":"Feature","id":"bahra_paraje.6978","geometry":{"type":"MultiPoint","coordinates":[[-59.21206655,-31.50646298]]},"geometry_name":"geom","properties":{"gid":6978,"cod_pcia":"30","nom_pcia":"Entre Ríos","cod_depto":"30113","nom_depto":"Villaguay","cod_ase":"30113A31","fna":"Mojones Norte","tipo_asent":"Paraje","cod_aglo":null,"nom_aglo":null,"cod_agl":"309950","nom_agl":"Mojones Norte","lat_gd":"-31.506463","long_gd":"-59.212067","lat_gs":"-31º30'23\"","long_gs":"-59º12'43\"","fdc":"INDEC. ACA"},"bbox":[-59.21206655,-31.50646298,-59.21206655,-31.50646298]},{"type":"Feature","id":"bahra_paraje.6980","geometry":{"type":"MultiPoint","coordinates":[[-59.454079,-31.53240355]]},"geometry_name":"geom","properties":{"gid":6980,"cod_pcia":"30","nom_pcia":"Entre Ríos","cod_depto":"30113","nom_depto":"Villaguay","cod_ase":"30113A33","fna":"Paraje Los Algarrobos","tipo_asent":"Paraje","cod_aglo":null,"nom_aglo":null,"cod_agl":"309957","nom_agl":"Paraje Los Algarrobos","lat_gd":"-31.532404","long_gd":"-59.454079","lat_gs":"-31º31'57\"","long_gs":"-59º27'15\"","fdc":"INDEC. ACA"},"bbox":[-59.454079,-31.53240355,-59.454079,-31.53240355]},{"type":"Feature","id":"bahra_paraje.6981","geometry":{"type":"MultiPoint","coordinates":[[-59.12208049,-31.50111548]]},"geometry_name":"geom","properties":{"gid":6981,"cod_pcia":"30","nom_pcia":"Entre Ríos","cod_depto":"30113","nom_depto":"Villaguay","cod_ase":"30113A34","fna":"Paso Blanco","tipo_asent":"Paraje","cod_aglo":null,"nom_aglo":null,"cod_agl":"309950","nom_agl":"Mojones Norte","lat_gd":"-31.501115","long_gd":"-59.122080","lat_gs":"-31º30' 4\"","long_gs":"-59º 7'19\"","fdc":"Mapa Educativo"},"bbox":[-59.12208049,-31.50111548,-59.12208049,-31.50111548]},{"type":"Feature","id":"bahra_paraje.11813","geometry":{"type":"MultiPoint","coordinates":[[-60.09391346,-31.0606553]]},"geometry_name":"geom","properties":{"gid":11813,"cod_pcia":"82","nom_pcia":"Santa Fe","cod_depto":"82035","nom_depto":"Garay","cod_ase":"82035A06","fna":"Colonia Norte","tipo_asent":"Paraje","cod_aglo":null,"nom_aglo":null,"cod_agl":"822553","nom_agl":"Helvecia","lat_gd":"-31.060655","long_gd":"-60.093913","lat_gs":"-31º 3'38\"","long_gs":"-60º 5'38\"","fdc":"INDEC. ACA"},"bbox":[-60.09391346,-31.0606553,-60.09391346,-31.0606553]},{"type":"Feature","id":"bahra_paraje.11815","geometry":{"type":"MultiPoint","coordinates":[[-60.11838731,-31.08413975]]},"geometry_name":"geom","properties":{"gid":11815,"cod_pcia":"82","nom_pcia":"Santa Fe","cod_depto":"82035","nom_depto":"Garay","cod_ase":"82035A03","fna":"Colonia Helvecia Oeste","tipo_asent":"Paraje","cod_aglo":null,"nom_aglo":null,"cod_agl":"822553","nom_agl":"Helvecia","lat_gd":"-31.084140","long_gd":"-60.118387","lat_gs":"-31º 5' 3\"","long_gs":"-60º 7' 6\"","fdc":"INDEC. ACA"},"bbox":[-60.11838731,-31.08413975,-60.11838731,-31.08413975]},{"type":"Feature","id":"bahra_paraje.11817","geometry":{"type":"MultiPoint","coordinates":[[-59.99621061,-30.73986382]]},"geometry_name":"geom","properties":{"gid":11817,"cod_pcia":"82","nom_pcia":"Santa Fe","cod_depto":"82035","nom_depto":"Garay","cod_ase":"82035A07","fna":"Colonia San Joaquín","tipo_asent":"Paraje","cod_aglo":null,"nom_aglo":null,"cod_agl":"822546","nom_agl":"Colonia Mascías","lat_gd":"-30.739864","long_gd":"-59.996211","lat_gs":"-30º44'24\"","long_gs":"-59º59'46\"","fdc":"Mapa Educativo (GPS)"},"bbox":[-59.99621061,-30.73986382,-59.99621061,-30.73986382]},{"type":"Feature","id":"bahra_paraje.11818","geometry":{"type":"MultiPoint","coordinates":[[-60.24183054,-31.23413132]]},"geometry_name":"geom","properties":{"gid":11818,"cod_pcia":"82","nom_pcia":"Santa Fe","cod_depto":"82035","nom_depto":"Garay","cod_ase":"82035A15","fna":"Vuelta del Dorado","tipo_asent":"Paraje","cod_aglo":null,"nom_aglo":null,"cod_agl":"822539","nom_agl":"Cayastá","lat_gd":"-31.234131","long_gd":"-60.241831","lat_gs":"-31º14' 3\"","long_gs":"-60º14'31\"","fdc":"INDEC. ACA"},"bbox":[-60.24183054,-31.23413132,-60.24183054,-31.23413132]},{"type":"Feature","id":"bahra_paraje.11822","geometry":{"type":"MultiPoint","coordinates":[[-60.13306121,-31.11540172]]},"geometry_name":"geom","properties":{"gid":11822,"cod_pcia":"82","nom_pcia":"Santa Fe","cod_depto":"82035","nom_depto":"Garay","cod_ase":"82035A04","fna":"Colonia Helvecia Sur","tipo_asent":"Paraje","cod_aglo":null,"nom_aglo":null,"cod_agl":"822553","nom_agl":"Helvecia","lat_gd":"-31.115402","long_gd":"-60.133061","lat_gs":"-31º 6'55\"","long_gs":"-60º 7'59\"","fdc":"Mapa Educativo (GPS)"},"bbox":[-60.13306121,-31.11540172,-60.13306121,-31.11540172]},{"type":"Feature","id":"bahra_paraje.11823","geometry":{"type":"MultiPoint","coordinates":[[-60.00670821,-30.80901774]]},"geometry_name":"geom","properties":{"gid":11823,"cod_pcia":"82","nom_pcia":"Santa Fe","cod_depto":"82035","nom_depto":"Garay","cod_ase":"82035A05","fna":"Colonia Mascías","tipo_asent":"Paraje","cod_aglo":null,"nom_aglo":null,"cod_agl":"822546","nom_agl":"Colonia Mascías","lat_gd":"-30.809018","long_gd":"-60.006708","lat_gs":"-30º48'32\"","long_gs":"-60º 0'24\"","fdc":"INDEC. ACA"},"bbox":[-60.00670821,-30.80901774,-60.00670821,-30.80901774]},{"type":"Feature","id":"bahra_paraje.11824","geometry":{"type":"MultiPoint","coordinates":[[-60.13259528,-31.14553988]]},"geometry_name":"geom","properties":{"gid":11824,"cod_pcia":"82","nom_pcia":"Santa Fe","cod_depto":"82035","nom_depto":"Garay","cod_ase":"82035A02","fna":"Campo del Medio","tipo_asent":"Paraje","cod_aglo":null,"nom_aglo":null,"cod_agl":"822553","nom_agl":"Helvecia","lat_gd":"-31.145540","long_gd":"-60.132595","lat_gs":"-31º 8'44\"","long_gs":"-60º 7'57\"","fdc":"Mapa Educativo (GPS)"},"bbox":[-60.13259528,-31.14553988,-60.13259528,-31.14553988]},{"type":"Feature","id":"bahra_paraje.11825","geometry":{"type":"MultiPoint","coordinates":[[-60.09529876,-31.03615384]]},"geometry_name":"geom","properties":{"gid":11825,"cod_pcia":"82","nom_pcia":"Santa Fe","cod_depto":"82035","nom_depto":"Garay","cod_ase":"82035A01","fna":"Barrio SUPCE","tipo_asent":"Paraje","cod_aglo":null,"nom_aglo":null,"cod_agl":"822553","nom_agl":"Helvecia","lat_gd":"-31.036154","long_gd":"-60.095299","lat_gs":"-31º 2'10\"","long_gs":"-60º 5'43\"","fdc":"INDEC. ACA"},"bbox":[-60.09529876,-31.03615384,-60.09529876,-31.03615384]},{"type":"Feature","id":"bahra_paraje.11826","geometry":{"type":"MultiPoint","coordinates":[[-60.26295975,-31.2993386]]},"geometry_name":"geom","properties":{"gid":11826,"cod_pcia":"82","nom_pcia":"Santa Fe","cod_depto":"82035","nom_depto":"Garay","cod_ase":"82035A11","fna":"Los Cerrillos","tipo_asent":"Paraje","cod_aglo":null,"nom_aglo":null,"cod_agl":"822539","nom_agl":"Cayastá","lat_gd":"-31.299339","long_gd":"-60.262960","lat_gs":"-31º17'58\"","long_gs":"-60º15'47\"","fdc":"Mapa Educativo (GPS)"},"bbox":[-60.26295975,-31.2993386,-60.26295975,-31.2993386]},{"type":"Feature","id":"bahra_paraje.11827","geometry":{"type":"MultiPoint","coordinates":[[-60.06248043,-30.96120139]]},"geometry_name":"geom","properties":{"gid":11827,"cod_pcia":"82","nom_pcia":"Santa Fe","cod_depto":"82035","nom_depto":"Garay","cod_ase":"82035A00","fna":"Algarrobos","tipo_asent":"Paraje","cod_aglo":null,"nom_aglo":null,"cod_agl":"822560","nom_agl":"Saladero Mariano Cabal","lat_gd":"-30.961201","long_gd":"-60.062480","lat_gs":"-30º57'40\"","long_gs":"-60º 3'45\"","fdc":"INDEC. ACA"},"bbox":[-60.06248043,-30.96120139,-60.06248043,-30.96120139]},{"type":"Feature","id":"bahra_paraje.11829","geometry":{"type":"MultiPoint","coordinates":[[-60.27327925,-31.01315759]]},"geometry_name":"geom","properties":{"gid":11829,"cod_pcia":"82","nom_pcia":"Santa Fe","cod_depto":"82035","nom_depto":"Garay","cod_ase":"82035A10","fna":"Las Cañas","tipo_asent":"Paraje","cod_aglo":null,"nom_aglo":null,"cod_agl":"822553","nom_agl":"Helvecia","lat_gd":"-31.013158","long_gd":"-60.273279","lat_gs":"-31º 0'47\"","long_gs":"-60º16'24\"","fdc":"INDEC. ACA"},"bbox":[-60.27327925,-31.01315759,-60.27327925,-31.01315759]},{"type":"Feature","id":"bahra_paraje.11830","geometry":{"type":"MultiPoint","coordinates":[[-60.06615337,-30.97855187]]},"geometry_name":"geom","properties":{"gid":11830,"cod_pcia":"82","nom_pcia":"Santa Fe","cod_depto":"82035","nom_depto":"Garay","cod_ase":"82035A09","fna":"El Laurel","tipo_asent":"Paraje","cod_aglo":null,"nom_aglo":null,"cod_agl":"822553","nom_agl":"Helvecia","lat_gd":"-30.978552","long_gd":"-60.066153","lat_gs":"-30º58'43\"","long_gs":"-60º 3'58\"","fdc":"IGN. SIG 250"},"bbox":[-60.06615337,-30.97855187,-60.06615337,-30.97855187]},{"type":"Feature","id":"bahra_paraje.11831","geometry":{"type":"MultiPoint","coordinates":[[-59.9983837,-30.75594631]]},"geometry_name":"geom","properties":{"gid":11831,"cod_pcia":"82","nom_pcia":"Santa Fe","cod_depto":"82035","nom_depto":"Garay","cod_ase":"82035A14","fna":"San Joaquín","tipo_asent":"Paraje","cod_aglo":null,"nom_aglo":null,"cod_agl":"822546","nom_agl":"Colonia Mascías","lat_gd":"-30.755946","long_gd":"-59.998384","lat_gs":"-30º45'21\"","long_gs":"-59º59'54\"","fdc":"INDEC. ACA"},"bbox":[-59.9983837,-30.75594631,-59.9983837,-30.75594631]},{"type":"Feature","id":"bahra_paraje.11832","geometry":{"type":"MultiPoint","coordinates":[[-60.21402208,-31.22107212]]},"geometry_name":"geom","properties":{"gid":11832,"cod_pcia":"82","nom_pcia":"Santa Fe","cod_depto":"82035","nom_depto":"Garay","cod_ase":"82035A08","fna":"Cuatro Bocas","tipo_asent":"Paraje","cod_aglo":null,"nom_aglo":null,"cod_agl":"822539","nom_agl":"Cayastá","lat_gd":"-31.221072","long_gd":"-60.214022","lat_gs":"-31º13'16\"","long_gs":"-60º12'50\"","fdc":"INDEC. ACA"},"bbox":[-60.21402208,-31.22107212,-60.21402208,-31.22107212]},{"type":"Feature","id":"bahra_paraje.12327","geometry":{"type":"MultiPoint","coordinates":[[-59.9748218,-30.66583155]]},"geometry_name":"geom","properties":{"gid":12327,"cod_pcia":"82","nom_pcia":"Santa Fe","cod_depto":"82098","nom_depto":"San Javier","cod_ase":"82098A07","fna":"Colonia Francesa","tipo_asent":"Paraje","cod_aglo":null,"nom_aglo":null,"cod_agl":"820238","nom_agl":"San Javier","lat_gd":"-30.665832","long_gd":"-59.974822","lat_gs":"-30º39'57\"","long_gs":"-59º58'29\"","fdc":"INDEC. ACA"},"bbox":[-59.9748218,-30.66583155,-59.9748218,-30.66583155]},{"type":"Feature","id":"bahra_paraje.12329","geometry":{"type":"MultiPoint","coordinates":[[-59.91828321,-30.56130407]]},"geometry_name":"geom","properties":{"gid":12329,"cod_pcia":"82","nom_pcia":"Santa Fe","cod_depto":"82098","nom_depto":"San Javier","cod_ase":"82098A06","fna":"Colonia Criolla","tipo_asent":"Paraje","cod_aglo":null,"nom_aglo":null,"cod_agl":"820238","nom_agl":"San Javier","lat_gd":"-30.561304","long_gd":"-59.918283","lat_gs":"-30º33'41\"","long_gs":"-59º55' 6\"","fdc":"Mapa Educativo (GPS)"},"bbox":[-59.91828321,-30.56130407,-59.91828321,-30.56130407]},{"type":"Feature","id":"bahra_paraje.12333","geometry":{"type":"MultiPoint","coordinates":[[-59.92487706,-30.51520433]]},"geometry_name":"geom","properties":{"gid":12333,"cod_pcia":"82","nom_pcia":"Santa Fe","cod_depto":"82098","nom_depto":"San Javier","cod_ase":"82098A05","fna":"Colonia California","tipo_asent":"Paraje","cod_aglo":null,"nom_aglo":null,"cod_agl":"820238","nom_agl":"San Javier","lat_gd":"-30.515204","long_gd":"-59.924877","lat_gs":"-30º30'55\"","long_gs":"-59º55'30\"","fdc":"Mapa Educativo (GPS)"},"bbox":[-59.92487706,-30.51520433,-59.92487706,-30.51520433]},{"type":"Feature","id":"bahra_paraje.12394","geometry":{"type":"MultiPoint","coordinates":[[-60.32845147,-30.822538]]},"geometry_name":"geom","properties":{"gid":12394,"cod_pcia":"82","nom_pcia":"Santa Fe","cod_depto":"82112","nom_depto":"San Justo","cod_ase":"82112A25","fna":"ñandubay","tipo_asent":"Paraje","cod_aglo":null,"nom_aglo":null,"cod_agl":"820259","nom_agl":"San Justo","lat_gd":"-30.822538","long_gd":"-60.328451","lat_gs":"-30º49'21\"","long_gs":"-60º19'42\"","fdc":"INDEC. ACA"},"bbox":[-60.32845147,-30.822538,-60.32845147,-30.822538]},{"type":"Feature","id":"bahra_paraje.12397","geometry":{"type":"MultiPoint","coordinates":[[-60.38814184,-30.81316032]]},"geometry_name":"geom","properties":{"gid":12397,"cod_pcia":"82","nom_pcia":"Santa Fe","cod_depto":"82112","nom_depto":"San Justo","cod_ase":"82112A18","fna":"La Pepita","tipo_asent":"Paraje","cod_aglo":null,"nom_aglo":null,"cod_agl":"820259","nom_agl":"San Justo","lat_gd":"-30.813160","long_gd":"-60.388142","lat_gs":"-30º48'47\"","long_gs":"-60º23'17\"","fdc":"Mapa Educativo (GPS)"},"bbox":[-60.38814184,-30.81316032,-60.38814184,-30.81316032]},{"type":"Feature","id":"bahra_paraje.12402","geometry":{"type":"MultiPoint","coordinates":[[-60.27736772,-30.72812659]]},"geometry_name":"geom","properties":{"gid":12402,"cod_pcia":"82","nom_pcia":"Santa Fe","cod_depto":"82112","nom_depto":"San Justo","cod_ase":"82112A22","fna":"Los Saladillos","tipo_asent":"Paraje","cod_aglo":null,"nom_aglo":null,"cod_agl":"820259","nom_agl":"San Justo","lat_gd":"-30.728127","long_gd":"-60.277368","lat_gs":"-30º43'41\"","long_gs":"-60º16'39\"","fdc":"Mapa Educativo (GPS)"},"bbox":[-60.27736772,-30.72812659,-60.27736772,-30.72812659]},{"type":"Feature","id":"bahra_paraje.12407","geometry":{"type":"MultiPoint","coordinates":[[-60.3728604,-30.89477439]]},"geometry_name":"geom","properties":{"gid":12407,"cod_pcia":"82","nom_pcia":"Santa Fe","cod_depto":"82112","nom_depto":"San Justo","cod_ase":"82112A26","fna":"Paikín","tipo_asent":"Paraje","cod_aglo":null,"nom_aglo":null,"cod_agl":"820259","nom_agl":"San Justo","lat_gd":"-30.894774","long_gd":"-60.372860","lat_gs":"-30º53'41\"","long_gs":"-60º22'22\"","fdc":"Mapa Educativo (GPS)"},"bbox":[-60.3728604,-30.89477439,-60.3728604,-30.89477439]},{"type":"Feature","id":"bahra_paraje.12428","geometry":{"type":"MultiPoint","coordinates":[[-60.31025634,-30.79038086]]},"geometry_name":"geom","properties":{"gid":12428,"cod_pcia":"82","nom_pcia":"Santa Fe","cod_depto":"82112","nom_depto":"San Justo","cod_ase":"82112A00","fna":"Arrascaeta","tipo_asent":"Paraje","cod_aglo":null,"nom_aglo":null,"cod_agl":"820259","nom_agl":"San Justo","lat_gd":"-30.790381","long_gd":"-60.310256","lat_gs":"-30º47'25\"","long_gs":"-60º18'37\"","fdc":"INDEC. ACA"},"bbox":[-60.31025634,-30.79038086,-60.31025634,-30.79038086]},{"type":"Feature","id":"bahra_paraje.4777","geometry":{"type":"MultiPoint","coordinates":[[-59.17952465,-30.29567646]]},"geometry_name":"geom","properties":{"gid":4777,"cod_pcia":"18","nom_pcia":"Corrientes","cod_depto":"18049","nom_depto":"Esquina","cod_ase":"18049A01","fna":"Aquino","tipo_asent":"Paraje","cod_aglo":null,"nom_aglo":null,"cod_agl":"180091","nom_agl":"Pueblo Libertador","lat_gd":"-30.295676","long_gd":"-59.179525","lat_gs":"-30º17'44\"","long_gs":"-59º10'46\"","fdc":"Mapa Educativo (GPS)"},"bbox":[-59.17952465,-30.29567646,-59.17952465,-30.29567646]},{"type":"Feature","id":"bahra_paraje.4778","geometry":{"type":"MultiPoint","coordinates":[[-59.5481486,-30.26316312]]},"geometry_name":"geom","properties":{"gid":4778,"cod_pcia":"18","nom_pcia":"Corrientes","cod_depto":"18049","nom_depto":"Esquina","cod_ase":"18049A02","fna":"Arroyo Soro","tipo_asent":"Paraje","cod_aglo":null,"nom_aglo":null,"cod_agl":"180084","nom_agl":"Esquina","lat_gd":"-30.263163","long_gd":"-59.548149","lat_gs":"-30º15'47\"","long_gs":"-59º32'53\"","fdc":"Mapa Educativo (GPS)"},"bbox":[-59.5481486,-30.26316312,-59.5481486,-30.26316312]},{"type":"Feature","id":"bahra_paraje.4780","geometry":{"type":"MultiPoint","coordinates":[[-59.41811021,-30.20027036]]},"geometry_name":"geom","properties":{"gid":4780,"cod_pcia":"18","nom_pcia":"Corrientes","cod_depto":"18049","nom_depto":"Esquina","cod_ase":"18049A04","fna":"Campo Bordón","tipo_asent":"Paraje","cod_aglo":null,"nom_aglo":null,"cod_agl":"180091","nom_agl":"Pueblo Libertador","lat_gd":"-30.200270","long_gd":"-59.418110","lat_gs":"-30º12' 1\"","long_gs":"-59º25' 5\"","fdc":"Mapa Educativo (GPS)"},"bbox":[-59.41811021,-30.20027036,-59.41811021,-30.20027036]},{"type":"Feature","id":"bahra_paraje.4785","geometry":{"type":"MultiPoint","coordinates":[[-59.36710689,-30.25986039]]},"geometry_name":"geom","properties":{"gid":4785,"cod_pcia":"18","nom_pcia":"Corrientes","cod_depto":"18049","nom_depto":"Esquina","cod_ase":"18049A09","fna":"Coronel Abraham Schweizer","tipo_asent":"Paraje","cod_aglo":null,"nom_aglo":null,"cod_agl":"180091","nom_agl":"Pueblo Libertador","lat_gd":"-30.259860","long_gd":"-59.367107","lat_gs":"-30º15'35\"","long_gs":"-59º22' 2\"","fdc":"Mapa Educativo (GPS)"},"bbox":[-59.36710689,-30.25986039,-59.36710689,-30.25986039]},{"type":"Feature","id":"bahra_paraje.4787","geometry":{"type":"MultiPoint","coordinates":[[-59.49067438,-30.3258763]]},"geometry_name":"geom","properties":{"gid":4787,"cod_pcia":"18","nom_pcia":"Corrientes","cod_depto":"18049","nom_depto":"Esquina","cod_ase":"18049A11","fna":"Guayquiraró","tipo_asent":"Paraje","cod_aglo":null,"nom_aglo":null,"cod_agl":"180091","nom_agl":"Pueblo Libertador","lat_gd":"-30.325876","long_gd":"-59.490674","lat_gs":"-30º19'33\"","long_gs":"-59º29'26\"","fdc":"INDEC. ACA"},"bbox":[-59.49067438,-30.3258763,-59.49067438,-30.3258763]},{"type":"Feature","id":"bahra_paraje.4788","geometry":{"type":"MultiPoint","coordinates":[[-59.5307243,-30.11319104]]},"geometry_name":"geom","properties":{"gid":4788,"cod_pcia":"18","nom_pcia":"Corrientes","cod_depto":"18049","nom_depto":"Esquina","cod_ase":"18049A12","fna":"Inga","tipo_asent":"Paraje","cod_aglo":null,"nom_aglo":null,"cod_agl":"180084","nom_agl":"Esquina","lat_gd":"-30.113191","long_gd":"-59.530724","lat_gs":"-30º 6'47\"","long_gs":"-59º31'51\"","fdc":"Mapa Educativo (GPS)"},"bbox":[-59.5307243,-30.11319104,-59.5307243,-30.11319104]},{"type":"Feature","id":"bahra_paraje.4789","geometry":{"type":"MultiPoint","coordinates":[[-59.40461962,-30.2544978]]},"geometry_name":"geom","properties":{"gid":4789,"cod_pcia":"18","nom_pcia":"Corrientes","cod_depto":"18049","nom_depto":"Esquina","cod_ase":"18049A13","fna":"La Casualidad","tipo_asent":"Paraje","cod_aglo":null,"nom_aglo":null,"cod_agl":"180091","nom_agl":"Pueblo Libertador","lat_gd":"-30.254498","long_gd":"-59.404620","lat_gs":"-30º15'16\"","long_gs":"-59º24'17\"","fdc":"Mapa Educativo (GPS)"},"bbox":[-59.40461962,-30.2544978,-59.40461962,-30.2544978]},{"type":"Feature","id":"bahra_paraje.4793","geometry":{"type":"MultiPoint","coordinates":[[-59.40389482,-30.23170449]]},"geometry_name":"geom","properties":{"gid":4793,"cod_pcia":"18","nom_pcia":"Corrientes","cod_depto":"18049","nom_depto":"Esquina","cod_ase":"18049A17","fna":"La Rinconada","tipo_asent":"Paraje","cod_aglo":null,"nom_aglo":null,"cod_agl":"180091","nom_agl":"Pueblo Libertador","lat_gd":"-30.231704","long_gd":"-59.403895","lat_gs":"-30º13'54\"","long_gs":"-59º24'14\"","fdc":"Mapa Educativo (GPS)"},"bbox":[-59.40389482,-30.23170449,-59.40389482,-30.23170449]},{"type":"Feature","id":"bahra_paraje.4794","geometry":{"type":"MultiPoint","coordinates":[[-59.4750767,-30.20778987]]},"geometry_name":"geom","properties":{"gid":4794,"cod_pcia":"18","nom_pcia":"Corrientes","cod_depto":"18049","nom_depto":"Esquina","cod_ase":"18049A18","fna":"Laguna Itá","tipo_asent":"Paraje","cod_aglo":null,"nom_aglo":null,"cod_agl":"180091","nom_agl":"Pueblo Libertador","lat_gd":"-30.207790","long_gd":"-59.475077","lat_gs":"-30º12'28\"","long_gs":"-59º28'30\"","fdc":"Mapa Educativo (GPS)"},"bbox":[-59.4750767,-30.20778987,-59.4750767,-30.20778987]},{"type":"Feature","id":"bahra_paraje.4796","geometry":{"type":"MultiPoint","coordinates":[[-59.21874566,-30.30514094]]},"geometry_name":"geom","properties":{"gid":4796,"cod_pcia":"18","nom_pcia":"Corrientes","cod_depto":"18049","nom_depto":"Esquina","cod_ase":"18049A20","fna":"Las Cuchillas","tipo_asent":"Paraje","cod_aglo":null,"nom_aglo":null,"cod_agl":"180091","nom_agl":"Pueblo Libertador","lat_gd":"-30.305141","long_gd":"-59.218746","lat_gs":"-30º18'19\"","long_gs":"-59º13' 7\"","fdc":"Mapa Educativo (GPS)"},"bbox":[-59.21874566,-30.30514094,-59.21874566,-30.30514094]},{"type":"Feature","id":"bahra_paraje.4802","geometry":{"type":"MultiPoint","coordinates":[[-59.45484734,-30.31102821]]},"geometry_name":"geom","properties":{"gid":4802,"cod_pcia":"18","nom_pcia":"Corrientes","cod_depto":"18049","nom_depto":"Esquina","cod_ase":"18049A26","fna":"Papelhá","tipo_asent":"Paraje","cod_aglo":null,"nom_aglo":null,"cod_agl":"180091","nom_agl":"Pueblo Libertador","lat_gd":"-30.311028","long_gd":"-59.454847","lat_gs":"-30º18'40\"","long_gs":"-59º27'17\"","fdc":"Mapa Educativo (GPS)"},"bbox":[-59.45484734,-30.31102821,-59.45484734,-30.31102821]},{"type":"Feature","id":"bahra_paraje.4803","geometry":{"type":"MultiPoint","coordinates":[[-59.3609357,-30.31185514]]},"geometry_name":"geom","properties":{"gid":4803,"cod_pcia":"18","nom_pcia":"Corrientes","cod_depto":"18049","nom_depto":"Esquina","cod_ase":"18049A27","fna":"Paso Cejas","tipo_asent":"Paraje","cod_aglo":null,"nom_aglo":null,"cod_agl":"180091","nom_agl":"Pueblo Libertador","lat_gd":"-30.311855","long_gd":"-59.360936","lat_gs":"-30º18'43\"","long_gs":"-59º21'39\"","fdc":"Mapa Educativo (GPS)"},"bbox":[-59.3609357,-30.31185514,-59.3609357,-30.31185514]},{"type":"Feature","id":"bahra_paraje.4805","geometry":{"type":"MultiPoint","coordinates":[[-59.33184024,-30.21609498]]},"geometry_name":"geom","properties":{"gid":4805,"cod_pcia":"18","nom_pcia":"Corrientes","cod_depto":"18049","nom_depto":"Esquina","cod_ase":"18049A29","fna":"Paso Lallana","tipo_asent":"Paraje","cod_aglo":null,"nom_aglo":null,"cod_agl":"180091","nom_agl":"Pueblo Libertador","lat_gd":"-30.216095","long_gd":"-59.331840","lat_gs":"-30º12'58\"","long_gs":"-59º19'55\"","fdc":"Mapa Educativo (GPS)"},"bbox":[-59.33184024,-30.21609498,-59.33184024,-30.21609498]},{"type":"Feature","id":"bahra_paraje.4806","geometry":{"type":"MultiPoint","coordinates":[[-59.25939467,-30.35925246]]},"geometry_name":"geom","properties":{"gid":4806,"cod_pcia":"18","nom_pcia":"Corrientes","cod_depto":"18049","nom_depto":"Esquina","cod_ase":"18049A30","fna":"Paso Yunque","tipo_asent":"Paraje","cod_aglo":null,"nom_aglo":null,"cod_agl":"180091","nom_agl":"Pueblo Libertador","lat_gd":"-30.359252","long_gd":"-59.259395","lat_gs":"-30º21'33\"","long_gs":"-59º15'34\"","fdc":"INDEC. ACA"},"bbox":[-59.25939467,-30.35925246,-59.25939467,-30.35925246]},{"type":"Feature","id":"bahra_paraje.4808","geometry":{"type":"MultiPoint","coordinates":[[-59.54915407,-30.30066301]]},"geometry_name":"geom","properties":{"gid":4808,"cod_pcia":"18","nom_pcia":"Corrientes","cod_depto":"18049","nom_depto":"Esquina","cod_ase":"18049A32","fna":"Rincón de Guayquiraró","tipo_asent":"Paraje","cod_aglo":null,"nom_aglo":null,"cod_agl":"180084","nom_agl":"Esquina","lat_gd":"-30.300663","long_gd":"-59.549154","lat_gs":"-30º18' 2\"","long_gs":"-59º32'57\"","fdc":"Mapa Educativo (GPS)"},"bbox":[-59.54915407,-30.30066301,-59.54915407,-30.30066301]},{"type":"Feature","id":"bahra_paraje.4809","geometry":{"type":"MultiPoint","coordinates":[[-59.30406949,-30.19116504]]},"geometry_name":"geom","properties":{"gid":4809,"cod_pcia":"18","nom_pcia":"Corrientes","cod_depto":"18049","nom_depto":"Esquina","cod_ase":"18049A33","fna":"Rincón del Sarandí","tipo_asent":"Paraje","cod_aglo":null,"nom_aglo":null,"cod_agl":"180084","nom_agl":"Esquina","lat_gd":"-30.191165","long_gd":"-59.304069","lat_gs":"-30º11'28\"","long_gs":"-59º18'15\"","fdc":"Mapa Educativo (GPS)"},"bbox":[-59.30406949,-30.19116504,-59.30406949,-30.19116504]},{"type":"Feature","id":"bahra_paraje.4810","geometry":{"type":"MultiPoint","coordinates":[[-59.25045242,-30.14889569]]},"geometry_name":"geom","properties":{"gid":4810,"cod_pcia":"18","nom_pcia":"Corrientes","cod_depto":"18049","nom_depto":"Esquina","cod_ase":"18049A34","fna":"San Antonio","tipo_asent":"Paraje","cod_aglo":null,"nom_aglo":null,"cod_agl":"180084","nom_agl":"Esquina","lat_gd":"-30.148896","long_gd":"-59.250452","lat_gs":"-30º 8'56\"","long_gs":"-59º15' 2\"","fdc":"Mapa Educativo (GPS)"},"bbox":[-59.25045242,-30.14889569,-59.25045242,-30.14889569]},{"type":"Feature","id":"bahra_paraje.4813","geometry":{"type":"MultiPoint","coordinates":[[-59.20256722,-30.2213078]]},"geometry_name":"geom","properties":{"gid":4813,"cod_pcia":"18","nom_pcia":"Corrientes","cod_depto":"18049","nom_depto":"Esquina","cod_ase":"18049A37","fna":"Santa María","tipo_asent":"Paraje","cod_aglo":null,"nom_aglo":null,"cod_agl":"180091","nom_agl":"Pueblo Libertador","lat_gd":"-30.221308","long_gd":"-59.202567","lat_gs":"-30º13'17\"","long_gs":"-59º12' 9\"","fdc":"INDEC. ACA"},"bbox":[-59.20256722,-30.2213078,-59.20256722,-30.2213078]},{"type":"Feature","id":"bahra_paraje.4814","geometry":{"type":"MultiPoint","coordinates":[[-59.53027224,-30.15425238]]},"geometry_name":"geom","properties":{"gid":4814,"cod_pcia":"18","nom_pcia":"Corrientes","cod_depto":"18049","nom_depto":"Esquina","cod_ase":"18049A38","fna":"Santo Domingo","tipo_asent":"Paraje","cod_aglo":null,"nom_aglo":null,"cod_agl":"180084","nom_agl":"Esquina","lat_gd":"-30.154252","long_gd":"-59.530272","lat_gs":"-30º 9'15\"","long_gs":"-59º31'49\"","fdc":"Mapa Educativo (GPS)"},"bbox":[-59.53027224,-30.15425238,-59.53027224,-30.15425238]},{"type":"Feature","id":"bahra_paraje.4815","geometry":{"type":"MultiPoint","coordinates":[[-59.45163971,-30.12968233]]},"geometry_name":"geom","properties":{"gid":4815,"cod_pcia":"18","nom_pcia":"Corrientes","cod_depto":"18049","nom_depto":"Esquina","cod_ase":"18049A39","fna":"Sarandí","tipo_asent":"Paraje","cod_aglo":null,"nom_aglo":null,"cod_agl":"180084","nom_agl":"Esquina","lat_gd":"-30.129682","long_gd":"-59.451640","lat_gs":"-30º 7'47\"","long_gs":"-59º27' 6\"","fdc":"Mapa Educativo (GPS)"},"bbox":[-59.45163971,-30.12968233,-59.45163971,-30.12968233]},{"type":"Feature","id":"bahra_paraje.4817","geometry":{"type":"MultiPoint","coordinates":[[-59.4953369,-30.25860548]]},"geometry_name":"geom","properties":{"gid":4817,"cod_pcia":"18","nom_pcia":"Corrientes","cod_depto":"18049","nom_depto":"Esquina","cod_ase":"18049A41","fna":"Tres Mojones","tipo_asent":"Paraje","cod_aglo":null,"nom_aglo":null,"cod_agl":"180084","nom_agl":"Esquina","lat_gd":"-30.258605","long_gd":"-59.495337","lat_gs":"-30º15'31\"","long_gs":"-59º29'43\"","fdc":"Mapa Educativo (GPS)"},"bbox":[-59.4953369,-30.25860548,-59.4953369,-30.25860548]},{"type":"Feature","id":"bahra_paraje.4818","geometry":{"type":"MultiPoint","coordinates":[[-59.55013066,-30.24008103]]},"geometry_name":"geom","properties":{"gid":4818,"cod_pcia":"18","nom_pcia":"Corrientes","cod_depto":"18049","nom_depto":"Esquina","cod_ase":"18049A42","fna":"Villa Rosa","tipo_asent":"Paraje","cod_aglo":null,"nom_aglo":null,"cod_agl":"180084","nom_agl":"Esquina","lat_gd":"-30.240081","long_gd":"-59.550131","lat_gs":"-30º14'24\"","long_gs":"-59º33' 0\"","fdc":"Mapa Educativo (GPS)"},"bbox":[-59.55013066,-30.24008103,-59.55013066,-30.24008103]},{"type":"Feature","id":"bahra_paraje.5256","geometry":{"type":"MultiPoint","coordinates":[[-59.06057774,-30.1900431]]},"geometry_name":"geom","properties":{"gid":5256,"cod_pcia":"18","nom_pcia":"Corrientes","cod_depto":"18175","nom_depto":"Sauce","cod_ase":"18175A01","fna":"Cañaditas","tipo_asent":"Paraje","cod_aglo":null,"nom_aglo":null,"cod_agl":"180455","nom_agl":"Sauce","lat_gd":"-30.190043","long_gd":"-59.060578","lat_gs":"-30º11'24\"","long_gs":"-59º 3'38\"","fdc":"INDEC. ACA"},"bbox":[-59.06057774,-30.1900431,-59.06057774,-30.1900431]},{"type":"Feature","id":"bahra_paraje.5258","geometry":{"type":"MultiPoint","coordinates":[[-59.11880713,-30.20118284]]},"geometry_name":"geom","properties":{"gid":5258,"cod_pcia":"18","nom_pcia":"Corrientes","cod_depto":"18175","nom_depto":"Sauce","cod_ase":"18175A03","fna":"El Rosario","tipo_asent":"Paraje","cod_aglo":null,"nom_aglo":null,"cod_agl":"180455","nom_agl":"Sauce","lat_gd":"-30.201183","long_gd":"-59.118807","lat_gs":"-30º12' 4\"","long_gs":"-59º 7' 8\"","fdc":"Mapa Educativo (GPS)"},"bbox":[-59.11880713,-30.20118284,-59.11880713,-30.20118284]},{"type":"Feature","id":"bahra_paraje.5259","geometry":{"type":"MultiPoint","coordinates":[[-58.91406851,-30.12083635]]},"geometry_name":"geom","properties":{"gid":5259,"cod_pcia":"18","nom_pcia":"Corrientes","cod_depto":"18175","nom_depto":"Sauce","cod_ase":"18175A04","fna":"Francisco Gómez","tipo_asent":"Paraje","cod_aglo":null,"nom_aglo":null,"cod_agl":"180455","nom_agl":"Sauce","lat_gd":"-30.120836","long_gd":"-58.914069","lat_gs":"-30º 7'15\"","long_gs":"-58º54'51\"","fdc":"Mapa Educativo (GPS)"},"bbox":[-58.91406851,-30.12083635,-58.91406851,-30.12083635]},{"type":"Feature","id":"bahra_paraje.5264","geometry":{"type":"MultiPoint","coordinates":[[-58.96036068,-30.19098499]]},"geometry_name":"geom","properties":{"gid":5264,"cod_pcia":"18","nom_pcia":"Corrientes","cod_depto":"18175","nom_depto":"Sauce","cod_ase":"18175A09","fna":"Paso Bermúdez","tipo_asent":"Paraje","cod_aglo":null,"nom_aglo":null,"cod_agl":"180455","nom_agl":"Sauce","lat_gd":"-30.190985","long_gd":"-58.960361","lat_gs":"-30º11'28\"","long_gs":"-58º57'37\"","fdc":"Mapa Educativo (GPS)"},"bbox":[-58.96036068,-30.19098499,-58.96036068,-30.19098499]},{"type":"Feature","id":"bahra_paraje.6515","geometry":{"type":"MultiPoint","coordinates":[[-59.03039418,-30.27290698]]},"geometry_name":"geom","properties":{"gid":6515,"cod_pcia":"30","nom_pcia":"Entre Ríos","cod_depto":"30042","nom_depto":"Feliciano","cod_ase":"30042A02","fna":"Chañar","tipo_asent":"Paraje","cod_aglo":null,"nom_aglo":null,"cod_agl":"309230","nom_agl":"Distrito Chañar","lat_gd":"-30.272907","long_gd":"-59.030394","lat_gs":"-30º16'22\"","long_gs":"-59º 1'49\"","fdc":"INDEC. ACA"},"bbox":[-59.03039418,-30.27290698,-59.03039418,-30.27290698]},{"type":"Feature","id":"bahra_paraje.6517","geometry":{"type":"MultiPoint","coordinates":[[-59.14991851,-30.3669094]]},"geometry_name":"geom","properties":{"gid":6517,"cod_pcia":"30","nom_pcia":"Entre Ríos","cod_depto":"30042","nom_depto":"Feliciano","cod_ase":"30042A04","fna":"Costa de Mulas","tipo_asent":"Paraje","cod_aglo":null,"nom_aglo":null,"cod_agl":"309260","nom_agl":"Mulas Grandes","lat_gd":"-30.366909","long_gd":"-59.149919","lat_gs":"-30º22' 1\"","long_gs":"-59º 8'60\"","fdc":"Mapa Educativo (GPS)"},"bbox":[-59.14991851,-30.3669094,-59.14991851,-30.3669094]},{"type":"Feature","id":"bahra_paraje.6526","geometry":{"type":"MultiPoint","coordinates":[[-58.99680207,-30.37932531]]},"geometry_name":"geom","properties":{"gid":6526,"cod_pcia":"30","nom_pcia":"Entre Ríos","cod_depto":"30042","nom_depto":"Feliciano","cod_ase":"30042A13","fna":"Las Mulitas","tipo_asent":"Paraje","cod_aglo":null,"nom_aglo":null,"cod_agl":"309230","nom_agl":"Distrito Chañar","lat_gd":"-30.379325","long_gd":"-58.996802","lat_gs":"-30º22'46\"","long_gs":"-58º59'48\"","fdc":"Mapa Educativo (GPS)"},"bbox":[-58.99680207,-30.37932531,-58.99680207,-30.37932531]},{"type":"Feature","id":"bahra_paraje.6527","geometry":{"type":"MultiPoint","coordinates":[[-59.06060582,-30.31871519]]},"geometry_name":"geom","properties":{"gid":6527,"cod_pcia":"30","nom_pcia":"Entre Ríos","cod_depto":"30042","nom_depto":"Feliciano","cod_ase":"30042A14","fna":"Mulas Grandes","tipo_asent":"Paraje","cod_aglo":null,"nom_aglo":null,"cod_agl":"309230","nom_agl":"Distrito Chañar","lat_gd":"-30.318715","long_gd":"-59.060606","lat_gs":"-30º19' 7\"","long_gs":"-59º 3'38\"","fdc":"Mapa Educativo (GPS)"},"bbox":[-59.06060582,-30.31871519,-59.06060582,-30.31871519]},{"type":"Feature","id":"bahra_paraje.6528","geometry":{"type":"MultiPoint","coordinates":[[-58.89871198,-30.42345702]]},"geometry_name":"geom","properties":{"gid":6528,"cod_pcia":"30","nom_pcia":"Entre Ríos","cod_depto":"30042","nom_depto":"Feliciano","cod_ase":"30042A15","fna":"Palo a Pique","tipo_asent":"Paraje","cod_aglo":null,"nom_aglo":null,"cod_agl":"309265","nom_agl":"San Víctor","lat_gd":"-30.423457","long_gd":"-58.898712","lat_gs":"-30º25'24\"","long_gs":"-58º53'55\"","fdc":"Mapa Educativo (GPS)"},"bbox":[-58.89871198,-30.42345702,-58.89871198,-30.42345702]},{"type":"Feature","id":"bahra_paraje.6698","geometry":{"type":"MultiPoint","coordinates":[[-59.51444927,-30.35209234]]},"geometry_name":"geom","properties":{"gid":6698,"cod_pcia":"30","nom_pcia":"Entre Ríos","cod_depto":"30070","nom_depto":"La Paz","cod_ase":"30070A48","fna":"Paso Telégrafo","tipo_asent":"Paraje","cod_aglo":null,"nom_aglo":null,"cod_agl":"300000","nom_agl":"sin gobierno local","lat_gd":"-30.352092","long_gd":"-59.514449","lat_gs":"-30º21' 8\"","long_gs":"-59º30'52\"","fdc":"Mapa Educativo (GPS)"},"bbox":[-59.51444927,-30.35209234,-59.51444927,-30.35209234]},{"type":"Feature","id":"bahra_paraje.6699","geometry":{"type":"MultiPoint","coordinates":[[-59.25896231,-30.38527739]]},"geometry_name":"geom","properties":{"gid":6699,"cod_pcia":"30","nom_pcia":"Entre Ríos","cod_depto":"30070","nom_depto":"La Paz","cod_ase":"30070A49","fna":"Paso Yunque","tipo_asent":"Paraje","cod_aglo":null,"nom_aglo":null,"cod_agl":"300000","nom_agl":"sin gobierno local","lat_gd":"-30.385277","long_gd":"-59.258962","lat_gs":"-30º23' 7\"","long_gs":"-59º15'32\"","fdc":"INDEC. ACA"},"bbox":[-59.25896231,-30.38527739,-59.25896231,-30.38527739]},{"type":"Feature","id":"bahra_paraje.12319","geometry":{"type":"MultiPoint","coordinates":[[-59.91981426,-30.17545119]]},"geometry_name":"geom","properties":{"gid":12319,"cod_pcia":"82","nom_pcia":"Santa Fe","cod_depto":"82098","nom_depto":"San Javier","cod_ase":"82098A25","fna":"Villa San Antonio","tipo_asent":"Paraje","cod_aglo":null,"nom_aglo":null,"cod_agl":"823687","nom_agl":"Alejandra","lat_gd":"-30.175451","long_gd":"-59.919814","lat_gs":"-30º10'32\"","long_gs":"-59º55'11\"","fdc":"Mapa Educativo (GPS)"},"bbox":[-59.91981426,-30.17545119,-59.91981426,-30.17545119]},{"type":"Feature","id":"bahra_paraje.12320","geometry":{"type":"MultiPoint","coordinates":[[-59.89122786,-30.14282458]]},"geometry_name":"geom","properties":{"gid":12320,"cod_pcia":"82","nom_pcia":"Santa Fe","cod_depto":"82098","nom_depto":"San Javier","cod_ase":"82098A23","fna":"Los Jacintos","tipo_asent":"Paraje","cod_aglo":null,"nom_aglo":null,"cod_agl":"823687","nom_agl":"Alejandra","lat_gd":"-30.142825","long_gd":"-59.891228","lat_gs":"-30º 8'34\"","long_gs":"-59º53'28\"","fdc":"Mapa Educativo (GPS)"},"bbox":[-59.89122786,-30.14282458,-59.89122786,-30.14282458]},{"type":"Feature","id":"bahra_paraje.12322","geometry":{"type":"MultiPoint","coordinates":[[-59.97913843,-30.3220878]]},"geometry_name":"geom","properties":{"gid":12322,"cod_pcia":"82","nom_pcia":"Santa Fe","cod_depto":"82098","nom_depto":"San Javier","cod_ase":"82098A15","fna":"Colonia Yatay","tipo_asent":"Paraje","cod_aglo":null,"nom_aglo":null,"cod_agl":"820238","nom_agl":"San Javier","lat_gd":"-30.322088","long_gd":"-59.979138","lat_gs":"-30º19'20\"","long_gs":"-59º58'45\"","fdc":"INDEC. ACA"},"bbox":[-59.97913843,-30.3220878,-59.97913843,-30.3220878]},{"type":"Feature","id":"bahra_paraje.12323","geometry":{"type":"MultiPoint","coordinates":[[-59.97373834,-30.34187155]]},"geometry_name":"geom","properties":{"gid":12323,"cod_pcia":"82","nom_pcia":"Santa Fe","cod_depto":"82098","nom_depto":"San Javier","cod_ase":"82098A10","fna":"Colonia San Ignacio","tipo_asent":"Paraje","cod_aglo":null,"nom_aglo":null,"cod_agl":"820238","nom_agl":"San Javier","lat_gd":"-30.341872","long_gd":"-59.973738","lat_gs":"-30º20'31\"","long_gs":"-59º58'25\"","fdc":"Mapa Educativo (GPS)"},"bbox":[-59.97373834,-30.34187155,-59.97373834,-30.34187155]},{"type":"Feature","id":"bahra_paraje.12325","geometry":{"type":"MultiPoint","coordinates":[[-59.94697149,-30.41213908]]},"geometry_name":"geom","properties":{"gid":12325,"cod_pcia":"82","nom_pcia":"Santa Fe","cod_depto":"82098","nom_depto":"San Javier","cod_ase":"82098A11","fna":"Colonia San José","tipo_asent":"Paraje","cod_aglo":null,"nom_aglo":null,"cod_agl":"820238","nom_agl":"San Javier","lat_gd":"-30.412139","long_gd":"-59.946971","lat_gs":"-30º24'44\"","long_gs":"-59º56'49\"","fdc":"Mapa Educativo (GPS)"},"bbox":[-59.94697149,-30.41213908,-59.94697149,-30.41213908]},{"type":"Feature","id":"bahra_paraje.12337","geometry":{"type":"MultiPoint","coordinates":[[-59.97268039,-30.25183594]]},"geometry_name":"geom","properties":{"gid":12337,"cod_pcia":"82","nom_pcia":"Santa Fe","cod_depto":"82098","nom_depto":"San Javier","cod_ase":"82098A13","fna":"Colonia Teresa","tipo_asent":"Paraje","cod_aglo":null,"nom_aglo":null,"cod_agl":"820238","nom_agl":"San Javier","lat_gd":"-30.251836","long_gd":"-59.972680","lat_gs":"-30º15' 7\"","long_gs":"-59º58'22\"","fdc":"Mapa Educativo (GPS)"},"bbox":[-59.97268039,-30.25183594,-59.97268039,-30.25183594]},{"type":"Feature","id":"bahra_paraje.12390","geometry":{"type":"MultiPoint","coordinates":[[-60.25770448,-30.17279653]]},"geometry_name":"geom","properties":{"gid":12390,"cod_pcia":"82","nom_pcia":"Santa Fe","cod_depto":"82112","nom_depto":"San Justo","cod_ase":"82112A12","fna":"La Cabaña","tipo_asent":"Paraje","cod_aglo":null,"nom_aglo":null,"cod_agl":"823967","nom_agl":"Vera y Pintado","lat_gd":"-30.172797","long_gd":"-60.257704","lat_gs":"-30º10'22\"","long_gs":"-60º15'28\"","fdc":"Mapa Educativo (GPS)"},"bbox":[-60.25770448,-30.17279653,-60.25770448,-30.17279653]},{"type":"Feature","id":"bahra_paraje.12403","geometry":{"type":"MultiPoint","coordinates":[[-60.49092193,-30.19325423]]},"geometry_name":"geom","properties":{"gid":12403,"cod_pcia":"82","nom_pcia":"Santa Fe","cod_depto":"82112","nom_depto":"San Justo","cod_ase":"82112A11","fna":"La Blanca","tipo_asent":"Paraje","cod_aglo":null,"nom_aglo":null,"cod_agl":"823904","nom_agl":"La Criolla","lat_gd":"-30.193254","long_gd":"-60.490922","lat_gs":"-30º11'36\"","long_gs":"-60º29'27\"","fdc":"INDEC. ACA"},"bbox":[-60.49092193,-30.19325423,-60.49092193,-30.19325423]},{"type":"Feature","id":"bahra_paraje.12424","geometry":{"type":"MultiPoint","coordinates":[[-60.46618058,-30.19872202]]},"geometry_name":"geom","properties":{"gid":12424,"cod_pcia":"82","nom_pcia":"Santa Fe","cod_depto":"82112","nom_depto":"San Justo","cod_ase":"82112A05","fna":"Colonia La Blanca","tipo_asent":"Paraje","cod_aglo":null,"nom_aglo":null,"cod_agl":"823904","nom_agl":"La Criolla","lat_gd":"-30.198722","long_gd":"-60.466181","lat_gs":"-30º11'55\"","long_gs":"-60º27'58\"","fdc":"Mapa Educativo (GPS)"},"bbox":[-60.46618058,-30.19872202,-60.46618058,-30.19872202]},{"type":"Feature","id":"bahra_paraje.12427","geometry":{"type":"MultiPoint","coordinates":[[-60.21623859,-30.25250852]]},"geometry_name":"geom","properties":{"gid":12427,"cod_pcia":"82","nom_pcia":"Santa Fe","cod_depto":"82112","nom_depto":"San Justo","cod_ase":"82112A21","fna":"Laguna del Platero","tipo_asent":"Paraje","cod_aglo":null,"nom_aglo":null,"cod_agl":"823953","nom_agl":"San Martín Norte","lat_gd":"-30.252509","long_gd":"-60.216239","lat_gs":"-30º15' 9\"","long_gs":"-60º12'58\"","fdc":"INDEC. ACA"},"bbox":[-60.21623859,-30.25250852,-60.21623859,-30.25250852]},{"type":"Feature","id":"bahra_paraje.12429","geometry":{"type":"MultiPoint","coordinates":[[-60.27485098,-30.23911841]]},"geometry_name":"geom","properties":{"gid":12429,"cod_pcia":"82","nom_pcia":"Santa Fe","cod_depto":"82112","nom_depto":"San Justo","cod_ase":"82112A08","fna":"Colonia Ovejita","tipo_asent":"Paraje","cod_aglo":null,"nom_aglo":null,"cod_agl":"823953","nom_agl":"San Martín Norte","lat_gd":"-30.239118","long_gd":"-60.274851","lat_gs":"-30º14'21\"","long_gs":"-60º16'29\"","fdc":"Mapa Educativo (GPS)"},"bbox":[-60.27485098,-30.23911841,-60.27485098,-30.23911841]},{"type":"Feature","id":"bahra_paraje.12430","geometry":{"type":"MultiPoint","coordinates":[[-60.17966203,-30.14283925]]},"geometry_name":"geom","properties":{"gid":12430,"cod_pcia":"82","nom_pcia":"Santa Fe","cod_depto":"82112","nom_depto":"San Justo","cod_ase":"82112A20","fna":"Laguna del Plata","tipo_asent":"Paraje","cod_aglo":null,"nom_aglo":null,"cod_agl":"823967","nom_agl":"Vera y Pintado","lat_gd":"-30.142839","long_gd":"-60.179662","lat_gs":"-30º 8'34\"","long_gs":"-60º10'47\"","fdc":"INDEC. ACA"},"bbox":[-60.17966203,-30.14283925,-60.17966203,-30.14283925]},{"type":"Feature","id":"bahra_paraje.4706","geometry":{"type":"MultiPoint","coordinates":[[-58.17546498,-30.21214831]]},"geometry_name":"geom","properties":{"gid":4706,"cod_pcia":"18","nom_pcia":"Corrientes","cod_depto":"18035","nom_depto":"Curuzú Cuatiá","cod_ase":"18035A02","fna":"Arroyo Portillo","tipo_asent":"Paraje","cod_aglo":null,"nom_aglo":null,"cod_agl":"180063","nom_agl":"Curuzú Cuatiá","lat_gd":"-30.212148","long_gd":"-58.175465","lat_gs":"-30º12'44\"","long_gs":"-58º10'32\"","fdc":"Mapa Educativo (GPS)"},"bbox":[-58.17546498,-30.21214831,-58.17546498,-30.21214831]},{"type":"Feature","id":"bahra_paraje.4710","geometry":{"type":"MultiPoint","coordinates":[[-58.45984072,-30.19447926]]},"geometry_name":"geom","properties":{"gid":4710,"cod_pcia":"18","nom_pcia":"Corrientes","cod_depto":"18035","nom_depto":"Curuzú Cuatiá","cod_ase":"18035A06","fna":"Basualdo","tipo_asent":"Paraje","cod_aglo":null,"nom_aglo":null,"cod_agl":"180063","nom_agl":"Curuzú Cuatiá","lat_gd":"-30.194479","long_gd":"-58.459841","lat_gs":"-30º11'40\"","long_gs":"-58º27'35\"","fdc":"INDEC. ACA"},"bbox":[-58.45984072,-30.19447926,-58.45984072,-30.19447926]},{"type":"Feature","id":"bahra_paraje.4712","geometry":{"type":"MultiPoint","coordinates":[[-58.43553765,-30.1502019]]},"geometry_name":"geom","properties":{"gid":4712,"cod_pcia":"18","nom_pcia":"Corrientes","cod_depto":"18035","nom_depto":"Curuzú Cuatiá","cod_ase":"18035A08","fna":"Colonia Pairirí","tipo_asent":"Paraje","cod_aglo":null,"nom_aglo":null,"cod_agl":"180063","nom_agl":"Curuzú Cuatiá","lat_gd":"-30.150202","long_gd":"-58.435538","lat_gs":"-30º 9' 1\"","long_gs":"-58º26' 8\"","fdc":"Mapa Educativo"},"bbox":[-58.43553765,-30.1502019,-58.43553765,-30.1502019]},{"type":"Feature","id":"bahra_paraje.4717","geometry":{"type":"MultiPoint","coordinates":[[-58.33138142,-30.14825332]]},"geometry_name":"geom","properties":{"gid":4717,"cod_pcia":"18","nom_pcia":"Corrientes","cod_depto":"18035","nom_depto":"Curuzú Cuatiá","cod_ase":"18035A13","fna":"Garay","tipo_asent":"Paraje","cod_aglo":null,"nom_aglo":null,"cod_agl":"180063","nom_agl":"Curuzú Cuatiá","lat_gd":"-30.148253","long_gd":"-58.331381","lat_gs":"-30º 8'54\"","long_gs":"-58º19'53\"","fdc":"Mapa Educativo (GPS)"},"bbox":[-58.33138142,-30.14825332,-58.33138142,-30.14825332]},{"type":"Feature","id":"bahra_paraje.4722","geometry":{"type":"MultiPoint","coordinates":[[-58.08677895,-30.34843529]]},"geometry_name":"geom","properties":{"gid":4722,"cod_pcia":"18","nom_pcia":"Corrientes","cod_depto":"18035","nom_depto":"Curuzú Cuatiá","cod_ase":"18035A18","fna":"Las Palmas","tipo_asent":"Paraje","cod_aglo":null,"nom_aglo":null,"cod_agl":"180063","nom_agl":"Curuzú Cuatiá","lat_gd":"-30.348435","long_gd":"-58.086779","lat_gs":"-30º20'54\"","long_gs":"-58º 5'12\"","fdc":"INDEC. ACA"},"bbox":[-58.08677895,-30.34843529,-58.08677895,-30.34843529]},{"type":"Feature","id":"bahra_paraje.4725","geometry":{"type":"MultiPoint","coordinates":[[-58.07724168,-30.12360486]]},"geometry_name":"geom","properties":{"gid":4725,"cod_pcia":"18","nom_pcia":"Corrientes","cod_depto":"18035","nom_depto":"Curuzú Cuatiá","cod_ase":"18035A21","fna":"María Carapé","tipo_asent":"Paraje","cod_aglo":null,"nom_aglo":null,"cod_agl":"180063","nom_agl":"Curuzú Cuatiá","lat_gd":"-30.123605","long_gd":"-58.077242","lat_gs":"-30º 7'25\"","long_gs":"-58º 4'38\"","fdc":"Mapa Educativo (GPS)"},"bbox":[-58.07724168,-30.12360486,-58.07724168,-30.12360486]},{"type":"Feature","id":"bahra_paraje.4732","geometry":{"type":"MultiPoint","coordinates":[[-58.24098484,-30.27355506]]},"geometry_name":"geom","properties":{"gid":4732,"cod_pcia":"30","nom_pcia":"Entre Ríos","cod_depto":"18035","nom_depto":"Curuzú Cuatiá","cod_ase":"18035A28","fna":"Paso Frontera","tipo_asent":"Paraje","cod_aglo":null,"nom_aglo":null,"cod_agl":"180063","nom_agl":"Curuzú Cuatiá","lat_gd":"-30.273555","long_gd":"-58.240985","lat_gs":"-30º16'25\"","long_gs":"-58º14'28\"","fdc":"INDEC. ACA"},"bbox":[-58.24098484,-30.27355506,-58.24098484,-30.27355506]},{"type":"Feature","id":"bahra_paraje.4734","geometry":{"type":"MultiPoint","coordinates":[[-58.25311918,-30.20471392]]},"geometry_name":"geom","properties":{"gid":4734,"cod_pcia":"18","nom_pcia":"Corrientes","cod_depto":"18035","nom_depto":"Curuzú Cuatiá","cod_ase":"18035A30","fna":"Pedro Díaz Colodrero","tipo_asent":"Paraje","cod_aglo":null,"nom_aglo":null,"cod_agl":"180063","nom_agl":"Curuzú Cuatiá","lat_gd":"-30.204714","long_gd":"-58.253119","lat_gs":"-30º12'17\"","long_gs":"-58º15'11\"","fdc":"IGN. SIG 250"},"bbox":[-58.25311918,-30.20471392,-58.25311918,-30.20471392]},{"type":"Feature","id":"bahra_paraje.4736","geometry":{"type":"MultiPoint","coordinates":[[-58.11976006,-30.32240858]]},"geometry_name":"geom","properties":{"gid":4736,"cod_pcia":"18","nom_pcia":"Corrientes","cod_depto":"18035","nom_depto":"Curuzú Cuatiá","cod_ase":"18035A32","fna":"Rincón de Tunas","tipo_asent":"Paraje","cod_aglo":null,"nom_aglo":null,"cod_agl":"180063","nom_agl":"Curuzú Cuatiá","lat_gd":"-30.322409","long_gd":"-58.119760","lat_gs":"-30º19'21\"","long_gs":"-58º 7'11\"","fdc":"Mapa Educativo (GPS)"},"bbox":[-58.11976006,-30.32240858,-58.11976006,-30.32240858]},{"type":"Feature","id":"bahra_paraje.5050","geometry":{"type":"MultiPoint","coordinates":[[-57.77978529,-30.36372932]]},"geometry_name":"geom","properties":{"gid":5050,"cod_pcia":"18","nom_pcia":"Corrientes","cod_depto":"18112","nom_depto":"Monte Caseros","cod_ase":"18112A01","fna":"Colonia Buen Retiro","tipo_asent":"Paraje","cod_aglo":null,"nom_aglo":null,"cod_agl":"180259","nom_agl":"Juan Pujol","lat_gd":"-30.363729","long_gd":"-57.779785","lat_gs":"-30º21'49\"","long_gs":"-57º46'47\"","fdc":"Mapa Educativo (GPS)"},"bbox":[-57.77978529,-30.36372932,-57.77978529,-30.36372932]},{"type":"Feature","id":"bahra_paraje.5053","geometry":{"type":"MultiPoint","coordinates":[[-57.79549635,-30.32848135]]},"geometry_name":"geom","properties":{"gid":5053,"cod_pcia":"18","nom_pcia":"Corrientes","cod_depto":"18112","nom_depto":"Monte Caseros","cod_ase":"18112A04","fna":"Colonia San Francisco","tipo_asent":"Paraje","cod_aglo":null,"nom_aglo":null,"cod_agl":"180273","nom_agl":"Monte Caseros","lat_gd":"-30.328481","long_gd":"-57.795496","lat_gs":"-30º19'43\"","long_gs":"-57º47'44\"","fdc":"Mapa Educativo (GPS)"},"bbox":[-57.79549635,-30.32848135,-57.79549635,-30.32848135]},{"type":"Feature","id":"bahra_paraje.5057","geometry":{"type":"MultiPoint","coordinates":[[-57.70942722,-30.17463793]]},"geometry_name":"geom","properties":{"gid":5057,"cod_pcia":"18","nom_pcia":"Corrientes","cod_depto":"18112","nom_depto":"Monte Caseros","cod_ase":"18112A08","fna":"Dos Vías","tipo_asent":"Paraje","cod_aglo":null,"nom_aglo":null,"cod_agl":"180273","nom_agl":"Monte Caseros","lat_gd":"-30.174638","long_gd":"-57.709427","lat_gs":"-30º10'29\"","long_gs":"-57º42'34\"","fdc":"Mapa Educativo (GPS)"},"bbox":[-57.70942722,-30.17463793,-57.70942722,-30.17463793]},{"type":"Feature","id":"bahra_paraje.5060","geometry":{"type":"MultiPoint","coordinates":[[-57.704904,-30.19789288]]},"geometry_name":"geom","properties":{"gid":5060,"cod_pcia":"18","nom_pcia":"Corrientes","cod_depto":"18112","nom_depto":"Monte Caseros","cod_ase":"18112A11","fna":"Kilómetro 161","tipo_asent":"Paraje","cod_aglo":null,"nom_aglo":null,"cod_agl":"180273","nom_agl":"Monte Caseros","lat_gd":"-30.197893","long_gd":"-57.704904","lat_gs":"-30º11'52\"","long_gs":"-57º42'18\"","fdc":"INDEC. ACA"},"bbox":[-57.704904,-30.19789288,-57.704904,-30.19789288]},{"type":"Feature","id":"bahra_paraje.5062","geometry":{"type":"MultiPoint","coordinates":[[-57.7786529,-30.25132955]]},"geometry_name":"geom","properties":{"gid":5062,"cod_pcia":"18","nom_pcia":"Corrientes","cod_depto":"18112","nom_depto":"Monte Caseros","cod_ase":"18112A13","fna":"Paso Vallejos","tipo_asent":"Paraje","cod_aglo":null,"nom_aglo":null,"cod_agl":"180273","nom_agl":"Monte Caseros","lat_gd":"-30.251330","long_gd":"-57.778653","lat_gs":"-30º15' 5\"","long_gs":"-57º46'43\"","fdc":"INDEC. ACA"},"bbox":[-57.7786529,-30.25132955,-57.7786529,-30.25132955]},{"type":"Feature","id":"bahra_paraje.5065","geometry":{"type":"MultiPoint","coordinates":[[-57.73419234,-30.2877275]]},"geometry_name":"geom","properties":{"gid":5065,"cod_pcia":"18","nom_pcia":"Corrientes","cod_depto":"18112","nom_depto":"Monte Caseros","cod_ase":"18112A16","fna":"Tacuabé","tipo_asent":"Paraje","cod_aglo":null,"nom_aglo":null,"cod_agl":"180273","nom_agl":"Monte Caseros","lat_gd":"-30.287727","long_gd":"-57.734192","lat_gs":"-30º17'16\"","long_gs":"-57º44' 3\"","fdc":"Mapa Educativo (GPS)"},"bbox":[-57.73419234,-30.2877275,-57.73419234,-30.2877275]},{"type":"Feature","id":"bahra_paraje.5066","geometry":{"type":"MultiPoint","coordinates":[[-57.70639995,-30.35679883]]},"geometry_name":"geom","properties":{"gid":5066,"cod_pcia":"18","nom_pcia":"Corrientes","cod_depto":"18112","nom_depto":"Monte Caseros","cod_ase":"18112A17","fna":"Timboy","tipo_asent":"Paraje","cod_aglo":null,"nom_aglo":null,"cod_agl":"180273","nom_agl":"Monte Caseros","lat_gd":"-30.356799","long_gd":"-57.706400","lat_gs":"-30º21'24\"","long_gs":"-57º42'23\"","fdc":"Mapa Educativo (GPS)"},"bbox":[-57.70639995,-30.35679883,-57.70639995,-30.35679883]},{"type":"Feature","id":"bahra_paraje.5067","geometry":{"type":"MultiPoint","coordinates":[[-57.91950408,-30.2718546]]},"geometry_name":"geom","properties":{"gid":5067,"cod_pcia":"18","nom_pcia":"Corrientes","cod_depto":"18112","nom_depto":"Monte Caseros","cod_ase":"18112A18","fna":"Tres Bocas","tipo_asent":"Paraje","cod_aglo":null,"nom_aglo":null,"cod_agl":"180273","nom_agl":"Monte Caseros","lat_gd":"-30.271855","long_gd":"-57.919504","lat_gs":"-30º16'19\"","long_gs":"-57º55'10\"","fdc":"Mapa Educativo (GPS)"},"bbox":[-57.91950408,-30.2718546,-57.91950408,-30.2718546]},{"type":"Feature","id":"bahra_paraje.6449","geometry":{"type":"MultiPoint","coordinates":[[-58.2147453,-30.34020689]]},"geometry_name":"geom","properties":{"gid":6449,"cod_pcia":"30","nom_pcia":"Entre Ríos","cod_depto":"30028","nom_depto":"Federación","cod_ase":"30028A11","fna":"Colonia Las Tunas","tipo_asent":"Paraje","cod_aglo":null,"nom_aglo":null,"cod_agl":"309145","nom_agl":"Colonia Tunas","lat_gd":"-30.340207","long_gd":"-58.214745","lat_gs":"-30º20'25\"","long_gs":"-58º12'53\"","fdc":"Mapa Educativo (GPS)"},"bbox":[-58.2147453,-30.34020689,-58.2147453,-30.34020689]},{"type":"Feature","id":"bahra_paraje.6451","geometry":{"type":"MultiPoint","coordinates":[[-58.26182186,-30.32763088]]},"geometry_name":"geom","properties":{"gid":6451,"cod_pcia":"30","nom_pcia":"Entre Ríos","cod_depto":"30028","nom_depto":"Federación","cod_ase":"30028A13","fna":"Colonia Oficial 9","tipo_asent":"Paraje","cod_aglo":null,"nom_aglo":null,"cod_agl":"300119","nom_agl":"San Jaime de la Frontera","lat_gd":"-30.327631","long_gd":"-58.261822","lat_gs":"-30º19'39\"","long_gs":"-58º15'43\"","fdc":"Mapa Educativo (GPS)"},"bbox":[-58.26182186,-30.32763088,-58.26182186,-30.32763088]},{"type":"Feature","id":"bahra_paraje.6460","geometry":{"type":"MultiPoint","coordinates":[[-58.27923824,-30.36573161]]},"geometry_name":"geom","properties":{"gid":6460,"cod_pcia":"30","nom_pcia":"Entre Ríos","cod_depto":"30028","nom_depto":"Federación","cod_ase":"30028A22","fna":"Cuatro Bocas","tipo_asent":"Paraje","cod_aglo":null,"nom_aglo":null,"cod_agl":"300000","nom_agl":"sin gobierno local","lat_gd":"-30.365732","long_gd":"-58.279238","lat_gs":"-30º21'57\"","long_gs":"-58º16'45\"","fdc":"Mapa Educativo (GPS)"},"bbox":[-58.27923824,-30.36573161,-58.27923824,-30.36573161]},{"type":"Feature","id":"bahra_paraje.6514","geometry":{"type":"MultiPoint","coordinates":[[-58.52726316,-30.23422057]]},"geometry_name":"geom","properties":{"gid":6514,"cod_pcia":"30","nom_pcia":"Entre Ríos","cod_depto":"30042","nom_depto":"Feliciano","cod_ase":"30042A01","fna":"Basualdo","tipo_asent":"Paraje","cod_aglo":null,"nom_aglo":null,"cod_agl":"309235","nom_agl":"La Esmeralda","lat_gd":"-30.234221","long_gd":"-58.527263","lat_gs":"-30º14' 3\"","long_gs":"-58º31'38\"","fdc":"Mapa Educativo (GPS)"},"bbox":[-58.52726316,-30.23422057,-58.52726316,-30.23422057]},{"type":"Feature","id":"bahra_paraje.6518","geometry":{"type":"MultiPoint","coordinates":[[-58.65310525,-30.30324289]]},"geometry_name":"geom","properties":{"gid":6518,"cod_pcia":"30","nom_pcia":"Entre Ríos","cod_depto":"30042","nom_depto":"Feliciano","cod_ase":"30042A05","fna":"Estación La Esmeralda","tipo_asent":"Paraje","cod_aglo":null,"nom_aglo":null,"cod_agl":"309235","nom_agl":"La Esmeralda","lat_gd":"-30.303243","long_gd":"-58.653105","lat_gs":"-30º18'12\"","long_gs":"-58º39'11\"","fdc":"INDEC. ACA"},"bbox":[-58.65310525,-30.30324289,-58.65310525,-30.30324289]},{"type":"Feature","id":"bahra_paraje.6519","geometry":{"type":"MultiPoint","coordinates":[[-58.46408987,-30.2957854]]},"geometry_name":"geom","properties":{"gid":6519,"cod_pcia":"30","nom_pcia":"Entre Ríos","cod_depto":"30042","nom_depto":"Feliciano","cod_ase":"30042A06","fna":"Garat","tipo_asent":"Paraje","cod_aglo":null,"nom_aglo":null,"cod_agl":"309235","nom_agl":"La Esmeralda","lat_gd":"-30.295785","long_gd":"-58.464090","lat_gs":"-30º17'45\"","long_gs":"-58º27'51\"","fdc":"INDEC. ACA"},"bbox":[-58.46408987,-30.2957854,-58.46408987,-30.2957854]},{"type":"Feature","id":"bahra_paraje.6520","geometry":{"type":"MultiPoint","coordinates":[[-58.66579218,-30.29974112]]},"geometry_name":"geom","properties":{"gid":6520,"cod_pcia":"30","nom_pcia":"Entre Ríos","cod_depto":"30042","nom_depto":"Feliciano","cod_ase":"30042A07","fna":"La Esmeralda","tipo_asent":"Paraje","cod_aglo":null,"nom_aglo":null,"cod_agl":"309235","nom_agl":"La Esmeralda","lat_gd":"-30.299741","long_gd":"-58.665792","lat_gs":"-30º17'59\"","long_gs":"-58º39'57\"","fdc":"INDEC. ACA"},"bbox":[-58.66579218,-30.29974112,-58.66579218,-30.29974112]},{"type":"Feature","id":"bahra_paraje.6531","geometry":{"type":"MultiPoint","coordinates":[[-58.6635841,-30.21784636]]},"geometry_name":"geom","properties":{"gid":6531,"cod_pcia":"30","nom_pcia":"Entre Ríos","cod_depto":"30042","nom_depto":"Feliciano","cod_ase":"30042A18","fna":"Rincón de Mesa","tipo_asent":"Paraje","cod_aglo":null,"nom_aglo":null,"cod_agl":"309235","nom_agl":"La Esmeralda","lat_gd":"-30.217846","long_gd":"-58.663584","lat_gs":"-30º13' 4\"","long_gs":"-58º39'49\"","fdc":"Mapa Educativo (GPS)"},"bbox":[-58.6635841,-30.21784636,-58.6635841,-30.21784636]},{"type":"Feature","id":"bahra_paraje.6516","geometry":{"type":"MultiPoint","coordinates":[[-58.81876566,-30.30786685]]},"geometry_name":"geom","properties":{"gid":6516,"cod_pcia":"30","nom_pcia":"Entre Ríos","cod_depto":"30042","nom_depto":"Feliciano","cod_ase":"30042A03","fna":"Colonia Oficial 18","tipo_asent":"Paraje","cod_aglo":null,"nom_aglo":null,"cod_agl":"300000","nom_agl":"sin gobierno local","lat_gd":"-30.307867","long_gd":"-58.818766","lat_gs":"-30º18'28\"","long_gs":"-58º49' 8\"","fdc":"Mapa Educativo (GPS)"},"bbox":[-58.81876566,-30.30786685,-58.81876566,-30.30786685]},{"type":"Feature","id":"bahra_paraje.6523","geometry":{"type":"MultiPoint","coordinates":[[-58.80362952,-30.36863881]]},"geometry_name":"geom","properties":{"gid":6523,"cod_pcia":"30","nom_pcia":"Entre Ríos","cod_depto":"30042","nom_depto":"Feliciano","cod_ase":"30042A10","fna":"La Te","tipo_asent":"Paraje","cod_aglo":null,"nom_aglo":null,"cod_agl":"300000","nom_agl":"sin gobierno local","lat_gd":"-30.368639","long_gd":"-58.803630","lat_gs":"-30º22' 7\"","long_gs":"-58º48'13\"","fdc":"Mapa Educativo (GPS)"},"bbox":[-58.80362952,-30.36863881,-58.80362952,-30.36863881]},{"type":"Feature","id":"bahra_paraje.6530","geometry":{"type":"MultiPoint","coordinates":[[-58.78283563,-30.22592289]]},"geometry_name":"geom","properties":{"gid":6530,"cod_pcia":"30","nom_pcia":"Entre Ríos","cod_depto":"30042","nom_depto":"Feliciano","cod_ase":"30042A17","fna":"Paso Puente de Hierro","tipo_asent":"Paraje","cod_aglo":null,"nom_aglo":null,"cod_agl":"300000","nom_agl":"sin gobierno local","lat_gd":"-30.225923","long_gd":"-58.782836","lat_gs":"-30º13'33\"","long_gs":"-58º46'58\"","fdc":"INDEC. ACA"},"bbox":[-58.78283563,-30.22592289,-58.78283563,-30.22592289]},{"type":"Feature","id":"bahra_paraje.6538","geometry":{"type":"MultiPoint","coordinates":[[-59.56845881,-33.11936622]]},"geometry_name":"geom","properties":{"gid":6538,"cod_pcia":"30","nom_pcia":"Entre Ríos","cod_depto":"30049","nom_depto":"Gualeguay","cod_ase":"30049A00","fna":"Albardón","tipo_asent":"Paraje","cod_aglo":null,"nom_aglo":null,"cod_agl":"300000","nom_agl":"sin gobierno local","lat_gd":"-33.119366","long_gd":"-59.568459","lat_gs":"-33º 7'10\"","long_gs":"-59º34' 6\"","fdc":"INDEC. ACA"},"bbox":[-59.56845881,-33.11936622,-59.56845881,-33.11936622]},{"type":"Feature","id":"bahra_paraje.6541","geometry":{"type":"MultiPoint","coordinates":[[-59.61282007,-32.66645931]]},"geometry_name":"geom","properties":{"gid":6541,"cod_pcia":"30","nom_pcia":"Entre Ríos","cod_depto":"30049","nom_depto":"Gualeguay","cod_ase":"30049A03","fna":"Buena Vista","tipo_asent":"Paraje","cod_aglo":null,"nom_aglo":null,"cod_agl":"300000","nom_agl":"sin gobierno local","lat_gd":"-32.666459","long_gd":"-59.612820","lat_gs":"-32º39'59\"","long_gs":"-59º36'46\"","fdc":"INDEC. ACA"},"bbox":[-59.61282007,-32.66645931,-59.61282007,-32.66645931]},{"type":"Feature","id":"bahra_paraje.6542","geometry":{"type":"MultiPoint","coordinates":[[-59.34536459,-32.79603538]]},"geometry_name":"geom","properties":{"gid":6542,"cod_pcia":"30","nom_pcia":"Entre Ríos","cod_depto":"30049","nom_depto":"Gualeguay","cod_ase":"30049A04","fna":"Campo La Coraza","tipo_asent":"Paraje","cod_aglo":null,"nom_aglo":null,"cod_agl":"309295","nom_agl":"Estación Lazo","lat_gd":"-32.796035","long_gd":"-59.345365","lat_gs":"-32º47'46\"","long_gs":"-59º20'43\"","fdc":"Mapa Educativo (GPS)"},"bbox":[-59.34536459,-32.79603538,-59.34536459,-32.79603538]},{"type":"Feature","id":"bahra_paraje.6543","geometry":{"type":"MultiPoint","coordinates":[[-59.1751687,-32.81336593]]},"geometry_name":"geom","properties":{"gid":6543,"cod_pcia":"30","nom_pcia":"Entre Ríos","cod_depto":"30049","nom_depto":"Gualeguay","cod_ase":"30049A05","fna":"Campo Vasalle","tipo_asent":"Paraje","cod_aglo":null,"nom_aglo":null,"cod_agl":"309270","nom_agl":"Aldea Asunción","lat_gd":"-32.813366","long_gd":"-59.175169","lat_gs":"-32º48'48\"","long_gs":"-59º10'31\"","fdc":"Mapa Educativo (GPS)"},"bbox":[-59.1751687,-32.81336593,-59.1751687,-32.81336593]},{"type":"Feature","id":"bahra_paraje.6544","geometry":{"type":"MultiPoint","coordinates":[[-59.55830674,-32.60243882]]},"geometry_name":"geom","properties":{"gid":6544,"cod_pcia":"30","nom_pcia":"Entre Ríos","cod_depto":"30049","nom_depto":"Gualeguay","cod_ase":"30049A06","fna":"Cle","tipo_asent":"Paraje","cod_aglo":null,"nom_aglo":null,"cod_agl":"309275","nom_agl":"Distrito Cuarto","lat_gd":"-32.602439","long_gd":"-59.558307","lat_gs":"-32º36' 9\"","long_gs":"-59º33'30\"","fdc":"Mapa Educativo (GPS)"},"bbox":[-59.55830674,-32.60243882,-59.55830674,-32.60243882]},{"type":"Feature","id":"bahra_paraje.6545","geometry":{"type":"MultiPoint","coordinates":[[-59.78403217,-32.81862201]]},"geometry_name":"geom","properties":{"gid":6545,"cod_pcia":"30","nom_pcia":"Entre Ríos","cod_depto":"30049","nom_depto":"Gualeguay","cod_ase":"30049A07","fna":"Costa Nogoyá","tipo_asent":"Paraje","cod_aglo":null,"nom_aglo":null,"cod_agl":"309290","nom_agl":"Distrito Sexto Costa de Nogoyá","lat_gd":"-32.818622","long_gd":"-59.784032","lat_gs":"-32º49' 7\"","long_gs":"-59º47' 3\"","fdc":"Mapa Educativo (GPS)"},"bbox":[-59.78403217,-32.81862201,-59.78403217,-32.81862201]},{"type":"Feature","id":"bahra_paraje.6546","geometry":{"type":"MultiPoint","coordinates":[[-59.61006352,-32.73323066]]},"geometry_name":"geom","properties":{"gid":6546,"cod_pcia":"30","nom_pcia":"Entre Ríos","cod_depto":"30049","nom_depto":"Gualeguay","cod_ase":"30049A08","fna":"Cuatro Bocas","tipo_asent":"Paraje","cod_aglo":null,"nom_aglo":null,"cod_agl":"300000","nom_agl":"sin gobierno local","lat_gd":"-32.733231","long_gd":"-59.610064","lat_gs":"-32º43'60\"","long_gs":"-59º36'36\"","fdc":"INDEC. ACA"},"bbox":[-59.61006352,-32.73323066,-59.61006352,-32.73323066]},{"type":"Feature","id":"bahra_paraje.6547","geometry":{"type":"MultiPoint","coordinates":[[-59.51096384,-32.87850113]]},"geometry_name":"geom","properties":{"gid":6547,"cod_pcia":"30","nom_pcia":"Entre Ríos","cod_depto":"30049","nom_depto":"Gualeguay","cod_ase":"30049A09","fna":"Cuatro Manos","tipo_asent":"Paraje","cod_aglo":null,"nom_aglo":null,"cod_agl":"300000","nom_agl":"sin gobierno local","lat_gd":"-32.878501","long_gd":"-59.510964","lat_gs":"-32º52'43\"","long_gs":"-59º30'39\"","fdc":"Mapa Educativo (GPS)"},"bbox":[-59.51096384,-32.87850113,-59.51096384,-32.87850113]},{"type":"Feature","id":"bahra_paraje.6548","geometry":{"type":"MultiPoint","coordinates":[[-59.29249549,-33.04818827]]},"geometry_name":"geom","properties":{"gid":6548,"cod_pcia":"30","nom_pcia":"Entre Ríos","cod_depto":"30049","nom_depto":"Gualeguay","cod_ase":"30049A10","fna":"Cuchilla","tipo_asent":"Paraje","cod_aglo":null,"nom_aglo":null,"cod_agl":"309280","nom_agl":"Distrito Primero","lat_gd":"-33.048188","long_gd":"-59.292495","lat_gs":"-33º 2'53\"","long_gs":"-59º17'33\"","fdc":"INDEC. ACA"},"bbox":[-59.29249549,-33.04818827,-59.29249549,-33.04818827]},{"type":"Feature","id":"bahra_paraje.6549","geometry":{"type":"MultiPoint","coordinates":[[-59.41385078,-32.97886127]]},"geometry_name":"geom","properties":{"gid":6549,"cod_pcia":"30","nom_pcia":"Entre Ríos","cod_depto":"30049","nom_depto":"Gualeguay","cod_ase":"30049A11","fna":"González Calderón","tipo_asent":"Paraje","cod_aglo":null,"nom_aglo":null,"cod_agl":"309300","nom_agl":"González Calderón","lat_gd":"-32.978861","long_gd":"-59.413851","lat_gs":"-32º58'44\"","long_gs":"-59º24'50\"","fdc":"Mapa Educativo (GPS)"},"bbox":[-59.41385078,-32.97886127,-59.41385078,-32.97886127]},{"type":"Feature","id":"bahra_paraje.6550","geometry":{"type":"MultiPoint","coordinates":[[-59.32906975,-32.866294]]},"geometry_name":"geom","properties":{"gid":6550,"cod_pcia":"30","nom_pcia":"Entre Ríos","cod_depto":"30049","nom_depto":"Gualeguay","cod_ase":"30049A12","fna":"Jacinta","tipo_asent":"Paraje","cod_aglo":null,"nom_aglo":null,"cod_agl":"309270","nom_agl":"Aldea Asunción","lat_gd":"-32.866294","long_gd":"-59.329070","lat_gs":"-32º51'59\"","long_gs":"-59º19'45\"","fdc":"Mapa Educativo (GPS)"},"bbox":[-59.32906975,-32.866294,-59.32906975,-32.866294]},{"type":"Feature","id":"bahra_paraje.6551","geometry":{"type":"MultiPoint","coordinates":[[-59.52197087,-33.06117661]]},"geometry_name":"geom","properties":{"gid":6551,"cod_pcia":"30","nom_pcia":"Entre Ríos","cod_depto":"30049","nom_depto":"Gualeguay","cod_ase":"30049A13","fna":"La Cuadra","tipo_asent":"Paraje","cod_aglo":null,"nom_aglo":null,"cod_agl":"300000","nom_agl":"sin gobierno local","lat_gd":"-33.061177","long_gd":"-59.521971","lat_gs":"-33º 3'40\"","long_gs":"-59º31'19\"","fdc":"Mapa Educativo (GPS)"},"bbox":[-59.52197087,-33.06117661,-59.52197087,-33.06117661]},{"type":"Feature","id":"bahra_paraje.6552","geometry":{"type":"MultiPoint","coordinates":[[-59.34369982,-33.09728659]]},"geometry_name":"geom","properties":{"gid":6552,"cod_pcia":"30","nom_pcia":"Entre Ríos","cod_depto":"30049","nom_depto":"Gualeguay","cod_ase":"30049A14","fna":"Las Colas","tipo_asent":"Paraje","cod_aglo":null,"nom_aglo":null,"cod_agl":"309280","nom_agl":"Distrito Primero","lat_gd":"-33.097287","long_gd":"-59.343700","lat_gs":"-33º 5'50\"","long_gs":"-59º20'37\"","fdc":"INDEC. ACA"},"bbox":[-59.34369982,-33.09728659,-59.34369982,-33.09728659]},{"type":"Feature","id":"bahra_paraje.6553","geometry":{"type":"MultiPoint","coordinates":[[-59.75399197,-32.95292724]]},"geometry_name":"geom","properties":{"gid":6553,"cod_pcia":"30","nom_pcia":"Entre Ríos","cod_depto":"30049","nom_depto":"Gualeguay","cod_ase":"30049A15","fna":"Monte Redondo","tipo_asent":"Paraje","cod_aglo":null,"nom_aglo":null,"cod_agl":"309305","nom_agl":"Monte Redondo","lat_gd":"-32.952927","long_gd":"-59.753992","lat_gs":"-32º57'11\"","long_gs":"-59º45'14\"","fdc":"Mapa Educativo (GPS)"},"bbox":[-59.75399197,-32.95292724,-59.75399197,-32.95292724]},{"type":"Feature","id":"bahra_paraje.6554","geometry":{"type":"MultiPoint","coordinates":[[-59.29108877,-33.10525182]]},"geometry_name":"geom","properties":{"gid":6554,"cod_pcia":"30","nom_pcia":"Entre Ríos","cod_depto":"30049","nom_depto":"Gualeguay","cod_ase":"30049A16","fna":"Paso de Alonso","tipo_asent":"Paraje","cod_aglo":null,"nom_aglo":null,"cod_agl":"300175","nom_agl":"Gualeguay","lat_gd":"-33.105252","long_gd":"-59.291089","lat_gs":"-33º 6'19\"","long_gs":"-59º17'28\"","fdc":"Mapa Educativo (GPS)"},"bbox":[-59.29108877,-33.10525182,-59.29108877,-33.10525182]},{"type":"Feature","id":"bahra_paraje.6555","geometry":{"type":"MultiPoint","coordinates":[[-59.74318409,-32.82424725]]},"geometry_name":"geom","properties":{"gid":6555,"cod_pcia":"30","nom_pcia":"Entre Ríos","cod_depto":"30049","nom_depto":"Gualeguay","cod_ase":"30049A17","fna":"Puerta de Crespo","tipo_asent":"Paraje","cod_aglo":null,"nom_aglo":null,"cod_agl":"309290","nom_agl":"Distrito Sexto Costa de Nogoyá","lat_gd":"-32.824247","long_gd":"-59.743184","lat_gs":"-32º49'27\"","long_gs":"-59º44'35\"","fdc":"Mapa Educativo (GPS)"},"bbox":[-59.74318409,-32.82424725,-59.74318409,-32.82424725]},{"type":"Feature","id":"bahra_paraje.6556","geometry":{"type":"MultiPoint","coordinates":[[-59.64467917,-33.06859606]]},"geometry_name":"geom","properties":{"gid":6556,"cod_pcia":"30","nom_pcia":"Entre Ríos","cod_depto":"30049","nom_depto":"Gualeguay","cod_ase":"30049A18","fna":"Punta del Monte","tipo_asent":"Paraje","cod_aglo":null,"nom_aglo":null,"cod_agl":"309310","nom_agl":"Punta del Monte","lat_gd":"-33.068596","long_gd":"-59.644679","lat_gs":"-33º 4' 7\"","long_gs":"-59º38'41\"","fdc":"Mapa Educativo (GPS)"},"bbox":[-59.64467917,-33.06859606,-59.64467917,-33.06859606]},{"type":"Feature","id":"bahra_paraje.6557","geometry":{"type":"MultiPoint","coordinates":[[-59.75925924,-32.70535975]]},"geometry_name":"geom","properties":{"gid":6557,"cod_pcia":"30","nom_pcia":"Entre Ríos","cod_depto":"30049","nom_depto":"Gualeguay","cod_ase":"30049A19","fna":"Sauce","tipo_asent":"Paraje","cod_aglo":null,"nom_aglo":null,"cod_agl":"309285","nom_agl":"Distrito Quinto","lat_gd":"-32.705360","long_gd":"-59.759259","lat_gs":"-32º42'19\"","long_gs":"-59º45'33\"","fdc":"Mapa Educativo (GPS)"},"bbox":[-59.75925924,-32.70535975,-59.75925924,-32.70535975]},{"type":"Feature","id":"bahra_paraje.6558","geometry":{"type":"MultiPoint","coordinates":[[-59.68710197,-32.71476517]]},"geometry_name":"geom","properties":{"gid":6558,"cod_pcia":"30","nom_pcia":"Entre Ríos","cod_depto":"30049","nom_depto":"Gualeguay","cod_ase":"30049A20","fna":"Tres Bocas","tipo_asent":"Paraje","cod_aglo":null,"nom_aglo":null,"cod_agl":"300000","nom_agl":"sin gobierno local","lat_gd":"-32.714765","long_gd":"-59.687102","lat_gs":"-32º42'53\"","long_gs":"-59º41'14\"","fdc":"Mapa Educativo (GPS)"},"bbox":[-59.68710197,-32.71476517,-59.68710197,-32.71476517]},{"type":"Feature","id":"bahra_paraje.6559","geometry":{"type":"MultiPoint","coordinates":[[-59.2661908,-32.96835311]]},"geometry_name":"geom","properties":{"gid":6559,"cod_pcia":"30","nom_pcia":"Entre Ríos","cod_depto":"30049","nom_depto":"Gualeguay","cod_ase":"30049A21","fna":"Vizcachas","tipo_asent":"Paraje","cod_aglo":null,"nom_aglo":null,"cod_agl":"300000","nom_agl":"sin gobierno local","lat_gd":"-32.968353","long_gd":"-59.266191","lat_gs":"-32º58' 6\"","long_gs":"-59º15'58\"","fdc":"Mapa Educativo (GPS)"},"bbox":[-59.2661908,-32.96835311,-59.2661908,-32.96835311]},{"type":"Feature","id":"bahra_paraje.6573","geometry":{"type":"MultiPoint","coordinates":[[-58.9882838,-33.15464016]]},"geometry_name":"geom","properties":{"gid":6573,"cod_pcia":"30","nom_pcia":"Entre Ríos","cod_depto":"30056","nom_depto":"Gualeguaychú","cod_ase":"30056A00","fna":"Alarcón","tipo_asent":"Paraje","cod_aglo":null,"nom_aglo":null,"cod_agl":"300184","nom_agl":"Enrique Carbó","lat_gd":"-33.154640","long_gd":"-58.988284","lat_gs":"-33º 9'17\"","long_gs":"-58º59'18\"","fdc":"Mapa Educativo (GPS)"},"bbox":[-58.9882838,-33.15464016,-58.9882838,-33.15464016]},{"type":"Feature","id":"bahra_paraje.6574","geometry":{"type":"MultiPoint","coordinates":[[-58.73669548,-32.66120636]]},"geometry_name":"geom","properties":{"gid":6574,"cod_pcia":"30","nom_pcia":"Entre Ríos","cod_depto":"30056","nom_depto":"Gualeguaychú","cod_ase":"30056A01","fna":"Aldea Santa Celia","tipo_asent":"Paraje","cod_aglo":null,"nom_aglo":null,"cod_agl":"300182","nom_agl":"Aldea San Antonio","lat_gd":"-32.661206","long_gd":"-58.736695","lat_gs":"-32º39'40\"","long_gs":"-58º44'12\"","fdc":"Mapa Educativo (GPS)"},"bbox":[-58.73669548,-32.66120636,-58.73669548,-32.66120636]},{"type":"Feature","id":"bahra_paraje.6576","geometry":{"type":"MultiPoint","coordinates":[[-59.18401717,-33.06086309]]},"geometry_name":"geom","properties":{"gid":6576,"cod_pcia":"30","nom_pcia":"Entre Ríos","cod_depto":"30056","nom_depto":"Gualeguaychú","cod_ase":"30056A03","fna":"Barrio de la Costa","tipo_asent":"Paraje","cod_aglo":null,"nom_aglo":null,"cod_agl":"309340","nom_agl":"Cuchilla Redonda","lat_gd":"-33.060863","long_gd":"-59.184017","lat_gs":"-33º 3'39\"","long_gs":"-59º11' 2\"","fdc":"INDEC. ACA"},"bbox":[-59.18401717,-33.06086309,-59.18401717,-33.06086309]},{"type":"Feature","id":"bahra_paraje.6577","geometry":{"type":"MultiPoint","coordinates":[[-59.19299166,-33.24135546]]},"geometry_name":"geom","properties":{"gid":6577,"cod_pcia":"30","nom_pcia":"Entre Ríos","cod_depto":"30056","nom_depto":"Gualeguaychú","cod_ase":"30056A04","fna":"Berisso","tipo_asent":"Paraje","cod_aglo":null,"nom_aglo":null,"cod_agl":"300000","nom_agl":"sin gobierno local","lat_gd":"-33.241355","long_gd":"-59.192992","lat_gs":"-33º14'29\"","long_gs":"-59º11'35\"","fdc":"INDEC. ACA"},"bbox":[-59.19299166,-33.24135546,-59.19299166,-33.24135546]},{"type":"Feature","id":"bahra_paraje.6578","geometry":{"type":"MultiPoint","coordinates":[[-58.94797772,-33.31844567]]},"geometry_name":"geom","properties":{"gid":6578,"cod_pcia":"30","nom_pcia":"Entre Ríos","cod_depto":"30056","nom_depto":"Gualeguaychú","cod_ase":"30056A05","fna":"Ceibas","tipo_asent":"Paraje","cod_aglo":null,"nom_aglo":null,"cod_agl":"300000","nom_agl":"sin gobierno local","lat_gd":"-33.318446","long_gd":"-58.947978","lat_gs":"-33º19' 6\"","long_gs":"-58º56'53\"","fdc":"Mapa Educativo (GPS)"},"bbox":[-58.94797772,-33.31844567,-58.94797772,-33.31844567]},{"type":"Feature","id":"bahra_paraje.6579","geometry":{"type":"MultiPoint","coordinates":[[-58.7712119,-32.62378164]]},"geometry_name":"geom","properties":{"gid":6579,"cod_pcia":"30","nom_pcia":"Entre Ríos","cod_depto":"30056","nom_depto":"Gualeguaychú","cod_ase":"30056A06","fna":"Colonia El Paraíso","tipo_asent":"Paraje","cod_aglo":null,"nom_aglo":null,"cod_agl":"300182","nom_agl":"Aldea San Antonio","lat_gd":"-32.623782","long_gd":"-58.771212","lat_gs":"-32º37'26\"","long_gs":"-58º46'16\"","fdc":"Mapa Educativo (GPS)"},"bbox":[-58.7712119,-32.62378164,-58.7712119,-32.62378164]},{"type":"Feature","id":"bahra_paraje.6580","geometry":{"type":"MultiPoint","coordinates":[[-58.42034603,-32.98248513]]},"geometry_name":"geom","properties":{"gid":6580,"cod_pcia":"30","nom_pcia":"Entre Ríos","cod_depto":"30056","nom_depto":"Gualeguaychú","cod_ase":"30056A07","fna":"Colonia El Potrero","tipo_asent":"Paraje","cod_aglo":null,"nom_aglo":null,"cod_agl":"300199","nom_agl":"Pueblo General Belgrano","lat_gd":"-32.982485","long_gd":"-58.420346","lat_gs":"-32º58'57\"","long_gs":"-58º25'13\"","fdc":"INDEC. ACA"},"bbox":[-58.42034603,-32.98248513,-58.42034603,-32.98248513]},{"type":"Feature","id":"bahra_paraje.6581","geometry":{"type":"MultiPoint","coordinates":[[-58.91251574,-32.79048829]]},"geometry_name":"geom","properties":{"gid":6581,"cod_pcia":"30","nom_pcia":"Entre Ríos","cod_depto":"30056","nom_depto":"Gualeguaychú","cod_ase":"30056A08","fna":"Colonia Gobernador Basavilbaso","tipo_asent":"Paraje","cod_aglo":null,"nom_aglo":null,"cod_agl":"309380","nom_agl":"Pastor Britos","lat_gd":"-32.790488","long_gd":"-58.912516","lat_gs":"-32º47'26\"","long_gs":"-58º54'45\"","fdc":"INDEC. ACA"},"bbox":[-58.91251574,-32.79048829,-58.91251574,-32.79048829]},{"type":"Feature","id":"bahra_paraje.6582","geometry":{"type":"MultiPoint","coordinates":[[-58.99389308,-32.80900152]]},"geometry_name":"geom","properties":{"gid":6582,"cod_pcia":"30","nom_pcia":"Entre Ríos","cod_depto":"30056","nom_depto":"Gualeguaychú","cod_ase":"30056A09","fna":"Colonia Italiana","tipo_asent":"Paraje","cod_aglo":null,"nom_aglo":null,"cod_agl":"300000","nom_agl":"sin gobierno local","lat_gd":"-32.809002","long_gd":"-58.993893","lat_gs":"-32º48'32\"","long_gs":"-58º59'38\"","fdc":"Mapa Educativo (GPS)"},"bbox":[-58.99389308,-32.80900152,-58.99389308,-32.80900152]},{"type":"Feature","id":"bahra_paraje.6583","geometry":{"type":"MultiPoint","coordinates":[[-58.8877652,-32.95118646]]},"geometry_name":"geom","properties":{"gid":6583,"cod_pcia":"30","nom_pcia":"Entre Ríos","cod_depto":"30056","nom_depto":"Gualeguaychú","cod_ase":"30056A10","fna":"Colonia Las Flores","tipo_asent":"Paraje","cod_aglo":null,"nom_aglo":null,"cod_agl":"300000","nom_agl":"sin gobierno local","lat_gd":"-32.951186","long_gd":"-58.887765","lat_gs":"-32º57' 4\"","long_gs":"-58º53'16\"","fdc":"Mapa Educativo (GPS)"},"bbox":[-58.8877652,-32.95118646,-58.8877652,-32.95118646]},{"type":"Feature","id":"bahra_paraje.6584","geometry":{"type":"MultiPoint","coordinates":[[-58.52679977,-32.88342029]]},"geometry_name":"geom","properties":{"gid":6584,"cod_pcia":"30","nom_pcia":"Entre Ríos","cod_depto":"30056","nom_depto":"Gualeguaychú","cod_ase":"30056A11","fna":"Colonia Las Piedritas","tipo_asent":"Paraje","cod_aglo":null,"nom_aglo":null,"cod_agl":"300000","nom_agl":"sin gobierno local","lat_gd":"-32.883420","long_gd":"-58.526800","lat_gs":"-32º53' 0\"","long_gs":"-58º31'36\"","fdc":"Mapa Educativo (GPS)"},"bbox":[-58.52679977,-32.88342029,-58.52679977,-32.88342029]},{"type":"Feature","id":"bahra_paraje.6585","geometry":{"type":"MultiPoint","coordinates":[[-58.9488134,-32.87471883]]},"geometry_name":"geom","properties":{"gid":6585,"cod_pcia":"30","nom_pcia":"Entre Ríos","cod_depto":"30056","nom_depto":"Gualeguaychú","cod_ase":"30056A12","fna":"Colonia Stauber","tipo_asent":"Paraje","cod_aglo":null,"nom_aglo":null,"cod_agl":"300000","nom_agl":"sin gobierno local","lat_gd":"-32.874719","long_gd":"-58.948813","lat_gs":"-32º52'29\"","long_gs":"-58º56'56\"","fdc":"Mapa Educativo (GPS)"},"bbox":[-58.9488134,-32.87471883,-58.9488134,-32.87471883]},{"type":"Feature","id":"bahra_paraje.6586","geometry":{"type":"MultiPoint","coordinates":[[-59.03863466,-32.6368682]]},"geometry_name":"geom","properties":{"gid":6586,"cod_pcia":"30","nom_pcia":"Entre Ríos","cod_depto":"30056","nom_depto":"Gualeguaychú","cod_ase":"30056A13","fna":"Costa de San Antonio","tipo_asent":"Paraje","cod_aglo":null,"nom_aglo":null,"cod_agl":"309325","nom_agl":"Costa San Antonio","lat_gd":"-32.636868","long_gd":"-59.038635","lat_gs":"-32º38'13\"","long_gs":"-59º 2'19\"","fdc":"INDEC. ACA"},"bbox":[-59.03863466,-32.6368682,-59.03863466,-32.6368682]},{"type":"Feature","id":"bahra_paraje.6587","geometry":{"type":"MultiPoint","coordinates":[[-59.02727836,-32.56944717]]},"geometry_name":"geom","properties":{"gid":6587,"cod_pcia":"30","nom_pcia":"Entre Ríos","cod_depto":"30056","nom_depto":"Gualeguaychú","cod_ase":"30056A14","fna":"Costa Las Masitas","tipo_asent":"Paraje","cod_aglo":null,"nom_aglo":null,"cod_agl":"300000","nom_agl":"sin gobierno local","lat_gd":"-32.569447","long_gd":"-59.027278","lat_gs":"-32º34'10\"","long_gs":"-59º 1'38\"","fdc":"Mapa Educativo (GPS)"},"bbox":[-59.02727836,-32.56944717,-59.02727836,-32.56944717]},{"type":"Feature","id":"bahra_paraje.6588","geometry":{"type":"MultiPoint","coordinates":[[-58.34337028,-32.98245548]]},"geometry_name":"geom","properties":{"gid":6588,"cod_pcia":"30","nom_pcia":"Entre Ríos","cod_depto":"30056","nom_depto":"Gualeguaychú","cod_ase":"30056A15","fna":"Costa Uruguay Norte","tipo_asent":"Paraje","cod_aglo":null,"nom_aglo":null,"cod_agl":"309330","nom_agl":"Costa Uruguay Norte","lat_gd":"-32.982455","long_gd":"-58.343370","lat_gs":"-32º58'57\"","long_gs":"-58º20'36\"","fdc":"Mapa Educativo (GPS)"},"bbox":[-58.34337028,-32.98245548,-58.34337028,-32.98245548]},{"type":"Feature","id":"bahra_paraje.6589","geometry":{"type":"MultiPoint","coordinates":[[-58.4991619,-33.2309852]]},"geometry_name":"geom","properties":{"gid":6589,"cod_pcia":"30","nom_pcia":"Entre Ríos","cod_depto":"30056","nom_depto":"Gualeguaychú","cod_ase":"30056A16","fna":"Costa Uruguay Sur","tipo_asent":"Paraje","cod_aglo":null,"nom_aglo":null,"cod_agl":"309335","nom_agl":"Costa Uruguay Sur","lat_gd":"-33.230985","long_gd":"-58.499162","lat_gs":"-33º13'52\"","long_gs":"-58º29'57\"","fdc":"INDEC. ACA"},"bbox":[-58.4991619,-33.2309852,-58.4991619,-33.2309852]},{"type":"Feature","id":"bahra_paraje.6591","geometry":{"type":"MultiPoint","coordinates":[[-59.08277816,-32.91121218]]},"geometry_name":"geom","properties":{"gid":6591,"cod_pcia":"30","nom_pcia":"Entre Ríos","cod_depto":"30056","nom_depto":"Gualeguaychú","cod_ase":"30056A17","fna":"Cuatro Bocas","tipo_asent":"Paraje","cod_aglo":null,"nom_aglo":null,"cod_agl":"309345","nom_agl":"Distrito Talitas","lat_gd":"-32.911212","long_gd":"-59.082778","lat_gs":"-32º54'40\"","long_gs":"-59º 4'58\"","fdc":"INDEC. ACA"},"bbox":[-59.08277816,-32.91121218,-59.08277816,-32.91121218]},{"type":"Feature","id":"bahra_paraje.6592","geometry":{"type":"MultiPoint","coordinates":[[-59.09660106,-33.08859553]]},"geometry_name":"geom","properties":{"gid":6592,"cod_pcia":"30","nom_pcia":"Entre Ríos","cod_depto":"30056","nom_depto":"Gualeguaychú","cod_ase":"30056A18","fna":"Cuchilla Redonda","tipo_asent":"Paraje","cod_aglo":null,"nom_aglo":null,"cod_agl":"309340","nom_agl":"Cuchilla Redonda","lat_gd":"-33.088596","long_gd":"-59.096601","lat_gs":"-33º 5'19\"","long_gs":"-59º 5'48\"","fdc":"Mapa Educativo (GPS)"},"bbox":[-59.09660106,-33.08859553,-59.09660106,-33.08859553]},{"type":"Feature","id":"bahra_paraje.6593","geometry":{"type":"MultiPoint","coordinates":[[-58.66632617,-32.80937052]]},"geometry_name":"geom","properties":{"gid":6593,"cod_pcia":"30","nom_pcia":"Entre Ríos","cod_depto":"30056","nom_depto":"Gualeguaychú","cod_ase":"30056A19","fna":"El Nuevo Rincón","tipo_asent":"Paraje","cod_aglo":null,"nom_aglo":null,"cod_agl":"300000","nom_agl":"sin gobierno local","lat_gd":"-32.809371","long_gd":"-58.666326","lat_gs":"-32º48'34\"","long_gs":"-58º39'59\"","fdc":"INDEC. ACA"},"bbox":[-58.66632617,-32.80937052,-58.66632617,-32.80937052]},{"type":"Feature","id":"bahra_paraje.6594","geometry":{"type":"MultiPoint","coordinates":[[-58.38964014,-33.06606768]]},"geometry_name":"geom","properties":{"gid":6594,"cod_pcia":"30","nom_pcia":"Entre Ríos","cod_depto":"30056","nom_depto":"Gualeguaychú","cod_ase":"30056A20","fna":"El Ñandubaysal","tipo_asent":"Paraje","cod_aglo":null,"nom_aglo":null,"cod_agl":"300189","nom_agl":"Gualeguaychú","lat_gd":"-33.066068","long_gd":"-58.389640","lat_gs":"-33º 3'58\"","long_gs":"-58º23'23\"","fdc":"INDEC. ACA"},"bbox":[-58.38964014,-33.06606768,-58.38964014,-33.06606768]},{"type":"Feature","id":"bahra_paraje.6595","geometry":{"type":"MultiPoint","coordinates":[[-58.57888769,-33.10197804]]},"geometry_name":"geom","properties":{"gid":6595,"cod_pcia":"30","nom_pcia":"Entre Ríos","cod_depto":"30056","nom_depto":"Gualeguaychú","cod_ase":"30056A21","fna":"El Sauce","tipo_asent":"Paraje","cod_aglo":null,"nom_aglo":null,"cod_agl":"300000","nom_agl":"sin gobierno local","lat_gd":"-33.101978","long_gd":"-58.578888","lat_gs":"-33º 6' 7\"","long_gs":"-58º34'44\"","fdc":"INDEC. ACA"},"bbox":[-58.57888769,-33.10197804,-58.57888769,-33.10197804]},{"type":"Feature","id":"bahra_paraje.6596","geometry":{"type":"MultiPoint","coordinates":[[-58.6230606,-32.9260486]]},"geometry_name":"geom","properties":{"gid":6596,"cod_pcia":"30","nom_pcia":"Entre Ríos","cod_depto":"30056","nom_depto":"Gualeguaychú","cod_ase":"30056A22","fna":"Gualeyancito","tipo_asent":"Paraje","cod_aglo":null,"nom_aglo":null,"cod_agl":"300000","nom_agl":"sin gobierno local","lat_gd":"-32.926049","long_gd":"-58.623061","lat_gs":"-32º55'34\"","long_gs":"-58º37'23\"","fdc":"Mapa Educativo (GPS)"},"bbox":[-58.6230606,-32.9260486,-58.6230606,-32.9260486]},{"type":"Feature","id":"bahra_paraje.6597","geometry":{"type":"MultiPoint","coordinates":[[-58.87443908,-32.60113809]]},"geometry_name":"geom","properties":{"gid":6597,"cod_pcia":"30","nom_pcia":"Entre Ríos","cod_depto":"30056","nom_depto":"Gualeguaychú","cod_ase":"30056A23","fna":"La Capilla","tipo_asent":"Paraje","cod_aglo":null,"nom_aglo":null,"cod_agl":"309355","nom_agl":"Estación Escriña","lat_gd":"-32.601138","long_gd":"-58.874439","lat_gs":"-32º36' 4\"","long_gs":"-58º52'28\"","fdc":"INDEC. ACA"},"bbox":[-58.87443908,-32.60113809,-58.87443908,-32.60113809]},{"type":"Feature","id":"bahra_paraje.6599","geometry":{"type":"MultiPoint","coordinates":[[-58.90095762,-33.16313212]]},"geometry_name":"geom","properties":{"gid":6599,"cod_pcia":"30","nom_pcia":"Entre Ríos","cod_depto":"30056","nom_depto":"Gualeguaychú","cod_ase":"30056A25","fna":"Las Mercedes","tipo_asent":"Paraje","cod_aglo":null,"nom_aglo":null,"cod_agl":"309375","nom_agl":"Las Mercedes","lat_gd":"-33.163132","long_gd":"-58.900958","lat_gs":"-33º 9'47\"","long_gs":"-58º54' 3\"","fdc":"Mapa Educativo (GPS)"},"bbox":[-58.90095762,-33.16313212,-58.90095762,-33.16313212]},{"type":"Feature","id":"bahra_paraje.6600","geometry":{"type":"MultiPoint","coordinates":[[-58.6400165,-32.94617936]]},"geometry_name":"geom","properties":{"gid":6600,"cod_pcia":"30","nom_pcia":"Entre Ríos","cod_depto":"30056","nom_depto":"Gualeguaychú","cod_ase":"30056A26","fna":"Palavecino","tipo_asent":"Paraje","cod_aglo":null,"nom_aglo":null,"cod_agl":"300000","nom_agl":"sin gobierno local","lat_gd":"-32.946179","long_gd":"-58.640016","lat_gs":"-32º56'46\"","long_gs":"-58º38'24\"","fdc":"Mapa Educativo (GPS)"},"bbox":[-58.6400165,-32.94617936,-58.6400165,-32.94617936]},{"type":"Feature","id":"bahra_paraje.6601","geometry":{"type":"MultiPoint","coordinates":[[-58.78346239,-33.07976982]]},"geometry_name":"geom","properties":{"gid":6601,"cod_pcia":"30","nom_pcia":"Entre Ríos","cod_depto":"30056","nom_depto":"Gualeguaychú","cod_ase":"30056A27","fna":"Pehuajó al Sud","tipo_asent":"Paraje","cod_aglo":null,"nom_aglo":null,"cod_agl":"300000","nom_agl":"sin gobierno local","lat_gd":"-33.079770","long_gd":"-58.783462","lat_gs":"-33º 4'47\"","long_gs":"-58º47' 0\"","fdc":"Mapa Educativo (GPS)"},"bbox":[-58.78346239,-33.07976982,-58.78346239,-33.07976982]},{"type":"Feature","id":"bahra_paraje.6602","geometry":{"type":"MultiPoint","coordinates":[[-58.52899739,-32.94333769]]},"geometry_name":"geom","properties":{"gid":6602,"cod_pcia":"30","nom_pcia":"Entre Ríos","cod_depto":"30056","nom_depto":"Gualeguaychú","cod_ase":"30056A28","fna":"Pehuajó Norte","tipo_asent":"Paraje","cod_aglo":null,"nom_aglo":null,"cod_agl":"300000","nom_agl":"sin gobierno local","lat_gd":"-32.943338","long_gd":"-58.528997","lat_gs":"-32º56'36\"","long_gs":"-58º31'44\"","fdc":"Mapa Educativo (GPS)"},"bbox":[-58.52899739,-32.94333769,-58.52899739,-32.94333769]},{"type":"Feature","id":"bahra_paraje.6603","geometry":{"type":"MultiPoint","coordinates":[[-58.71054182,-33.30009606]]},"geometry_name":"geom","properties":{"gid":6603,"cod_pcia":"30","nom_pcia":"Entre Ríos","cod_depto":"30056","nom_depto":"Gualeguaychú","cod_ase":"30056A29","fna":"Perdices","tipo_asent":"Paraje","cod_aglo":null,"nom_aglo":null,"cod_agl":"309385","nom_agl":"Perdices","lat_gd":"-33.300096","long_gd":"-58.710542","lat_gs":"-33º18' 0\"","long_gs":"-58º42'38\"","fdc":"IGN. SIG 250"},"bbox":[-58.71054182,-33.30009606,-58.71054182,-33.30009606]},{"type":"Feature","id":"bahra_paraje.6604","geometry":{"type":"MultiPoint","coordinates":[[-58.42765504,-33.07021344]]},"geometry_name":"geom","properties":{"gid":6604,"cod_pcia":"30","nom_pcia":"Entre Ríos","cod_depto":"30056","nom_depto":"Gualeguaychú","cod_ase":"30056A30","fna":"Puerto Boca","tipo_asent":"Paraje","cod_aglo":null,"nom_aglo":null,"cod_agl":"300189","nom_agl":"Gualeguaychú","lat_gd":"-33.070213","long_gd":"-58.427655","lat_gs":"-33º 4'13\"","long_gs":"-58º25'40\"","fdc":"INDEC. ACA"},"bbox":[-58.42765504,-33.07021344,-58.42765504,-33.07021344]},{"type":"Feature","id":"bahra_paraje.6605","geometry":{"type":"MultiPoint","coordinates":[[-58.25762187,-33.05495834]]},"geometry_name":"geom","properties":{"gid":6605,"cod_pcia":"30","nom_pcia":"Entre Ríos","cod_depto":"30056","nom_depto":"Gualeguaychú","cod_ase":"30056A31","fna":"Puerto Unzué","tipo_asent":"Paraje","cod_aglo":null,"nom_aglo":null,"cod_agl":"300189","nom_agl":"Gualeguaychú","lat_gd":"-33.054958","long_gd":"-58.257622","lat_gs":"-33º 3'18\"","long_gs":"-58º15'27\"","fdc":"INDEC. ACA"},"bbox":[-58.25762187,-33.05495834,-58.25762187,-33.05495834]},{"type":"Feature","id":"bahra_paraje.6606","geometry":{"type":"MultiPoint","coordinates":[[-58.57874457,-32.63154051]]},"geometry_name":"geom","properties":{"gid":6606,"cod_pcia":"30","nom_pcia":"Entre Ríos","cod_depto":"30056","nom_depto":"Gualeguaychú","cod_ase":"30056A32","fna":"Rincón del Cinto","tipo_asent":"Paraje","cod_aglo":null,"nom_aglo":null,"cod_agl":"309395","nom_agl":"Rincón del Cinto","lat_gd":"-32.631541","long_gd":"-58.578745","lat_gs":"-32º37'54\"","long_gs":"-58º34'43\"","fdc":"INDEC. ACA"},"bbox":[-58.57874457,-32.63154051,-58.57874457,-32.63154051]},{"type":"Feature","id":"bahra_paraje.6607","geometry":{"type":"MultiPoint","coordinates":[[-58.57379344,-32.74734471]]},"geometry_name":"geom","properties":{"gid":6607,"cod_pcia":"30","nom_pcia":"Entre Ríos","cod_depto":"30056","nom_depto":"Gualeguaychú","cod_ase":"30056A33","fna":"Rincón del Gato","tipo_asent":"Paraje","cod_aglo":null,"nom_aglo":null,"cod_agl":"309400","nom_agl":"Rincón del Gato","lat_gd":"-32.747345","long_gd":"-58.573793","lat_gs":"-32º44'50\"","long_gs":"-58º34'26\"","fdc":"INDEC. ACA"},"bbox":[-58.57379344,-32.74734471,-58.57379344,-32.74734471]},{"type":"Feature","id":"bahra_paraje.6608","geometry":{"type":"MultiPoint","coordinates":[[-58.66304346,-33.08088357]]},"geometry_name":"geom","properties":{"gid":6608,"cod_pcia":"30","nom_pcia":"Entre Ríos","cod_depto":"30056","nom_depto":"Gualeguaychú","cod_ase":"30056A34","fna":"Sarandí","tipo_asent":"Paraje","cod_aglo":null,"nom_aglo":null,"cod_agl":"300000","nom_agl":"sin gobierno local","lat_gd":"-33.080884","long_gd":"-58.663043","lat_gs":"-33º 4'51\"","long_gs":"-58º39'47\"","fdc":"INDEC. ACA"},"bbox":[-58.66304346,-33.08088357,-58.66304346,-33.08088357]},{"type":"Feature","id":"bahra_paraje.6609","geometry":{"type":"MultiPoint","coordinates":[[-59.08027073,-32.89154435]]},"geometry_name":"geom","properties":{"gid":6609,"cod_pcia":"30","nom_pcia":"Entre Ríos","cod_depto":"30056","nom_depto":"Gualeguaychú","cod_ase":"30056A35","fna":"Talitas","tipo_asent":"Paraje","cod_aglo":null,"nom_aglo":null,"cod_agl":"309345","nom_agl":"Distrito Talitas","lat_gd":"-32.891544","long_gd":"-59.080271","lat_gs":"-32º53'30\"","long_gs":"-59º 4'49\"","fdc":"Mapa Educativo (GPS)"},"bbox":[-59.08027073,-32.89154435,-59.08027073,-32.89154435]},{"type":"Feature","id":"bahra_paraje.6610","geometry":{"type":"MultiPoint","coordinates":[[-58.74912556,-32.91621044]]},"geometry_name":"geom","properties":{"gid":6610,"cod_pcia":"30","nom_pcia":"Entre Ríos","cod_depto":"30056","nom_depto":"Gualeguaychú","cod_ase":"30056A36","fna":"Tres Esquinas","tipo_asent":"Paraje","cod_aglo":null,"nom_aglo":null,"cod_agl":"300000","nom_agl":"sin gobierno local","lat_gd":"-32.916210","long_gd":"-58.749126","lat_gs":"-32º54'58\"","long_gs":"-58º44'57\"","fdc":"Mapa Educativo (GPS)"},"bbox":[-58.74912556,-32.91621044,-58.74912556,-32.91621044]},{"type":"Feature","id":"bahra_paraje.6611","geometry":{"type":"MultiPoint","coordinates":[[-58.76504049,-33.13086909]]},"geometry_name":"geom","properties":{"gid":6611,"cod_pcia":"30","nom_pcia":"Entre Ríos","cod_depto":"30056","nom_depto":"Gualeguaychú","cod_ase":"30056A37","fna":"Villa Lila","tipo_asent":"Paraje","cod_aglo":null,"nom_aglo":null,"cod_agl":"300000","nom_agl":"sin gobierno local","lat_gd":"-33.130869","long_gd":"-58.765040","lat_gs":"-33º 7'51\"","long_gs":"-58º45'54\"","fdc":"INDEC. ACA"},"bbox":[-58.76504049,-33.13086909,-58.76504049,-33.13086909]},{"type":"Feature","id":"bahra_paraje.6629","geometry":{"type":"MultiPoint","coordinates":[[-59.42191993,-33.23067213]]},"geometry_name":"geom","properties":{"gid":6629,"cod_pcia":"30","nom_pcia":"Entre Ríos","cod_depto":"30063","nom_depto":"Islas del Ibicuy","cod_ase":"30063A12","fna":"El Saladero","tipo_asent":"Paraje","cod_aglo":null,"nom_aglo":null,"cod_agl":"300000","nom_agl":"sin gobierno local","lat_gd":"-33.230672","long_gd":"-59.421920","lat_gs":"-33º13'50\"","long_gs":"-59º25'19\"","fdc":"INDEC. ACA"},"bbox":[-59.42191993,-33.23067213,-59.42191993,-33.23067213]},{"type":"Feature","id":"bahra_paraje.6729","geometry":{"type":"MultiPoint","coordinates":[[-59.58303568,-32.53137059]]},"geometry_name":"geom","properties":{"gid":6729,"cod_pcia":"30","nom_pcia":"Entre Ríos","cod_depto":"30077","nom_depto":"Nogoyá","cod_ase":"30077A09","fna":"Colonia La Llave","tipo_asent":"Paraje","cod_aglo":null,"nom_aglo":null,"cod_agl":"300000","nom_agl":"sin gobierno local","lat_gd":"-32.531371","long_gd":"-59.583036","lat_gs":"-32º31'53\"","long_gs":"-59º34'59\"","fdc":"Mapa Educativo (GPS)"},"bbox":[-59.58303568,-32.53137059,-59.58303568,-32.53137059]},{"type":"Feature","id":"bahra_paraje.6739","geometry":{"type":"MultiPoint","coordinates":[[-59.72058523,-32.57591691]]},"geometry_name":"geom","properties":{"gid":6739,"cod_pcia":"30","nom_pcia":"Entre Ríos","cod_depto":"30077","nom_depto":"Nogoyá","cod_ase":"30077A19","fna":"La Corvina","tipo_asent":"Paraje","cod_aglo":null,"nom_aglo":null,"cod_agl":"300000","nom_agl":"sin gobierno local","lat_gd":"-32.575917","long_gd":"-59.720585","lat_gs":"-32º34'33\"","long_gs":"-59º43'14\"","fdc":"INDEC. ACA"},"bbox":[-59.72058523,-32.57591691,-59.72058523,-32.57591691]},{"type":"Feature","id":"bahra_paraje.6741","geometry":{"type":"MultiPoint","coordinates":[[-59.60154078,-32.60366918]]},"geometry_name":"geom","properties":{"gid":6741,"cod_pcia":"30","nom_pcia":"Entre Ríos","cod_depto":"30077","nom_depto":"Nogoyá","cod_ase":"30077A21","fna":"La Tablada","tipo_asent":"Paraje","cod_aglo":null,"nom_aglo":null,"cod_agl":"300000","nom_agl":"sin gobierno local","lat_gd":"-32.603669","long_gd":"-59.601541","lat_gs":"-32º36'13\"","long_gs":"-59º36' 6\"","fdc":"INDEC. ACA"},"bbox":[-59.60154078,-32.60366918,-59.60154078,-32.60366918]},{"type":"Feature","id":"bahra_paraje.6855","geometry":{"type":"MultiPoint","coordinates":[[-59.20543508,-32.66945243]]},"geometry_name":"geom","properties":{"gid":6855,"cod_pcia":"30","nom_pcia":"Entre Ríos","cod_depto":"30091","nom_depto":"Tala","cod_ase":"30091A12","fna":"Sauce Sur","tipo_asent":"Paraje","cod_aglo":null,"nom_aglo":null,"cod_agl":"309830","nom_agl":"Sauce Sur","lat_gd":"-32.669452","long_gd":"-59.205435","lat_gs":"-32º40'10\"","long_gs":"-59º12'20\"","fdc":"Mapa Educativo (GPS)"},"bbox":[-59.20543508,-32.66945243,-59.20543508,-32.66945243]},{"type":"Feature","id":"bahra_paraje.6873","geometry":{"type":"MultiPoint","coordinates":[[-58.45451237,-32.75777]]},"geometry_name":"geom","properties":{"gid":6873,"cod_pcia":"30","nom_pcia":"Entre Ríos","cod_depto":"30098","nom_depto":"Uruguay","cod_ase":"30098A03","fna":"Campo Centella","tipo_asent":"Paraje","cod_aglo":null,"nom_aglo":null,"cod_agl":"300423","nom_agl":"Colonia Elía","lat_gd":"-32.757770","long_gd":"-58.454512","lat_gs":"-32º45'28\"","long_gs":"-58º27'16\"","fdc":"Mapa Educativo (GPS)"},"bbox":[-58.45451237,-32.75777,-58.45451237,-32.75777]},{"type":"Feature","id":"bahra_paraje.6879","geometry":{"type":"MultiPoint","coordinates":[[-58.73056626,-32.51392256]]},"geometry_name":"geom","properties":{"gid":6879,"cod_pcia":"30","nom_pcia":"Entre Ríos","cod_depto":"30098","nom_depto":"Uruguay","cod_ase":"30098A09","fna":"Colonia Genacito","tipo_asent":"Paraje","cod_aglo":null,"nom_aglo":null,"cod_agl":"300000","nom_agl":"sin gobierno local","lat_gd":"-32.513923","long_gd":"-58.730566","lat_gs":"-32º30'50\"","long_gs":"-58º43'50\"","fdc":"INDEC. ACA"},"bbox":[-58.73056626,-32.51392256,-58.73056626,-32.51392256]},{"type":"Feature","id":"bahra_paraje.6883","geometry":{"type":"MultiPoint","coordinates":[[-58.42156847,-32.61900501]]},"geometry_name":"geom","properties":{"gid":6883,"cod_pcia":"30","nom_pcia":"Entre Ríos","cod_depto":"30098","nom_depto":"Uruguay","cod_ase":"30098A13","fna":"Colonia Los Ceibos","tipo_asent":"Paraje","cod_aglo":null,"nom_aglo":null,"cod_agl":"309872","nom_agl":"Tala","lat_gd":"-32.619005","long_gd":"-58.421568","lat_gs":"-32º37' 8\"","long_gs":"-58º25'18\"","fdc":"Mapa Educativo (GPS)"},"bbox":[-58.42156847,-32.61900501,-58.42156847,-32.61900501]},{"type":"Feature","id":"bahra_paraje.6884","geometry":{"type":"MultiPoint","coordinates":[[-58.8508677,-32.51995658]]},"geometry_name":"geom","properties":{"gid":6884,"cod_pcia":"30","nom_pcia":"Entre Ríos","cod_depto":"30098","nom_depto":"Uruguay","cod_ase":"30098A14","fna":"Colonia Lucienville","tipo_asent":"Paraje","cod_aglo":null,"nom_aglo":null,"cod_agl":"300000","nom_agl":"sin gobierno local","lat_gd":"-32.519957","long_gd":"-58.850868","lat_gs":"-32º31'12\"","long_gs":"-58º51' 3\"","fdc":"Mapa Educativo (GPS)"},"bbox":[-58.8508677,-32.51995658,-58.8508677,-32.51995658]},{"type":"Feature","id":"bahra_paraje.6885","geometry":{"type":"MultiPoint","coordinates":[[-58.96148743,-32.49651002]]},"geometry_name":"geom","properties":{"gid":6885,"cod_pcia":"30","nom_pcia":"Entre Ríos","cod_depto":"30098","nom_depto":"Uruguay","cod_ase":"30098A15","fna":"Colonia Nueva Montevideo","tipo_asent":"Paraje","cod_aglo":null,"nom_aglo":null,"cod_agl":"309855","nom_agl":"Rocamora","lat_gd":"-32.496510","long_gd":"-58.961487","lat_gs":"-32º29'47\"","long_gs":"-58º57'41\"","fdc":"Mapa Educativo (GPS)"},"bbox":[-58.96148743,-32.49651002,-58.96148743,-32.49651002]},{"type":"Feature","id":"bahra_paraje.6891","geometry":{"type":"MultiPoint","coordinates":[[-58.45321496,-32.56755199]]},"geometry_name":"geom","properties":{"gid":6891,"cod_pcia":"30","nom_pcia":"Entre Ríos","cod_depto":"30098","nom_depto":"Uruguay","cod_ase":"30098A21","fna":"Colonia Sesteada","tipo_asent":"Paraje","cod_aglo":null,"nom_aglo":null,"cod_agl":"309872","nom_agl":"Tala","lat_gd":"-32.567552","long_gd":"-58.453215","lat_gs":"-32º34' 3\"","long_gs":"-58º27'12\"","fdc":"INDEC. ACA"},"bbox":[-58.45321496,-32.56755199,-58.45321496,-32.56755199]},{"type":"Feature","id":"bahra_paraje.6894","geometry":{"type":"MultiPoint","coordinates":[[-58.11962186,-32.93783543]]},"geometry_name":"geom","properties":{"gid":6894,"cod_pcia":"30","nom_pcia":"Entre Ríos","cod_depto":"30098","nom_depto":"Uruguay","cod_ase":"30098A24","fna":"Isla Juanicó","tipo_asent":"Paraje","cod_aglo":null,"nom_aglo":null,"cod_agl":"300000","nom_agl":"sin gobierno local","lat_gd":"-32.937835","long_gd":"-58.119622","lat_gs":"-32º56'16\"","long_gs":"-58º 7'11\"","fdc":"INDEC. ACA"},"bbox":[-58.11962186,-32.93783543,-58.11962186,-32.93783543]},{"type":"Feature","id":"bahra_paraje.6895","geometry":{"type":"MultiPoint","coordinates":[[-59.03663333,-32.47279873]]},"geometry_name":"geom","properties":{"gid":6895,"cod_pcia":"30","nom_pcia":"Entre Ríos","cod_depto":"30098","nom_depto":"Uruguay","cod_ase":"30098A25","fna":"La Estrella","tipo_asent":"Paraje","cod_aglo":null,"nom_aglo":null,"cod_agl":"309855","nom_agl":"Rocamora","lat_gd":"-32.472799","long_gd":"-59.036633","lat_gs":"-32º28'22\"","long_gs":"-59º 2'12\"","fdc":"Mapa Educativo (GPS)"},"bbox":[-59.03663333,-32.47279873,-59.03663333,-32.47279873]},{"type":"Feature","id":"bahra_paraje.6900","geometry":{"type":"MultiPoint","coordinates":[[-58.25794952,-32.82812433]]},"geometry_name":"geom","properties":{"gid":6900,"cod_pcia":"30","nom_pcia":"Entre Ríos","cod_depto":"30098","nom_depto":"Uruguay","cod_ase":"30098A30","fna":"Potrero","tipo_asent":"Paraje","cod_aglo":null,"nom_aglo":null,"cod_agl":"300423","nom_agl":"Colonia Elía","lat_gd":"-32.828124","long_gd":"-58.257950","lat_gs":"-32º49'41\"","long_gs":"-58º15'29\"","fdc":"Mapa Educativo (GPS)"},"bbox":[-58.25794952,-32.82812433,-58.25794952,-32.82812433]},{"type":"Feature","id":"bahra_paraje.6901","geometry":{"type":"MultiPoint","coordinates":[[-58.18479645,-32.69384019]]},"geometry_name":"geom","properties":{"gid":6901,"cod_pcia":"30","nom_pcia":"Entre Ríos","cod_depto":"30098","nom_depto":"Uruguay","cod_ase":"30098A31","fna":"Puerto Campichuelo","tipo_asent":"Paraje","cod_aglo":null,"nom_aglo":null,"cod_agl":"300423","nom_agl":"Colonia Elía","lat_gd":"-32.693840","long_gd":"-58.184796","lat_gs":"-32º41'38\"","long_gs":"-58º11' 5\"","fdc":"Mapa Educativo"},"bbox":[-58.18479645,-32.69384019,-58.18479645,-32.69384019]},{"type":"Feature","id":"bahra_paraje.6902","geometry":{"type":"MultiPoint","coordinates":[[-58.55811259,-32.52914796]]},"geometry_name":"geom","properties":{"gid":6902,"cod_pcia":"30","nom_pcia":"Entre Ríos","cod_depto":"30098","nom_depto":"Uruguay","cod_ase":"30098A32","fna":"Rincón del Gená","tipo_asent":"Paraje","cod_aglo":null,"nom_aglo":null,"cod_agl":"300434","nom_agl":"Herrera","lat_gd":"-32.529148","long_gd":"-58.558113","lat_gs":"-32º31'45\"","long_gs":"-58º33'29\"","fdc":"Mapa Educativo (GPS)"},"bbox":[-58.55811259,-32.52914796,-58.55811259,-32.52914796]},{"type":"Feature","id":"bahra_paraje.6905","geometry":{"type":"MultiPoint","coordinates":[[-58.39109286,-32.55523955]]},"geometry_name":"geom","properties":{"gid":6905,"cod_pcia":"30","nom_pcia":"Entre Ríos","cod_depto":"30098","nom_depto":"Uruguay","cod_ase":"30098A35","fna":"Santa Ana","tipo_asent":"Paraje","cod_aglo":null,"nom_aglo":null,"cod_agl":"309872","nom_agl":"Tala","lat_gd":"-32.555240","long_gd":"-58.391093","lat_gs":"-32º33'19\"","long_gs":"-58º23'28\"","fdc":"INDEC. ACA"},"bbox":[-58.39109286,-32.55523955,-58.39109286,-32.55523955]},{"type":"Feature","id":"bahra_paraje.6906","geometry":{"type":"MultiPoint","coordinates":[[-58.60579904,-32.49212795]]},"geometry_name":"geom","properties":{"gid":6906,"cod_pcia":"30","nom_pcia":"Entre Ríos","cod_depto":"30098","nom_depto":"Uruguay","cod_ase":"30098A36","fna":"Santa Margarita del Gená","tipo_asent":"Paraje","cod_aglo":null,"nom_aglo":null,"cod_agl":"300434","nom_agl":"Herrera","lat_gd":"-32.492128","long_gd":"-58.605799","lat_gs":"-32º29'32\"","long_gs":"-58º36'21\"","fdc":"Mapa Educativo (GPS)"},"bbox":[-58.60579904,-32.49212795,-58.60579904,-32.49212795]},{"type":"Feature","id":"bahra_paraje.6907","geometry":{"type":"MultiPoint","coordinates":[[-58.4517036,-32.60345282]]},"geometry_name":"geom","properties":{"gid":6907,"cod_pcia":"30","nom_pcia":"Entre Ríos","cod_depto":"30098","nom_depto":"Uruguay","cod_ase":"30098A37","fna":"Tala","tipo_asent":"Paraje","cod_aglo":null,"nom_aglo":null,"cod_agl":"309872","nom_agl":"Tala","lat_gd":"-32.603453","long_gd":"-58.451704","lat_gs":"-32º36'12\"","long_gs":"-58º27' 6\"","fdc":"INDEC. ACA"},"bbox":[-58.4517036,-32.60345282,-58.4517036,-32.60345282]},{"type":"Feature","id":"bahra_paraje.6908","geometry":{"type":"MultiPoint","coordinates":[[-58.30332701,-32.52950296]]},"geometry_name":"geom","properties":{"gid":6908,"cod_pcia":"30","nom_pcia":"Entre Ríos","cod_depto":"30098","nom_depto":"Uruguay","cod_ase":"30098A38","fna":"Talita","tipo_asent":"Paraje","cod_aglo":null,"nom_aglo":null,"cod_agl":"300427","nom_agl":"Concepción del Uruguay","lat_gd":"-32.529503","long_gd":"-58.303327","lat_gs":"-32º31'46\"","long_gs":"-58º18'12\"","fdc":"Mapa Educativo (GPS)"},"bbox":[-58.30332701,-32.52950296,-58.30332701,-32.52950296]},{"type":"Feature","id":"bahra_paraje.6912","geometry":{"type":"MultiPoint","coordinates":[[-60.04950178,-32.95760708]]},"geometry_name":"geom","properties":{"gid":6912,"cod_pcia":"30","nom_pcia":"Entre Ríos","cod_depto":"30105","nom_depto":"Victoria","cod_ase":"30105A00","fna":"Arroyo Barrancoso","tipo_asent":"Paraje","cod_aglo":null,"nom_aglo":null,"cod_agl":"300469","nom_agl":"Victoria","lat_gd":"-32.957607","long_gd":"-60.049502","lat_gs":"-32º57'27\"","long_gs":"-60º 2'58\"","fdc":"Mapa Educativo (GPS)"},"bbox":[-60.04950178,-32.95760708,-60.04950178,-32.95760708]},{"type":"Feature","id":"bahra_paraje.6918","geometry":{"type":"MultiPoint","coordinates":[[-60.03070096,-32.5794785]]},"geometry_name":"geom","properties":{"gid":6918,"cod_pcia":"30","nom_pcia":"Entre Ríos","cod_depto":"30105","nom_depto":"Victoria","cod_ase":"30105A06","fna":"Corrales","tipo_asent":"Paraje","cod_aglo":null,"nom_aglo":null,"cod_agl":"300000","nom_agl":"sin gobierno local","lat_gd":"-32.579479","long_gd":"-60.030701","lat_gs":"-32º34'46\"","long_gs":"-60º 1'51\"","fdc":"Mapa Educativo (GPS)"},"bbox":[-60.03070096,-32.5794785,-60.03070096,-32.5794785]},{"type":"Feature","id":"bahra_paraje.6933","geometry":{"type":"MultiPoint","coordinates":[[-59.90719145,-32.78096386]]},"geometry_name":"geom","properties":{"gid":6933,"cod_pcia":"30","nom_pcia":"Entre Ríos","cod_depto":"30105","nom_depto":"Victoria","cod_ase":"30105A21","fna":"Rincón de Nogoyá","tipo_asent":"Paraje","cod_aglo":null,"nom_aglo":null,"cod_agl":"309910","nom_agl":"Rincón de Nogoyá","lat_gd":"-32.780964","long_gd":"-59.907191","lat_gs":"-32º46'51\"","long_gs":"-59º54'26\"","fdc":"INDEC"},"bbox":[-59.90719145,-32.78096386,-59.90719145,-32.78096386]},{"type":"Feature","id":"bahra_paraje.6720","geometry":{"type":"MultiPoint","coordinates":[[-59.56442818,-32.17350714]]},"geometry_name":"geom","properties":{"gid":6720,"cod_pcia":"30","nom_pcia":"Entre Ríos","cod_depto":"30077","nom_depto":"Nogoyá","cod_ase":"30077A00","fna":"Aldea Andreoli","tipo_asent":"Paraje","cod_aglo":null,"nom_aglo":null,"cod_agl":"309540","nom_agl":"Distrito Chiqueros","lat_gd":"-32.173507","long_gd":"-59.564428","lat_gs":"-32º10'25\"","long_gs":"-59º33'52\"","fdc":"Mapa Educativo (GPS)"},"bbox":[-59.56442818,-32.17350714,-59.56442818,-32.17350714]},{"type":"Feature","id":"bahra_paraje.6726","geometry":{"type":"MultiPoint","coordinates":[[-59.51987534,-32.15932822]]},"geometry_name":"geom","properties":{"gid":6726,"cod_pcia":"30","nom_pcia":"Entre Ríos","cod_depto":"30077","nom_depto":"Nogoyá","cod_ase":"30077A06","fna":"Chiqueros","tipo_asent":"Paraje","cod_aglo":null,"nom_aglo":null,"cod_agl":"309540","nom_agl":"Distrito Chiqueros","lat_gd":"-32.159328","long_gd":"-59.519875","lat_gs":"-32º 9'34\"","long_gs":"-59º31'12\"","fdc":"INDEC. ACA"},"bbox":[-59.51987534,-32.15932822,-59.51987534,-32.15932822]},{"type":"Feature","id":"bahra_paraje.6728","geometry":{"type":"MultiPoint","coordinates":[[-59.59136409,-32.46761213]]},"geometry_name":"geom","properties":{"gid":6728,"cod_pcia":"30","nom_pcia":"Entre Ríos","cod_depto":"30077","nom_depto":"Nogoyá","cod_ase":"30077A08","fna":"Colonia La Esperanza","tipo_asent":"Paraje","cod_aglo":null,"nom_aglo":null,"cod_agl":"300000","nom_agl":"sin gobierno local","lat_gd":"-32.467612","long_gd":"-59.591364","lat_gs":"-32º28' 3\"","long_gs":"-59º35'29\"","fdc":"Mapa Educativo (GPS)"},"bbox":[-59.59136409,-32.46761213,-59.59136409,-32.46761213]},{"type":"Feature","id":"bahra_paraje.6730","geometry":{"type":"MultiPoint","coordinates":[[-59.51587894,-32.10324622]]},"geometry_name":"geom","properties":{"gid":6730,"cod_pcia":"30","nom_pcia":"Entre Ríos","cod_depto":"30077","nom_depto":"Nogoyá","cod_ase":"30077A10","fna":"Colonia Oficial 21","tipo_asent":"Paraje","cod_aglo":null,"nom_aglo":null,"cod_agl":"309525","nom_agl":"Crucesitas Octava","lat_gd":"-32.103246","long_gd":"-59.515879","lat_gs":"-32º 6'12\"","long_gs":"-59º30'57\"","fdc":"Mapa Educativo (GPS)"},"bbox":[-59.51587894,-32.10324622,-59.51587894,-32.10324622]},{"type":"Feature","id":"bahra_paraje.6733","geometry":{"type":"MultiPoint","coordinates":[[-59.52811421,-32.04080039]]},"geometry_name":"geom","properties":{"gid":6733,"cod_pcia":"30","nom_pcia":"Entre Ríos","cod_depto":"30077","nom_depto":"Nogoyá","cod_ase":"30077A13","fna":"Crucesitas Octava","tipo_asent":"Paraje","cod_aglo":null,"nom_aglo":null,"cod_agl":"309535","nom_agl":"Crucesitas Tercera","lat_gd":"-32.040800","long_gd":"-59.528114","lat_gs":"-32º 2'27\"","long_gs":"-59º31'41\"","fdc":"Mapa Educativo (GPS)"},"bbox":[-59.52811421,-32.04080039,-59.52811421,-32.04080039]},{"type":"Feature","id":"bahra_paraje.6745","geometry":{"type":"MultiPoint","coordinates":[[-59.50203639,-32.27664414]]},"geometry_name":"geom","properties":{"gid":6745,"cod_pcia":"30","nom_pcia":"Entre Ríos","cod_depto":"30077","nom_depto":"Nogoyá","cod_ase":"30077A25","fna":"Sauce","tipo_asent":"Paraje","cod_aglo":null,"nom_aglo":null,"cod_agl":"300000","nom_agl":"sin gobierno local","lat_gd":"-32.276644","long_gd":"-59.502036","lat_gs":"-32º16'36\"","long_gs":"-59º30' 7\"","fdc":"INDEC. ACA"},"bbox":[-59.50203639,-32.27664414,-59.50203639,-32.27664414]},{"type":"Feature","id":"bahra_paraje.6787","geometry":{"type":"MultiPoint","coordinates":[[-59.56455256,-31.65237989]]},"geometry_name":"geom","properties":{"gid":6787,"cod_pcia":"30","nom_pcia":"Entre Ríos","cod_depto":"30084","nom_depto":"Paraná","cod_ase":"30084A08","fna":"Barrancas Coloradas","tipo_asent":"Paraje","cod_aglo":null,"nom_aglo":null,"cod_agl":"309705","nom_agl":"María Grande 2º","lat_gd":"-31.652380","long_gd":"-59.564553","lat_gs":"-31º39' 9\"","long_gs":"-59º33'52\"","fdc":"Mapa Educativo (GPS)"},"bbox":[-59.56455256,-31.65237989,-59.56455256,-31.65237989]},{"type":"Feature","id":"bahra_paraje.6843","geometry":{"type":"MultiPoint","coordinates":[[-59.19961272,-32.03367365]]},"geometry_name":"geom","properties":{"gid":6843,"cod_pcia":"30","nom_pcia":"Entre Ríos","cod_depto":"30091","nom_depto":"Tala","cod_ase":"30091A00","fna":"Altamirano Norte","tipo_asent":"Paraje","cod_aglo":null,"nom_aglo":null,"cod_agl":"300000","nom_agl":"sin gobierno local","lat_gd":"-32.033674","long_gd":"-59.199613","lat_gs":"-32º 2' 1\"","long_gs":"-59º11'59\"","fdc":"INDEC. ACA"},"bbox":[-59.19961272,-32.03367365,-59.19961272,-32.03367365]},{"type":"Feature","id":"bahra_paraje.6844","geometry":{"type":"MultiPoint","coordinates":[[-59.19128696,-32.20891109]]},"geometry_name":"geom","properties":{"gid":6844,"cod_pcia":"30","nom_pcia":"Entre Ríos","cod_depto":"30091","nom_depto":"Tala","cod_ase":"30091A01","fna":"Arroyo Obispo","tipo_asent":"Paraje","cod_aglo":null,"nom_aglo":null,"cod_agl":"300000","nom_agl":"sin gobierno local","lat_gd":"-32.208911","long_gd":"-59.191287","lat_gs":"-32º12'32\"","long_gs":"-59º11'29\"","fdc":"Mapa Educativo (GPS)"},"bbox":[-59.19128696,-32.20891109,-59.19128696,-32.20891109]},{"type":"Feature","id":"bahra_paraje.6845","geometry":{"type":"MultiPoint","coordinates":[[-59.23134946,-31.99744492]]},"geometry_name":"geom","properties":{"gid":6845,"cod_pcia":"30","nom_pcia":"Entre Ríos","cod_depto":"30091","nom_depto":"Tala","cod_ase":"30091A02","fna":"El Chajá","tipo_asent":"Paraje","cod_aglo":null,"nom_aglo":null,"cod_agl":"300000","nom_agl":"sin gobierno local","lat_gd":"-31.997445","long_gd":"-59.231349","lat_gs":"-31º59'51\"","long_gs":"-59º13'53\"","fdc":"INDEC. ACA"},"bbox":[-59.23134946,-31.99744492,-59.23134946,-31.99744492]},{"type":"Feature","id":"bahra_paraje.6846","geometry":{"type":"MultiPoint","coordinates":[[-59.30446955,-32.02068779]]},"geometry_name":"geom","properties":{"gid":6846,"cod_pcia":"30","nom_pcia":"Entre Ríos","cod_depto":"30091","nom_depto":"Tala","cod_ase":"30091A03","fna":"El Guineo","tipo_asent":"Paraje","cod_aglo":null,"nom_aglo":null,"cod_agl":"300000","nom_agl":"sin gobierno local","lat_gd":"-32.020688","long_gd":"-59.304470","lat_gs":"-32º 1'14\"","long_gs":"-59º18'16\"","fdc":"Mapa Educativo (GPS)"},"bbox":[-59.30446955,-32.02068779,-59.30446955,-32.02068779]},{"type":"Feature","id":"bahra_paraje.6847","geometry":{"type":"MultiPoint","coordinates":[[-59.37912025,-32.10180464]]},"geometry_name":"geom","properties":{"gid":6847,"cod_pcia":"30","nom_pcia":"Entre Ríos","cod_depto":"30091","nom_depto":"Tala","cod_ase":"30091A04","fna":"El Talita","tipo_asent":"Paraje","cod_aglo":null,"nom_aglo":null,"cod_agl":"300399","nom_agl":"Maciá","lat_gd":"-32.101805","long_gd":"-59.379120","lat_gs":"-32º 6' 6\"","long_gs":"-59º22'45\"","fdc":"Mapa Educativo (GPS)"},"bbox":[-59.37912025,-32.10180464,-59.37912025,-32.10180464]},{"type":"Feature","id":"bahra_paraje.6848","geometry":{"type":"MultiPoint","coordinates":[[-59.44830175,-32.4565193]]},"geometry_name":"geom","properties":{"gid":6848,"cod_pcia":"30","nom_pcia":"Entre Ríos","cod_depto":"30091","nom_depto":"Tala","cod_ase":"30091A05","fna":"El Tropezón","tipo_asent":"Paraje","cod_aglo":null,"nom_aglo":null,"cod_agl":"300000","nom_agl":"sin gobierno local","lat_gd":"-32.456519","long_gd":"-59.448302","lat_gs":"-32º27'23\"","long_gs":"-59º26'54\"","fdc":"Mapa Educativo (GPS)"},"bbox":[-59.44830175,-32.4565193,-59.44830175,-32.4565193]},{"type":"Feature","id":"bahra_paraje.6849","geometry":{"type":"MultiPoint","coordinates":[[-59.15990179,-32.41908965]]},"geometry_name":"geom","properties":{"gid":6849,"cod_pcia":"30","nom_pcia":"Entre Ríos","cod_depto":"30091","nom_depto":"Tala","cod_ase":"30091A06","fna":"La Ollita","tipo_asent":"Paraje","cod_aglo":null,"nom_aglo":null,"cod_agl":"309820","nom_agl":"La Ollita","lat_gd":"-32.419090","long_gd":"-59.159902","lat_gs":"-32º25' 9\"","long_gs":"-59º 9'36\"","fdc":"Mapa Educativo (GPS)"},"bbox":[-59.15990179,-32.41908965,-59.15990179,-32.41908965]},{"type":"Feature","id":"bahra_paraje.6850","geometry":{"type":"MultiPoint","coordinates":[[-59.44784936,-32.33015079]]},"geometry_name":"geom","properties":{"gid":6850,"cod_pcia":"30","nom_pcia":"Entre Ríos","cod_depto":"30091","nom_depto":"Tala","cod_ase":"30091A07","fna":"Olegario V. Andrade","tipo_asent":"Paraje","cod_aglo":null,"nom_aglo":null,"cod_agl":"309805","nom_agl":"Solá","lat_gd":"-32.330151","long_gd":"-59.447849","lat_gs":"-32º19'49\"","long_gs":"-59º26'52\"","fdc":"Mapa Educativo (GPS)"},"bbox":[-59.44784936,-32.33015079,-59.44784936,-32.33015079]},{"type":"Feature","id":"bahra_paraje.6851","geometry":{"type":"MultiPoint","coordinates":[[-59.07759779,-32.30994463]]},"geometry_name":"geom","properties":{"gid":6851,"cod_pcia":"30","nom_pcia":"Entre Ríos","cod_depto":"30091","nom_depto":"Tala","cod_ase":"30091A08","fna":"Parque Balneario Delio Panizza","tipo_asent":"Paraje","cod_aglo":null,"nom_aglo":null,"cod_agl":"300406","nom_agl":"Rosario del Tala","lat_gd":"-32.309945","long_gd":"-59.077598","lat_gs":"-32º18'36\"","long_gs":"-59º 4'39\"","fdc":"INDEC. ACA"},"bbox":[-59.07759779,-32.30994463,-59.07759779,-32.30994463]},{"type":"Feature","id":"bahra_paraje.6852","geometry":{"type":"MultiPoint","coordinates":[[-59.40271856,-32.28079476]]},"geometry_name":"geom","properties":{"gid":6852,"cod_pcia":"30","nom_pcia":"Entre Ríos","cod_depto":"30091","nom_depto":"Tala","cod_ase":"30091A09","fna":"Pueblo Primero","tipo_asent":"Paraje","cod_aglo":null,"nom_aglo":null,"cod_agl":"300000","nom_agl":"sin gobierno local","lat_gd":"-32.280795","long_gd":"-59.402719","lat_gs":"-32º16'51\"","long_gs":"-59º24'10\"","fdc":"Mapa Educativo (GPS)"},"bbox":[-59.40271856,-32.28079476,-59.40271856,-32.28079476]},{"type":"Feature","id":"bahra_paraje.6853","geometry":{"type":"MultiPoint","coordinates":[[-59.24192044,-32.16161538]]},"geometry_name":"geom","properties":{"gid":6853,"cod_pcia":"30","nom_pcia":"Entre Ríos","cod_depto":"30091","nom_depto":"Tala","cod_ase":"30091A10","fna":"Raices al Sud","tipo_asent":"Paraje","cod_aglo":null,"nom_aglo":null,"cod_agl":"300000","nom_agl":"sin gobierno local","lat_gd":"-32.161615","long_gd":"-59.241920","lat_gs":"-32º 9'42\"","long_gs":"-59º14'31\"","fdc":"Mapa Educativo (GPS)"},"bbox":[-59.24192044,-32.16161538,-59.24192044,-32.16161538]},{"type":"Feature","id":"bahra_paraje.6854","geometry":{"type":"MultiPoint","coordinates":[[-59.29452726,-32.480588]]},"geometry_name":"geom","properties":{"gid":6854,"cod_pcia":"30","nom_pcia":"Entre Ríos","cod_depto":"30091","nom_depto":"Tala","cod_ase":"30091A11","fna":"Sauce Norte","tipo_asent":"Paraje","cod_aglo":null,"nom_aglo":null,"cod_agl":"300000","nom_agl":"sin gobierno local","lat_gd":"-32.480588","long_gd":"-59.294527","lat_gs":"-32º28'50\"","long_gs":"-59º17'40\"","fdc":"INDEC. ACA"},"bbox":[-59.29452726,-32.480588,-59.29452726,-32.480588]},{"type":"Feature","id":"bahra_paraje.6870","geometry":{"type":"MultiPoint","coordinates":[[-58.88223655,-32.46673642]]},"geometry_name":"geom","properties":{"gid":6870,"cod_pcia":"30","nom_pcia":"Entre Ríos","cod_depto":"30098","nom_depto":"Uruguay","cod_ase":"30098A00","fna":"Alberto Gerchunoff","tipo_asent":"Paraje","cod_aglo":null,"nom_aglo":null,"cod_agl":"309855","nom_agl":"Rocamora","lat_gd":"-32.466736","long_gd":"-58.882237","lat_gs":"-32º28' 0\"","long_gs":"-58º52'56\"","fdc":"INDEC. ACA"},"bbox":[-58.88223655,-32.46673642,-58.88223655,-32.46673642]},{"type":"Feature","id":"bahra_paraje.6875","geometry":{"type":"MultiPoint","coordinates":[[-58.98783536,-32.2913136]]},"geometry_name":"geom","properties":{"gid":6875,"cod_pcia":"30","nom_pcia":"Entre Ríos","cod_depto":"30098","nom_depto":"Uruguay","cod_ase":"30098A05","fna":"Colonia Almada","tipo_asent":"Paraje","cod_aglo":null,"nom_aglo":null,"cod_agl":"309855","nom_agl":"Rocamora","lat_gd":"-32.291314","long_gd":"-58.987835","lat_gs":"-32º17'29\"","long_gs":"-58º59'16\"","fdc":"Mapa Educativo (GPS)"},"bbox":[-58.98783536,-32.2913136,-58.98783536,-32.2913136]},{"type":"Feature","id":"bahra_paraje.6876","geometry":{"type":"MultiPoint","coordinates":[[-58.84701571,-32.0597871]]},"geometry_name":"geom","properties":{"gid":6876,"cod_pcia":"30","nom_pcia":"Entre Ríos","cod_depto":"30098","nom_depto":"Uruguay","cod_ase":"30098A06","fna":"Colonia Barreros","tipo_asent":"Paraje","cod_aglo":null,"nom_aglo":null,"cod_agl":"300000","nom_agl":"sin gobierno local","lat_gd":"-32.059787","long_gd":"-58.847016","lat_gs":"-32º 3'35\"","long_gs":"-58º50'49\"","fdc":"Mapa Educativo (GPS)"},"bbox":[-58.84701571,-32.0597871,-58.84701571,-32.0597871]},{"type":"Feature","id":"bahra_paraje.6877","geometry":{"type":"MultiPoint","coordinates":[[-58.75421794,-32.10293971]]},"geometry_name":"geom","properties":{"gid":6877,"cod_pcia":"30","nom_pcia":"Entre Ríos","cod_depto":"30098","nom_depto":"Uruguay","cod_ase":"30098A07","fna":"Colonia Caraguatá","tipo_asent":"Paraje","cod_aglo":null,"nom_aglo":null,"cod_agl":"300000","nom_agl":"sin gobierno local","lat_gd":"-32.102940","long_gd":"-58.754218","lat_gs":"-32º 6'11\"","long_gs":"-58º45'15\"","fdc":"INDEC. ACA"},"bbox":[-58.75421794,-32.10293971,-58.75421794,-32.10293971]},{"type":"Feature","id":"bahra_paraje.6881","geometry":{"type":"MultiPoint","coordinates":[[-58.94769988,-32.23889079]]},"geometry_name":"geom","properties":{"gid":6881,"cod_pcia":"30","nom_pcia":"Entre Ríos","cod_depto":"30098","nom_depto":"Uruguay","cod_ase":"30098A11","fna":"Colonia La Joya","tipo_asent":"Paraje","cod_aglo":null,"nom_aglo":null,"cod_agl":"300000","nom_agl":"sin gobierno local","lat_gd":"-32.238891","long_gd":"-58.947700","lat_gs":"-32º14'20\"","long_gs":"-58º56'52\"","fdc":"Mapa Educativo (GPS)"},"bbox":[-58.94769988,-32.23889079,-58.94769988,-32.23889079]},{"type":"Feature","id":"bahra_paraje.6882","geometry":{"type":"MultiPoint","coordinates":[[-58.83498563,-32.10204657]]},"geometry_name":"geom","properties":{"gid":6882,"cod_pcia":"30","nom_pcia":"Entre Ríos","cod_depto":"30098","nom_depto":"Uruguay","cod_ase":"30098A12","fna":"Colonia Levin","tipo_asent":"Paraje","cod_aglo":null,"nom_aglo":null,"cod_agl":"300455","nom_agl":"Santa Anita","lat_gd":"-32.102047","long_gd":"-58.834986","lat_gs":"-32º 6' 7\"","long_gs":"-58º50' 6\"","fdc":"INDEC. ACA"},"bbox":[-58.83498563,-32.10204657,-58.83498563,-32.10204657]},{"type":"Feature","id":"bahra_paraje.6886","geometry":{"type":"MultiPoint","coordinates":[[-58.72347727,-32.04286023]]},"geometry_name":"geom","properties":{"gid":6886,"cod_pcia":"30","nom_pcia":"Entre Ríos","cod_depto":"30098","nom_depto":"Uruguay","cod_ase":"30098A16","fna":"Colonia Sagastume","tipo_asent":"Paraje","cod_aglo":null,"nom_aglo":null,"cod_agl":"300000","nom_agl":"sin gobierno local","lat_gd":"-32.042860","long_gd":"-58.723477","lat_gs":"-32º 2'34\"","long_gs":"-58º43'25\"","fdc":"INDEC. ACA"},"bbox":[-58.72347727,-32.04286023,-58.72347727,-32.04286023]},{"type":"Feature","id":"bahra_paraje.6893","geometry":{"type":"MultiPoint","coordinates":[[-58.78326401,-32.20565513]]},"geometry_name":"geom","properties":{"gid":6893,"cod_pcia":"30","nom_pcia":"Entre Ríos","cod_depto":"30098","nom_depto":"Uruguay","cod_ase":"30098A23","fna":"Colonia Tuyutí","tipo_asent":"Paraje","cod_aglo":null,"nom_aglo":null,"cod_agl":"300000","nom_agl":"sin gobierno local","lat_gd":"-32.205655","long_gd":"-58.783264","lat_gs":"-32º12'20\"","long_gs":"-58º46'60\"","fdc":"Mapa Educativo (GPS)"},"bbox":[-58.78326401,-32.20565513,-58.78326401,-32.20565513]},{"type":"Feature","id":"bahra_paraje.6896","geometry":{"type":"MultiPoint","coordinates":[[-58.70521608,-32.12003632]]},"geometry_name":"geom","properties":{"gid":6896,"cod_pcia":"30","nom_pcia":"Entre Ríos","cod_depto":"30098","nom_depto":"Uruguay","cod_ase":"30098A26","fna":"La Silvia","tipo_asent":"Paraje","cod_aglo":null,"nom_aglo":null,"cod_agl":"300000","nom_agl":"sin gobierno local","lat_gd":"-32.120036","long_gd":"-58.705216","lat_gs":"-32º 7'12\"","long_gs":"-58º42'19\"","fdc":"Mapa Educativo (GPS)"},"bbox":[-58.70521608,-32.12003632,-58.70521608,-32.12003632]},{"type":"Feature","id":"bahra_paraje.6898","geometry":{"type":"MultiPoint","coordinates":[[-59.03109143,-32.20359252]]},"geometry_name":"geom","properties":{"gid":6898,"cod_pcia":"30","nom_pcia":"Entre Ríos","cod_depto":"30098","nom_depto":"Uruguay","cod_ase":"30098A28","fna":"Las Moscas","tipo_asent":"Paraje","cod_aglo":null,"nom_aglo":null,"cod_agl":"300000","nom_agl":"sin gobierno local","lat_gd":"-32.203593","long_gd":"-59.031091","lat_gs":"-32º12'13\"","long_gs":"-59º 1'52\"","fdc":"Mapa Educativo (GPS)"},"bbox":[-59.03109143,-32.20359252,-59.03109143,-32.20359252]},{"type":"Feature","id":"bahra_paraje.6946","geometry":{"type":"MultiPoint","coordinates":[[-59.57269,-31.78075181]]},"geometry_name":"geom","properties":{"gid":6946,"cod_pcia":"30","nom_pcia":"Entre Ríos","cod_depto":"30113","nom_depto":"Villaguay","cod_ase":"30113A00","fna":"Aldea Díaz","tipo_asent":"Paraje","cod_aglo":null,"nom_aglo":null,"cod_agl":"309965","nom_agl":"Raíces Oeste","lat_gd":"-31.780752","long_gd":"-59.572690","lat_gs":"-31º46'51\"","long_gs":"-59º34'22\"","fdc":"INDEC. ACA"},"bbox":[-59.57269,-31.78075181,-59.57269,-31.78075181]},{"type":"Feature","id":"bahra_paraje.6947","geometry":{"type":"MultiPoint","coordinates":[[-59.00940786,-32.02519399]]},"geometry_name":"geom","properties":{"gid":6947,"cod_pcia":"30","nom_pcia":"Entre Ríos","cod_depto":"30113","nom_depto":"Villaguay","cod_ase":"30113A01","fna":"Aldea San Gregorio","tipo_asent":"Paraje","cod_aglo":null,"nom_aglo":null,"cod_agl":"300000","nom_agl":"sin gobierno local","lat_gd":"-32.025194","long_gd":"-59.009408","lat_gs":"-32º 1'31\"","long_gs":"-59º 0'34\"","fdc":"INDEC. ACA"},"bbox":[-59.00940786,-32.02519399,-59.00940786,-32.02519399]},{"type":"Feature","id":"bahra_paraje.6949","geometry":{"type":"MultiPoint","coordinates":[[-59.34960962,-31.72219233]]},"geometry_name":"geom","properties":{"gid":6949,"cod_pcia":"30","nom_pcia":"Entre Ríos","cod_depto":"30113","nom_depto":"Villaguay","cod_ase":"30113A03","fna":"Cantina Bonaldo","tipo_asent":"Paraje","cod_aglo":null,"nom_aglo":null,"cod_agl":"309965","nom_agl":"Raíces Oeste","lat_gd":"-31.722192","long_gd":"-59.349610","lat_gs":"-31º43'20\"","long_gs":"-59º20'59\"","fdc":"Mapa Educativo (GPS)"},"bbox":[-59.34960962,-31.72219233,-59.34960962,-31.72219233]},{"type":"Feature","id":"bahra_paraje.6953","geometry":{"type":"MultiPoint","coordinates":[[-59.24225996,-31.77942276]]},"geometry_name":"geom","properties":{"gid":6953,"cod_pcia":"30","nom_pcia":"Entre Ríos","cod_depto":"30113","nom_depto":"Villaguay","cod_ase":"30113A07","fna":"Colonia Desparramados","tipo_asent":"Paraje","cod_aglo":null,"nom_aglo":null,"cod_agl":"309960","nom_agl":"Paso de La Laguna","lat_gd":"-31.779423","long_gd":"-59.242260","lat_gs":"-31º46'46\"","long_gs":"-59º14'32\"","fdc":"Mapa Educativo (GPS)"},"bbox":[-59.24225996,-31.77942276,-59.24225996,-31.77942276]},{"type":"Feature","id":"bahra_paraje.6954","geometry":{"type":"MultiPoint","coordinates":[[-58.80635617,-31.90166271]]},"geometry_name":"geom","properties":{"gid":6954,"cod_pcia":"30","nom_pcia":"Entre Ríos","cod_depto":"30113","nom_depto":"Villaguay","cod_ase":"30113A08","fna":"Colonia Espíndola","tipo_asent":"Paraje","cod_aglo":null,"nom_aglo":null,"cod_agl":"300000","nom_agl":"sin gobierno local","lat_gd":"-31.901663","long_gd":"-58.806356","lat_gs":"-31º54' 6\"","long_gs":"-58º48'23\"","fdc":"Mapa Educativo (GPS)"},"bbox":[-58.80635617,-31.90166271,-58.80635617,-31.90166271]},{"type":"Feature","id":"bahra_paraje.6957","geometry":{"type":"MultiPoint","coordinates":[[-58.87488412,-31.79179992]]},"geometry_name":"geom","properties":{"gid":6957,"cod_pcia":"30","nom_pcia":"Entre Ríos","cod_depto":"30113","nom_depto":"Villaguay","cod_ase":"30113A11","fna":"Colonia La Gerónima","tipo_asent":"Paraje","cod_aglo":null,"nom_aglo":null,"cod_agl":"300000","nom_agl":"sin gobierno local","lat_gd":"-31.791800","long_gd":"-58.874884","lat_gs":"-31º47'30\"","long_gs":"-58º52'30\"","fdc":"Mapa Educativo (GPS)"},"bbox":[-58.87488412,-31.79179992,-58.87488412,-31.79179992]},{"type":"Feature","id":"bahra_paraje.6959","geometry":{"type":"MultiPoint","coordinates":[[-58.91443156,-31.85925638]]},"geometry_name":"geom","properties":{"gid":6959,"cod_pcia":"30","nom_pcia":"Entre Ríos","cod_depto":"30113","nom_depto":"Villaguay","cod_ase":"30113A13","fna":"Colonia La Rosada","tipo_asent":"Paraje","cod_aglo":null,"nom_aglo":null,"cod_agl":"300000","nom_agl":"sin gobierno local","lat_gd":"-31.859256","long_gd":"-58.914432","lat_gs":"-31º51'33\"","long_gs":"-58º54'52\"","fdc":"Mapa Educativo (GPS)"},"bbox":[-58.91443156,-31.85925638,-58.91443156,-31.85925638]},{"type":"Feature","id":"bahra_paraje.6961","geometry":{"type":"MultiPoint","coordinates":[[-58.97129681,-31.65353927]]},"geometry_name":"geom","properties":{"gid":6961,"cod_pcia":"30","nom_pcia":"Entre Ríos","cod_depto":"30113","nom_depto":"Villaguay","cod_ase":"30113A14","fna":"Colonia La Sarita","tipo_asent":"Paraje","cod_aglo":null,"nom_aglo":null,"cod_agl":"309940","nom_agl":"Lucas Sur Primero","lat_gd":"-31.653539","long_gd":"-58.971297","lat_gs":"-31º39'13\"","long_gs":"-58º58'17\"","fdc":"Mapa Educativo (GPS)"},"bbox":[-58.97129681,-31.65353927,-58.97129681,-31.65353927]},{"type":"Feature","id":"bahra_paraje.6963","geometry":{"type":"MultiPoint","coordinates":[[-59.31613213,-31.84429619]]},"geometry_name":"geom","properties":{"gid":6963,"cod_pcia":"30","nom_pcia":"Entre Ríos","cod_depto":"30113","nom_depto":"Villaguay","cod_ase":"30113A16","fna":"Colonia Oficial 2","tipo_asent":"Paraje","cod_aglo":null,"nom_aglo":null,"cod_agl":"309960","nom_agl":"Paso de La Laguna","lat_gd":"-31.844296","long_gd":"-59.316132","lat_gs":"-31º50'39\"","long_gs":"-59º18'58\"","fdc":"Mapa Educativo (GPS)"},"bbox":[-59.31613213,-31.84429619,-59.31613213,-31.84429619]},{"type":"Feature","id":"bahra_paraje.6965","geometry":{"type":"MultiPoint","coordinates":[[-58.75764314,-31.79978321]]},"geometry_name":"geom","properties":{"gid":6965,"cod_pcia":"30","nom_pcia":"Entre Ríos","cod_depto":"30113","nom_depto":"Villaguay","cod_ase":"30113A18","fna":"Colonia San Vicente","tipo_asent":"Paraje","cod_aglo":null,"nom_aglo":null,"cod_agl":"300000","nom_agl":"sin gobierno local","lat_gd":"-31.799783","long_gd":"-58.757643","lat_gs":"-31º47'59\"","long_gs":"-58º45'28\"","fdc":"Mapa Educativo (GPS)"},"bbox":[-58.75764314,-31.79978321,-58.75764314,-31.79978321]},{"type":"Feature","id":"bahra_paraje.6969","geometry":{"type":"MultiPoint","coordinates":[[-59.46426345,-31.70154852]]},"geometry_name":"geom","properties":{"gid":6969,"cod_pcia":"30","nom_pcia":"Entre Ríos","cod_depto":"30113","nom_depto":"Villaguay","cod_ase":"30113A22","fna":"El Malagueño","tipo_asent":"Paraje","cod_aglo":null,"nom_aglo":null,"cod_agl":"309965","nom_agl":"Raíces Oeste","lat_gd":"-31.701549","long_gd":"-59.464263","lat_gs":"-31º42' 6\"","long_gs":"-59º27'51\"","fdc":"Mapa Educativo"},"bbox":[-59.46426345,-31.70154852,-59.46426345,-31.70154852]},{"type":"Feature","id":"bahra_paraje.6970","geometry":{"type":"MultiPoint","coordinates":[[-59.44540626,-31.94358654]]},"geometry_name":"geom","properties":{"gid":6970,"cod_pcia":"30","nom_pcia":"Entre Ríos","cod_depto":"30113","nom_depto":"Villaguay","cod_ase":"30113A23","fna":"El Tropezón","tipo_asent":"Paraje","cod_aglo":null,"nom_aglo":null,"cod_agl":"309965","nom_agl":"Raíces Oeste","lat_gd":"-31.943587","long_gd":"-59.445406","lat_gs":"-31º56'37\"","long_gs":"-59º26'43\"","fdc":"Mapa Educativo (GPS)"},"bbox":[-59.44540626,-31.94358654,-59.44540626,-31.94358654]},{"type":"Feature","id":"bahra_paraje.6971","geometry":{"type":"MultiPoint","coordinates":[[-59.18609408,-31.6312601]]},"geometry_name":"geom","properties":{"gid":6971,"cod_pcia":"30","nom_pcia":"Entre Ríos","cod_depto":"30113","nom_depto":"Villaguay","cod_ase":"30113A24","fna":"La Posta","tipo_asent":"Paraje","cod_aglo":null,"nom_aglo":null,"cod_agl":"309955","nom_agl":"Mojones Sur","lat_gd":"-31.631260","long_gd":"-59.186094","lat_gs":"-31º37'53\"","long_gs":"-59º11'10\"","fdc":"INDEC. ACA"},"bbox":[-59.18609408,-31.6312601,-59.18609408,-31.6312601]},{"type":"Feature","id":"bahra_paraje.6973","geometry":{"type":"MultiPoint","coordinates":[[-59.35742675,-31.92048183]]},"geometry_name":"geom","properties":{"gid":6973,"cod_pcia":"30","nom_pcia":"Entre Ríos","cod_depto":"30113","nom_depto":"Villaguay","cod_ase":"30113A26","fna":"Las Pajitas","tipo_asent":"Paraje","cod_aglo":null,"nom_aglo":null,"cod_agl":"309920","nom_agl":"Estación Raíces","lat_gd":"-31.920482","long_gd":"-59.357427","lat_gs":"-31º55'14\"","long_gs":"-59º21'27\"","fdc":"Mapa Educativo (GPS)"},"bbox":[-59.35742675,-31.92048183,-59.35742675,-31.92048183]},{"type":"Feature","id":"bahra_paraje.6977","geometry":{"type":"MultiPoint","coordinates":[[-59.04043774,-31.66658682]]},"geometry_name":"geom","properties":{"gid":6977,"cod_pcia":"30","nom_pcia":"Entre Ríos","cod_depto":"30113","nom_depto":"Villaguay","cod_ase":"30113A30","fna":"Lucas Sur 1ro.","tipo_asent":"Paraje","cod_aglo":null,"nom_aglo":null,"cod_agl":"309940","nom_agl":"Lucas Sur Primero","lat_gd":"-31.666587","long_gd":"-59.040438","lat_gs":"-31º39'60\"","long_gs":"-59º 2'26\"","fdc":"INDEC. ACA"},"bbox":[-59.04043774,-31.66658682,-59.04043774,-31.66658682]},{"type":"Feature","id":"bahra_paraje.6979","geometry":{"type":"MultiPoint","coordinates":[[-59.18054281,-31.71645056]]},"geometry_name":"geom","properties":{"gid":6979,"cod_pcia":"30","nom_pcia":"Entre Ríos","cod_depto":"30113","nom_depto":"Villaguay","cod_ase":"30113A32","fna":"Mojones Sur","tipo_asent":"Paraje","cod_aglo":null,"nom_aglo":null,"cod_agl":"309955","nom_agl":"Mojones Sur","lat_gd":"-31.716451","long_gd":"-59.180543","lat_gs":"-31º42'59\"","long_gs":"-59º10'50\"","fdc":"Mapa Educativo (GPS)"},"bbox":[-59.18054281,-31.71645056,-59.18054281,-31.71645056]},{"type":"Feature","id":"bahra_paraje.6982","geometry":{"type":"MultiPoint","coordinates":[[-59.14688147,-31.93627201]]},"geometry_name":"geom","properties":{"gid":6982,"cod_pcia":"30","nom_pcia":"Entre Ríos","cod_depto":"30113","nom_depto":"Villaguay","cod_ase":"30113A35","fna":"Raíces","tipo_asent":"Paraje","cod_aglo":null,"nom_aglo":null,"cod_agl":"309920","nom_agl":"Estación Raíces","lat_gd":"-31.936272","long_gd":"-59.146881","lat_gs":"-31º56'11\"","long_gs":"-59º 8'49\"","fdc":"Mapa Educativo (GPS)"},"bbox":[-59.14688147,-31.93627201,-59.14688147,-31.93627201]},{"type":"Feature","id":"bahra_paraje.6983","geometry":{"type":"MultiPoint","coordinates":[[-59.37016738,-31.83695889]]},"geometry_name":"geom","properties":{"gid":6983,"cod_pcia":"30","nom_pcia":"Entre Ríos","cod_depto":"30113","nom_depto":"Villaguay","cod_ase":"30113A36","fna":"Raíces Este","tipo_asent":"Paraje","cod_aglo":null,"nom_aglo":null,"cod_agl":"309965","nom_agl":"Raíces Oeste","lat_gd":"-31.836959","long_gd":"-59.370167","lat_gs":"-31º50'13\"","long_gs":"-59º22'13\"","fdc":"INDEC. ACA"},"bbox":[-59.37016738,-31.83695889,-59.37016738,-31.83695889]},{"type":"Feature","id":"bahra_paraje.6984","geometry":{"type":"MultiPoint","coordinates":[[-59.41294617,-31.83296008]]},"geometry_name":"geom","properties":{"gid":6984,"cod_pcia":"30","nom_pcia":"Entre Ríos","cod_depto":"30113","nom_depto":"Villaguay","cod_ase":"30113A37","fna":"Raíces Oeste","tipo_asent":"Paraje","cod_aglo":null,"nom_aglo":null,"cod_agl":"309965","nom_agl":"Raíces Oeste","lat_gd":"-31.832960","long_gd":"-59.412946","lat_gs":"-31º49'59\"","long_gs":"-59º24'47\"","fdc":"INDEC. ACA"},"bbox":[-59.41294617,-31.83296008,-59.41294617,-31.83296008]},{"type":"Feature","id":"bahra_paraje.6985","geometry":{"type":"MultiPoint","coordinates":[[-58.87297567,-31.72286274]]},"geometry_name":"geom","properties":{"gid":6985,"cod_pcia":"30","nom_pcia":"Entre Ríos","cod_depto":"30113","nom_depto":"Villaguay","cod_ase":"30113A38","fna":"Rincón del Villaguay","tipo_asent":"Paraje","cod_aglo":null,"nom_aglo":null,"cod_agl":"300000","nom_agl":"sin gobierno local","lat_gd":"-31.722863","long_gd":"-58.872976","lat_gs":"-31º43'22\"","long_gs":"-58º52'23\"","fdc":"Mapa Educativo (GPS)"},"bbox":[-58.87297567,-31.72286274,-58.87297567,-31.72286274]},{"type":"Feature","id":"bahra_paraje.6986","geometry":{"type":"MultiPoint","coordinates":[[-59.10586229,-31.65344874]]},"geometry_name":"geom","properties":{"gid":6986,"cod_pcia":"30","nom_pcia":"Entre Ríos","cod_depto":"30113","nom_depto":"Villaguay","cod_ase":"30113A39","fna":"Rincón Lucas Sur","tipo_asent":"Paraje","cod_aglo":null,"nom_aglo":null,"cod_agl":"309940","nom_agl":"Lucas Sur Primero","lat_gd":"-31.653449","long_gd":"-59.105862","lat_gs":"-31º39'12\"","long_gs":"-59º 6'21\"","fdc":"Mapa Educativo (GPS)"},"bbox":[-59.10586229,-31.65344874,-59.10586229,-31.65344874]},{"type":"Feature","id":"bahra_paraje.6987","geometry":{"type":"MultiPoint","coordinates":[[-58.75184669,-31.85285133]]},"geometry_name":"geom","properties":{"gid":6987,"cod_pcia":"30","nom_pcia":"Entre Ríos","cod_depto":"30113","nom_depto":"Villaguay","cod_ase":"30113A40","fna":"San Jorge","tipo_asent":"Paraje","cod_aglo":null,"nom_aglo":null,"cod_agl":"300000","nom_agl":"sin gobierno local","lat_gd":"-31.852851","long_gd":"-58.751847","lat_gs":"-31º51'10\"","long_gs":"-58º45' 7\"","fdc":"INDEC. ACA"},"bbox":[-58.75184669,-31.85285133,-58.75184669,-31.85285133]},{"type":"Feature","id":"bahra_paraje.6988","geometry":{"type":"MultiPoint","coordinates":[[-58.9943588,-31.89046543]]},"geometry_name":"geom","properties":{"gid":6988,"cod_pcia":"30","nom_pcia":"Entre Ríos","cod_depto":"30113","nom_depto":"Villaguay","cod_ase":"30113A41","fna":"Villaguay Este","tipo_asent":"Paraje","cod_aglo":null,"nom_aglo":null,"cod_agl":"300000","nom_agl":"sin gobierno local","lat_gd":"-31.890465","long_gd":"-58.994359","lat_gs":"-31º53'26\"","long_gs":"-58º59'40\"","fdc":"Mapa Educativo (GPS)"},"bbox":[-58.9943588,-31.89046543,-58.9943588,-31.89046543]},{"type":"Feature","id":"bahra_paraje.6722","geometry":{"type":"MultiPoint","coordinates":[[-59.82594306,-32.2996598]]},"geometry_name":"geom","properties":{"gid":6722,"cod_pcia":"30","nom_pcia":"Entre Ríos","cod_depto":"30077","nom_depto":"Nogoyá","cod_ase":"30077A02","fna":"Algarrobito 1ro.","tipo_asent":"Paraje","cod_aglo":null,"nom_aglo":null,"cod_agl":"300000","nom_agl":"sin gobierno local","lat_gd":"-32.299660","long_gd":"-59.825943","lat_gs":"-32º17'59\"","long_gs":"-59º49'33\"","fdc":"INDEC. ACA"},"bbox":[-59.82594306,-32.2996598,-59.82594306,-32.2996598]},{"type":"Feature","id":"bahra_paraje.6725","geometry":{"type":"MultiPoint","coordinates":[[-59.93117641,-31.96665463]]},"geometry_name":"geom","properties":{"gid":6725,"cod_pcia":"30","nom_pcia":"Entre Ríos","cod_depto":"30077","nom_depto":"Nogoyá","cod_ase":"30077A05","fna":"Campo Micheloud","tipo_asent":"Paraje","cod_aglo":null,"nom_aglo":null,"cod_agl":"300000","nom_agl":"sin gobierno local","lat_gd":"-31.966655","long_gd":"-59.931176","lat_gs":"-31º57'60\"","long_gs":"-59º55'52\"","fdc":"Mapa Educativo (GPS)"},"bbox":[-59.93117641,-31.96665463,-59.93117641,-31.96665463]},{"type":"Feature","id":"bahra_paraje.6727","geometry":{"type":"MultiPoint","coordinates":[[-60.08676618,-32.27341853]]},"geometry_name":"geom","properties":{"gid":6727,"cod_pcia":"30","nom_pcia":"Entre Ríos","cod_depto":"30077","nom_depto":"Nogoyá","cod_ase":"30077A07","fna":"Colonia Algarrobitos","tipo_asent":"Paraje","cod_aglo":null,"nom_aglo":null,"cod_agl":"300266","nom_agl":"Aranguren","lat_gd":"-32.273419","long_gd":"-60.086766","lat_gs":"-32º16'24\"","long_gs":"-60º 5'12\"","fdc":"Mapa Educativo (GPS)"},"bbox":[-60.08676618,-32.27341853,-60.08676618,-32.27341853]},{"type":"Feature","id":"bahra_paraje.6731","geometry":{"type":"MultiPoint","coordinates":[[-59.72970769,-32.13991775]]},"geometry_name":"geom","properties":{"gid":6731,"cod_pcia":"30","nom_pcia":"Entre Ríos","cod_depto":"30077","nom_depto":"Nogoyá","cod_ase":"30077A11","fna":"Crucesitas Tercera","tipo_asent":"Paraje","cod_aglo":null,"nom_aglo":null,"cod_agl":"309525","nom_agl":"Crucesitas Octava","lat_gd":"-32.139918","long_gd":"-59.729708","lat_gs":"-32º 8'24\"","long_gs":"-59º43'47\"","fdc":"INDEC. ACA"},"bbox":[-59.72970769,-32.13991775,-59.72970769,-32.13991775]},{"type":"Feature","id":"bahra_paraje.6732","geometry":{"type":"MultiPoint","coordinates":[[-59.77887712,-32.08115327]]},"geometry_name":"geom","properties":{"gid":6732,"cod_pcia":"30","nom_pcia":"Entre Ríos","cod_depto":"30077","nom_depto":"Nogoyá","cod_ase":"30077A12","fna":"Crucesitas Séptima","tipo_asent":"Paraje","cod_aglo":null,"nom_aglo":null,"cod_agl":"309530","nom_agl":"Crucesitas Séptima","lat_gd":"-32.081153","long_gd":"-59.778877","lat_gs":"-32º 4'52\"","long_gs":"-59º46'44\"","fdc":"INDEC. ACA"},"bbox":[-59.77887712,-32.08115327,-59.77887712,-32.08115327]},{"type":"Feature","id":"bahra_paraje.6734","geometry":{"type":"MultiPoint","coordinates":[[-59.70174217,-32.02765448]]},"geometry_name":"geom","properties":{"gid":6734,"cod_pcia":"30","nom_pcia":"Entre Ríos","cod_depto":"30077","nom_depto":"Nogoyá","cod_ase":"30077A14","fna":"Crucesitas Urquiza","tipo_asent":"Paraje","cod_aglo":null,"nom_aglo":null,"cod_agl":"309560","nom_agl":"Justo José de Urquiza","lat_gd":"-32.027654","long_gd":"-59.701742","lat_gs":"-32º 1'40\"","long_gs":"-59º42' 6\"","fdc":"INDEC. ACA"},"bbox":[-59.70174217,-32.02765448,-59.70174217,-32.02765448]},{"type":"Feature","id":"bahra_paraje.6735","geometry":{"type":"MultiPoint","coordinates":[[-59.80910623,-32.22497194]]},"geometry_name":"geom","properties":{"gid":6735,"cod_pcia":"30","nom_pcia":"Entre Ríos","cod_depto":"30077","nom_depto":"Nogoyá","cod_ase":"30077A15","fna":"Don Cristóbal Primero","tipo_asent":"Paraje","cod_aglo":null,"nom_aglo":null,"cod_agl":"309545","nom_agl":"Don Cristóbal Primero","lat_gd":"-32.224972","long_gd":"-59.809106","lat_gs":"-32º13'30\"","long_gs":"-59º48'33\"","fdc":"INDEC. ACA"},"bbox":[-59.80910623,-32.22497194,-59.80910623,-32.22497194]},{"type":"Feature","id":"bahra_paraje.6736","geometry":{"type":"MultiPoint","coordinates":[[-59.96903491,-32.1523265]]},"geometry_name":"geom","properties":{"gid":6736,"cod_pcia":"30","nom_pcia":"Entre Ríos","cod_depto":"30077","nom_depto":"Nogoyá","cod_ase":"30077A16","fna":"Don Cristóbal Segundo","tipo_asent":"Paraje","cod_aglo":null,"nom_aglo":null,"cod_agl":"309550","nom_agl":"Don Cristóbal Segundo","lat_gd":"-32.152326","long_gd":"-59.969035","lat_gs":"-32º 9' 8\"","long_gs":"-59º58' 9\"","fdc":"INDEC. ACA"},"bbox":[-59.96903491,-32.1523265,-59.96903491,-32.1523265]},{"type":"Feature","id":"bahra_paraje.6737","geometry":{"type":"MultiPoint","coordinates":[[-59.8136605,-32.16347509]]},"geometry_name":"geom","properties":{"gid":6737,"cod_pcia":"30","nom_pcia":"Entre Ríos","cod_depto":"30077","nom_depto":"Nogoyá","cod_ase":"30077A17","fna":"El Pueblito","tipo_asent":"Paraje","cod_aglo":null,"nom_aglo":null,"cod_agl":"309545","nom_agl":"Don Cristóbal Primero","lat_gd":"-32.163475","long_gd":"-59.813661","lat_gs":"-32º 9'49\"","long_gs":"-59º48'49\"","fdc":"IGN. SIG 250"},"bbox":[-59.8136605,-32.16347509,-59.8136605,-32.16347509]},{"type":"Feature","id":"bahra_paraje.6738","geometry":{"type":"MultiPoint","coordinates":[[-59.64290028,-31.9745022]]},"geometry_name":"geom","properties":{"gid":6738,"cod_pcia":"30","nom_pcia":"Entre Ríos","cod_depto":"30077","nom_depto":"Nogoyá","cod_ase":"30077A18","fna":"Justo José de Urquiza","tipo_asent":"Paraje","cod_aglo":null,"nom_aglo":null,"cod_agl":"309560","nom_agl":"Justo José de Urquiza","lat_gd":"-31.974502","long_gd":"-59.642900","lat_gs":"-31º58'28\"","long_gs":"-59º38'34\"","fdc":"INDEC. ACA"},"bbox":[-59.64290028,-31.9745022,-59.64290028,-31.9745022]},{"type":"Feature","id":"bahra_paraje.6740","geometry":{"type":"MultiPoint","coordinates":[[-59.71331769,-32.49309428]]},"geometry_name":"geom","properties":{"gid":6740,"cod_pcia":"30","nom_pcia":"Entre Ríos","cod_depto":"30077","nom_depto":"Nogoyá","cod_ase":"30077A20","fna":"La Ilusión","tipo_asent":"Paraje","cod_aglo":null,"nom_aglo":null,"cod_agl":"300000","nom_agl":"sin gobierno local","lat_gd":"-32.493094","long_gd":"-59.713318","lat_gs":"-32º29'35\"","long_gs":"-59º42'48\"","fdc":"INDEC. ACA"},"bbox":[-59.71331769,-32.49309428,-59.71331769,-32.49309428]},{"type":"Feature","id":"bahra_paraje.6742","geometry":{"type":"MultiPoint","coordinates":[[-59.65498814,-32.28517369]]},"geometry_name":"geom","properties":{"gid":6742,"cod_pcia":"30","nom_pcia":"Entre Ríos","cod_depto":"30077","nom_depto":"Nogoyá","cod_ase":"30077A22","fna":"Laurencena","tipo_asent":"Paraje","cod_aglo":null,"nom_aglo":null,"cod_agl":"309565","nom_agl":"Laurencena","lat_gd":"-32.285174","long_gd":"-59.654988","lat_gs":"-32º17' 7\"","long_gs":"-59º39'18\"","fdc":"INDEC. ACA"},"bbox":[-59.65498814,-32.28517369,-59.65498814,-32.28517369]},{"type":"Feature","id":"bahra_paraje.6743","geometry":{"type":"MultiPoint","coordinates":[[-59.86974936,-32.51986092]]},"geometry_name":"geom","properties":{"gid":6743,"cod_pcia":"30","nom_pcia":"Entre Ríos","cod_depto":"30077","nom_depto":"Nogoyá","cod_ase":"30077A23","fna":"Montoya","tipo_asent":"Paraje","cod_aglo":null,"nom_aglo":null,"cod_agl":"309555","nom_agl":"Febré","lat_gd":"-32.519861","long_gd":"-59.869749","lat_gs":"-32º31'11\"","long_gs":"-59º52'11\"","fdc":"Mapa Educativo (GPS)"},"bbox":[-59.86974936,-32.51986092,-59.86974936,-32.51986092]},{"type":"Feature","id":"bahra_paraje.6744","geometry":{"type":"MultiPoint","coordinates":[[-59.96114065,-32.03109084]]},"geometry_name":"geom","properties":{"gid":6744,"cod_pcia":"30","nom_pcia":"Entre Ríos","cod_depto":"30077","nom_depto":"Nogoyá","cod_ase":"30077A24","fna":"Paso La Gama","tipo_asent":"Paraje","cod_aglo":null,"nom_aglo":null,"cod_agl":"309550","nom_agl":"Don Cristóbal Segundo","lat_gd":"-32.031091","long_gd":"-59.961141","lat_gs":"-32º 1'52\"","long_gs":"-59º57'40\"","fdc":"INDEC. ACA"},"bbox":[-59.96114065,-32.03109084,-59.96114065,-32.03109084]},{"type":"Feature","id":"bahra_paraje.6784","geometry":{"type":"MultiPoint","coordinates":[[-59.96752543,-31.65249788]]},"geometry_name":"geom","properties":{"gid":6784,"cod_pcia":"30","nom_pcia":"Entre Ríos","cod_depto":"30084","nom_depto":"Paraná","cod_ase":"30084A05","fna":"Arroyo Maturrango","tipo_asent":"Paraje","cod_aglo":null,"nom_aglo":null,"cod_agl":"309620","nom_agl":"Arroyo Maturrango","lat_gd":"-31.652498","long_gd":"-59.967525","lat_gs":"-31º39' 9\"","long_gs":"-59º58' 3\"","fdc":"INDEC. ACA"},"bbox":[-59.96752543,-31.65249788,-59.96752543,-31.65249788]},{"type":"Feature","id":"bahra_paraje.6786","geometry":{"type":"MultiPoint","coordinates":[[-59.71986535,-31.81496114]]},"geometry_name":"geom","properties":{"gid":6786,"cod_pcia":"30","nom_pcia":"Entre Ríos","cod_depto":"30084","nom_depto":"Paraná","cod_ase":"30084A07","fna":"Bañadero Oficial Burgos","tipo_asent":"Paraje","cod_aglo":null,"nom_aglo":null,"cod_agl":"309735","nom_agl":"Santa Luisa","lat_gd":"-31.814961","long_gd":"-59.719865","lat_gs":"-31º48'54\"","long_gs":"-59º43'12\"","fdc":"INDEC. ACA"},"bbox":[-59.71986535,-31.81496114,-59.71986535,-31.81496114]},{"type":"Feature","id":"bahra_paraje.6789","geometry":{"type":"MultiPoint","coordinates":[[-59.96897851,-31.63494179]]},"geometry_name":"geom","properties":{"gid":6789,"cod_pcia":"30","nom_pcia":"Entre Ríos","cod_depto":"30084","nom_depto":"Paraná","cod_ase":"30084A10","fna":"Campo Furlan","tipo_asent":"Paraje","cod_aglo":null,"nom_aglo":null,"cod_agl":"309595","nom_agl":"Aldea Santa María","lat_gd":"-31.634942","long_gd":"-59.968979","lat_gs":"-31º38' 6\"","long_gs":"-59º58' 8\"","fdc":"Mapa Educativo (GPS)"},"bbox":[-59.96897851,-31.63494179,-59.96897851,-31.63494179]},{"type":"Feature","id":"bahra_paraje.6790","geometry":{"type":"MultiPoint","coordinates":[[-60.09902949,-31.9091872]]},"geometry_name":"geom","properties":{"gid":6790,"cod_pcia":"30","nom_pcia":"Entre Ríos","cod_depto":"30084","nom_depto":"Paraná","cod_ase":"30084A11","fna":"Campo Massine","tipo_asent":"Paraje","cod_aglo":null,"nom_aglo":null,"cod_agl":"300350","nom_agl":"Seguí","lat_gd":"-31.909187","long_gd":"-60.099029","lat_gs":"-31º54'33\"","long_gs":"-60º 5'57\"","fdc":"Mapa Educativo (GPS)"},"bbox":[-60.09902949,-31.9091872,-60.09902949,-31.9091872]},{"type":"Feature","id":"bahra_paraje.6791","geometry":{"type":"MultiPoint","coordinates":[[-59.82985189,-31.66038509]]},"geometry_name":"geom","properties":{"gid":6791,"cod_pcia":"30","nom_pcia":"Entre Ríos","cod_depto":"30084","nom_depto":"Paraná","cod_ase":"30084A12","fna":"Campo Mujica","tipo_asent":"Paraje","cod_aglo":null,"nom_aglo":null,"cod_agl":"300322","nom_agl":"María Grande","lat_gd":"-31.660385","long_gd":"-59.829852","lat_gs":"-31º39'37\"","long_gs":"-59º49'47\"","fdc":"Mapa Educativo (GPS)"},"bbox":[-59.82985189,-31.66038509,-59.82985189,-31.66038509]},{"type":"Feature","id":"bahra_paraje.6802","geometry":{"type":"MultiPoint","coordinates":[[-59.94587811,-31.73537077]]},"geometry_name":"geom","properties":{"gid":6802,"cod_pcia":"30","nom_pcia":"Entre Ríos","cod_depto":"30084","nom_depto":"Paraná","cod_ase":"30084A23","fna":"Distrito Tala","tipo_asent":"Paraje","cod_aglo":null,"nom_aglo":null,"cod_agl":"309670","nom_agl":"Distrito Tala","lat_gd":"-31.735371","long_gd":"-59.945878","lat_gs":"-31º44' 7\"","long_gs":"-59º56'45\"","fdc":"INDEC. ACA"},"bbox":[-59.94587811,-31.73537077,-59.94587811,-31.73537077]},{"type":"Feature","id":"bahra_paraje.6807","geometry":{"type":"MultiPoint","coordinates":[[-59.80702882,-31.85720454]]},"geometry_name":"geom","properties":{"gid":6807,"cod_pcia":"30","nom_pcia":"Entre Ríos","cod_depto":"30084","nom_depto":"Paraná","cod_ase":"30084A28","fna":"Los Tres Sauces","tipo_asent":"Paraje","cod_aglo":null,"nom_aglo":null,"cod_agl":"309700","nom_agl":"Las Tunas","lat_gd":"-31.857205","long_gd":"-59.807029","lat_gs":"-31º51'26\"","long_gs":"-59º48'25\"","fdc":"INDEC. ACA"},"bbox":[-59.80702882,-31.85720454,-59.80702882,-31.85720454]},{"type":"Feature","id":"bahra_paraje.6808","geometry":{"type":"MultiPoint","coordinates":[[-59.70966141,-31.67828291]]},"geometry_name":"geom","properties":{"gid":6808,"cod_pcia":"30","nom_pcia":"Entre Ríos","cod_depto":"30084","nom_depto":"Paraná","cod_ase":"30084A29","fna":"María Grande 2da.","tipo_asent":"Paraje","cod_aglo":null,"nom_aglo":null,"cod_agl":"309705","nom_agl":"María Grande 2º","lat_gd":"-31.678283","long_gd":"-59.709661","lat_gs":"-31º40'42\"","long_gs":"-59º42'35\"","fdc":"INDEC. ACA"},"bbox":[-59.70966141,-31.67828291,-59.70966141,-31.67828291]},{"type":"Feature","id":"bahra_paraje.6810","geometry":{"type":"MultiPoint","coordinates":[[-60.0913174,-31.7088258]]},"geometry_name":"geom","properties":{"gid":6810,"cod_pcia":"30","nom_pcia":"Entre Ríos","cod_depto":"30084","nom_depto":"Paraná","cod_ase":"30084A31","fna":"Paso de las Piedras","tipo_asent":"Paraje","cod_aglo":null,"nom_aglo":null,"cod_agl":"309715","nom_agl":"Paso de las Piedras","lat_gd":"-31.708826","long_gd":"-60.091317","lat_gs":"-31º42'32\"","long_gs":"-60º 5'29\"","fdc":"Mapa Educativo (GPS)"},"bbox":[-60.0913174,-31.7088258,-60.0913174,-31.7088258]},{"type":"Feature","id":"bahra_paraje.6814","geometry":{"type":"MultiPoint","coordinates":[[-60.08283818,-31.86493207]]},"geometry_name":"geom","properties":{"gid":6814,"cod_pcia":"30","nom_pcia":"Entre Ríos","cod_depto":"30084","nom_depto":"Paraná","cod_ase":"30084A35","fna":"Quebracho","tipo_asent":"Paraje","cod_aglo":null,"nom_aglo":null,"cod_agl":"309730","nom_agl":"Quebracho","lat_gd":"-31.864932","long_gd":"-60.082838","lat_gs":"-31º51'54\"","long_gs":"-60º 4'58\"","fdc":"INDEC. ACA"},"bbox":[-60.08283818,-31.86493207,-60.08283818,-31.86493207]},{"type":"Feature","id":"bahra_paraje.6815","geometry":{"type":"MultiPoint","coordinates":[[-59.72796741,-31.76826015]]},"geometry_name":"geom","properties":{"gid":6815,"cod_pcia":"30","nom_pcia":"Entre Ríos","cod_depto":"30084","nom_depto":"Paraná","cod_ase":"30084A36","fna":"Santa Luisa","tipo_asent":"Paraje","cod_aglo":null,"nom_aglo":null,"cod_agl":"309735","nom_agl":"Santa Luisa","lat_gd":"-31.768260","long_gd":"-59.727967","lat_gs":"-31º46' 6\"","long_gs":"-59º43'41\"","fdc":"Mapa Educativo (GPS)"},"bbox":[-59.72796741,-31.76826015,-59.72796741,-31.76826015]},{"type":"Feature","id":"bahra_paraje.6921","geometry":{"type":"MultiPoint","coordinates":[[-60.11148549,-32.76794495]]},"geometry_name":"geom","properties":{"gid":6921,"cod_pcia":"30","nom_pcia":"Entre Ríos","cod_depto":"30105","nom_depto":"Victoria","cod_ase":"30105A09","fna":"Isla El Pillo","tipo_asent":"Paraje","cod_aglo":null,"nom_aglo":null,"cod_agl":"300469","nom_agl":"Victoria","lat_gd":"-32.767945","long_gd":"-60.111485","lat_gs":"-32º46' 5\"","long_gs":"-60º 6'41\"","fdc":"Mapa Educativo (GPS)"},"bbox":[-60.11148549,-32.76794495,-60.11148549,-32.76794495]},{"type":"Feature","id":"bahra_paraje.6923","geometry":{"type":"MultiPoint","coordinates":[[-60.01046164,-32.68788768]]},"geometry_name":"geom","properties":{"gid":6923,"cod_pcia":"30","nom_pcia":"Entre Ríos","cod_depto":"30105","nom_depto":"Victoria","cod_ase":"30105A11","fna":"Laguna del Pescado","tipo_asent":"Paraje","cod_aglo":null,"nom_aglo":null,"cod_agl":"309895","nom_agl":"Laguna del Pescado","lat_gd":"-32.687888","long_gd":"-60.010462","lat_gs":"-32º41'16\"","long_gs":"-60º 0'38\"","fdc":"INDEC"},"bbox":[-60.01046164,-32.68788768,-60.01046164,-32.68788768]},{"type":"Feature","id":"bahra_paraje.6926","geometry":{"type":"MultiPoint","coordinates":[[-59.87290737,-32.6402119]]},"geometry_name":"geom","properties":{"gid":6926,"cod_pcia":"30","nom_pcia":"Entre Ríos","cod_depto":"30105","nom_depto":"Victoria","cod_ase":"30105A14","fna":"Montoya","tipo_asent":"Paraje","cod_aglo":null,"nom_aglo":null,"cod_agl":"309905","nom_agl":"Montoya","lat_gd":"-32.640212","long_gd":"-59.872907","lat_gs":"-32º38'25\"","long_gs":"-59º52'22\"","fdc":"Mapa Educativo (GPS)"},"bbox":[-59.87290737,-32.6402119,-59.87290737,-32.6402119]},{"type":"Feature","id":"bahra_paraje.6929","geometry":{"type":"MultiPoint","coordinates":[[-59.90132036,-32.69653299]]},"geometry_name":"geom","properties":{"gid":6929,"cod_pcia":"30","nom_pcia":"Entre Ríos","cod_depto":"30105","nom_depto":"Victoria","cod_ase":"30105A17","fna":"Pueblito Norte","tipo_asent":"Paraje","cod_aglo":null,"nom_aglo":null,"cod_agl":"300000","nom_agl":"sin gobierno local","lat_gd":"-32.696533","long_gd":"-59.901320","lat_gs":"-32º41'48\"","long_gs":"-59º54' 5\"","fdc":"INDEC. ACA"},"bbox":[-59.90132036,-32.69653299,-59.90132036,-32.69653299]},{"type":"Feature","id":"bahra_paraje.6930","geometry":{"type":"MultiPoint","coordinates":[[-59.94524986,-32.80162318]]},"geometry_name":"geom","properties":{"gid":6930,"cod_pcia":"30","nom_pcia":"Entre Ríos","cod_depto":"30105","nom_depto":"Victoria","cod_ase":"30105A18","fna":"Puerto Esquina","tipo_asent":"Paraje","cod_aglo":null,"nom_aglo":null,"cod_agl":"309910","nom_agl":"Rincón de Nogoyá","lat_gd":"-32.801623","long_gd":"-59.945250","lat_gs":"-32º48' 6\"","long_gs":"-59º56'43\"","fdc":"Mapa Educativo (GPS)"},"bbox":[-59.94524986,-32.80162318,-59.94524986,-32.80162318]},{"type":"Feature","id":"bahra_paraje.6934","geometry":{"type":"MultiPoint","coordinates":[[-59.86555182,-32.84982002]]},"geometry_name":"geom","properties":{"gid":6934,"cod_pcia":"30","nom_pcia":"Entre Ríos","cod_depto":"30105","nom_depto":"Victoria","cod_ase":"30105A22","fna":"Rincón de Nogoya Sur","tipo_asent":"Paraje","cod_aglo":null,"nom_aglo":null,"cod_agl":"300000","nom_agl":"sin gobierno local","lat_gd":"-32.849820","long_gd":"-59.865552","lat_gs":"-32º50'59\"","long_gs":"-59º51'56\"","fdc":"INDEC. ACA"},"bbox":[-59.86555182,-32.84982002,-59.86555182,-32.84982002]},{"type":"Feature","id":"bahra_paraje.6938","geometry":{"type":"MultiPoint","coordinates":[[-59.80890998,-32.57222523]]},"geometry_name":"geom","properties":{"gid":6938,"cod_pcia":"30","nom_pcia":"Entre Ríos","cod_depto":"30105","nom_depto":"Victoria","cod_ase":"30105A26","fna":"Villa Libertad","tipo_asent":"Paraje","cod_aglo":null,"nom_aglo":null,"cod_agl":"300000","nom_agl":"sin gobierno local","lat_gd":"-32.572225","long_gd":"-59.808910","lat_gs":"-32º34'20\"","long_gs":"-59º48'32\"","fdc":"Mapa Educativo (GPS)"},"bbox":[-59.80890998,-32.57222523,-59.80890998,-32.57222523]},{"type":"Feature","id":"bahra_paraje.6785","geometry":{"type":"MultiPoint","coordinates":[[-59.8180986,-31.56810009]]},"geometry_name":"geom","properties":{"gid":6785,"cod_pcia":"30","nom_pcia":"Entre Ríos","cod_depto":"30084","nom_depto":"Paraná","cod_ase":"30084A06","fna":"Arroyo Palo Seco","tipo_asent":"Paraje","cod_aglo":null,"nom_aglo":null,"cod_agl":"309625","nom_agl":"Arroyo Palo Seco","lat_gd":"-31.568100","long_gd":"-59.818099","lat_gs":"-31º34' 5\"","long_gs":"-59º49' 5\"","fdc":"INDEC. ACA"},"bbox":[-59.8180986,-31.56810009,-59.8180986,-31.56810009]},{"type":"Feature","id":"bahra_paraje.6799","geometry":{"type":"MultiPoint","coordinates":[[-60.13384019,-31.61919784]]},"geometry_name":"geom","properties":{"gid":6799,"cod_pcia":"30","nom_pcia":"Entre Ríos","cod_depto":"30084","nom_depto":"Paraná","cod_ase":"30084A20","fna":"Colonia Rivadavia","tipo_asent":"Paraje","cod_aglo":null,"nom_aglo":null,"cod_agl":"309675","nom_agl":"El Palenque","lat_gd":"-31.619198","long_gd":"-60.133840","lat_gs":"-31º37' 9\"","long_gs":"-60º 8' 2\"","fdc":"Mapa Educativo (GPS)"},"bbox":[-60.13384019,-31.61919784,-60.13384019,-31.61919784]},{"type":"Feature","id":"bahra_paraje.6806","geometry":{"type":"MultiPoint","coordinates":[[-59.71697633,-31.54896081]]},"geometry_name":"geom","properties":{"gid":6806,"cod_pcia":"30","nom_pcia":"Entre Ríos","cod_depto":"30084","nom_depto":"Paraná","cod_ase":"30084A27","fna":"La Colmena","tipo_asent":"Paraje","cod_aglo":null,"nom_aglo":null,"cod_agl":"300000","nom_agl":"sin gobierno local","lat_gd":"-31.548961","long_gd":"-59.716976","lat_gs":"-31º32'56\"","long_gs":"-59º43' 1\"","fdc":"Mapa Educativo (GPS)"},"bbox":[-59.71697633,-31.54896081,-59.71697633,-31.54896081]},{"type":"Feature","id":"bahra_paraje.6955","geometry":{"type":"MultiPoint","coordinates":[[-58.78205818,-31.62046913]]},"geometry_name":"geom","properties":{"gid":6955,"cod_pcia":"30","nom_pcia":"Entre Ríos","cod_depto":"30113","nom_depto":"Villaguay","cod_ase":"30113A09","fna":"Colonia La Blanquita","tipo_asent":"Paraje","cod_aglo":null,"nom_aglo":null,"cod_agl":"309945","nom_agl":"Lucas Sur Segundo","lat_gd":"-31.620469","long_gd":"-58.782058","lat_gs":"-31º37'14\"","long_gs":"-58º46'55\"","fdc":"Mapa Educativo (GPS)"},"bbox":[-58.78205818,-31.62046913,-58.78205818,-31.62046913]},{"type":"Feature","id":"bahra_paraje.6968","geometry":{"type":"MultiPoint","coordinates":[[-59.3434868,-31.54356343]]},"geometry_name":"geom","properties":{"gid":6968,"cod_pcia":"30","nom_pcia":"Entre Ríos","cod_depto":"30113","nom_depto":"Villaguay","cod_ase":"30113A21","fna":"El Chajarí","tipo_asent":"Paraje","cod_aglo":null,"nom_aglo":null,"cod_agl":"309955","nom_agl":"Mojones Sur","lat_gd":"-31.543563","long_gd":"-59.343487","lat_gs":"-31º32'37\"","long_gs":"-59º20'37\"","fdc":"Mapa Educativo (GPS)"},"bbox":[-59.3434868,-31.54356343,-59.3434868,-31.54356343]},{"type":"Feature","id":"bahra_paraje.6974","geometry":{"type":"MultiPoint","coordinates":[[-59.31194411,-31.58888008]]},"geometry_name":"geom","properties":{"gid":6974,"cod_pcia":"30","nom_pcia":"Entre Ríos","cod_depto":"30113","nom_depto":"Villaguay","cod_ase":"30113A27","fna":"Los Tases","tipo_asent":"Paraje","cod_aglo":null,"nom_aglo":null,"cod_agl":"309955","nom_agl":"Mojones Sur","lat_gd":"-31.588880","long_gd":"-59.311944","lat_gs":"-31º35'20\"","long_gs":"-59º18'43\"","fdc":"Mapa Educativo (GPS)"},"bbox":[-59.31194411,-31.58888008,-59.31194411,-31.58888008]},{"type":"Feature","id":"bahra_paraje.6989","geometry":{"type":"MultiPoint","coordinates":[[-58.77315571,-31.54659617]]},"geometry_name":"geom","properties":{"gid":6989,"cod_pcia":"30","nom_pcia":"Entre Ríos","cod_depto":"30113","nom_depto":"Villaguay","cod_ase":"30113A42","fna":"Zenón Roca","tipo_asent":"Paraje","cod_aglo":null,"nom_aglo":null,"cod_agl":"309945","nom_agl":"Lucas Sur Segundo","lat_gd":"-31.546596","long_gd":"-58.773156","lat_gs":"-31º32'48\"","long_gs":"-58º46'23\"","fdc":"Mapa Educativo (GPS)"},"bbox":[-58.77315571,-31.54659617,-58.77315571,-31.54659617]}],"totalFeatures":738,"numberMatched":738,"numberReturned":738,"timeStamp":"2026-05-19T16:31:05.556Z","crs":{"type":"name","properties":{"name":"urn:ogc:def:crs:EPSG::4326"}},"bbox":[-60.99159335,-34.09238612,-57.704904,-30.11319104]}