{"type":"FeatureCollection","features":[{"type":"Feature","id":"gobiernoslocales_2022.16","geometry":{"type":"MultiPoint","coordinates":[[-58.99685461,-30.37934899]]},"geometry_name":"geom","properties":{"gid":16,"objeto":"Gobierno local","fna":"Junta de gobierno Las Mulitas","gna":"Junta de gobierno","nam":"Las Mulitas","in1":"309255","tgl":"Junta de Gobierno","cod_tgl":"JG3","nam_prov":"Entre Ríos","cod_prov":"30","fdc":"BAHRA","sag":"IGN"},"bbox":[-58.99685461,-30.37934899,-58.99685461,-30.37934899]},{"type":"Feature","id":"gobiernoslocales_2022.17","geometry":{"type":"MultiPoint","coordinates":[[-60.40563371,-31.97916852]]},"geometry_name":"geom","properties":{"gid":17,"objeto":"Gobierno local","fna":"Comuna Gobernador Racedo","gna":"Comuna","nam":"Gobernador Racedo","in1":"302161","tgl":"Comuna","cod_tgl":"CO1","nam_prov":"Entre Ríos","cod_prov":"30","fdc":"BAHRA","sag":"IGN"},"bbox":[-60.40563371,-31.97916852,-60.40563371,-31.97916852]},{"type":"Feature","id":"gobiernoslocales_2022.18","geometry":{"type":"MultiPoint","coordinates":[[-58.6781844,-33.45793248]]},"geometry_name":"geom","properties":{"gid":18,"objeto":"Gobierno local","fna":"Junta de Gobierno Ñancay","gna":"Junta de Gobierno","nam":"Ñancay","in1":"309410","tgl":"Junta de Gobierno","cod_tgl":"JG4","nam_prov":"Entre Ríos","cod_prov":"30","fdc":"BAHRA","sag":"IGN"},"bbox":[-58.6781844,-33.45793248,-58.6781844,-33.45793248]},{"type":"Feature","id":"gobiernoslocales_2022.19","geometry":{"type":"MultiPoint","coordinates":[[-59.50205173,-32.27661284]]},"geometry_name":"geom","properties":{"gid":19,"objeto":"Gobierno local","fna":"Junta de Gobierno Distrito Sauce","gna":"Junta de Gobierno","nam":"Distrito Sauce","in1":"309543","tgl":"Junta de Gobierno","cod_tgl":"JG2","nam_prov":"Entre Ríos","cod_prov":"30","fdc":"BAHRA","sag":"IGN"},"bbox":[-59.50205173,-32.27661284,-59.50205173,-32.27661284]},{"type":"Feature","id":"gobiernoslocales_2022.1398","geometry":{"type":"MultiPoint","coordinates":[[-58.44830858,-31.86728984]]},"geometry_name":"geom","properties":{"gid":1398,"objeto":"Gobierno local","fna":"Junta Arroyo Barú","gna":"Junta","nam":"Arroyo Barú","in1":"302007","tgl":"Comuna","cod_tgl":"CO1","nam_prov":"Entre Ríos","cod_prov":"30","fdc":"BAHRA","sag":"IGN"},"bbox":[-58.44830858,-31.86728984,-58.44830858,-31.86728984]},{"type":"Feature","id":"gobiernoslocales_2022.1399","geometry":{"type":"MultiPoint","coordinates":[[-58.1422695,-32.22505008]]},"geometry_name":"geom","properties":{"gid":1399,"objeto":"Gobierno local","fna":"Municipio Colón","gna":"Municipio","nam":"Colón","in1":"300007","tgl":"Municipio","cod_tgl":"MU","nam_prov":"Entre Ríos","cod_prov":"30","fdc":"BAHRA","sag":"IGN"},"bbox":[-58.1422695,-32.22505008,-58.1422695,-32.22505008]},{"type":"Feature","id":"gobiernoslocales_2022.1400","geometry":{"type":"MultiPoint","coordinates":[[-58.50772976,-31.96363062]]},"geometry_name":"geom","properties":{"gid":1400,"objeto":"Gobierno local","fna":"Junta Hambis","gna":"Junta","nam":"Hambis","in1":"309010","tgl":"Junta de Gobierno","cod_tgl":"JG4","nam_prov":"Entre Ríos","cod_prov":"30","fdc":"BAHRA","sag":"IGN"},"bbox":[-58.50772976,-31.96363062,-58.50772976,-31.96363062]},{"type":"Feature","id":"gobiernoslocales_2022.1401","geometry":{"type":"MultiPoint","coordinates":[[-58.33948851,-32.08831312]]},"geometry_name":"geom","properties":{"gid":1401,"objeto":"Gobierno local","fna":"Junta Hocker","gna":"Junta","nam":"Hocker","in1":"309015","tgl":"Junta de Gobierno","cod_tgl":"JG3","nam_prov":"Entre Ríos","cod_prov":"30","fdc":"BAHRA","sag":"IGN"},"bbox":[-58.33948851,-32.08831312,-58.33948851,-32.08831312]},{"type":"Feature","id":"gobiernoslocales_2022.1402","geometry":{"type":"MultiPoint","coordinates":[[-58.39243133,-31.97575223]]},"geometry_name":"geom","properties":{"gid":1402,"objeto":"Gobierno local","fna":"Junta La Clarita","gna":"Junta","nam":"La Clarita","in1":"302035","tgl":"Comuna","cod_tgl":"CO1","nam_prov":"Entre Ríos","cod_prov":"30","fdc":"BAHRA","sag":"IGN"},"bbox":[-58.39243133,-31.97575223,-58.39243133,-31.97575223]},{"type":"Feature","id":"gobiernoslocales_2022.1403","geometry":{"type":"MultiPoint","coordinates":[[-58.49079427,-32.00314959]]},"geometry_name":"geom","properties":{"gid":1403,"objeto":"Gobierno local","fna":"Junta Pueblo Cazes","gna":"Junta","nam":"Pueblo Cazes","in1":"302042","tgl":"Comuna","cod_tgl":"CO2","nam_prov":"Entre Ríos","cod_prov":"30","fdc":"BAHRA","sag":"IGN"},"bbox":[-58.49079427,-32.00314959,-58.49079427,-32.00314959]},{"type":"Feature","id":"gobiernoslocales_2022.1404","geometry":{"type":"MultiPoint","coordinates":[[-58.19207889,-32.15419021]]},"geometry_name":"geom","properties":{"gid":1404,"objeto":"Gobierno local","fna":"Municipio Pueblo Liebig","gna":"Municipio","nam":"Pueblo Liebig","in1":"300011","tgl":"Municipio","cod_tgl":"MU","nam_prov":"Entre Ríos","cod_prov":"30","fdc":"BAHRA","sag":"IGN"},"bbox":[-58.19207889,-32.15419021,-58.19207889,-32.15419021]},{"type":"Feature","id":"gobiernoslocales_2022.1405","geometry":{"type":"MultiPoint","coordinates":[[-58.21879894,-32.20771883]]},"geometry_name":"geom","properties":{"gid":1405,"objeto":"Gobierno local","fna":"Municipio San José","gna":"Municipio","nam":"San José","in1":"300014","tgl":"Municipio","cod_tgl":"MU","nam_prov":"Entre Ríos","cod_prov":"30","fdc":"BAHRA","sag":"IGN"},"bbox":[-58.21879894,-32.20771883,-58.21879894,-32.20771883]},{"type":"Feature","id":"gobiernoslocales_2022.1406","geometry":{"type":"MultiPoint","coordinates":[[-58.31506532,-31.79517782]]},"geometry_name":"geom","properties":{"gid":1406,"objeto":"Gobierno local","fna":"Municipio Ubajay","gna":"Municipio","nam":"Ubajay","in1":"300021","tgl":"Municipio","cod_tgl":"MU","nam_prov":"Entre Ríos","cod_prov":"30","fdc":"BAHRA","sag":"IGN"},"bbox":[-58.31506532,-31.79517782,-58.31506532,-31.79517782]},{"type":"Feature","id":"gobiernoslocales_2022.1407","geometry":{"type":"MultiPoint","coordinates":[[-58.40053158,-32.16321874]]},"geometry_name":"geom","properties":{"gid":1407,"objeto":"Gobierno local","fna":"Municipio Villa Elisa","gna":"Municipio","nam":"Villa Elisa","in1":"300028","tgl":"Municipio","cod_tgl":"MU","nam_prov":"Entre Ríos","cod_prov":"30","fdc":"BAHRA","sag":"IGN"},"bbox":[-58.40053158,-32.16321874,-58.40053158,-32.16321874]},{"type":"Feature","id":"gobiernoslocales_2022.1408","geometry":{"type":"MultiPoint","coordinates":[[-58.11957024,-31.43916705]]},"geometry_name":"geom","properties":{"gid":1408,"objeto":"Gobierno local","fna":"Municipio Estancia Grande","gna":"Municipio","nam":"Estancia Grande","in1":"300049","tgl":"Municipio","cod_tgl":"MU","nam_prov":"Entre Ríos","cod_prov":"30","fdc":"BAHRA","sag":"IGN"},"bbox":[-58.11957024,-31.43916705,-58.11957024,-31.43916705]},{"type":"Feature","id":"gobiernoslocales_2022.1409","geometry":{"type":"MultiPoint","coordinates":[[-58.18033392,-31.57666769]]},"geometry_name":"geom","properties":{"gid":1409,"objeto":"Gobierno local","fna":"Junta Clodomiro Ledesma","gna":"Junta","nam":"Clodomiro Ledesma","in1":"309035","tgl":"Junta de Gobierno","cod_tgl":"JG4","nam_prov":"Entre Ríos","cod_prov":"30","fdc":"BAHRA","sag":"IGN"},"bbox":[-58.18033392,-31.57666769,-58.18033392,-31.57666769]},{"type":"Feature","id":"gobiernoslocales_2022.1410","geometry":{"type":"MultiPoint","coordinates":[[-58.03124415,-31.20772007]]},"geometry_name":"geom","properties":{"gid":1410,"objeto":"Gobierno local","fna":"Municipio Colonia Ayuí","gna":"Municipio","nam":"Colonia Ayuí","in1":"300035","tgl":"Municipio","cod_tgl":"MU","nam_prov":"Entre Ríos","cod_prov":"30","fdc":"BAHRA","sag":"IGN"},"bbox":[-58.03124415,-31.20772007,-58.03124415,-31.20772007]},{"type":"Feature","id":"gobiernoslocales_2022.1411","geometry":{"type":"MultiPoint","coordinates":[[-58.08507678,-31.35085093]]},"geometry_name":"geom","properties":{"gid":1411,"objeto":"Gobierno local","fna":"Junta General Roca","gna":"Junta","nam":"General Roca","in1":"302077","tgl":"Comuna","cod_tgl":"CO1","nam_prov":"Entre Ríos","cod_prov":"30","fdc":"BAHRA","sag":"IGN"},"bbox":[-58.08507678,-31.35085093,-58.08507678,-31.35085093]},{"type":"Feature","id":"gobiernoslocales_2022.1412","geometry":{"type":"MultiPoint","coordinates":[[-58.01700779,-31.39196482]]},"geometry_name":"geom","properties":{"gid":1412,"objeto":"Gobierno local","fna":"Municipio Concordia","gna":"Municipio","nam":"Concordia","in1":"300042","tgl":"Municipio","cod_tgl":"MU","nam_prov":"Entre Ríos","cod_prov":"30","fdc":"BAHRA","sag":"IGN"},"bbox":[-58.01700779,-31.39196482,-58.01700779,-31.39196482]},{"type":"Feature","id":"gobiernoslocales_2022.1413","geometry":{"type":"MultiPoint","coordinates":[[-58.26332981,-31.47110673]]},"geometry_name":"geom","properties":{"gid":1413,"objeto":"Gobierno local","fna":"Junta Estación Yeruá","gna":"Junta","nam":"Estación Yeruá","in1":"309050","tgl":"Junta de Gobierno","cod_tgl":"JG2","nam_prov":"Entre Ríos","cod_prov":"30","fdc":"BAHRA","sag":"IGN"},"bbox":[-58.26332981,-31.47110673,-58.26332981,-31.47110673]},{"type":"Feature","id":"gobiernoslocales_2022.1414","geometry":{"type":"MultiPoint","coordinates":[[-58.16243587,-31.39821686]]},"geometry_name":"geom","properties":{"gid":1414,"objeto":"Gobierno local","fna":"Junta Estación Yuquerí","gna":"Junta","nam":"Estación Yuquerí","in1":"309055","tgl":"Junta de Gobierno","cod_tgl":"JG2","nam_prov":"Entre Ríos","cod_prov":"30","fdc":"BAHRA","sag":"IGN"},"bbox":[-58.16243587,-31.39821686,-58.16243587,-31.39821686]},{"type":"Feature","id":"gobiernoslocales_2022.1415","geometry":{"type":"MultiPoint","coordinates":[[-58.10882773,-31.26911339]]},"geometry_name":"geom","properties":{"gid":1415,"objeto":"Gobierno local","fna":"Municipio La Criolla","gna":"Municipio","nam":"La Criolla","in1":"300056","tgl":"Municipio","cod_tgl":"MU","nam_prov":"Entre Ríos","cod_prov":"30","fdc":"BAHRA","sag":"IGN"},"bbox":[-58.10882773,-31.26911339,-58.10882773,-31.26911339]},{"type":"Feature","id":"gobiernoslocales_2022.1416","geometry":{"type":"MultiPoint","coordinates":[[-58.1855405,-31.16943005]]},"geometry_name":"geom","properties":{"gid":1416,"objeto":"Gobierno local","fna":"Municipio Los Charrúas","gna":"Municipio","nam":"Los Charrúas","in1":"300063","tgl":"Municipio","cod_tgl":"MU","nam_prov":"Entre Ríos","cod_prov":"30","fdc":"BAHRA","sag":"IGN"},"bbox":[-58.1855405,-31.16943005,-58.1855405,-31.16943005]},{"type":"Feature","id":"gobiernoslocales_2022.1417","geometry":{"type":"MultiPoint","coordinates":[[-58.01633568,-31.64961653]]},"geometry_name":"geom","properties":{"gid":1417,"objeto":"Gobierno local","fna":"Junta Nueva Escocia","gna":"Junta","nam":"Nueva Escocia","in1":"302084","tgl":"Comuna","cod_tgl":"CO1","nam_prov":"Entre Ríos","cod_prov":"30","fdc":"BAHRA","sag":"IGN"},"bbox":[-58.01633568,-31.64961653,-58.01633568,-31.64961653]},{"type":"Feature","id":"gobiernoslocales_2022.1418","geometry":{"type":"MultiPoint","coordinates":[[-58.23058136,-31.67197307]]},"geometry_name":"geom","properties":{"gid":1418,"objeto":"Gobierno local","fna":"Junta Pedernal","gna":"Junta","nam":"Pedernal","in1":"302091","tgl":"Comuna","cod_tgl":"CO2","nam_prov":"Entre Ríos","cod_prov":"30","fdc":"BAHRA","sag":"IGN"},"bbox":[-58.23058136,-31.67197307,-58.23058136,-31.67197307]},{"type":"Feature","id":"gobiernoslocales_2022.1419","geometry":{"type":"MultiPoint","coordinates":[[-58.01518271,-31.5313585]]},"geometry_name":"geom","properties":{"gid":1419,"objeto":"Gobierno local","fna":"Municipio Puerto Yeruá","gna":"Municipio","nam":"Puerto Yeruá","in1":"300070","tgl":"Municipio","cod_tgl":"MU","nam_prov":"Entre Ríos","cod_prov":"30","fdc":"BAHRA","sag":"IGN"},"bbox":[-58.01518271,-31.5313585,-58.01518271,-31.5313585]},{"type":"Feature","id":"gobiernoslocales_2022.1420","geometry":{"type":"MultiPoint","coordinates":[[-60.59079327,-31.88983317]]},"geometry_name":"geom","properties":{"gid":1420,"objeto":"Gobierno local","fna":"Municipio Aldea Brasilera","gna":"Municipio","nam":"Aldea Brasilera","in1":"300074","tgl":"Municipio","cod_tgl":"MU","nam_prov":"Entre Ríos","cod_prov":"30","fdc":"BAHRA","sag":"IGN"},"bbox":[-60.59079327,-31.88983317,-60.59079327,-31.88983317]},{"type":"Feature","id":"gobiernoslocales_2022.1421","geometry":{"type":"MultiPoint","coordinates":[[-60.49898375,-31.96051877]]},"geometry_name":"geom","properties":{"gid":1421,"objeto":"Gobierno local","fna":"Junta Aldea Grapschental","gna":"Junta","nam":"Aldea Grapschental","in1":"309080","tgl":"Junta de Gobierno","cod_tgl":"JG4","nam_prov":"Entre Ríos","cod_prov":"30","fdc":"BAHRA","sag":"IGN"},"bbox":[-60.49898375,-31.96051877,-60.49898375,-31.96051877]},{"type":"Feature","id":"gobiernoslocales_2022.1422","geometry":{"type":"MultiPoint","coordinates":[[-60.56180813,-32.02930279]]},"geometry_name":"geom","properties":{"gid":1422,"objeto":"Gobierno local","fna":"Junta Aldea Protestante","gna":"Junta","nam":"Aldea Protestante","in1":"302112","tgl":"Comuna","cod_tgl":"CO1","nam_prov":"Entre Ríos","cod_prov":"30","fdc":"BAHRA","sag":"IGN"},"bbox":[-60.56180813,-32.02930279,-60.56180813,-32.02930279]},{"type":"Feature","id":"gobiernoslocales_2022.1423","geometry":{"type":"MultiPoint","coordinates":[[-60.54735189,-31.92483322]]},"geometry_name":"geom","properties":{"gid":1423,"objeto":"Gobierno local","fna":"Junta Aldea Salto","gna":"Junta","nam":"Aldea Salto","in1":"309090","tgl":"Junta de Gobierno","cod_tgl":"JG4","nam_prov":"Entre Ríos","cod_prov":"30","fdc":"BAHRA","sag":"IGN"},"bbox":[-60.54735189,-31.92483322,-60.54735189,-31.92483322]},{"type":"Feature","id":"gobiernoslocales_2022.1424","geometry":{"type":"MultiPoint","coordinates":[[-60.66984263,-31.95046416]]},"geometry_name":"geom","properties":{"gid":1424,"objeto":"Gobierno local","fna":"Junta General Alvear","gna":"Junta","nam":"General Alvear","in1":"309120","tgl":"Junta de Gobierno","cod_tgl":"JG2","nam_prov":"Entre Ríos","cod_prov":"30","fdc":"BAHRA","sag":"IGN"},"bbox":[-60.66984263,-31.95046416,-60.66984263,-31.95046416]},{"type":"Feature","id":"gobiernoslocales_2022.1425","geometry":{"type":"MultiPoint","coordinates":[[-60.58086273,-31.94617903]]},"geometry_name":"geom","properties":{"gid":1425,"objeto":"Gobierno local","fna":"Junta Aldea Spatzenkutter","gna":"Junta","nam":"Aldea Spatzenkutter","in1":"302126","tgl":"Comuna","cod_tgl":"CO1","nam_prov":"Entre Ríos","cod_prov":"30","fdc":"BAHRA","sag":"IGN"},"bbox":[-60.58086273,-31.94617903,-60.58086273,-31.94617903]},{"type":"Feature","id":"gobiernoslocales_2022.1426","geometry":{"type":"MultiPoint","coordinates":[[-60.58772623,-31.99009237]]},"geometry_name":"geom","properties":{"gid":1426,"objeto":"Gobierno local","fna":"Municipio Aldea Valle María","gna":"Municipio","nam":"Aldea Valle María","in1":"300077","tgl":"Municipio","cod_tgl":"MU","nam_prov":"Entre Ríos","cod_prov":"30","fdc":"BAHRA","sag":"IGN"},"bbox":[-60.58772623,-31.99009237,-60.58772623,-31.99009237]},{"type":"Feature","id":"gobiernoslocales_2022.1427","geometry":{"type":"MultiPoint","coordinates":[[-60.57469025,-31.86518817]]},"geometry_name":"geom","properties":{"gid":1427,"objeto":"Gobierno local","fna":"Junta Colonia Ensayo","gna":"Junta","nam":"Colonia Ensayo","in1":"302133","tgl":"Comuna","cod_tgl":"CO1","nam_prov":"Entre Ríos","cod_prov":"30","fdc":"BAHRA","sag":"IGN"},"bbox":[-60.57469025,-31.86518817,-60.57469025,-31.86518817]},{"type":"Feature","id":"gobiernoslocales_2022.1428","geometry":{"type":"MultiPoint","coordinates":[[-60.63820834,-32.07075725]]},"geometry_name":"geom","properties":{"gid":1428,"objeto":"Gobierno local","fna":"Municipio Diamante","gna":"Municipio","nam":"Diamante","in1":"300084","tgl":"Municipio","cod_tgl":"MU","nam_prov":"Entre Ríos","cod_prov":"30","fdc":"BAHRA","sag":"IGN"},"bbox":[-60.63820834,-32.07075725,-60.63820834,-32.07075725]},{"type":"Feature","id":"gobiernoslocales_2022.1429","geometry":{"type":"MultiPoint","coordinates":[[-60.22728892,-32.11251624]]},"geometry_name":"geom","properties":{"gid":1429,"objeto":"Gobierno local","fna":"Junta Estación Camps","gna":"Junta","nam":"Estación Camps","in1":"309110","tgl":"Junta de Gobierno","cod_tgl":"JG3","nam_prov":"Entre Ríos","cod_prov":"30","fdc":"BAHRA","sag":"IGN"},"bbox":[-60.22728892,-32.11251624,-60.22728892,-32.11251624]},{"type":"Feature","id":"gobiernoslocales_2022.1430","geometry":{"type":"MultiPoint","coordinates":[[-60.20164674,-32.17726814]]},"geometry_name":"geom","properties":{"gid":1430,"objeto":"Gobierno local","fna":"Municipio General Ramírez","gna":"Municipio","nam":"General Ramírez","in1":"300091","tgl":"Municipio","cod_tgl":"MU","nam_prov":"Entre Ríos","cod_prov":"30","fdc":"BAHRA","sag":"IGN"},"bbox":[-60.20164674,-32.17726814,-60.20164674,-32.17726814]},{"type":"Feature","id":"gobiernoslocales_2022.1431","geometry":{"type":"MultiPoint","coordinates":[[-60.48650118,-32.32870769]]},"geometry_name":"geom","properties":{"gid":1431,"objeto":"Gobierno local","fna":"Junta Las Cuevas","gna":"Junta","nam":"Las Cuevas","in1":"302175","tgl":"Comuna","cod_tgl":"CO1","nam_prov":"Entre Ríos","cod_prov":"30","fdc":"BAHRA","sag":"IGN"},"bbox":[-60.48650118,-32.32870769,-60.48650118,-32.32870769]},{"type":"Feature","id":"gobiernoslocales_2022.1432","geometry":{"type":"MultiPoint","coordinates":[[-60.46591652,-32.07344218]]},"geometry_name":"geom","properties":{"gid":1432,"objeto":"Gobierno local","fna":"Municipio Villa Libertador San Martín","gna":"Municipio","nam":"Villa Libertador San Martín","in1":"300098","tgl":"Municipio","cod_tgl":"MU","nam_prov":"Entre Ríos","cod_prov":"30","fdc":"BAHRA","sag":"IGN"},"bbox":[-60.46591652,-32.07344218,-60.46591652,-32.07344218]},{"type":"Feature","id":"gobiernoslocales_2022.1433","geometry":{"type":"MultiPoint","coordinates":[[-57.98178937,-30.7547242]]},"geometry_name":"geom","properties":{"gid":1433,"objeto":"Gobierno local","fna":"Municipio Chajarí","gna":"Municipio","nam":"Chajarí","in1":"300105","tgl":"Municipio","cod_tgl":"MU","nam_prov":"Entre Ríos","cod_prov":"30","fdc":"BAHRA","sag":"IGN"},"bbox":[-57.98178937,-30.7547242,-57.98178937,-30.7547242]},{"type":"Feature","id":"gobiernoslocales_2022.1434","geometry":{"type":"MultiPoint","coordinates":[[-57.99989434,-30.90359507]]},"geometry_name":"geom","properties":{"gid":1434,"objeto":"Gobierno local","fna":"Junta Colonia Alemana","gna":"Junta","nam":"Colonia Alemana","in1":"309135","tgl":"Junta de Gobierno","cod_tgl":"JG3","nam_prov":"Entre Ríos","cod_prov":"30","fdc":"BAHRA","sag":"IGN"},"bbox":[-57.99989434,-30.90359507,-57.99989434,-30.90359507]},{"type":"Feature","id":"gobiernoslocales_2022.1435","geometry":{"type":"MultiPoint","coordinates":[[-58.02602165,-31.07407702]]},"geometry_name":"geom","properties":{"gid":1435,"objeto":"Gobierno local","fna":"Junta Colonia La Argentina","gna":"Junta","nam":"Colonia La Argentina","in1":"309140","tgl":"Junta de Gobierno","cod_tgl":"JG2","nam_prov":"Entre Ríos","cod_prov":"30","fdc":"BAHRA","sag":"IGN"},"bbox":[-58.02602165,-31.07407702,-58.02602165,-31.07407702]},{"type":"Feature","id":"gobiernoslocales_2022.1436","geometry":{"type":"MultiPoint","coordinates":[[-58.24979477,-30.81881565]]},"geometry_name":"geom","properties":{"gid":1436,"objeto":"Gobierno local","fna":"Junta San Ramón","gna":"Junta","nam":"San Ramón","in1":"309180","tgl":"Junta de Gobierno","cod_tgl":"JG2","nam_prov":"Entre Ríos","cod_prov":"30","fdc":"BAHRA","sag":"IGN"},"bbox":[-58.24979477,-30.81881565,-58.24979477,-30.81881565]},{"type":"Feature","id":"gobiernoslocales_2022.1437","geometry":{"type":"MultiPoint","coordinates":[[-57.91776232,-30.99026274]]},"geometry_name":"geom","properties":{"gid":1437,"objeto":"Gobierno local","fna":"Municipio Federación","gna":"Municipio","nam":"Federación","in1":"300112","tgl":"Municipio","cod_tgl":"MU","nam_prov":"Entre Ríos","cod_prov":"30","fdc":"BAHRA","sag":"IGN"},"bbox":[-57.91776232,-30.99026274,-57.91776232,-30.99026274]},{"type":"Feature","id":"gobiernoslocales_2022.1438","geometry":{"type":"MultiPoint","coordinates":[[-58.46623571,-30.59133714]]},"geometry_name":"geom","properties":{"gid":1438,"objeto":"Gobierno local","fna":"Municipio Los Conquistadores","gna":"Municipio","nam":"Los Conquistadores","in1":"300115","tgl":"Municipio","cod_tgl":"MU","nam_prov":"Entre Ríos","cod_prov":"30","fdc":"BAHRA","sag":"IGN"},"bbox":[-58.46623571,-30.59133714,-58.46623571,-30.59133714]},{"type":"Feature","id":"gobiernoslocales_2022.1439","geometry":{"type":"MultiPoint","coordinates":[[-58.30692916,-30.34034014]]},"geometry_name":"geom","properties":{"gid":1439,"objeto":"Gobierno local","fna":"Municipio San Jaime de la Frontera","gna":"Municipio","nam":"San Jaime de la Frontera","in1":"300119","tgl":"Municipio","cod_tgl":"MU","nam_prov":"Entre Ríos","cod_prov":"30","fdc":"BAHRA","sag":"IGN"},"bbox":[-58.30692916,-30.34034014,-58.30692916,-30.34034014]},{"type":"Feature","id":"gobiernoslocales_2022.1440","geometry":{"type":"MultiPoint","coordinates":[[-58.08159001,-30.75819578]]},"geometry_name":"geom","properties":{"gid":1440,"objeto":"Gobierno local","fna":"Junta San Pedro","gna":"Junta","nam":"San Pedro","in1":"309175","tgl":"Junta de Gobierno","cod_tgl":"JG2","nam_prov":"Entre Ríos","cod_prov":"30","fdc":"BAHRA","sag":"IGN"},"bbox":[-58.08159001,-30.75819578,-58.08159001,-30.75819578]},{"type":"Feature","id":"gobiernoslocales_2022.1441","geometry":{"type":"MultiPoint","coordinates":[[-57.93107825,-30.89937002]]},"geometry_name":"geom","properties":{"gid":1441,"objeto":"Gobierno local","fna":"Municipio Santa Ana","gna":"Municipio","nam":"Santa Ana","in1":"300126","tgl":"Municipio","cod_tgl":"MU","nam_prov":"Entre Ríos","cod_prov":"30","fdc":"BAHRA","sag":"IGN"},"bbox":[-57.93107825,-30.89937002,-57.93107825,-30.89937002]},{"type":"Feature","id":"gobiernoslocales_2022.1442","geometry":{"type":"MultiPoint","coordinates":[[-57.91455271,-30.7957385]]},"geometry_name":"geom","properties":{"gid":1442,"objeto":"Gobierno local","fna":"Municipio Villa del Rosario","gna":"Municipio","nam":"Villa del Rosario","in1":"300133","tgl":"Municipio","cod_tgl":"MU","nam_prov":"Entre Ríos","cod_prov":"30","fdc":"BAHRA","sag":"IGN"},"bbox":[-57.91455271,-30.7957385,-57.91455271,-30.7957385]},{"type":"Feature","id":"gobiernoslocales_2022.1443","geometry":{"type":"MultiPoint","coordinates":[[-59.08672267,-31.04624382]]},"geometry_name":"geom","properties":{"gid":1443,"objeto":"Gobierno local","fna":"Municipio Conscripto Bernardi","gna":"Municipio","nam":"Conscripto Bernardi","in1":"300140","tgl":"Municipio","cod_tgl":"MU","nam_prov":"Entre Ríos","cod_prov":"30","fdc":"BAHRA","sag":"IGN"},"bbox":[-59.08672267,-31.04624382,-59.08672267,-31.04624382]},{"type":"Feature","id":"gobiernoslocales_2022.1444","geometry":{"type":"MultiPoint","coordinates":[[-58.99641354,-30.9741023]]},"geometry_name":"geom","properties":{"gid":1444,"objeto":"Gobierno local","fna":"Junta El Cimarrón","gna":"Junta","nam":"El Cimarrón","in1":"302287","tgl":"Comuna","cod_tgl":"CO1","nam_prov":"Entre Ríos","cod_prov":"30","fdc":"BAHRA","sag":"IGN"},"bbox":[-58.99641354,-30.9741023,-58.99641354,-30.9741023]},{"type":"Feature","id":"gobiernoslocales_2022.1445","geometry":{"type":"MultiPoint","coordinates":[[-58.7795875,-30.95621428]]},"geometry_name":"geom","properties":{"gid":1445,"objeto":"Gobierno local","fna":"Municipio Federal","gna":"Municipio","nam":"Federal","in1":"300147","tgl":"Municipio","cod_tgl":"MU","nam_prov":"Entre Ríos","cod_prov":"30","fdc":"BAHRA","sag":"IGN"},"bbox":[-58.7795875,-30.95621428,-58.7795875,-30.95621428]},{"type":"Feature","id":"gobiernoslocales_2022.1446","geometry":{"type":"MultiPoint","coordinates":[[-58.61274934,-30.96851403]]},"geometry_name":"geom","properties":{"gid":1446,"objeto":"Gobierno local","fna":"Junta Nueva Vizcaya","gna":"Junta","nam":"Nueva Vizcaya","in1":"302308","tgl":"Comuna","cod_tgl":"CO1","nam_prov":"Entre Ríos","cod_prov":"30","fdc":"BAHRA","sag":"IGN"},"bbox":[-58.61274934,-30.96851403,-58.61274934,-30.96851403]},{"type":"Feature","id":"gobiernoslocales_2022.1447","geometry":{"type":"MultiPoint","coordinates":[[-59.21737108,-31.23952327]]},"geometry_name":"geom","properties":{"gid":1447,"objeto":"Gobierno local","fna":"Municipio Sauce de Luna","gna":"Municipio","nam":"Sauce de Luna","in1":"300154","tgl":"Municipio","cod_tgl":"MU","nam_prov":"Entre Ríos","cod_prov":"30","fdc":"BAHRA","sag":"IGN"},"bbox":[-59.21737108,-31.23952327,-59.21737108,-31.23952327]},{"type":"Feature","id":"gobiernoslocales_2022.1448","geometry":{"type":"MultiPoint","coordinates":[[-58.75025728,-30.38544374]]},"geometry_name":"geom","properties":{"gid":1448,"objeto":"Gobierno local","fna":"Municipio San José de Feliciano","gna":"Municipio","nam":"San José de Feliciano","in1":"300161","tgl":"Municipio","cod_tgl":"MU","nam_prov":"Entre Ríos","cod_prov":"30","fdc":"BAHRA","sag":"IGN"},"bbox":[-58.75025728,-30.38544374,-58.75025728,-30.38544374]},{"type":"Feature","id":"gobiernoslocales_2022.1449","geometry":{"type":"MultiPoint","coordinates":[[-59.02834138,-30.48518996]]},"geometry_name":"geom","properties":{"gid":1449,"objeto":"Gobierno local","fna":"Junta San Víctor","gna":"Junta","nam":"San Víctor","in1":"302376","tgl":"Comuna","cod_tgl":"CO1","nam_prov":"Entre Ríos","cod_prov":"30","fdc":"BAHRA","sag":"IGN"},"bbox":[-59.02834138,-30.48518996,-59.02834138,-30.48518996]},{"type":"Feature","id":"gobiernoslocales_2022.1450","geometry":{"type":"MultiPoint","coordinates":[[-59.23911815,-32.82470911]]},"geometry_name":"geom","properties":{"gid":1450,"objeto":"Gobierno local","fna":"Junta Aldea Asunción","gna":"Junta","nam":"Aldea Asunción","in1":"302383","tgl":"Comuna","cod_tgl":"CO1","nam_prov":"Entre Ríos","cod_prov":"30","fdc":"BAHRA","sag":"IGN"},"bbox":[-59.23911815,-32.82470911,-59.23911815,-32.82470911]},{"type":"Feature","id":"gobiernoslocales_2022.1451","geometry":{"type":"MultiPoint","coordinates":[[-59.42233037,-32.87081324]]},"geometry_name":"geom","properties":{"gid":1451,"objeto":"Gobierno local","fna":"Junta Estación Lazo","gna":"Junta","nam":"Estación Lazo","in1":"309295","tgl":"Junta de Gobierno","cod_tgl":"JG4","nam_prov":"Entre Ríos","cod_prov":"30","fdc":"BAHRA","sag":"IGN"},"bbox":[-59.42233037,-32.87081324,-59.42233037,-32.87081324]},{"type":"Feature","id":"gobiernoslocales_2022.1452","geometry":{"type":"MultiPoint","coordinates":[[-59.39570656,-32.72048466]]},"geometry_name":"geom","properties":{"gid":1452,"objeto":"Gobierno local","fna":"Municipio General Galarza","gna":"Municipio","nam":"General Galarza","in1":"300168","tgl":"Municipio","cod_tgl":"MU","nam_prov":"Entre Ríos","cod_prov":"30","fdc":"BAHRA","sag":"IGN"},"bbox":[-59.39570656,-32.72048466,-59.39570656,-32.72048466]},{"type":"Feature","id":"gobiernoslocales_2022.1453","geometry":{"type":"MultiPoint","coordinates":[[-59.31057559,-33.15043008]]},"geometry_name":"geom","properties":{"gid":1453,"objeto":"Gobierno local","fna":"Municipio Gualeguay","gna":"Municipio","nam":"Gualeguay","in1":"300175","tgl":"Municipio","cod_tgl":"MU","nam_prov":"Entre Ríos","cod_prov":"30","fdc":"BAHRA","sag":"IGN"},"bbox":[-59.31057559,-33.15043008,-59.31057559,-33.15043008]},{"type":"Feature","id":"gobiernoslocales_2022.1454","geometry":{"type":"MultiPoint","coordinates":[[-58.70442364,-32.62517473]]},"geometry_name":"geom","properties":{"gid":1454,"objeto":"Gobierno local","fna":"Municipio Aldea San Antonio","gna":"Municipio","nam":"Aldea San Antonio","in1":"300182","tgl":"Municipio","cod_tgl":"MU","nam_prov":"Entre Ríos","cod_prov":"30","fdc":"BAHRA","sag":"IGN"},"bbox":[-58.70442364,-32.62517473,-58.70442364,-32.62517473]},{"type":"Feature","id":"gobiernoslocales_2022.1455","geometry":{"type":"MultiPoint","coordinates":[[-58.77175197,-32.69595831]]},"geometry_name":"geom","properties":{"gid":1455,"objeto":"Gobierno local","fna":"Comuna Aldea San Juan","gna":"Comuna","nam":"Aldea San Juan","in1":"302453","tgl":"Comuna","cod_tgl":"CO1","nam_prov":"Entre Ríos","cod_prov":"30","fdc":"BAHRA","sag":"IGN"},"bbox":[-58.77175197,-32.69595831,-58.77175197,-32.69595831]},{"type":"Feature","id":"gobiernoslocales_2022.1456","geometry":{"type":"MultiPoint","coordinates":[[-59.20805582,-33.14546107]]},"geometry_name":"geom","properties":{"gid":1456,"objeto":"Gobierno local","fna":"Municipio Enrique Carbó","gna":"Municipio","nam":"Enrique Carbó","in1":"300184","tgl":"Municipio","cod_tgl":"MU","nam_prov":"Entre Ríos","cod_prov":"30","fdc":"BAHRA","sag":"IGN"},"bbox":[-59.20805582,-33.14546107,-59.20805582,-33.14546107]},{"type":"Feature","id":"gobiernoslocales_2022.1457","geometry":{"type":"MultiPoint","coordinates":[[-58.90592828,-32.5921302]]},"geometry_name":"geom","properties":{"gid":1457,"objeto":"Gobierno local","fna":"Junta Estación Escriña","gna":"Junta","nam":"Estación Escriña","in1":"309355","tgl":"Junta de Gobierno","cod_tgl":"JG4","nam_prov":"Entre Ríos","cod_prov":"30","fdc":"BAHRA","sag":"IGN"},"bbox":[-58.90592828,-32.5921302,-58.90592828,-32.5921302]},{"type":"Feature","id":"gobiernoslocales_2022.1458","geometry":{"type":"MultiPoint","coordinates":[[-58.88263368,-32.80443024]]},"geometry_name":"geom","properties":{"gid":1458,"objeto":"Gobierno local","fna":"Junta Estación Parera","gna":"Junta","nam":"Estación Parera","in1":"302512","tgl":"Comuna","cod_tgl":"CO2","nam_prov":"Entre Ríos","cod_prov":"30","fdc":"BAHRA","sag":"IGN"},"bbox":[-58.88263368,-32.80443024,-58.88263368,-32.80443024]},{"type":"Feature","id":"gobiernoslocales_2022.1459","geometry":{"type":"MultiPoint","coordinates":[[-58.80264897,-32.83738899]]},"geometry_name":"geom","properties":{"gid":1459,"objeto":"Gobierno local","fna":"Junta General Almada","gna":"Junta","nam":"General Almada","in1":"309365","tgl":"Junta de Gobierno","cod_tgl":"JG3","nam_prov":"Entre Ríos","cod_prov":"30","fdc":"BAHRA","sag":"IGN"},"bbox":[-58.80264897,-32.83738899,-58.80264897,-32.83738899]},{"type":"Feature","id":"gobiernoslocales_2022.1460","geometry":{"type":"MultiPoint","coordinates":[[-58.93400999,-32.53583217]]},"geometry_name":"geom","properties":{"gid":1460,"objeto":"Gobierno local","fna":"Municipio Gilbert","gna":"Municipio","nam":"Gilbert","in1":"300185","tgl":"Municipio","cod_tgl":"MU","nam_prov":"Entre Ríos","cod_prov":"30","fdc":"BAHRA","sag":"IGN"},"bbox":[-58.93400999,-32.53583217,-58.93400999,-32.53583217]},{"type":"Feature","id":"gobiernoslocales_2022.1461","geometry":{"type":"MultiPoint","coordinates":[[-58.51077009,-33.0077977]]},"geometry_name":"geom","properties":{"gid":1461,"objeto":"Gobierno local","fna":"Municipio San José de Gualeguaychú","gna":"Municipio","nam":"San José de Gualeguaychú","in1":"300189","tgl":"Municipio","cod_tgl":"MU","nam_prov":"Entre Ríos","cod_prov":"30","fdc":"BAHRA","sag":"IGN"},"bbox":[-58.51077009,-33.0077977,-58.51077009,-33.0077977]},{"type":"Feature","id":"gobiernoslocales_2022.1462","geometry":{"type":"MultiPoint","coordinates":[[-58.94964851,-32.92586532]]},"geometry_name":"geom","properties":{"gid":1462,"objeto":"Gobierno local","fna":"Junta Irazusta","gna":"Junta","nam":"Irazusta","in1":"302526","tgl":"Comuna","cod_tgl":"CO1","nam_prov":"Entre Ríos","cod_prov":"30","fdc":"BAHRA","sag":"IGN"},"bbox":[-58.94964851,-32.92586532,-58.94964851,-32.92586532]},{"type":"Feature","id":"gobiernoslocales_2022.1463","geometry":{"type":"MultiPoint","coordinates":[[-58.9990862,-33.03652153]]},"geometry_name":"geom","properties":{"gid":1463,"objeto":"Gobierno local","fna":"Municipio Larroque","gna":"Municipio","nam":"Larroque","in1":"300196","tgl":"Municipio","cod_tgl":"MU","nam_prov":"Entre Ríos","cod_prov":"30","fdc":"BAHRA","sag":"IGN"},"bbox":[-58.9990862,-33.03652153,-58.9990862,-33.03652153]},{"type":"Feature","id":"gobiernoslocales_2022.1464","geometry":{"type":"MultiPoint","coordinates":[[-58.90629438,-32.7702371]]},"geometry_name":"geom","properties":{"gid":1464,"objeto":"Gobierno local","fna":"Junta Pastor Britos","gna":"Junta","nam":"Pastor Britos","in1":"309380","tgl":"Junta de Gobierno","cod_tgl":"JG4","nam_prov":"Entre Ríos","cod_prov":"30","fdc":"BAHRA","sag":"IGN"},"bbox":[-58.90629438,-32.7702371,-58.90629438,-32.7702371]},{"type":"Feature","id":"gobiernoslocales_2022.1465","geometry":{"type":"MultiPoint","coordinates":[[-58.47503321,-33.01737328]]},"geometry_name":"geom","properties":{"gid":1465,"objeto":"Gobierno local","fna":"Municipio Pueblo General Belgrano","gna":"Municipio","nam":"Pueblo General Belgrano","in1":"300199","tgl":"Municipio","cod_tgl":"MU","nam_prov":"Entre Ríos","cod_prov":"30","fdc":"BAHRA","sag":"IGN"},"bbox":[-58.47503321,-33.01737328,-58.47503321,-33.01737328]},{"type":"Feature","id":"gobiernoslocales_2022.1466","geometry":{"type":"MultiPoint","coordinates":[[-58.88842008,-32.6910461]]},"geometry_name":"geom","properties":{"gid":1466,"objeto":"Gobierno local","fna":"Municipio Urdinarrain","gna":"Municipio","nam":"Urdinarrain","in1":"300203","tgl":"Municipio","cod_tgl":"MU","nam_prov":"Entre Ríos","cod_prov":"30","fdc":"BAHRA","sag":"IGN"},"bbox":[-58.88842008,-32.6910461,-58.88842008,-32.6910461]},{"type":"Feature","id":"gobiernoslocales_2022.1467","geometry":{"type":"MultiPoint","coordinates":[[-58.80035526,-33.49941434]]},"geometry_name":"geom","properties":{"gid":1467,"objeto":"Gobierno local","fna":"Municipio Ceibas","gna":"Municipio","nam":"Ceibas","in1":"300210","tgl":"Municipio","cod_tgl":"MU","nam_prov":"Entre Ríos","cod_prov":"30","fdc":"BAHRA","sag":"IGN"},"bbox":[-58.80035526,-33.49941434,-58.80035526,-33.49941434]},{"type":"Feature","id":"gobiernoslocales_2022.1468","geometry":{"type":"MultiPoint","coordinates":[[-59.15759021,-33.74247686]]},"geometry_name":"geom","properties":{"gid":1468,"objeto":"Gobierno local","fna":"Municipio Ibicuy","gna":"Municipio","nam":"Ibicuy","in1":"300217","tgl":"Municipio","cod_tgl":"MU","nam_prov":"Entre Ríos","cod_prov":"30","fdc":"BAHRA","sag":"IGN"},"bbox":[-59.15759021,-33.74247686,-59.15759021,-33.74247686]},{"type":"Feature","id":"gobiernoslocales_2022.1469","geometry":{"type":"MultiPoint","coordinates":[[-59.0688573,-33.43577405]]},"geometry_name":"geom","properties":{"gid":1469,"objeto":"Gobierno local","fna":"Junta Médanos","gna":"Junta","nam":"Médanos","in1":"309405","tgl":"Junta de Gobierno","cod_tgl":"JG2","nam_prov":"Entre Ríos","cod_prov":"30","fdc":"BAHRA","sag":"IGN"},"bbox":[-59.0688573,-33.43577405,-59.0688573,-33.43577405]},{"type":"Feature","id":"gobiernoslocales_2022.1470","geometry":{"type":"MultiPoint","coordinates":[[-58.66313092,-33.71474492]]},"geometry_name":"geom","properties":{"gid":1470,"objeto":"Gobierno local","fna":"Municipio Villa Paranacito","gna":"Municipio","nam":"Villa Paranacito","in1":"300224","tgl":"Municipio","cod_tgl":"MU","nam_prov":"Entre Ríos","cod_prov":"30","fdc":"BAHRA","sag":"IGN"},"bbox":[-58.66313092,-33.71474492,-58.66313092,-33.71474492]},{"type":"Feature","id":"gobiernoslocales_2022.1471","geometry":{"type":"MultiPoint","coordinates":[[-59.59857231,-31.45736535]]},"geometry_name":"geom","properties":{"gid":1471,"objeto":"Gobierno local","fna":"Municipio Alcaraz","gna":"Municipio","nam":"Alcaraz","in1":"300231","tgl":"Municipio","cod_tgl":"MU","nam_prov":"Entre Ríos","cod_prov":"30","fdc":"BAHRA","sag":"IGN"},"bbox":[-59.59857231,-31.45736535,-59.59857231,-31.45736535]},{"type":"Feature","id":"gobiernoslocales_2022.1472","geometry":{"type":"MultiPoint","coordinates":[[-59.44638977,-31.34357968]]},"geometry_name":"geom","properties":{"gid":1472,"objeto":"Gobierno local","fna":"Municipio Bovril","gna":"Municipio","nam":"Bovril","in1":"300238","tgl":"Municipio","cod_tgl":"MU","nam_prov":"Entre Ríos","cod_prov":"30","fdc":"BAHRA","sag":"IGN"},"bbox":[-59.44638977,-31.34357968,-59.44638977,-31.34357968]},{"type":"Feature","id":"gobiernoslocales_2022.1473","geometry":{"type":"MultiPoint","coordinates":[[-59.40823728,-31.1831955]]},"geometry_name":"geom","properties":{"gid":1473,"objeto":"Gobierno local","fna":"Junta Colonia Avigdor","gna":"Junta","nam":"Colonia Avigdor","in1":"302596","tgl":"Comuna","cod_tgl":"CO1","nam_prov":"Entre Ríos","cod_prov":"30","fdc":"BAHRA","sag":"IGN"},"bbox":[-59.40823728,-31.1831955,-59.40823728,-31.1831955]},{"type":"Feature","id":"gobiernoslocales_2022.1474","geometry":{"type":"MultiPoint","coordinates":[[-59.73313406,-31.17954408]]},"geometry_name":"geom","properties":{"gid":1474,"objeto":"Gobierno local","fna":"Junta El Solar","gna":"Junta","nam":"El Solar","in1":"302638","tgl":"Comuna","cod_tgl":"CO1","nam_prov":"Entre Ríos","cod_prov":"30","fdc":"BAHRA","sag":"IGN"},"bbox":[-59.73313406,-31.17954408,-59.73313406,-31.17954408]},{"type":"Feature","id":"gobiernoslocales_2022.1475","geometry":{"type":"MultiPoint","coordinates":[[-59.64430128,-30.74047662]]},"geometry_name":"geom","properties":{"gid":1475,"objeto":"Gobierno local","fna":"Municipio La Paz","gna":"Municipio","nam":"La Paz","in1":"300245","tgl":"Municipio","cod_tgl":"MU","nam_prov":"Entre Ríos","cod_prov":"30","fdc":"BAHRA","sag":"IGN"},"bbox":[-59.64430128,-30.74047662,-59.64430128,-30.74047662]},{"type":"Feature","id":"gobiernoslocales_2022.1476","geometry":{"type":"MultiPoint","coordinates":[[-59.94995771,-31.18500615]]},"geometry_name":"geom","properties":{"gid":1476,"objeto":"Gobierno local","fna":"Municipio Piedras Blancas","gna":"Municipio","nam":"Piedras Blancas","in1":"300252","tgl":"Municipio","cod_tgl":"MU","nam_prov":"Entre Ríos","cod_prov":"30","fdc":"BAHRA","sag":"IGN"},"bbox":[-59.94995771,-31.18500615,-59.94995771,-31.18500615]},{"type":"Feature","id":"gobiernoslocales_2022.1477","geometry":{"type":"MultiPoint","coordinates":[[-59.39498429,-30.69028775]]},"geometry_name":"geom","properties":{"gid":1477,"objeto":"Gobierno local","fna":"Municipio San Gustavo","gna":"Municipio","nam":"San Gustavo","in1":"300255","tgl":"Municipio","cod_tgl":"MU","nam_prov":"Entre Ríos","cod_prov":"30","fdc":"BAHRA","sag":"IGN"},"bbox":[-59.39498429,-30.69028775,-59.39498429,-30.69028775]},{"type":"Feature","id":"gobiernoslocales_2022.1478","geometry":{"type":"MultiPoint","coordinates":[[-59.78912129,-30.94446]]},"geometry_name":"geom","properties":{"gid":1478,"objeto":"Gobierno local","fna":"Municipio Santa Elena","gna":"Municipio","nam":"Santa Elena","in1":"300259","tgl":"Municipio","cod_tgl":"MU","nam_prov":"Entre Ríos","cod_prov":"30","fdc":"BAHRA","sag":"IGN"},"bbox":[-59.78912129,-30.94446,-59.78912129,-30.94446]},{"type":"Feature","id":"gobiernoslocales_2022.1479","geometry":{"type":"MultiPoint","coordinates":[[-59.50106194,-31.38892115]]},"geometry_name":"geom","properties":{"gid":1479,"objeto":"Gobierno local","fna":"Junta Sir Leonard","gna":"Junta","nam":"Sir Leonard","in1":"309500","tgl":"Junta de Gobierno","cod_tgl":"JG3","nam_prov":"Entre Ríos","cod_prov":"30","fdc":"BAHRA","sag":"IGN"},"bbox":[-59.50106194,-31.38892115,-59.50106194,-31.38892115]},{"type":"Feature","id":"gobiernoslocales_2022.1480","geometry":{"type":"MultiPoint","coordinates":[[-60.15835057,-32.24577552]]},"geometry_name":"geom","properties":{"gid":1480,"objeto":"Gobierno local","fna":"Municipio Villa Aranguren","gna":"Municipio","nam":"Villa Aranguren","in1":"300266","tgl":"Municipio","cod_tgl":"MU","nam_prov":"Entre Ríos","cod_prov":"30","fdc":"BAHRA","sag":"IGN"},"bbox":[-60.15835057,-32.24577552,-60.15835057,-32.24577552]},{"type":"Feature","id":"gobiernoslocales_2022.1481","geometry":{"type":"MultiPoint","coordinates":[[-59.92840783,-32.37217976]]},"geometry_name":"geom","properties":{"gid":1481,"objeto":"Gobierno local","fna":"Junta Betbeder","gna":"Junta","nam":"Betbeder","in1":"309520","tgl":"Junta de Gobierno","cod_tgl":"JG4","nam_prov":"Entre Ríos","cod_prov":"30","fdc":"BAHRA","sag":"IGN"},"bbox":[-59.92840783,-32.37217976,-59.92840783,-32.37217976]},{"type":"Feature","id":"gobiernoslocales_2022.1482","geometry":{"type":"MultiPoint","coordinates":[[-59.99473098,-32.07135419]]},"geometry_name":"geom","properties":{"gid":1482,"objeto":"Gobierno local","fna":"Junta Don Cristóbal II","gna":"Junta","nam":"Don Cristóbal II","in1":"302780","tgl":"Comuna","cod_tgl":"CO2","nam_prov":"Entre Ríos","cod_prov":"30","fdc":"BAHRA","sag":"IGN"},"bbox":[-59.99473098,-32.07135419,-59.99473098,-32.07135419]},{"type":"Feature","id":"gobiernoslocales_2022.1483","geometry":{"type":"MultiPoint","coordinates":[[-59.91890108,-32.47526767]]},"geometry_name":"geom","properties":{"gid":1483,"objeto":"Gobierno local","fna":"Junta Febre","gna":"Junta","nam":"Febre","in1":"302787","tgl":"Comuna","cod_tgl":"CO2","nam_prov":"Entre Ríos","cod_prov":"30","fdc":"BAHRA","sag":"IGN"},"bbox":[-59.91890108,-32.47526767,-59.91890108,-32.47526767]},{"type":"Feature","id":"gobiernoslocales_2022.1484","geometry":{"type":"MultiPoint","coordinates":[[-60.03212612,-32.33827142]]},"geometry_name":"geom","properties":{"gid":1484,"objeto":"Gobierno local","fna":"Municipio Villa Sabá Z. Hernández","gna":"Municipio","nam":"Villa Sabá Z. Hernández","in1":"300273","tgl":"Municipio","cod_tgl":"MU","nam_prov":"Entre Ríos","cod_prov":"30","fdc":"BAHRA","sag":"IGN"},"bbox":[-60.03212612,-32.33827142,-60.03212612,-32.33827142]},{"type":"Feature","id":"gobiernoslocales_2022.1485","geometry":{"type":"MultiPoint","coordinates":[[-59.53084704,-32.38439373]]},"geometry_name":"geom","properties":{"gid":1485,"objeto":"Gobierno local","fna":"Municipio Lucas González","gna":"Municipio","nam":"Lucas González","in1":"300280","tgl":"Municipio","cod_tgl":"MU","nam_prov":"Entre Ríos","cod_prov":"30","fdc":"BAHRA","sag":"IGN"},"bbox":[-59.53084704,-32.38439373,-59.53084704,-32.38439373]},{"type":"Feature","id":"gobiernoslocales_2022.1486","geometry":{"type":"MultiPoint","coordinates":[[-59.78769534,-32.39896152]]},"geometry_name":"geom","properties":{"gid":1486,"objeto":"Gobierno local","fna":"Municipio Nogoyá","gna":"Municipio","nam":"Nogoyá","in1":"300287","tgl":"Municipio","cod_tgl":"MU","nam_prov":"Entre Ríos","cod_prov":"30","fdc":"BAHRA","sag":"IGN"},"bbox":[-59.78769534,-32.39896152,-59.78769534,-32.39896152]},{"type":"Feature","id":"gobiernoslocales_2022.1487","geometry":{"type":"MultiPoint","coordinates":[[-59.66222063,-32.38591883]]},"geometry_name":"geom","properties":{"gid":1487,"objeto":"Gobierno local","fna":"Junta XX de Septiembre","gna":"Junta","nam":"XX de Septiembre","in1":"302808","tgl":"Comuna","cod_tgl":"CO2","nam_prov":"Entre Ríos","cod_prov":"30","fdc":"BAHRA","sag":"IGN"},"bbox":[-59.66222063,-32.38591883,-59.66222063,-32.38591883]},{"type":"Feature","id":"gobiernoslocales_2022.1488","geometry":{"type":"MultiPoint","coordinates":[[-60.41050633,-31.8838517]]},"geometry_name":"geom","properties":{"gid":1488,"objeto":"Gobierno local","fna":"Municipio Aldea María Luisa","gna":"Municipio","nam":"Aldea María Luisa","in1":"300291","tgl":"Municipio","cod_tgl":"MU","nam_prov":"Entre Ríos","cod_prov":"30","fdc":"BAHRA","sag":"IGN"},"bbox":[-60.41050633,-31.8838517,-60.41050633,-31.8838517]},{"type":"Feature","id":"gobiernoslocales_2022.1489","geometry":{"type":"MultiPoint","coordinates":[[-60.30609205,-32.03075951]]},"geometry_name":"geom","properties":{"gid":1489,"objeto":"Gobierno local","fna":"Municipio Crespo","gna":"Municipio","nam":"Crespo","in1":"300301","tgl":"Municipio","cod_tgl":"MU","nam_prov":"Entre Ríos","cod_prov":"30","fdc":"BAHRA","sag":"IGN"},"bbox":[-60.30609205,-32.03075951,-60.30609205,-32.03075951]},{"type":"Feature","id":"gobiernoslocales_2022.1490","geometry":{"type":"MultiPoint","coordinates":[[-60.25463065,-31.95741123]]},"geometry_name":"geom","properties":{"gid":1490,"objeto":"Gobierno local","fna":"Junta Aldea San Rafael","gna":"Junta","nam":"Aldea San Rafael","in1":"309590","tgl":"Junta de Gobierno","cod_tgl":"JG3","nam_prov":"Entre Ríos","cod_prov":"30","fdc":"BAHRA","sag":"IGN"},"bbox":[-60.25463065,-31.95741123,-60.25463065,-31.95741123]},{"type":"Feature","id":"gobiernoslocales_2022.1491","geometry":{"type":"MultiPoint","coordinates":[[-60.00688695,-31.61133299]]},"geometry_name":"geom","properties":{"gid":1491,"objeto":"Gobierno local","fna":"Junta Aldea Santa María","gna":"Junta","nam":"Aldea Santa María","in1":"302836","tgl":"Comuna","cod_tgl":"CO1","nam_prov":"Entre Ríos","cod_prov":"30","fdc":"BAHRA","sag":"IGN"},"bbox":[-60.00688695,-31.61133299,-60.00688695,-31.61133299]},{"type":"Feature","id":"gobiernoslocales_2022.1492","geometry":{"type":"MultiPoint","coordinates":[[-60.23920995,-32.01316012]]},"geometry_name":"geom","properties":{"gid":1492,"objeto":"Gobierno local","fna":"Junta Aldea Santa Rosa","gna":"Junta","nam":"Aldea Santa Rosa","in1":"302843","tgl":"Comuna","cod_tgl":"CO2","nam_prov":"Entre Ríos","cod_prov":"30","fdc":"BAHRA","sag":"IGN"},"bbox":[-60.23920995,-32.01316012,-60.23920995,-32.01316012]},{"type":"Feature","id":"gobiernoslocales_2022.1493","geometry":{"type":"MultiPoint","coordinates":[[-60.0755467,-31.57993903]]},"geometry_name":"geom","properties":{"gid":1493,"objeto":"Gobierno local","fna":"Municipio Cerrito","gna":"Municipio","nam":"Cerrito","in1":"300294","tgl":"Municipio","cod_tgl":"MU","nam_prov":"Entre Ríos","cod_prov":"30","fdc":"BAHRA","sag":"IGN"},"bbox":[-60.0755467,-31.57993903,-60.0755467,-31.57993903]},{"type":"Feature","id":"gobiernoslocales_2022.1494","geometry":{"type":"MultiPoint","coordinates":[[-60.41198121,-31.76264929]]},"geometry_name":"geom","properties":{"gid":1494,"objeto":"Gobierno local","fna":"Municipio Colonia Avellaneda","gna":"Municipio","nam":"Colonia Avellaneda","in1":"300297","tgl":"Municipio","cod_tgl":"MU","nam_prov":"Entre Ríos","cod_prov":"30","fdc":"BAHRA","sag":"IGN"},"bbox":[-60.41198121,-31.76264929,-60.41198121,-31.76264929]},{"type":"Feature","id":"gobiernoslocales_2022.1495","geometry":{"type":"MultiPoint","coordinates":[[-60.23108189,-31.68288122]]},"geometry_name":"geom","properties":{"gid":1495,"objeto":"Gobierno local","fna":"Junta Colonia Crespo","gna":"Junta","nam":"Colonia Crespo","in1":"302899","tgl":"Comuna","cod_tgl":"CO2","nam_prov":"Entre Ríos","cod_prov":"30","fdc":"BAHRA","sag":"IGN"},"bbox":[-60.23108189,-31.68288122,-60.23108189,-31.68288122]},{"type":"Feature","id":"gobiernoslocales_2022.1496","geometry":{"type":"MultiPoint","coordinates":[[-60.16661646,-31.65375674]]},"geometry_name":"geom","properties":{"gid":1496,"objeto":"Gobierno local","fna":"Junta El Palenque","gna":"Junta","nam":"El Palenque","in1":"302927","tgl":"Comuna","cod_tgl":"CO1","nam_prov":"Entre Ríos","cod_prov":"30","fdc":"BAHRA","sag":"IGN"},"bbox":[-60.16661646,-31.65375674,-60.16661646,-31.65375674]},{"type":"Feature","id":"gobiernoslocales_2022.1497","geometry":{"type":"MultiPoint","coordinates":[[-59.8908483,-31.5829676]]},"geometry_name":"geom","properties":{"gid":1497,"objeto":"Gobierno local","fna":"Municipio El Pingo","gna":"Municipio","nam":"El Pingo","in1":"300305","tgl":"Municipio","cod_tgl":"MU","nam_prov":"Entre Ríos","cod_prov":"30","fdc":"BAHRA","sag":"IGN"},"bbox":[-59.8908483,-31.5829676,-59.8908483,-31.5829676]},{"type":"Feature","id":"gobiernoslocales_2022.1498","geometry":{"type":"MultiPoint","coordinates":[[-60.10125212,-31.84687648]]},"geometry_name":"geom","properties":{"gid":1498,"objeto":"Gobierno local","fna":"Junta Quebracho","gna":"Junta","nam":"Quebracho","in1":"309730","tgl":"Junta de Gobierno","cod_tgl":"JG4","nam_prov":"Entre Ríos","cod_prov":"30","fdc":"BAHRA","sag":"IGN"},"bbox":[-60.10125212,-31.84687648,-60.10125212,-31.84687648]},{"type":"Feature","id":"gobiernoslocales_2022.1499","geometry":{"type":"MultiPoint","coordinates":[[-59.83528279,-31.51216887]]},"geometry_name":"geom","properties":{"gid":1499,"objeto":"Gobierno local","fna":"Municipio Hasenkamp","gna":"Municipio","nam":"Hasenkamp","in1":"300308","tgl":"Municipio","cod_tgl":"MU","nam_prov":"Entre Ríos","cod_prov":"30","fdc":"BAHRA","sag":"IGN"},"bbox":[-59.83528279,-31.51216887,-59.83528279,-31.51216887]},{"type":"Feature","id":"gobiernoslocales_2022.1500","geometry":{"type":"MultiPoint","coordinates":[[-59.98828645,-31.23000825]]},"geometry_name":"geom","properties":{"gid":1500,"objeto":"Gobierno local","fna":"Municipio Hernandarias","gna":"Municipio","nam":"Hernandarias","in1":"300315","tgl":"Municipio","cod_tgl":"MU","nam_prov":"Entre Ríos","cod_prov":"30","fdc":"BAHRA","sag":"IGN"},"bbox":[-59.98828645,-31.23000825,-59.98828645,-31.23000825]},{"type":"Feature","id":"gobiernoslocales_2022.1501","geometry":{"type":"MultiPoint","coordinates":[[-60.29754911,-31.72500453]]},"geometry_name":"geom","properties":{"gid":1501,"objeto":"Gobierno local","fna":"Junta La Picada","gna":"Junta","nam":"La Picada","in1":"302955","tgl":"Comuna","cod_tgl":"CO1","nam_prov":"Entre Ríos","cod_prov":"30","fdc":"BAHRA","sag":"IGN"},"bbox":[-60.29754911,-31.72500453,-60.29754911,-31.72500453]},{"type":"Feature","id":"gobiernoslocales_2022.1502","geometry":{"type":"MultiPoint","coordinates":[[-59.72886407,-31.86859656]]},"geometry_name":"geom","properties":{"gid":1502,"objeto":"Gobierno local","fna":"Junta Paraje Las Tunas","gna":"Comuna","nam":"Paraje Las Tunas","in1":"302976","tgl":"Comuna","cod_tgl":"CO1","nam_prov":"Entre Ríos","cod_prov":"30","fdc":"BAHRA","sag":"IGN"},"bbox":[-59.72886407,-31.86859656,-59.72886407,-31.86859656]},{"type":"Feature","id":"gobiernoslocales_2022.1503","geometry":{"type":"MultiPoint","coordinates":[[-59.9040146,-31.6628075]]},"geometry_name":"geom","properties":{"gid":1503,"objeto":"Gobierno local","fna":"Municipio María Grande","gna":"Municipio","nam":"María Grande","in1":"300322","tgl":"Municipio","cod_tgl":"MU","nam_prov":"Entre Ríos","cod_prov":"30","fdc":"BAHRA","sag":"IGN"},"bbox":[-59.9040146,-31.6628075,-59.9040146,-31.6628075]},{"type":"Feature","id":"gobiernoslocales_2022.1504","geometry":{"type":"MultiPoint","coordinates":[[-60.51753343,-31.8227547]]},"geometry_name":"geom","properties":{"gid":1504,"objeto":"Gobierno local","fna":"Municipio Oro Verde","gna":"Municipio","nam":"Oro Verde","in1":"300329","tgl":"Municipio","cod_tgl":"MU","nam_prov":"Entre Ríos","cod_prov":"30","fdc":"BAHRA","sag":"IGN"},"bbox":[-60.51753343,-31.8227547,-60.51753343,-31.8227547]},{"type":"Feature","id":"gobiernoslocales_2022.1505","geometry":{"type":"MultiPoint","coordinates":[[-60.52742605,-31.74016016]]},"geometry_name":"geom","properties":{"gid":1505,"objeto":"Gobierno local","fna":"Municipio Paraná","gna":"Municipio","nam":"Paraná","in1":"300336","tgl":"Municipio","cod_tgl":"MU","nam_prov":"Entre Ríos","cod_prov":"30","fdc":"BAHRA","sag":"IGN"},"bbox":[-60.52742605,-31.74016016,-60.52742605,-31.74016016]},{"type":"Feature","id":"gobiernoslocales_2022.1506","geometry":{"type":"MultiPoint","coordinates":[[-59.74449326,-31.42742687]]},"geometry_name":"geom","properties":{"gid":1506,"objeto":"Gobierno local","fna":"Junta Las Garzas","gna":"Junta","nam":"Las Garzas","in1":"302962","tgl":"Comuna","cod_tgl":"CO2","nam_prov":"Entre Ríos","cod_prov":"30","fdc":"BAHRA","sag":"IGN"},"bbox":[-59.74449326,-31.42742687,-59.74449326,-31.42742687]},{"type":"Feature","id":"gobiernoslocales_2022.1507","geometry":{"type":"MultiPoint","coordinates":[[-60.09181412,-31.38732909]]},"geometry_name":"geom","properties":{"gid":1507,"objeto":"Gobierno local","fna":"Municipio Pueblo Brugo","gna":"Municipio","nam":"Pueblo Brugo","in1":"300340","tgl":"Municipio","cod_tgl":"MU","nam_prov":"Entre Ríos","cod_prov":"30","fdc":"BAHRA","sag":"IGN"},"bbox":[-60.09181412,-31.38732909,-60.09181412,-31.38732909]},{"type":"Feature","id":"gobiernoslocales_2022.1508","geometry":{"type":"MultiPoint","coordinates":[[-60.16905246,-31.45836087]]},"geometry_name":"geom","properties":{"gid":1508,"objeto":"Gobierno local","fna":"Junta Puerto Curtiembre","gna":"Junta","nam":"Puerto Curtiembre","in1":"302999","tgl":"Comuna","cod_tgl":"CO1","nam_prov":"Entre Ríos","cod_prov":"30","fdc":"BAHRA","sag":"IGN"},"bbox":[-60.16905246,-31.45836087,-60.16905246,-31.45836087]},{"type":"Feature","id":"gobiernoslocales_2022.1509","geometry":{"type":"MultiPoint","coordinates":[[-60.44145931,-31.78302234]]},"geometry_name":"geom","properties":{"gid":1509,"objeto":"Gobierno local","fna":"Municipio San Benito","gna":"Municipio","nam":"San Benito","in1":"300343","tgl":"Municipio","cod_tgl":"MU","nam_prov":"Entre Ríos","cod_prov":"30","fdc":"BAHRA","sag":"IGN"},"bbox":[-60.44145931,-31.78302234,-60.44145931,-31.78302234]},{"type":"Feature","id":"gobiernoslocales_2022.1510","geometry":{"type":"MultiPoint","coordinates":[[-60.35575734,-31.74480881]]},"geometry_name":"geom","properties":{"gid":1510,"objeto":"Gobierno local","fna":"Junta Sauce Montrull","gna":"Junta","nam":"Sauce Montrull","in1":"303020","tgl":"Comuna","cod_tgl":"CO1","nam_prov":"Entre Ríos","cod_prov":"30","fdc":"BAHRA","sag":"IGN"},"bbox":[-60.35575734,-31.74480881,-60.35575734,-31.74480881]},{"type":"Feature","id":"gobiernoslocales_2022.1511","geometry":{"type":"MultiPoint","coordinates":[[-60.37160072,-31.84308234]]},"geometry_name":"geom","properties":{"gid":1511,"objeto":"Gobierno local","fna":"Junta Sauce Pinto","gna":"Junta","nam":"Sauce Pinto","in1":"303027","tgl":"Comuna","cod_tgl":"CO2","nam_prov":"Entre Ríos","cod_prov":"30","fdc":"BAHRA","sag":"IGN"},"bbox":[-60.37160072,-31.84308234,-60.37160072,-31.84308234]},{"type":"Feature","id":"gobiernoslocales_2022.1512","geometry":{"type":"MultiPoint","coordinates":[[-60.12565055,-31.95433977]]},"geometry_name":"geom","properties":{"gid":1512,"objeto":"Gobierno local","fna":"Municipio Seguí","gna":"Municipio","nam":"Seguí","in1":"300350","tgl":"Municipio","cod_tgl":"MU","nam_prov":"Entre Ríos","cod_prov":"30","fdc":"BAHRA","sag":"IGN"},"bbox":[-60.12565055,-31.95433977,-60.12565055,-31.95433977]},{"type":"Feature","id":"gobiernoslocales_2022.1513","geometry":{"type":"MultiPoint","coordinates":[[-59.91113589,-31.7362333]]},"geometry_name":"geom","properties":{"gid":1513,"objeto":"Gobierno local","fna":"Junta Estación Sosa","gna":"Junta","nam":"Estación Sosa","in1":"302941","tgl":"Comuna","cod_tgl":"CO1","nam_prov":"Entre Ríos","cod_prov":"30","fdc":"BAHRA","sag":"IGN"},"bbox":[-59.91113589,-31.7362333,-59.91113589,-31.7362333]},{"type":"Feature","id":"gobiernoslocales_2022.1514","geometry":{"type":"MultiPoint","coordinates":[[-59.93595294,-31.80165959]]},"geometry_name":"geom","properties":{"gid":1514,"objeto":"Gobierno local","fna":"Municipio Tabossi","gna":"Municipio","nam":"Tabossi","in1":"300357","tgl":"Municipio","cod_tgl":"MU","nam_prov":"Entre Ríos","cod_prov":"30","fdc":"BAHRA","sag":"IGN"},"bbox":[-59.93595294,-31.80165959,-59.93595294,-31.80165959]},{"type":"Feature","id":"gobiernoslocales_2022.1515","geometry":{"type":"MultiPoint","coordinates":[[-60.49441474,-31.8716986]]},"geometry_name":"geom","properties":{"gid":1515,"objeto":"Gobierno local","fna":"Junta Tezanos Pinto","gna":"Junta","nam":"Tezanos Pinto","in1":"303034","tgl":"Comuna","cod_tgl":"CO2","nam_prov":"Entre Ríos","cod_prov":"30","fdc":"BAHRA","sag":"IGN"},"bbox":[-60.49441474,-31.8716986,-60.49441474,-31.8716986]},{"type":"Feature","id":"gobiernoslocales_2022.1516","geometry":{"type":"MultiPoint","coordinates":[[-60.01295125,-31.87210903]]},"geometry_name":"geom","properties":{"gid":1516,"objeto":"Gobierno local","fna":"Municipio Viale","gna":"Municipio","nam":"Viale","in1":"300364","tgl":"Municipio","cod_tgl":"MU","nam_prov":"Entre Ríos","cod_prov":"30","fdc":"BAHRA","sag":"IGN"},"bbox":[-60.01295125,-31.87210903,-60.01295125,-31.87210903]},{"type":"Feature","id":"gobiernoslocales_2022.1517","geometry":{"type":"MultiPoint","coordinates":[[-60.47369416,-31.90534332]]},"geometry_name":"geom","properties":{"gid":1517,"objeto":"Gobierno local","fna":"Junta Villa Fontana","gna":"Junta","nam":"Villa Fontana","in1":"303041","tgl":"Comuna","cod_tgl":"CO2","nam_prov":"Entre Ríos","cod_prov":"30","fdc":"BAHRA","sag":"IGN"},"bbox":[-60.47369416,-31.90534332,-60.47369416,-31.90534332]},{"type":"Feature","id":"gobiernoslocales_2022.1518","geometry":{"type":"MultiPoint","coordinates":[[-60.42716766,-31.93506991]]},"geometry_name":"geom","properties":{"gid":1518,"objeto":"Gobierno local","fna":"Junta Gobernador Etchevehere","gna":"Junta","nam":"Gobernador Etchevehere","in1":"302948","tgl":"Comuna","cod_tgl":"CO2","nam_prov":"Entre Ríos","cod_prov":"30","fdc":"BAHRA","sag":"IGN"},"bbox":[-60.42716766,-31.93506991,-60.42716766,-31.93506991]},{"type":"Feature","id":"gobiernoslocales_2022.1519","geometry":{"type":"MultiPoint","coordinates":[[-60.37689591,-31.64952121]]},"geometry_name":"geom","properties":{"gid":1519,"objeto":"Gobierno local","fna":"Municipio Villa Urquiza","gna":"Municipio","nam":"Villa Urquiza","in1":"300371","tgl":"Municipio","cod_tgl":"MU","nam_prov":"Entre Ríos","cod_prov":"30","fdc":"BAHRA","sag":"IGN"},"bbox":[-60.37689591,-31.64952121,-60.37689591,-31.64952121]},{"type":"Feature","id":"gobiernoslocales_2022.1520","geometry":{"type":"MultiPoint","coordinates":[[-58.40580454,-31.5233762]]},"geometry_name":"geom","properties":{"gid":1520,"objeto":"Gobierno local","fna":"Municipio General Campos","gna":"Municipio","nam":"General Campos","in1":"300378","tgl":"Municipio","cod_tgl":"MU","nam_prov":"Entre Ríos","cod_prov":"30","fdc":"BAHRA","sag":"IGN"},"bbox":[-58.40580454,-31.5233762,-58.40580454,-31.5233762]},{"type":"Feature","id":"gobiernoslocales_2022.1521","geometry":{"type":"MultiPoint","coordinates":[[-58.50503201,-31.62496088]]},"geometry_name":"geom","properties":{"gid":1521,"objeto":"Gobierno local","fna":"Municipio San Salvador","gna":"Municipio","nam":"San Salvador","in1":"300385","tgl":"Municipio","cod_tgl":"MU","nam_prov":"Entre Ríos","cod_prov":"30","fdc":"BAHRA","sag":"IGN"},"bbox":[-58.50503201,-31.62496088,-58.50503201,-31.62496088]},{"type":"Feature","id":"gobiernoslocales_2022.1522","geometry":{"type":"MultiPoint","coordinates":[[-59.1747316,-32.0877801]]},"geometry_name":"geom","properties":{"gid":1522,"objeto":"Gobierno local","fna":"Junta Altamirano Sur","gna":"Junta","nam":"Altamirano Sur","in1":"309790","tgl":"Junta de Gobierno","cod_tgl":"JG3","nam_prov":"Entre Ríos","cod_prov":"30","fdc":"BAHRA","sag":"IGN"},"bbox":[-59.1747316,-32.0877801,-59.1747316,-32.0877801]},{"type":"Feature","id":"gobiernoslocales_2022.1523","geometry":{"type":"MultiPoint","coordinates":[[-59.27929403,-31.98588078]]},"geometry_name":"geom","properties":{"gid":1523,"objeto":"Gobierno local","fna":"Junta Durazno","gna":"Junta","nam":"Durazno","in1":"303091","tgl":"Comuna","cod_tgl":"CO2","nam_prov":"Entre Ríos","cod_prov":"30","fdc":"BAHRA","sag":"IGN"},"bbox":[-59.27929403,-31.98588078,-59.27929403,-31.98588078]},{"type":"Feature","id":"gobiernoslocales_2022.1524","geometry":{"type":"MultiPoint","coordinates":[[-59.39564995,-32.63945684]]},"geometry_name":"geom","properties":{"gid":1524,"objeto":"Gobierno local","fna":"Junta Arroyo Cle","gna":"Junta","nam":"Arroyo Cle","in1":"309795","tgl":"Junta de Gobierno","cod_tgl":"JG3","nam_prov":"Entre Ríos","cod_prov":"30","fdc":"BAHRA","sag":"IGN"},"bbox":[-59.39564995,-32.63945684,-59.39564995,-32.63945684]},{"type":"Feature","id":"gobiernoslocales_2022.1525","geometry":{"type":"MultiPoint","coordinates":[[-59.27588964,-32.3933722]]},"geometry_name":"geom","properties":{"gid":1525,"objeto":"Gobierno local","fna":"Junta Gobernador Echagüe","gna":"Junta","nam":"Gobernador Echagüe","in1":"303098","tgl":"Comuna","cod_tgl":"CO2","nam_prov":"Entre Ríos","cod_prov":"30","fdc":"BAHRA","sag":"IGN"},"bbox":[-59.27588964,-32.3933722,-59.27588964,-32.3933722]},{"type":"Feature","id":"gobiernoslocales_2022.1526","geometry":{"type":"MultiPoint","coordinates":[[-59.35661881,-32.54543587]]},"geometry_name":"geom","properties":{"gid":1526,"objeto":"Gobierno local","fna":"Municipio Gobernador Mansilla","gna":"Municipio","nam":"Gobernador Mansilla","in1":"300392","tgl":"Municipio","cod_tgl":"MU","nam_prov":"Entre Ríos","cod_prov":"30","fdc":"BAHRA","sag":"IGN"},"bbox":[-59.35661881,-32.54543587,-59.35661881,-32.54543587]},{"type":"Feature","id":"gobiernoslocales_2022.1527","geometry":{"type":"MultiPoint","coordinates":[[-59.37278534,-32.33652257]]},"geometry_name":"geom","properties":{"gid":1527,"objeto":"Gobierno local","fna":"Junta Gobernador Sola","gna":"Junta","nam":"Gobernador Sola","in1":"303112","tgl":"Comuna","cod_tgl":"CO1","nam_prov":"Entre Ríos","cod_prov":"30","fdc":"BAHRA","sag":"IGN"},"bbox":[-59.37278534,-32.33652257,-59.37278534,-32.33652257]},{"type":"Feature","id":"gobiernoslocales_2022.1528","geometry":{"type":"MultiPoint","coordinates":[[-59.30595364,-32.08114533]]},"geometry_name":"geom","properties":{"gid":1528,"objeto":"Gobierno local","fna":"Junta Guardamonte","gna":"Junta","nam":"Guardamonte","in1":"303119","tgl":"Comuna","cod_tgl":"CO2","nam_prov":"Entre Ríos","cod_prov":"30","fdc":"BAHRA","sag":"IGN"},"bbox":[-59.30595364,-32.08114533,-59.30595364,-32.08114533]},{"type":"Feature","id":"gobiernoslocales_2022.1529","geometry":{"type":"MultiPoint","coordinates":[[-59.17292592,-32.47021881]]},"geometry_name":"geom","properties":{"gid":1529,"objeto":"Gobierno local","fna":"Junta Las Guachas","gna":"Junta","nam":"Las Guachas","in1":"309825","tgl":"Junta de Gobierno","cod_tgl":"JG3","nam_prov":"Entre Ríos","cod_prov":"30","fdc":"BAHRA","sag":"IGN"},"bbox":[-59.17292592,-32.47021881,-59.17292592,-32.47021881]},{"type":"Feature","id":"gobiernoslocales_2022.1530","geometry":{"type":"MultiPoint","coordinates":[[-59.39797045,-32.17468422]]},"geometry_name":"geom","properties":{"gid":1530,"objeto":"Gobierno local","fna":"Municipio Maciá","gna":"Municipio","nam":"Maciá","in1":"300399","tgl":"Municipio","cod_tgl":"MU","nam_prov":"Entre Ríos","cod_prov":"30","fdc":"BAHRA","sag":"IGN"},"bbox":[-59.39797045,-32.17468422,-59.39797045,-32.17468422]},{"type":"Feature","id":"gobiernoslocales_2022.1531","geometry":{"type":"MultiPoint","coordinates":[[-59.1390668,-32.30067551]]},"geometry_name":"geom","properties":{"gid":1531,"objeto":"Gobierno local","fna":"Municipio Rosario del Tala","gna":"Municipio","nam":"Rosario del Tala","in1":"300406","tgl":"Municipio","cod_tgl":"MU","nam_prov":"Entre Ríos","cod_prov":"30","fdc":"BAHRA","sag":"IGN"},"bbox":[-59.1390668,-32.30067551,-59.1390668,-32.30067551]},{"type":"Feature","id":"gobiernoslocales_2022.1532","geometry":{"type":"MultiPoint","coordinates":[[-58.87867182,-32.37215998]]},"geometry_name":"geom","properties":{"gid":1532,"objeto":"Gobierno local","fna":"Municipio Basavilbaso","gna":"Municipio","nam":"Basavilbaso","in1":"300413","tgl":"Municipio","cod_tgl":"MU","nam_prov":"Entre Ríos","cod_prov":"30","fdc":"BAHRA","sag":"IGN"},"bbox":[-58.87867182,-32.37215998,-58.87867182,-32.37215998]},{"type":"Feature","id":"gobiernoslocales_2022.1533","geometry":{"type":"MultiPoint","coordinates":[[-58.47932132,-32.46211889]]},"geometry_name":"geom","properties":{"gid":1533,"objeto":"Gobierno local","fna":"Municipio Caseros","gna":"Municipio","nam":"Caseros","in1":"300420","tgl":"Municipio","cod_tgl":"MU","nam_prov":"Entre Ríos","cod_prov":"30","fdc":"BAHRA","sag":"IGN"},"bbox":[-58.47932132,-32.46211889,-58.47932132,-32.46211889]},{"type":"Feature","id":"gobiernoslocales_2022.1534","geometry":{"type":"MultiPoint","coordinates":[[-58.32535136,-32.67040333]]},"geometry_name":"geom","properties":{"gid":1534,"objeto":"Gobierno local","fna":"Municipio Colonia Elía","gna":"Municipio","nam":"Colonia Elía","in1":"300423","tgl":"Municipio","cod_tgl":"MU","nam_prov":"Entre Ríos","cod_prov":"30","fdc":"BAHRA","sag":"IGN"},"bbox":[-58.32535136,-32.67040333,-58.32535136,-32.67040333]},{"type":"Feature","id":"gobiernoslocales_2022.1535","geometry":{"type":"MultiPoint","coordinates":[[-58.23212078,-32.48466127]]},"geometry_name":"geom","properties":{"gid":1535,"objeto":"Gobierno local","fna":"Municipio Concepción del Uruguay","gna":"Municipio","nam":"Concepción del Uruguay","in1":"300427","tgl":"Municipio","cod_tgl":"MU","nam_prov":"Entre Ríos","cod_prov":"30","fdc":"BAHRA","sag":"IGN"},"bbox":[-58.23212078,-32.48466127,-58.23212078,-32.48466127]},{"type":"Feature","id":"gobiernoslocales_2022.1536","geometry":{"type":"MultiPoint","coordinates":[[-58.63465324,-32.43378448]]},"geometry_name":"geom","properties":{"gid":1536,"objeto":"Gobierno local","fna":"Municipio Herrera","gna":"Municipio","nam":"Herrera","in1":"300434","tgl":"Municipio","cod_tgl":"MU","nam_prov":"Entre Ríos","cod_prov":"30","fdc":"BAHRA","sag":"IGN"},"bbox":[-58.63465324,-32.43378448,-58.63465324,-32.43378448]},{"type":"Feature","id":"gobiernoslocales_2022.1537","geometry":{"type":"MultiPoint","coordinates":[[-58.95751465,-32.09210327]]},"geometry_name":"geom","properties":{"gid":1537,"objeto":"Gobierno local","fna":"Junta Las Moscas","gna":"Junta","nam":"Las Moscas","in1":"303161","tgl":"Comuna","cod_tgl":"CO1","nam_prov":"Entre Ríos","cod_prov":"30","fdc":"BAHRA","sag":"IGN"},"bbox":[-58.95751465,-32.09210327,-58.95751465,-32.09210327]},{"type":"Feature","id":"gobiernoslocales_2022.1538","geometry":{"type":"MultiPoint","coordinates":[[-58.90695289,-32.26189544]]},"geometry_name":"geom","properties":{"gid":1538,"objeto":"Gobierno local","fna":"Junta Líbaros","gna":"Junta","nam":"Líbaros","in1":"303168","tgl":"Comuna","cod_tgl":"CO2","nam_prov":"Entre Ríos","cod_prov":"30","fdc":"BAHRA","sag":"IGN"},"bbox":[-58.90695289,-32.26189544,-58.90695289,-32.26189544]},{"type":"Feature","id":"gobiernoslocales_2022.1539","geometry":{"type":"MultiPoint","coordinates":[[-58.42260019,-32.25537317]]},"geometry_name":"geom","properties":{"gid":1539,"objeto":"Gobierno local","fna":"Municipio 1º de Mayo","gna":"Municipio","nam":"1º de Mayo","in1":"300437","tgl":"Municipio","cod_tgl":"MU","nam_prov":"Entre Ríos","cod_prov":"30","fdc":"BAHRA","sag":"IGN"},"bbox":[-58.42260019,-32.25537317,-58.42260019,-32.25537317]},{"type":"Feature","id":"gobiernoslocales_2022.1540","geometry":{"type":"MultiPoint","coordinates":[[-58.44417791,-32.34600706]]},"geometry_name":"geom","properties":{"gid":1540,"objeto":"Gobierno local","fna":"Municipio Pronunciamiento","gna":"Municipio","nam":"Pronunciamiento","in1":"300441","tgl":"Municipio","cod_tgl":"MU","nam_prov":"Entre Ríos","cod_prov":"30","fdc":"BAHRA","sag":"IGN"},"bbox":[-58.44417791,-32.34600706,-58.44417791,-32.34600706]},{"type":"Feature","id":"gobiernoslocales_2022.1541","geometry":{"type":"MultiPoint","coordinates":[[-58.97300967,-32.34466363]]},"geometry_name":"geom","properties":{"gid":1541,"objeto":"Gobierno local","fna":"Junta Rocamora","gna":"Junta","nam":"Rocamora","in1":"303175","tgl":"Comuna","cod_tgl":"CO2","nam_prov":"Entre Ríos","cod_prov":"30","fdc":"BAHRA","sag":"IGN"},"bbox":[-58.97300967,-32.34466363,-58.97300967,-32.34466363]},{"type":"Feature","id":"gobiernoslocales_2022.1542","geometry":{"type":"MultiPoint","coordinates":[[-58.78597586,-32.17441662]]},"geometry_name":"geom","properties":{"gid":1542,"objeto":"Gobierno local","fna":"Municipio Santa Anita","gna":"Municipio","nam":"Santa Anita","in1":"300455","tgl":"Municipio","cod_tgl":"MU","nam_prov":"Entre Ríos","cod_prov":"30","fdc":"BAHRA","sag":"IGN"},"bbox":[-58.78597586,-32.17441662,-58.78597586,-32.17441662]},{"type":"Feature","id":"gobiernoslocales_2022.1543","geometry":{"type":"MultiPoint","coordinates":[[-58.7460187,-32.39836183]]},"geometry_name":"geom","properties":{"gid":1543,"objeto":"Gobierno local","fna":"Municipio Villa Mantero","gna":"Municipio","nam":"Villa Mantero","in1":"300462","tgl":"Municipio","cod_tgl":"MU","nam_prov":"Entre Ríos","cod_prov":"30","fdc":"BAHRA","sag":"IGN"},"bbox":[-58.7460187,-32.39836183,-58.7460187,-32.39836183]},{"type":"Feature","id":"gobiernoslocales_2022.1544","geometry":{"type":"MultiPoint","coordinates":[[-58.43542977,-32.44560445]]},"geometry_name":"geom","properties":{"gid":1544,"objeto":"Gobierno local","fna":"Municipio San Justo","gna":"Municipio","nam":"San Justo","in1":"300448","tgl":"Municipio","cod_tgl":"MU","nam_prov":"Entre Ríos","cod_prov":"30","fdc":"BAHRA","sag":"IGN"},"bbox":[-58.43542977,-32.44560445,-58.43542977,-32.44560445]},{"type":"Feature","id":"gobiernoslocales_2022.1545","geometry":{"type":"MultiPoint","coordinates":[[-58.92853808,-32.18006891]]},"geometry_name":"geom","properties":{"gid":1545,"objeto":"Gobierno local","fna":"Junta San Marcial","gna":"Junta","nam":"San Marcial","in1":"303189","tgl":"Comuna","cod_tgl":"CO1","nam_prov":"Entre Ríos","cod_prov":"30","fdc":"BAHRA","sag":"IGN"},"bbox":[-58.92853808,-32.18006891,-58.92853808,-32.18006891]},{"type":"Feature","id":"gobiernoslocales_2022.1546","geometry":{"type":"MultiPoint","coordinates":[[-60.03545277,-32.53354175]]},"geometry_name":"geom","properties":{"gid":1546,"objeto":"Gobierno local","fna":"Junta Antelo","gna":"Junta","nam":"Antelo","in1":"303196","tgl":"Comuna","cod_tgl":"CO2","nam_prov":"Entre Ríos","cod_prov":"30","fdc":"BAHRA","sag":"IGN"},"bbox":[-60.03545277,-32.53354175,-60.03545277,-32.53354175]},{"type":"Feature","id":"gobiernoslocales_2022.1547","geometry":{"type":"MultiPoint","coordinates":[[-60.42308944,-32.30682497]]},"geometry_name":"geom","properties":{"gid":1547,"objeto":"Gobierno local","fna":"Junta Molino Doll","gna":"Junta","nam":"Molino Doll","in1":"309900","tgl":"Junta de Gobierno","cod_tgl":"JG3","nam_prov":"Entre Ríos","cod_prov":"30","fdc":"BAHRA","sag":"IGN"},"bbox":[-60.42308944,-32.30682497,-60.42308944,-32.30682497]},{"type":"Feature","id":"gobiernoslocales_2022.1548","geometry":{"type":"MultiPoint","coordinates":[[-60.15795395,-32.62160582]]},"geometry_name":"geom","properties":{"gid":1548,"objeto":"Gobierno local","fna":"Municipio Victoria","gna":"Municipio","nam":"Victoria","in1":"300469","tgl":"Municipio","cod_tgl":"MU","nam_prov":"Entre Ríos","cod_prov":"30","fdc":"BAHRA","sag":"IGN"},"bbox":[-60.15795395,-32.62160582,-60.15795395,-32.62160582]},{"type":"Feature","id":"gobiernoslocales_2022.1549","geometry":{"type":"MultiPoint","coordinates":[[-59.26123272,-31.90855173]]},"geometry_name":"geom","properties":{"gid":1549,"objeto":"Gobierno local","fna":"Junta Estación Raíces","gna":"Junta","nam":"Estación Raíces","in1":"309920","tgl":"Junta de Gobierno","cod_tgl":"JG2","nam_prov":"Entre Ríos","cod_prov":"30","fdc":"BAHRA","sag":"IGN"},"bbox":[-59.26123272,-31.90855173,-59.26123272,-31.90855173]},{"type":"Feature","id":"gobiernoslocales_2022.1550","geometry":{"type":"MultiPoint","coordinates":[[-58.84948878,-31.95688599]]},"geometry_name":"geom","properties":{"gid":1550,"objeto":"Gobierno local","fna":"Junta Ingeniero Sajaroff","gna":"Junta","nam":"Ingeniero Sajaroff","in1":"303273","tgl":"Comuna","cod_tgl":"CO2","nam_prov":"Entre Ríos","cod_prov":"30","fdc":"BAHRA","sag":"IGN"},"bbox":[-58.84948878,-31.95688599,-58.84948878,-31.95688599]},{"type":"Feature","id":"gobiernoslocales_2022.1551","geometry":{"type":"MultiPoint","coordinates":[[-58.63571757,-31.73120766]]},"geometry_name":"geom","properties":{"gid":1551,"objeto":"Gobierno local","fna":"Junta Jubileo","gna":"Junta","nam":"Jubileo","in1":"303280","tgl":"Comuna","cod_tgl":"CO1","nam_prov":"Entre Ríos","cod_prov":"30","fdc":"BAHRA","sag":"IGN"},"bbox":[-58.63571757,-31.73120766,-58.63571757,-31.73120766]},{"type":"Feature","id":"gobiernoslocales_2022.1552","geometry":{"type":"MultiPoint","coordinates":[[-59.15980793,-31.80352045]]},"geometry_name":"geom","properties":{"gid":1552,"objeto":"Gobierno local","fna":"Junta Paso de La Laguna","gna":"Junta","nam":"Paso de La Laguna","in1":"303329","tgl":"Comuna","cod_tgl":"CO1","nam_prov":"Entre Ríos","cod_prov":"30","fdc":"BAHRA","sag":"IGN"},"bbox":[-59.15980793,-31.80352045,-59.15980793,-31.80352045]},{"type":"Feature","id":"gobiernoslocales_2022.1553","geometry":{"type":"MultiPoint","coordinates":[[-58.8216099,-31.82979903]]},"geometry_name":"geom","properties":{"gid":1553,"objeto":"Gobierno local","fna":"Municipio Villa Clara","gna":"Municipio","nam":"Villa Clara","in1":"300476","tgl":"Municipio","cod_tgl":"MU","nam_prov":"Entre Ríos","cod_prov":"30","fdc":"BAHRA","sag":"IGN"},"bbox":[-58.8216099,-31.82979903,-58.8216099,-31.82979903]},{"type":"Feature","id":"gobiernoslocales_2022.1554","geometry":{"type":"MultiPoint","coordinates":[[-58.96153285,-31.98628889]]},"geometry_name":"geom","properties":{"gid":1554,"objeto":"Gobierno local","fna":"Municipio Villa Domínguez","gna":"Municipio","nam":"Villa Domínguez","in1":"300483","tgl":"Municipio","cod_tgl":"MU","nam_prov":"Entre Ríos","cod_prov":"30","fdc":"BAHRA","sag":"IGN"},"bbox":[-58.96153285,-31.98628889,-58.96153285,-31.98628889]},{"type":"Feature","id":"gobiernoslocales_2022.1555","geometry":{"type":"MultiPoint","coordinates":[[-59.02688521,-31.86763757]]},"geometry_name":"geom","properties":{"gid":1555,"objeto":"Gobierno local","fna":"Municipio Villaguay","gna":"Municipio","nam":"Villaguay","in1":"300490","tgl":"Municipio","cod_tgl":"MU","nam_prov":"Entre Ríos","cod_prov":"30","fdc":"BAHRA","sag":"IGN"},"bbox":[-59.02688521,-31.86763757,-59.02688521,-31.86763757]},{"type":"Feature","id":"gobiernoslocales_2022.2071","geometry":{"type":"MultiPoint","coordinates":[[-58.23529131,-31.08629219]]},"geometry_name":"geom","properties":{"gid":2071,"objeto":"Gobierno local","fna":"Junta El Redomón","gna":"Junta","nam":"El Redomón","in1":"309045","tgl":"Junta de Gobierno","cod_tgl":"JG4","nam_prov":"Entre Ríos","cod_prov":"30","fdc":"BAHRA","sag":"IGN"},"bbox":[-58.23529131,-31.08629219,-58.23529131,-31.08629219]},{"type":"Feature","id":"gobiernoslocales_2022.2072","geometry":{"type":"MultiPoint","coordinates":[[-58.11540154,-31.13247223]]},"geometry_name":"geom","properties":{"gid":2072,"objeto":"Gobierno local","fna":"Junta San Justo","gna":"Junta","nam":"San Justo","in1":"309070","tgl":"Junta de Gobierno","cod_tgl":"JG4","nam_prov":"Entre Ríos","cod_prov":"30","fdc":"BAHRA","sag":"IGN"},"bbox":[-58.11540154,-31.13247223,-58.11540154,-31.13247223]},{"type":"Feature","id":"gobiernoslocales_2022.2073","geometry":{"type":"MultiPoint","coordinates":[[-60.43722526,-32.13850825]]},"geometry_name":"geom","properties":{"gid":2073,"objeto":"Gobierno local","fna":"Junta Costa Grande","gna":"Junta","nam":"Costa Grande","in1":"309105","tgl":"Junta de Gobierno","cod_tgl":"JG3","nam_prov":"Entre Ríos","cod_prov":"30","fdc":"BAHRA","sag":"IGN"},"bbox":[-60.43722526,-32.13850825,-60.43722526,-32.13850825]},{"type":"Feature","id":"gobiernoslocales_2022.2074","geometry":{"type":"MultiPoint","coordinates":[[-60.36323225,-32.22147507]]},"geometry_name":"geom","properties":{"gid":2074,"objeto":"Gobierno local","fna":"Junta Isletas","gna":"Junta","nam":"Isletas","in1":"309125","tgl":"Junta de Gobierno","cod_tgl":"JG2","nam_prov":"Entre Ríos","cod_prov":"30","fdc":"BAHRA","sag":"IGN"},"bbox":[-60.36323225,-32.22147507,-60.36323225,-32.22147507]},{"type":"Feature","id":"gobiernoslocales_2022.2075","geometry":{"type":"MultiPoint","coordinates":[[-57.91525864,-30.68970152]]},"geometry_name":"geom","properties":{"gid":2075,"objeto":"Gobierno local","fna":"Junta San Roque","gna":"Junta","nam":"San Roque","in1":"309185","tgl":"Junta de Gobierno","cod_tgl":"JG4","nam_prov":"Entre Ríos","cod_prov":"30","fdc":"BAHRA","sag":"IGN"},"bbox":[-57.91525864,-30.68970152,-57.91525864,-30.68970152]},{"type":"Feature","id":"gobiernoslocales_2022.2076","geometry":{"type":"MultiPoint","coordinates":[[-58.13756441,-31.0696664]]},"geometry_name":"geom","properties":{"gid":2076,"objeto":"Gobierno local","fna":"Junta Gualeguaycito","gna":"Junta","nam":"Gualeguaycito","in1":"309150","tgl":"Junta de Gobierno","cod_tgl":"JG4","nam_prov":"Entre Ríos","cod_prov":"30","fdc":"BAHRA","sag":"IGN"},"bbox":[-58.13756441,-31.0696664,-58.13756441,-31.0696664]},{"type":"Feature","id":"gobiernoslocales_2022.2077","geometry":{"type":"MultiPoint","coordinates":[[-58.08906204,-30.55595083]]},"geometry_name":"geom","properties":{"gid":2077,"objeto":"Gobierno local","fna":"Junta Colonia Santa María y Las Margaritas","gna":"Junta","nam":"Colonia Santa María y Las Margaritas","in1":"309143","tgl":"Junta de Gobierno","cod_tgl":"JG4","nam_prov":"Entre Ríos","cod_prov":"30","fdc":"BAHRA","sag":"IGN"},"bbox":[-58.08906204,-30.55595083,-58.08906204,-30.55595083]},{"type":"Feature","id":"gobiernoslocales_2022.2078","geometry":{"type":"MultiPoint","coordinates":[[-58.07065335,-30.9788945]]},"geometry_name":"geom","properties":{"gid":2078,"objeto":"Gobierno local","fna":"Junta Paraje Guayaquil","gna":"Junta","nam":"Paraje Guayaquil","in1":"309165","tgl":"Junta de Gobierno","cod_tgl":"JG4","nam_prov":"Entre Ríos","cod_prov":"30","fdc":"BAHRA","sag":"IGN"},"bbox":[-58.07065335,-30.9788945,-58.07065335,-30.9788945]},{"type":"Feature","id":"gobiernoslocales_2022.2079","geometry":{"type":"MultiPoint","coordinates":[[-58.73300344,-31.20586948]]},"geometry_name":"geom","properties":{"gid":2079,"objeto":"Gobierno local","fna":"Junta Paso Duarte","gna":"Junta","nam":"Paso Duarte","in1":"309220","tgl":"Junta de Gobierno","cod_tgl":"JG2","nam_prov":"Entre Ríos","cod_prov":"30","fdc":"BAHRA","sag":"IGN"},"bbox":[-58.73300344,-31.20586948,-58.73300344,-31.20586948]},{"type":"Feature","id":"gobiernoslocales_2022.2080","geometry":{"type":"MultiPoint","coordinates":[[-59.09160161,-31.27428214]]},"geometry_name":"geom","properties":{"gid":2080,"objeto":"Gobierno local","fna":"Junta Arroyo del Medio","gna":"Junta","nam":"Arroyo del Medio","in1":"309190","tgl":"Junta de Gobierno","cod_tgl":"JG4","nam_prov":"Entre Ríos","cod_prov":"30","fdc":"BAHRA","sag":"IGN"},"bbox":[-59.09160161,-31.27428214,-59.09160161,-31.27428214]},{"type":"Feature","id":"gobiernoslocales_2022.2081","geometry":{"type":"MultiPoint","coordinates":[[-58.84765254,-30.71907346]]},"geometry_name":"geom","properties":{"gid":2081,"objeto":"Gobierno local","fna":"Junta Arroyo Las Tunas","gna":"Junta","nam":"Arroyo Las Tunas","in1":"309192","tgl":"Junta de Gobierno","cod_tgl":"JG4","nam_prov":"Entre Ríos","cod_prov":"30","fdc":"BAHRA","sag":"IGN"},"bbox":[-58.84765254,-30.71907346,-58.84765254,-30.71907346]},{"type":"Feature","id":"gobiernoslocales_2022.2082","geometry":{"type":"MultiPoint","coordinates":[[-59.24197879,-30.82063788]]},"geometry_name":"geom","properties":{"gid":2082,"objeto":"Gobierno local","fna":"Junta Banderas","gna":"Junta","nam":"Banderas","in1":"309193","tgl":"Junta de Gobierno","cod_tgl":"JG3","nam_prov":"Entre Ríos","cod_prov":"30","fdc":"BAHRA","sag":"IGN"},"bbox":[-59.24197879,-30.82063788,-59.24197879,-30.82063788]},{"type":"Feature","id":"gobiernoslocales_2022.2083","geometry":{"type":"MultiPoint","coordinates":[[-59.04044432,-30.81766924]]},"geometry_name":"geom","properties":{"gid":2083,"objeto":"Gobierno local","fna":"Junta Loma Limpia","gna":"Junta","nam":"Loma Limpia","in1":"309210","tgl":"Junta de Gobierno","cod_tgl":"JG4","nam_prov":"Entre Ríos","cod_prov":"30","fdc":"BAHRA","sag":"IGN"},"bbox":[-59.04044432,-30.81766924,-59.04044432,-30.81766924]},{"type":"Feature","id":"gobiernoslocales_2022.2084","geometry":{"type":"MultiPoint","coordinates":[[-58.65350953,-30.629694]]},"geometry_name":"geom","properties":{"gid":2084,"objeto":"Gobierno local","fna":"Junta Laguna Benítez","gna":"Junta","nam":"Laguna Benítez","in1":"309250","tgl":"Junta de Gobierno","cod_tgl":"JG3","nam_prov":"Entre Ríos","cod_prov":"30","fdc":"BAHRA","sag":"IGN"},"bbox":[-58.65350953,-30.629694,-58.65350953,-30.629694]},{"type":"Feature","id":"gobiernoslocales_2022.2085","geometry":{"type":"MultiPoint","coordinates":[[-58.66579218,-30.29974112]]},"geometry_name":"geom","properties":{"gid":2085,"objeto":"Gobierno local","fna":"Junta La Esmeralda","gna":"Junta","nam":"La Esmeralda","in1":"309235","tgl":"Junta de Gobierno","cod_tgl":"JG3","nam_prov":"Entre Ríos","cod_prov":"30","fdc":"BAHRA","sag":"IGN"},"bbox":[-58.66579218,-30.29974112,-58.66579218,-30.29974112]},{"type":"Feature","id":"gobiernoslocales_2022.2086","geometry":{"type":"MultiPoint","coordinates":[[-59.14991851,-30.3669094]]},"geometry_name":"geom","properties":{"gid":2086,"objeto":"Gobierno local","fna":"Junta Mulas Grandes","gna":"Junta","nam":"Mulas Grandes","in1":"309260","tgl":"Junta de Gobierno","cod_tgl":"JG4","nam_prov":"Entre Ríos","cod_prov":"30","fdc":"BAHRA","sag":"IGN"},"bbox":[-59.14991851,-30.3669094,-59.14991851,-30.3669094]},{"type":"Feature","id":"gobiernoslocales_2022.2087","geometry":{"type":"MultiPoint","coordinates":[[-58.40603258,-30.45605705]]},"geometry_name":"geom","properties":{"gid":2087,"objeto":"Gobierno local","fna":"Junta La Hierra","gna":"Junta","nam":"La Hierra","in1":"309240","tgl":"Junta de Gobierno","cod_tgl":"JG4","nam_prov":"Entre Ríos","cod_prov":"30","fdc":"BAHRA","sag":"IGN"},"bbox":[-58.40603258,-30.45605705,-58.40603258,-30.45605705]},{"type":"Feature","id":"gobiernoslocales_2022.2088","geometry":{"type":"MultiPoint","coordinates":[[-58.57739134,-30.50623856]]},"geometry_name":"geom","properties":{"gid":2088,"objeto":"Gobierno local","fna":"Junta La Verbena","gna":"Junta","nam":"La Verbena","in1":"309245","tgl":"Junta de Gobierno","cod_tgl":"JG3","nam_prov":"Entre Ríos","cod_prov":"30","fdc":"BAHRA","sag":"IGN"},"bbox":[-58.57739134,-30.50623856,-58.57739134,-30.50623856]},{"type":"Feature","id":"gobiernoslocales_2022.2089","geometry":{"type":"MultiPoint","coordinates":[[-59.41385078,-32.97886127]]},"geometry_name":"geom","properties":{"gid":2089,"objeto":"Gobierno local","fna":"Junta González Calderón","gna":"Junta","nam":"González Calderón","in1":"309300","tgl":"Junta de Gobierno","cod_tgl":"JG4","nam_prov":"Entre Ríos","cod_prov":"30","fdc":"BAHRA","sag":"IGN"},"bbox":[-59.41385078,-32.97886127,-59.41385078,-32.97886127]},{"type":"Feature","id":"gobiernoslocales_2022.2090","geometry":{"type":"MultiPoint","coordinates":[[-59.75399197,-32.95292724]]},"geometry_name":"geom","properties":{"gid":2090,"objeto":"Gobierno local","fna":"Junta Monte Redondo","gna":"Junta","nam":"Monte Redondo","in1":"309305","tgl":"Junta de Gobierno","cod_tgl":"JG4","nam_prov":"Entre Ríos","cod_prov":"30","fdc":"BAHRA","sag":"IGN"},"bbox":[-59.75399197,-32.95292724,-59.75399197,-32.95292724]},{"type":"Feature","id":"gobiernoslocales_2022.2091","geometry":{"type":"MultiPoint","coordinates":[[-59.64467917,-33.06859606]]},"geometry_name":"geom","properties":{"gid":2091,"objeto":"Gobierno local","fna":"Junta Punta del Monte","gna":"Junta","nam":"Punta del Monte","in1":"309310","tgl":"Junta de Gobierno","cod_tgl":"JG4","nam_prov":"Entre Ríos","cod_prov":"30","fdc":"BAHRA","sag":"IGN"},"bbox":[-59.64467917,-33.06859606,-59.64467917,-33.06859606]},{"type":"Feature","id":"gobiernoslocales_2022.2092","geometry":{"type":"MultiPoint","coordinates":[[-59.09660106,-33.08859553]]},"geometry_name":"geom","properties":{"gid":2092,"objeto":"Gobierno local","fna":"Junta Cuchilla Redonda","gna":"Junta","nam":"Cuchilla Redonda","in1":"309340","tgl":"Junta de Gobierno","cod_tgl":"JG4","nam_prov":"Entre Ríos","cod_prov":"30","fdc":"BAHRA","sag":"IGN"},"bbox":[-59.09660106,-33.08859553,-59.09660106,-33.08859553]},{"type":"Feature","id":"gobiernoslocales_2022.2093","geometry":{"type":"MultiPoint","coordinates":[[-58.34337028,-32.98245548]]},"geometry_name":"geom","properties":{"gid":2093,"objeto":"Gobierno local","fna":"Junta Costa Uruguay Norte","gna":"Junta","nam":"Costa Uruguay Norte","in1":"309330","tgl":"Junta de Gobierno","cod_tgl":"JG2","nam_prov":"Entre Ríos","cod_prov":"30","fdc":"BAHRA","sag":"IGN"},"bbox":[-58.34337028,-32.98245548,-58.34337028,-32.98245548]},{"type":"Feature","id":"gobiernoslocales_2022.2094","geometry":{"type":"MultiPoint","coordinates":[[-58.4991619,-33.2309852]]},"geometry_name":"geom","properties":{"gid":2094,"objeto":"Gobierno local","fna":"Junta Costa Uruguay Sur","gna":"Junta","nam":"Costa Uruguay Sur","in1":"309335","tgl":"Junta de Gobierno","cod_tgl":"JG4","nam_prov":"Entre Ríos","cod_prov":"30","fdc":"BAHRA","sag":"IGN"},"bbox":[-58.4991619,-33.2309852,-58.4991619,-33.2309852]},{"type":"Feature","id":"gobiernoslocales_2022.2095","geometry":{"type":"MultiPoint","coordinates":[[-59.46711712,-30.9369952]]},"geometry_name":"geom","properties":{"gid":2095,"objeto":"Gobierno local","fna":"Junta Yeso Oeste","gna":"Junta","nam":"Yeso Oeste","in1":"309510","tgl":"Junta de Gobierno","cod_tgl":"JG3","nam_prov":"Entre Ríos","cod_prov":"30","fdc":"BAHRA","sag":"IGN"},"bbox":[-59.46711712,-30.9369952,-59.46711712,-30.9369952]},{"type":"Feature","id":"gobiernoslocales_2022.2096","geometry":{"type":"MultiPoint","coordinates":[[-59.08027072,-32.89154435]]},"geometry_name":"geom","properties":{"gid":2096,"objeto":"Gobierno local","fna":"Junta Distrito Talitas","gna":"Junta","nam":"Distrito Talitas","in1":"309345","tgl":"Junta de Gobierno","cod_tgl":"JG4","nam_prov":"Entre Ríos","cod_prov":"30","fdc":"BAHRA","sag":"IGN"},"bbox":[-59.08027072,-32.89154435,-59.08027072,-32.89154435]},{"type":"Feature","id":"gobiernoslocales_2022.2097","geometry":{"type":"MultiPoint","coordinates":[[-58.90095762,-33.16313212]]},"geometry_name":"geom","properties":{"gid":2097,"objeto":"Gobierno local","fna":"Junta Las Mercedes","gna":"Junta","nam":"Las Mercedes","in1":"309375","tgl":"Junta de Gobierno","cod_tgl":"JG3","nam_prov":"Entre Ríos","cod_prov":"30","fdc":"BAHRA","sag":"IGN"},"bbox":[-58.90095762,-33.16313212,-58.90095762,-33.16313212]},{"type":"Feature","id":"gobiernoslocales_2022.2098","geometry":{"type":"MultiPoint","coordinates":[[-58.71054182,-33.30009606]]},"geometry_name":"geom","properties":{"gid":2098,"objeto":"Gobierno local","fna":"Junta Perdices","gna":"Junta","nam":"Perdices","in1":"309385","tgl":"Junta de Gobierno","cod_tgl":"JG4","nam_prov":"Entre Ríos","cod_prov":"30","fdc":"BAHRA","sag":"IGN"},"bbox":[-58.71054182,-33.30009606,-58.71054182,-33.30009606]},{"type":"Feature","id":"gobiernoslocales_2022.2099","geometry":{"type":"MultiPoint","coordinates":[[-58.57874457,-32.63154051]]},"geometry_name":"geom","properties":{"gid":2099,"objeto":"Gobierno local","fna":"Junta Rincón del Cinto","gna":"Junta","nam":"Rincón del Cinto","in1":"309395","tgl":"Junta de Gobierno","cod_tgl":"JG4","nam_prov":"Entre Ríos","cod_prov":"30","fdc":"BAHRA","sag":"IGN"},"bbox":[-58.57874457,-32.63154051,-58.57874457,-32.63154051]},{"type":"Feature","id":"gobiernoslocales_2022.2100","geometry":{"type":"MultiPoint","coordinates":[[-58.57379344,-32.74734471]]},"geometry_name":"geom","properties":{"gid":2100,"objeto":"Gobierno local","fna":"Junta Rincón del Gato","gna":"Junta","nam":"Rincón del Gato","in1":"309400","tgl":"Junta de Gobierno","cod_tgl":"JG4","nam_prov":"Entre Ríos","cod_prov":"30","fdc":"BAHRA","sag":"IGN"},"bbox":[-58.57379344,-32.74734471,-58.57379344,-32.74734471]},{"type":"Feature","id":"gobiernoslocales_2022.2101","geometry":{"type":"MultiPoint","coordinates":[[-59.75519494,-31.32742786]]},"geometry_name":"geom","properties":{"gid":2101,"objeto":"Gobierno local","fna":"Junta Alcaraz Norte","gna":"Junta","nam":"Alcaraz Norte","in1":"309415","tgl":"Junta de Gobierno","cod_tgl":"JG4","nam_prov":"Entre Ríos","cod_prov":"30","fdc":"BAHRA","sag":"IGN"},"bbox":[-59.75519494,-31.32742786,-59.75519494,-31.32742786]},{"type":"Feature","id":"gobiernoslocales_2022.2102","geometry":{"type":"MultiPoint","coordinates":[[-59.83428007,-31.35574153]]},"geometry_name":"geom","properties":{"gid":2102,"objeto":"Gobierno local","fna":"Junta Alcaraz Sur","gna":"Junta","nam":"Alcaraz Sur","in1":"309420","tgl":"Junta de Gobierno","cod_tgl":"JG4","nam_prov":"Entre Ríos","cod_prov":"30","fdc":"BAHRA","sag":"IGN"},"bbox":[-59.83428007,-31.35574153,-59.83428007,-31.35574153]},{"type":"Feature","id":"gobiernoslocales_2022.2103","geometry":{"type":"MultiPoint","coordinates":[[-59.50842104,-30.48297037]]},"geometry_name":"geom","properties":{"gid":2103,"objeto":"Gobierno local","fna":"Junta Yacaré","gna":"Junta","nam":"Yacaré","in1":"309505","tgl":"Junta de Gobierno","cod_tgl":"JG3","nam_prov":"Entre Ríos","cod_prov":"30","fdc":"BAHRA","sag":"IGN"},"bbox":[-59.50842104,-30.48297037,-59.50842104,-30.48297037]},{"type":"Feature","id":"gobiernoslocales_2022.2104","geometry":{"type":"MultiPoint","coordinates":[[-59.85071254,-31.10963592]]},"geometry_name":"geom","properties":{"gid":2104,"objeto":"Gobierno local","fna":"Junta Puerto Algarrobo","gna":"Junta","nam":"Puerto Algarrobo","in1":"309485","tgl":"Junta de Gobierno","cod_tgl":"JG3","nam_prov":"Entre Ríos","cod_prov":"30","fdc":"BAHRA","sag":"IGN"},"bbox":[-59.85071254,-31.10963592,-59.85071254,-31.10963592]},{"type":"Feature","id":"gobiernoslocales_2022.2105","geometry":{"type":"MultiPoint","coordinates":[[-59.53144523,-30.83802809]]},"geometry_name":"geom","properties":{"gid":2105,"objeto":"Gobierno local","fna":"Junta Estaquitas","gna":"Junta","nam":"Estaquitas","in1":"309460","tgl":"Junta de Gobierno","cod_tgl":"JG4","nam_prov":"Entre Ríos","cod_prov":"30","fdc":"BAHRA","sag":"IGN"},"bbox":[-59.53144523,-30.83802809,-59.53144523,-30.83802809]},{"type":"Feature","id":"gobiernoslocales_2022.2106","geometry":{"type":"MultiPoint","coordinates":[[-59.55597044,-31.33726828]]},"geometry_name":"geom","properties":{"gid":2106,"objeto":"Gobierno local","fna":"Junta Colonia Carrasco","gna":"Junta","nam":"Colonia Carrasco","in1":"309430","tgl":"Junta de Gobierno","cod_tgl":"JG4","nam_prov":"Entre Ríos","cod_prov":"30","fdc":"BAHRA","sag":"IGN"},"bbox":[-59.55597044,-31.33726828,-59.55597044,-31.33726828]},{"type":"Feature","id":"gobiernoslocales_2022.2107","geometry":{"type":"MultiPoint","coordinates":[[-59.41325824,-30.54276814]]},"geometry_name":"geom","properties":{"gid":2107,"objeto":"Gobierno local","fna":"Junta Colonia Oficial Nº 3 y 14","gna":"Junta","nam":"Colonia Oficial Nº 3 y 14","in1":"309440","tgl":"Junta de Gobierno","cod_tgl":"JG3","nam_prov":"Entre Ríos","cod_prov":"30","fdc":"BAHRA","sag":"IGN"},"bbox":[-59.41325824,-30.54276814,-59.41325824,-30.54276814]},{"type":"Feature","id":"gobiernoslocales_2022.2108","geometry":{"type":"MultiPoint","coordinates":[[-59.42772987,-31.29097025]]},"geometry_name":"geom","properties":{"gid":2108,"objeto":"Gobierno local","fna":"Junta Colonia Viraró","gna":"Junta","nam":"Colonia Viraró","in1":"309445","tgl":"Junta de Gobierno","cod_tgl":"JG4","nam_prov":"Entre Ríos","cod_prov":"30","fdc":"BAHRA","sag":"IGN"},"bbox":[-59.42772987,-31.29097025,-59.42772987,-31.29097025]},{"type":"Feature","id":"gobiernoslocales_2022.2109","geometry":{"type":"MultiPoint","coordinates":[[-59.75111331,-31.24918172]]},"geometry_name":"geom","properties":{"gid":2109,"objeto":"Gobierno local","fna":"Junta La Providencia","gna":"Junta","nam":"La Providencia","in1":"309465","tgl":"Junta de Gobierno","cod_tgl":"JG3","nam_prov":"Entre Ríos","cod_prov":"30","fdc":"BAHRA","sag":"IGN"},"bbox":[-59.75111331,-31.24918172,-59.75111331,-31.24918172]},{"type":"Feature","id":"gobiernoslocales_2022.2110","geometry":{"type":"MultiPoint","coordinates":[[-59.10303576,-30.4947293]]},"geometry_name":"geom","properties":{"gid":2110,"objeto":"Gobierno local","fna":"Junta Las Toscas","gna":"Junta","nam":"Las Toscas","in1":"309470","tgl":"Junta de Gobierno","cod_tgl":"JG4","nam_prov":"Entre Ríos","cod_prov":"30","fdc":"BAHRA","sag":"IGN"},"bbox":[-59.10303576,-30.4947293,-59.10303576,-30.4947293]},{"type":"Feature","id":"gobiernoslocales_2022.2111","geometry":{"type":"MultiPoint","coordinates":[[-59.24249522,-30.46630944]]},"geometry_name":"geom","properties":{"gid":2111,"objeto":"Gobierno local","fna":"Junta Ombú","gna":"Junta","nam":"Ombú","in1":"302666","tgl":"Comuna","cod_tgl":"CO2","nam_prov":"Entre Ríos","cod_prov":"30","fdc":"BAHRA","sag":"IGN"},"bbox":[-59.24249522,-30.46630944,-59.24249522,-30.46630944]},{"type":"Feature","id":"gobiernoslocales_2022.2112","geometry":{"type":"MultiPoint","coordinates":[[-59.3629724,-30.9111898]]},"geometry_name":"geom","properties":{"gid":2112,"objeto":"Gobierno local","fna":"Junta Picada Berón","gna":"Junta","nam":"Picada Berón","in1":"309480","tgl":"Junta de Gobierno","cod_tgl":"JG4","nam_prov":"Entre Ríos","cod_prov":"30","fdc":"BAHRA","sag":"IGN"},"bbox":[-59.3629724,-30.9111898,-59.3629724,-30.9111898]},{"type":"Feature","id":"gobiernoslocales_2022.2113","geometry":{"type":"MultiPoint","coordinates":[[-59.34010023,-30.46310643]]},"geometry_name":"geom","properties":{"gid":2113,"objeto":"Gobierno local","fna":"Junta San Ramírez","gna":"Junta","nam":"San Ramírez","in1":"309495","tgl":"Junta de Gobierno","cod_tgl":"JG3","nam_prov":"Entre Ríos","cod_prov":"30","fdc":"BAHRA","sag":"IGN"},"bbox":[-59.34010023,-30.46310643,-59.34010023,-30.46310643]},{"type":"Feature","id":"gobiernoslocales_2022.2114","geometry":{"type":"MultiPoint","coordinates":[[-60.17037851,-32.08189669]]},"geometry_name":"geom","properties":{"gid":2114,"objeto":"Gobierno local","fna":"Junta Aldea San Miguel","gna":"Junta","nam":"Aldea San Miguel","in1":"309515","tgl":"Junta de Gobierno","cod_tgl":"JG3","nam_prov":"Entre Ríos","cod_prov":"30","fdc":"BAHRA","sag":"IGN"},"bbox":[-60.17037851,-32.08189669,-60.17037851,-32.08189669]},{"type":"Feature","id":"gobiernoslocales_2022.2115","geometry":{"type":"MultiPoint","coordinates":[[-59.51587894,-32.10324622]]},"geometry_name":"geom","properties":{"gid":2115,"objeto":"Gobierno local","fna":"Junta Crucesitas Octava","gna":"Junta","nam":"Crucesitas Octava","in1":"309525","tgl":"Junta de Gobierno","cod_tgl":"JG3","nam_prov":"Entre Ríos","cod_prov":"30","fdc":"BAHRA","sag":"IGN"},"bbox":[-59.51587894,-32.10324622,-59.51587894,-32.10324622]},{"type":"Feature","id":"gobiernoslocales_2022.2116","geometry":{"type":"MultiPoint","coordinates":[[-59.77887712,-32.08115327]]},"geometry_name":"geom","properties":{"gid":2116,"objeto":"Gobierno local","fna":"Junta Crucesitas Séptima","gna":"Junta","nam":"Crucesitas Séptima","in1":"309530","tgl":"Junta de Gobierno","cod_tgl":"JG3","nam_prov":"Entre Ríos","cod_prov":"30","fdc":"BAHRA","sag":"IGN"},"bbox":[-59.77887712,-32.08115327,-59.77887712,-32.08115327]},{"type":"Feature","id":"gobiernoslocales_2022.2117","geometry":{"type":"MultiPoint","coordinates":[[-59.52811421,-32.04080039]]},"geometry_name":"geom","properties":{"gid":2117,"objeto":"Gobierno local","fna":"Junta Crucesitas Tercera","gna":"Junta","nam":"Crucesitas Tercera","in1":"309535","tgl":"Junta de Gobierno","cod_tgl":"JG3","nam_prov":"Entre Ríos","cod_prov":"30","fdc":"BAHRA","sag":"IGN"},"bbox":[-59.52811421,-32.04080039,-59.52811421,-32.04080039]},{"type":"Feature","id":"gobiernoslocales_2022.2118","geometry":{"type":"MultiPoint","coordinates":[[-59.64290028,-31.9745022]]},"geometry_name":"geom","properties":{"gid":2118,"objeto":"Gobierno local","fna":"Junta Justo José de Urquiza","gna":"Junta","nam":"Justo José de Urquiza","in1":"309560","tgl":"Junta de Gobierno","cod_tgl":"JG2","nam_prov":"Entre Ríos","cod_prov":"30","fdc":"BAHRA","sag":"IGN"},"bbox":[-59.64290028,-31.9745022,-59.64290028,-31.9745022]},{"type":"Feature","id":"gobiernoslocales_2022.2119","geometry":{"type":"MultiPoint","coordinates":[[-59.65498814,-32.28517369]]},"geometry_name":"geom","properties":{"gid":2119,"objeto":"Gobierno local","fna":"Junta Laurencena","gna":"Junta","nam":"Laurencena","in1":"309565","tgl":"Junta de Gobierno","cod_tgl":"JG4","nam_prov":"Entre Ríos","cod_prov":"30","fdc":"BAHRA","sag":"IGN"},"bbox":[-59.65498814,-32.28517369,-59.65498814,-32.28517369]},{"type":"Feature","id":"gobiernoslocales_2022.2120","geometry":{"type":"MultiPoint","coordinates":[[-60.23458972,-31.88405831]]},"geometry_name":"geom","properties":{"gid":2120,"objeto":"Gobierno local","fna":"Junta Aldea Eigenfeld","gna":"Junta","nam":"Aldea Eigenfeld","in1":"309575","tgl":"Junta de Gobierno","cod_tgl":"JG3","nam_prov":"Entre Ríos","cod_prov":"30","fdc":"BAHRA","sag":"IGN"},"bbox":[-60.23458972,-31.88405831,-60.23458972,-31.88405831]},{"type":"Feature","id":"gobiernoslocales_2022.2121","geometry":{"type":"MultiPoint","coordinates":[[-60.17405476,-31.85817017]]},"geometry_name":"geom","properties":{"gid":2121,"objeto":"Gobierno local","fna":"Junta Aldea San Antonio","gna":"Junta","nam":"Aldea San Antonio","in1":"309585","tgl":"Junta de Gobierno","cod_tgl":"JG4","nam_prov":"Entre Ríos","cod_prov":"30","fdc":"BAHRA","sag":"IGN"},"bbox":[-60.17405476,-31.85817017,-60.17405476,-31.85817017]},{"type":"Feature","id":"gobiernoslocales_2022.2122","geometry":{"type":"MultiPoint","coordinates":[[-60.04777872,-31.42441791]]},"geometry_name":"geom","properties":{"gid":2122,"objeto":"Gobierno local","fna":"Junta Antonio Tomás","gna":"Junta","nam":"Antonio Tomás","in1":"309605","tgl":"Junta de Gobierno","cod_tgl":"JG3","nam_prov":"Entre Ríos","cod_prov":"30","fdc":"BAHRA","sag":"IGN"},"bbox":[-60.04777872,-31.42441791,-60.04777872,-31.42441791]},{"type":"Feature","id":"gobiernoslocales_2022.2123","geometry":{"type":"MultiPoint","coordinates":[[-59.61132663,-31.50729225]]},"geometry_name":"geom","properties":{"gid":2123,"objeto":"Gobierno local","fna":"Junta Arroyo Burgos","gna":"Junta","nam":"Arroyo Burgos","in1":"309610","tgl":"Junta de Gobierno","cod_tgl":"JG2","nam_prov":"Entre Ríos","cod_prov":"30","fdc":"BAHRA","sag":"IGN"},"bbox":[-59.61132663,-31.50729225,-59.61132663,-31.50729225]},{"type":"Feature","id":"gobiernoslocales_2022.2124","geometry":{"type":"MultiPoint","coordinates":[[-59.96752543,-31.65249788]]},"geometry_name":"geom","properties":{"gid":2124,"objeto":"Gobierno local","fna":"Junta Arroyo Maturrango","gna":"Junta","nam":"Arroyo Maturrango","in1":"309620","tgl":"Junta de Gobierno","cod_tgl":"JG4","nam_prov":"Entre Ríos","cod_prov":"30","fdc":"BAHRA","sag":"IGN"},"bbox":[-59.96752543,-31.65249788,-59.96752543,-31.65249788]},{"type":"Feature","id":"gobiernoslocales_2022.2125","geometry":{"type":"MultiPoint","coordinates":[[-59.8180986,-31.56810009]]},"geometry_name":"geom","properties":{"gid":2125,"objeto":"Gobierno local","fna":"Junta Arroyo Palo Seco","gna":"Junta","nam":"Arroyo Palo Seco","in1":"309625","tgl":"Junta de Gobierno","cod_tgl":"JG4","nam_prov":"Entre Ríos","cod_prov":"30","fdc":"BAHRA","sag":"IGN"},"bbox":[-59.8180986,-31.56810009,-59.8180986,-31.56810009]},{"type":"Feature","id":"gobiernoslocales_2022.2126","geometry":{"type":"MultiPoint","coordinates":[[-59.72796741,-31.76826015]]},"geometry_name":"geom","properties":{"gid":2126,"objeto":"Gobierno local","fna":"Junta Santa Luisa","gna":"Junta","nam":"Santa Luisa","in1":"309735","tgl":"Junta de Gobierno","cod_tgl":"JG3","nam_prov":"Entre Ríos","cod_prov":"30","fdc":"BAHRA","sag":"IGN"},"bbox":[-59.72796741,-31.76826015,-59.72796741,-31.76826015]},{"type":"Feature","id":"gobiernoslocales_2022.2127","geometry":{"type":"MultiPoint","coordinates":[[-60.0913174,-31.7088258]]},"geometry_name":"geom","properties":{"gid":2127,"objeto":"Gobierno local","fna":"Junta Paso de las Piedras","gna":"Junta","nam":"Paso de las Piedras","in1":"309715","tgl":"Junta de Gobierno","cod_tgl":"JG3","nam_prov":"Entre Ríos","cod_prov":"30","fdc":"BAHRA","sag":"IGN"},"bbox":[-60.0913174,-31.7088258,-60.0913174,-31.7088258]},{"type":"Feature","id":"gobiernoslocales_2022.2128","geometry":{"type":"MultiPoint","coordinates":[[-60.26624111,-31.61489448]]},"geometry_name":"geom","properties":{"gid":2128,"objeto":"Gobierno local","fna":"Junta Colonia Celina","gna":"Junta","nam":"Colonia Celina","in1":"309635","tgl":"Junta de Gobierno","cod_tgl":"JG3","nam_prov":"Entre Ríos","cod_prov":"30","fdc":"BAHRA","sag":"IGN"},"bbox":[-60.26624111,-31.61489448,-60.26624111,-31.61489448]},{"type":"Feature","id":"gobiernoslocales_2022.2129","geometry":{"type":"MultiPoint","coordinates":[[-60.30139627,-31.8995523]]},"geometry_name":"geom","properties":{"gid":2129,"objeto":"Gobierno local","fna":"Junta Colonia Merou","gna":"Junta","nam":"Colonia Merou","in1":"309650","tgl":"Junta de Gobierno","cod_tgl":"JG4","nam_prov":"Entre Ríos","cod_prov":"30","fdc":"BAHRA","sag":"IGN"},"bbox":[-60.30139627,-31.8995523,-60.30139627,-31.8995523]},{"type":"Feature","id":"gobiernoslocales_2022.2130","geometry":{"type":"MultiPoint","coordinates":[[-60.4230635,-31.91606945]]},"geometry_name":"geom","properties":{"gid":2130,"objeto":"Gobierno local","fna":"Junta Colonia Reffino","gna":"Junta","nam":"Colonia Reffino","in1":"309655","tgl":"Junta de Gobierno","cod_tgl":"JG4","nam_prov":"Entre Ríos","cod_prov":"30","fdc":"BAHRA","sag":"IGN"},"bbox":[-60.4230635,-31.91606945,-60.4230635,-31.91606945]},{"type":"Feature","id":"gobiernoslocales_2022.2131","geometry":{"type":"MultiPoint","coordinates":[[-59.94587811,-31.73537077]]},"geometry_name":"geom","properties":{"gid":2131,"objeto":"Gobierno local","fna":"Junta Distrito Tala","gna":"Junta","nam":"Distrito Tala","in1":"309670","tgl":"Junta de Gobierno","cod_tgl":"JG4","nam_prov":"Entre Ríos","cod_prov":"30","fdc":"BAHRA","sag":"IGN"},"bbox":[-59.94587811,-31.73537077,-59.94587811,-31.73537077]},{"type":"Feature","id":"gobiernoslocales_2022.2132","geometry":{"type":"MultiPoint","coordinates":[[-60.2966199,-31.79754511]]},"geometry_name":"geom","properties":{"gid":2132,"objeto":"Gobierno local","fna":"Junta Espinillo Norte","gna":"Junta","nam":"Espinillo Norte","in1":"309685","tgl":"Junta de Gobierno","cod_tgl":"JG3","nam_prov":"Entre Ríos","cod_prov":"30","fdc":"BAHRA","sag":"IGN"},"bbox":[-60.2966199,-31.79754511,-60.2966199,-31.79754511]},{"type":"Feature","id":"gobiernoslocales_2022.2133","geometry":{"type":"MultiPoint","coordinates":[[-60.16738757,-31.76194718]]},"geometry_name":"geom","properties":{"gid":2133,"objeto":"Gobierno local","fna":"Junta Paso de la Arena","gna":"Junta","nam":"Paso de la Arena","in1":"309710","tgl":"Junta de Gobierno","cod_tgl":"JG3","nam_prov":"Entre Ríos","cod_prov":"30","fdc":"BAHRA","sag":"IGN"},"bbox":[-60.16738757,-31.76194718,-60.16738757,-31.76194718]},{"type":"Feature","id":"gobiernoslocales_2022.2134","geometry":{"type":"MultiPoint","coordinates":[[-58.53197751,-31.78365299]]},"geometry_name":"geom","properties":{"gid":2134,"objeto":"Gobierno local","fna":"Junta Colonia Baylina","gna":"Junta","nam":"Colonia Baylina","in1":"309770","tgl":"Junta de Gobierno","cod_tgl":"JG3","nam_prov":"Entre Ríos","cod_prov":"30","fdc":"BAHRA","sag":"IGN"},"bbox":[-58.53197751,-31.78365299,-58.53197751,-31.78365299]},{"type":"Feature","id":"gobiernoslocales_2022.2135","geometry":{"type":"MultiPoint","coordinates":[[-58.53564983,-31.40413979]]},"geometry_name":"geom","properties":{"gid":2135,"objeto":"Gobierno local","fna":"Junta Walter Moss","gna":"Junta","nam":"Walter Moss","in1":"309785","tgl":"Junta de Gobierno","cod_tgl":"JG4","nam_prov":"Entre Ríos","cod_prov":"30","fdc":"BAHRA","sag":"IGN"},"bbox":[-58.53564983,-31.40413979,-58.53564983,-31.40413979]},{"type":"Feature","id":"gobiernoslocales_2022.2136","geometry":{"type":"MultiPoint","coordinates":[[-58.6340522,-31.83812897]]},"geometry_name":"geom","properties":{"gid":2136,"objeto":"Gobierno local","fna":"Junta San Ernesto","gna":"Junta","nam":"San Ernesto","in1":"309780","tgl":"Junta de Gobierno","cod_tgl":"JG3","nam_prov":"Entre Ríos","cod_prov":"30","fdc":"BAHRA","sag":"IGN"},"bbox":[-58.6340522,-31.83812897,-58.6340522,-31.83812897]},{"type":"Feature","id":"gobiernoslocales_2022.2137","geometry":{"type":"MultiPoint","coordinates":[[-59.15990179,-32.41908965]]},"geometry_name":"geom","properties":{"gid":2137,"objeto":"Gobierno local","fna":"Junta La Ollita","gna":"Junta","nam":"La Ollita","in1":"309820","tgl":"Junta de Gobierno","cod_tgl":"JG4","nam_prov":"Entre Ríos","cod_prov":"30","fdc":"BAHRA","sag":"IGN"},"bbox":[-59.15990179,-32.41908965,-59.15990179,-32.41908965]},{"type":"Feature","id":"gobiernoslocales_2022.2138","geometry":{"type":"MultiPoint","coordinates":[[-59.20543508,-32.66945243]]},"geometry_name":"geom","properties":{"gid":2138,"objeto":"Gobierno local","fna":"Junta Sauce Sur","gna":"Junta","nam":"Sauce Sur","in1":"309830","tgl":"Junta de Gobierno","cod_tgl":"JG3","nam_prov":"Entre Ríos","cod_prov":"30","fdc":"BAHRA","sag":"IGN"},"bbox":[-59.20543508,-32.66945243,-59.20543508,-32.66945243]},{"type":"Feature","id":"gobiernoslocales_2022.2139","geometry":{"type":"MultiPoint","coordinates":[[-58.63534664,-32.2641262]]},"geometry_name":"geom","properties":{"gid":2139,"objeto":"Gobierno local","fna":"Junta Arroyo Gená","gna":"Junta","nam":"Arroyo Gená","in1":"309832","tgl":"Junta de Gobierno","cod_tgl":"JG3","nam_prov":"Entre Ríos","cod_prov":"30","fdc":"BAHRA","sag":"IGN"},"bbox":[-58.63534664,-32.2641262,-58.63534664,-32.2641262]},{"type":"Feature","id":"gobiernoslocales_2022.2140","geometry":{"type":"MultiPoint","coordinates":[[-58.4517036,-32.60345282]]},"geometry_name":"geom","properties":{"gid":2140,"objeto":"Gobierno local","fna":"Junta Comuna Tala","gna":"Junta","nam":"Comuna Tala","in1":"303154","tgl":"Comuna","cod_tgl":"CO1","nam_prov":"Entre Ríos","cod_prov":"30","fdc":"BAHRA","sag":"IGN"},"bbox":[-58.4517036,-32.60345282,-58.4517036,-32.60345282]},{"type":"Feature","id":"gobiernoslocales_2022.2141","geometry":{"type":"MultiPoint","coordinates":[[-58.35043632,-32.34081684]]},"geometry_name":"geom","properties":{"gid":2141,"objeto":"Gobierno local","fna":"Junta San Cipriano","gna":"Junta","nam":"San Cipriano","in1":"303182","tgl":"Comuna","cod_tgl":"CO1","nam_prov":"Entre Ríos","cod_prov":"30","fdc":"BAHRA","sag":"IGN"},"bbox":[-58.35043632,-32.34081684,-58.35043632,-32.34081684]},{"type":"Feature","id":"gobiernoslocales_2022.2142","geometry":{"type":"MultiPoint","coordinates":[[-60.22727205,-32.28460296]]},"geometry_name":"geom","properties":{"gid":2142,"objeto":"Gobierno local","fna":"Junta Chilcas","gna":"Junta","nam":"Chilcas","in1":"309880","tgl":"Junta de Gobierno","cod_tgl":"JG4","nam_prov":"Entre Ríos","cod_prov":"30","fdc":"BAHRA","sag":"IGN"},"bbox":[-60.22727205,-32.28460296,-60.22727205,-32.28460296]},{"type":"Feature","id":"gobiernoslocales_2022.2143","geometry":{"type":"MultiPoint","coordinates":[[-60.16341803,-32.33365055]]},"geometry_name":"geom","properties":{"gid":2143,"objeto":"Gobierno local","fna":"Junta Hinojal","gna":"Junta","nam":"Hinojal","in1":"309890","tgl":"Junta de Gobierno","cod_tgl":"JG4","nam_prov":"Entre Ríos","cod_prov":"30","fdc":"BAHRA","sag":"IGN"},"bbox":[-60.16341803,-32.33365055,-60.16341803,-32.33365055]},{"type":"Feature","id":"gobiernoslocales_2022.2144","geometry":{"type":"MultiPoint","coordinates":[[-60.01046164,-32.68788768]]},"geometry_name":"geom","properties":{"gid":2144,"objeto":"Gobierno local","fna":"Junta Laguna del Pescado","gna":"Junta","nam":"Laguna del Pescado","in1":"309895","tgl":"Junta de Gobierno","cod_tgl":"JG4","nam_prov":"Entre Ríos","cod_prov":"30","fdc":"BAHRA","sag":"IGN"},"bbox":[-60.01046164,-32.68788768,-60.01046164,-32.68788768]},{"type":"Feature","id":"gobiernoslocales_2022.2145","geometry":{"type":"MultiPoint","coordinates":[[-59.87290737,-32.6402119]]},"geometry_name":"geom","properties":{"gid":2145,"objeto":"Gobierno local","fna":"Junta Montoya","gna":"Junta","nam":"Montoya","in1":"309905","tgl":"Junta de Gobierno","cod_tgl":"JG4","nam_prov":"Entre Ríos","cod_prov":"30","fdc":"BAHRA","sag":"IGN"},"bbox":[-59.87290737,-32.6402119,-59.87290737,-32.6402119]},{"type":"Feature","id":"gobiernoslocales_2022.2146","geometry":{"type":"MultiPoint","coordinates":[[-59.90719145,-32.78096386]]},"geometry_name":"geom","properties":{"gid":2146,"objeto":"Gobierno local","fna":"Junta Rincón de Nogoyá","gna":"Junta","nam":"Rincón de Nogoyá","in1":"303245","tgl":"Comuna","cod_tgl":"CO1","nam_prov":"Entre Ríos","cod_prov":"30","fdc":"BAHRA","sag":"IGN"},"bbox":[-59.90719145,-32.78096386,-59.90719145,-32.78096386]},{"type":"Feature","id":"gobiernoslocales_2022.2147","geometry":{"type":"MultiPoint","coordinates":[[-60.39344354,-32.43978558]]},"geometry_name":"geom","properties":{"gid":2147,"objeto":"Gobierno local","fna":"Junta Rincón del Doll","gna":"Junta","nam":"Rincón del Doll","in1":"303252","tgl":"Comuna","cod_tgl":"CO1","nam_prov":"Entre Ríos","cod_prov":"30","fdc":"BAHRA","sag":"IGN"},"bbox":[-60.39344354,-32.43978558,-60.39344354,-32.43978558]},{"type":"Feature","id":"gobiernoslocales_2022.2148","geometry":{"type":"MultiPoint","coordinates":[[-59.41294617,-31.83296008]]},"geometry_name":"geom","properties":{"gid":2148,"objeto":"Gobierno local","fna":"Junta Raíces Oeste","gna":"Junta","nam":"Raíces Oeste","in1":"309965","tgl":"Junta de Gobierno","cod_tgl":"JG3","nam_prov":"Entre Ríos","cod_prov":"30","fdc":"BAHRA","sag":"IGN"},"bbox":[-59.41294617,-31.83296008,-59.41294617,-31.83296008]},{"type":"Feature","id":"gobiernoslocales_2022.2149","geometry":{"type":"MultiPoint","coordinates":[[-58.96178837,-31.39717782]]},"geometry_name":"geom","properties":{"gid":2149,"objeto":"Gobierno local","fna":"Junta Lucas Norte","gna":"Junta","nam":"Lucas Norte","in1":"309935","tgl":"Junta de Gobierno","cod_tgl":"JG3","nam_prov":"Entre Ríos","cod_prov":"30","fdc":"BAHRA","sag":"IGN"},"bbox":[-58.96178837,-31.39717782,-58.96178837,-31.39717782]},{"type":"Feature","id":"gobiernoslocales_2022.2150","geometry":{"type":"MultiPoint","coordinates":[[-59.30760161,-31.31807502]]},"geometry_name":"geom","properties":{"gid":2150,"objeto":"Gobierno local","fna":"Junta Colonia Adivino","gna":"Junta","nam":"Colonia Adivino","in1":"309917","tgl":"Junta de Gobierno","cod_tgl":"JG3","nam_prov":"Entre Ríos","cod_prov":"30","fdc":"BAHRA","sag":"IGN"},"bbox":[-59.30760161,-31.31807502,-59.30760161,-31.31807502]},{"type":"Feature","id":"gobiernoslocales_2022.2151","geometry":{"type":"MultiPoint","coordinates":[[-59.3434868,-31.54356343]]},"geometry_name":"geom","properties":{"gid":2151,"objeto":"Gobierno local","fna":"Junta Mojones Sur","gna":"Junta","nam":"Mojones Sur","in1":"309955","tgl":"Junta de Gobierno","cod_tgl":"JG3","nam_prov":"Entre Ríos","cod_prov":"30","fdc":"BAHRA","sag":"IGN"},"bbox":[-59.3434868,-31.54356343,-59.3434868,-31.54356343]},{"type":"Feature","id":"gobiernoslocales_2022.2152","geometry":{"type":"MultiPoint","coordinates":[[-59.21206655,-31.50646298]]},"geometry_name":"geom","properties":{"gid":2152,"objeto":"Gobierno local","fna":"Junta Mojones Norte","gna":"Junta","nam":"Mojones Norte","in1":"309950","tgl":"Junta de Gobierno","cod_tgl":"JG3","nam_prov":"Entre Ríos","cod_prov":"30","fdc":"BAHRA","sag":"IGN"},"bbox":[-59.21206655,-31.50646298,-59.21206655,-31.50646298]},{"type":"Feature","id":"gobiernoslocales_2022.2153","geometry":{"type":"MultiPoint","coordinates":[[-59.454079,-31.53240355]]},"geometry_name":"geom","properties":{"gid":2153,"objeto":"Gobierno local","fna":"Junta Paraje Los Algarrobos","gna":"Junta","nam":"Paraje Los Algarrobos","in1":"309957","tgl":"Junta de Gobierno","cod_tgl":"JG2","nam_prov":"Entre Ríos","cod_prov":"30","fdc":"BAHRA","sag":"IGN"},"bbox":[-59.454079,-31.53240355,-59.454079,-31.53240355]},{"type":"Feature","id":"gobiernoslocales_2022.2177","geometry":{"type":"MultiPoint","coordinates":[[-58.05360048,-30.71102507]]},"geometry_name":"geom","properties":{"gid":2177,"objeto":"Gobierno local","fna":"Junta La Florida","gna":"Junta","nam":"La Florida","in1":"309155","tgl":"Junta de Gobierno","cod_tgl":"JG3","nam_prov":"Entre Ríos","cod_prov":"30","fdc":"BAHRA","sag":"IGN"},"bbox":[-58.05360048,-30.71102507,-58.05360048,-30.71102507]},{"type":"Feature","id":"gobiernoslocales_2022.2178","geometry":{"type":"MultiPoint","coordinates":[[-58.13201165,-30.66170202]]},"geometry_name":"geom","properties":{"gid":2178,"objeto":"Gobierno local","fna":"Junta La Fraternidad y Santa Juana","gna":"Junta","nam":"La Fraternidad y Santa Juana","in1":"309160","tgl":"Junta de Gobierno","cod_tgl":"JG4","nam_prov":"Entre Ríos","cod_prov":"30","fdc":"BAHRA","sag":"IGN"},"bbox":[-58.13201165,-30.66170202,-58.13201165,-30.66170202]},{"type":"Feature","id":"gobiernoslocales_2022.2179","geometry":{"type":"MultiPoint","coordinates":[[-59.12037963,-31.19279255]]},"geometry_name":"geom","properties":{"gid":2179,"objeto":"Gobierno local","fna":"Junta El Gramiyal","gna":"Junta","nam":"El Gramiyal","in1":"309205","tgl":"Junta de Gobierno","cod_tgl":"JG4","nam_prov":"Entre Ríos","cod_prov":"30","fdc":"BAHRA","sag":"IGN"},"bbox":[-59.12037963,-31.19279255,-59.12037963,-31.19279255]},{"type":"Feature","id":"gobiernoslocales_2022.2180","geometry":{"type":"MultiPoint","coordinates":[[-58.58274872,-30.69824847]]},"geometry_name":"geom","properties":{"gid":2180,"objeto":"Gobierno local","fna":"Junta Santa Lucía","gna":"Junta","nam":"Santa Lucía","in1":"309225","tgl":"Junta de Gobierno","cod_tgl":"JG3","nam_prov":"Entre Ríos","cod_prov":"30","fdc":"BAHRA","sag":"IGN"},"bbox":[-58.58274872,-30.69824847,-58.58274872,-30.69824847]},{"type":"Feature","id":"gobiernoslocales_2022.2181","geometry":{"type":"MultiPoint","coordinates":[[-59.66146951,-30.98661314]]},"geometry_name":"geom","properties":{"gid":2181,"objeto":"Gobierno local","fna":"Junta El Quebracho","gna":"Junta","nam":"El Quebracho","in1":"309450","tgl":"Junta de Gobierno","cod_tgl":"JG4","nam_prov":"Entre Ríos","cod_prov":"30","fdc":"BAHRA","sag":"IGN"},"bbox":[-59.66146951,-30.98661314,-59.66146951,-30.98661314]},{"type":"Feature","id":"gobiernoslocales_2022.2182","geometry":{"type":"MultiPoint","coordinates":[[-59.15520466,-30.69443178]]},"geometry_name":"geom","properties":{"gid":2182,"objeto":"Gobierno local","fna":"Junta Saucecito","gna":"Junta","nam":"Saucecito","in1":"309497","tgl":"Junta de Gobierno","cod_tgl":"JG3","nam_prov":"Entre Ríos","cod_prov":"30","fdc":"BAHRA","sag":"IGN"},"bbox":[-59.15520466,-30.69443178,-59.15520466,-30.69443178]},{"type":"Feature","id":"gobiernoslocales_2022.2183","geometry":{"type":"MultiPoint","coordinates":[[-59.70966141,-31.67828291]]},"geometry_name":"geom","properties":{"gid":2183,"objeto":"Gobierno local","fna":"Junta María Grande 2º","gna":"Junta","nam":"María Grande 2º","in1":"309705","tgl":"Junta de Gobierno","cod_tgl":"JG4","nam_prov":"Entre Ríos","cod_prov":"30","fdc":"BAHRA","sag":"IGN"},"bbox":[-59.70966141,-31.67828291,-59.70966141,-31.67828291]},{"type":"Feature","id":"gobiernoslocales_2022.2184","geometry":{"type":"MultiPoint","coordinates":[[-59.04043774,-31.66658682]]},"geometry_name":"geom","properties":{"gid":2184,"objeto":"Gobierno local","fna":"Junta Lucas Sur Primero","gna":"Junta","nam":"Lucas Sur Primero","in1":"309940","tgl":"Junta de Gobierno","cod_tgl":"JG4","nam_prov":"Entre Ríos","cod_prov":"30","fdc":"BAHRA","sag":"IGN"},"bbox":[-59.04043774,-31.66658682,-59.04043774,-31.66658682]},{"type":"Feature","id":"gobiernoslocales_2022.2185","geometry":{"type":"MultiPoint","coordinates":[[-58.81670598,-31.52683659]]},"geometry_name":"geom","properties":{"gid":2185,"objeto":"Gobierno local","fna":"Junta Lucas Sur Segundo","gna":"Junta","nam":"Lucas Sur Segundo","in1":"309945","tgl":"Junta de Gobierno","cod_tgl":"JG4","nam_prov":"Entre Ríos","cod_prov":"30","fdc":"BAHRA","sag":"IGN"},"bbox":[-58.81670598,-31.52683659,-58.81670598,-31.52683659]},{"type":"Feature","id":"gobiernoslocales_2022.2186","geometry":{"type":"MultiPoint","coordinates":[[-58.18015826,-32.33275639]]},"geometry_name":"geom","properties":{"gid":2186,"objeto":"Gobierno local","fna":"Junta Colonia San Anselmo y Aledañas","gna":"Junta","nam":"Colonia San Anselmo y Aledañas","in1":"309007","tgl":"Junta de Gobierno","cod_tgl":"JG3","nam_prov":"Entre Ríos","cod_prov":"30","fdc":"BAHRA","sag":"IGN"},"bbox":[-58.18015826,-32.33275639,-58.18015826,-32.33275639]},{"type":"Feature","id":"gobiernoslocales_2022.2187","geometry":{"type":"MultiPoint","coordinates":[[-58.2147453,-30.34020689]]},"geometry_name":"geom","properties":{"gid":2187,"objeto":"Gobierno local","fna":"Junta Colonia Tunas","gna":"Junta","nam":"Colonia Tunas","in1":"309145","tgl":"Junta de Gobierno","cod_tgl":"JG4","nam_prov":"Entre Ríos","cod_prov":"30","fdc":"BAHRA","sag":"IGN"},"bbox":[-58.2147453,-30.34020689,-58.2147453,-30.34020689]},{"type":"Feature","id":"gobiernoslocales_2022.2188","geometry":{"type":"MultiPoint","coordinates":[[-58.90530048,-31.14301541]]},"geometry_name":"geom","properties":{"gid":2188,"objeto":"Gobierno local","fna":"Junta Distrito Diego López","gna":"Junta","nam":"Distrito Diego López","in1":"309195","tgl":"Junta de Gobierno","cod_tgl":"JG4","nam_prov":"Entre Ríos","cod_prov":"30","fdc":"BAHRA","sag":"IGN"},"bbox":[-58.90530048,-31.14301541,-58.90530048,-31.14301541]},{"type":"Feature","id":"gobiernoslocales_2022.2189","geometry":{"type":"MultiPoint","coordinates":[[-59.03039418,-30.27290698]]},"geometry_name":"geom","properties":{"gid":2189,"objeto":"Gobierno local","fna":"Junta Distrito Chañar","gna":"Junta","nam":"Distrito Chañar","in1":"309230","tgl":"Junta de Gobierno","cod_tgl":"JG4","nam_prov":"Entre Ríos","cod_prov":"30","fdc":"BAHRA","sag":"IGN"},"bbox":[-59.03039418,-30.27290698,-59.03039418,-30.27290698]},{"type":"Feature","id":"gobiernoslocales_2022.2190","geometry":{"type":"MultiPoint","coordinates":[[-59.55830674,-32.60243882]]},"geometry_name":"geom","properties":{"gid":2190,"objeto":"Gobierno local","fna":"Junta Distrito Cuarto","gna":"Junta","nam":"Distrito Cuarto","in1":"309275","tgl":"Junta de Gobierno","cod_tgl":"JG4","nam_prov":"Entre Ríos","cod_prov":"30","fdc":"BAHRA","sag":"IGN"},"bbox":[-59.55830674,-32.60243882,-59.55830674,-32.60243882]},{"type":"Feature","id":"gobiernoslocales_2022.2191","geometry":{"type":"MultiPoint","coordinates":[[-59.29249549,-33.04818827]]},"geometry_name":"geom","properties":{"gid":2191,"objeto":"Gobierno local","fna":"Junta Distrito Primero","gna":"Junta","nam":"Distrito Primero","in1":"309280","tgl":"Junta de Gobierno","cod_tgl":"JG3","nam_prov":"Entre Ríos","cod_prov":"30","fdc":"BAHRA","sag":"IGN"},"bbox":[-59.29249549,-33.04818827,-59.29249549,-33.04818827]},{"type":"Feature","id":"gobiernoslocales_2022.2192","geometry":{"type":"MultiPoint","coordinates":[[-59.75925924,-32.70535975]]},"geometry_name":"geom","properties":{"gid":2192,"objeto":"Gobierno local","fna":"Junta Distrito Quinto","gna":"Junta","nam":"Distrito Quinto","in1":"309285","tgl":"Junta de Gobierno","cod_tgl":"JG2","nam_prov":"Entre Ríos","cod_prov":"30","fdc":"BAHRA","sag":"IGN"},"bbox":[-59.75925924,-32.70535975,-59.75925924,-32.70535975]},{"type":"Feature","id":"gobiernoslocales_2022.2193","geometry":{"type":"MultiPoint","coordinates":[[-59.03863466,-32.6368682]]},"geometry_name":"geom","properties":{"gid":2193,"objeto":"Gobierno local","fna":"Junta Costa San Antonio","gna":"Junta","nam":"Costa San Antonio","in1":"309325","tgl":"Junta de Gobierno","cod_tgl":"JG4","nam_prov":"Entre Ríos","cod_prov":"30","fdc":"BAHRA","sag":"IGN"},"bbox":[-59.03863466,-32.6368682,-59.03863466,-32.6368682]},{"type":"Feature","id":"gobiernoslocales_2022.2194","geometry":{"type":"MultiPoint","coordinates":[[-59.17963332,-30.67063936]]},"geometry_name":"geom","properties":{"gid":2194,"objeto":"Gobierno local","fna":"Junta Colonia Oficial N° 13","gna":"Junta","nam":"Colonia Oficial N° 13","in1":"309435","tgl":"Junta de Gobierno","cod_tgl":"JG4","nam_prov":"Entre Ríos","cod_prov":"30","fdc":"BAHRA","sag":"IGN"},"bbox":[-59.17963332,-30.67063936,-59.17963332,-30.67063936]},{"type":"Feature","id":"gobiernoslocales_2022.2195","geometry":{"type":"MultiPoint","coordinates":[[-59.51987534,-32.15932822]]},"geometry_name":"geom","properties":{"gid":2195,"objeto":"Gobierno local","fna":"Junta Distrito Chiqueros","gna":"Junta","nam":"Distrito Chiqueros","in1":"309540","tgl":"Junta de Gobierno","cod_tgl":"JG4","nam_prov":"Entre Ríos","cod_prov":"30","fdc":"BAHRA","sag":"IGN"},"bbox":[-59.51987534,-32.15932822,-59.51987534,-32.15932822]},{"type":"Feature","id":"gobiernoslocales_2022.2196","geometry":{"type":"MultiPoint","coordinates":[[-59.80910623,-32.22497194]]},"geometry_name":"geom","properties":{"gid":2196,"objeto":"Gobierno local","fna":"Junta Don Cristóbal I","gna":"Junta","nam":"Don Cristóbal I","in1":"309545","tgl":"Junta de Gobierno","cod_tgl":"JG2","nam_prov":"Entre Ríos","cod_prov":"30","fdc":"BAHRA","sag":"IGN"},"bbox":[-59.80910623,-32.22497194,-59.80910623,-32.22497194]},{"type":"Feature","id":"gobiernoslocales_2022.2197","geometry":{"type":"MultiPoint","coordinates":[[-59.99046098,-31.46722325]]},"geometry_name":"geom","properties":{"gid":2197,"objeto":"Gobierno local","fna":"Junta Arroyo Corralito","gna":"Junta","nam":"Arroyo Corralito","in1":"309615","tgl":"Junta de Gobierno","cod_tgl":"JG2","nam_prov":"Entre Ríos","cod_prov":"30","fdc":"BAHRA","sag":"IGN"},"bbox":[-59.99046098,-31.46722325,-59.99046098,-31.46722325]},{"type":"Feature","id":"gobiernoslocales_2022.2198","geometry":{"type":"MultiPoint","coordinates":[[-58.33404272,-31.57522721]]},"geometry_name":"geom","properties":{"gid":2198,"objeto":"Gobierno local","fna":"Junta Colonia Oficial Nº 5","gna":"Junta","nam":"Colonia Oficial Nº 5","in1":"309775","tgl":"Junta de Gobierno","cod_tgl":"JG4","nam_prov":"Entre Ríos","cod_prov":"30","fdc":"BAHRA","sag":"IGN"},"bbox":[-58.33404272,-31.57522721,-58.33404272,-31.57522721]},{"type":"Feature","id":"gobiernoslocales_2022.2199","geometry":{"type":"MultiPoint","coordinates":[[-60.32171944,-32.40981492]]},"geometry_name":"geom","properties":{"gid":2199,"objeto":"Gobierno local","fna":"Junta Distrito Pajonal","gna":"Junta","nam":"Distrito Pajonal","in1":"309885","tgl":"Junta de Gobierno","cod_tgl":"JG4","nam_prov":"Entre Ríos","cod_prov":"30","fdc":"BAHRA","sag":"IGN"},"bbox":[-60.32171944,-32.40981492,-60.32171944,-32.40981492]},{"type":"Feature","id":"gobiernoslocales_2022.2200","geometry":{"type":"MultiPoint","coordinates":[[-59.78403217,-32.81862201]]},"geometry_name":"geom","properties":{"gid":2200,"objeto":"Gobierno local","fna":"Junta Distrito Sexto","gna":"Junta","nam":"Distrito Sexto","in1":"302411","tgl":"Comuna","cod_tgl":"CO1","nam_prov":"Entre Ríos","cod_prov":"30","fdc":"BAHRA","sag":"IGN"},"bbox":[-59.78403217,-32.81862201,-59.78403217,-32.81862201]},{"type":"Feature","id":"gobiernoslocales_2022.2303","geometry":{"type":"MultiPoint","coordinates":[[-58.54952096,-31.99383095]]},"geometry_name":"geom","properties":{"gid":2303,"objeto":"Gobierno local","fna":"Junta de Gobierno San Miguel","gna":"Junta de Gobierno","nam":"San Miguel","in1":"309005","tgl":"Junta de Gobierno","cod_tgl":"JG2","nam_prov":"Entre Ríos","cod_prov":"30","fdc":"BAHRA","sag":"IGN"},"bbox":[-58.54952096,-31.99383095,-58.54952096,-31.99383095]}],"totalFeatures":270,"numberMatched":270,"numberReturned":270,"timeStamp":"2026-05-19T16:31:02.050Z","crs":{"type":"name","properties":{"name":"urn:ogc:def:crs:EPSG::4326"}},"bbox":[-60.66984263,-33.74247686,-57.91455271,-30.27290698]}