{"type":"FeatureCollection","features":[{"type":"Feature","id":"provincia.70","geometry":{"type":"MultiPolygon","coordinates":[[[[-58.58534209,-30.15901768],[-58.58448894,-30.15942928],[-58.5830768,-30.15937414],[-58.58200037,-30.1596555],[-58.58100898,-30.15947568],[-58.58011192,-30.15958394],[-58.57944686,-30.15983141],[-58.57895763,-30.15999914],[-58.5789101,-30.16001544],[-58.57890554,-30.160017],[-58.57796518,-30.16000231],[-58.57793992,-30.16000192],[-58.57791568,-30.16000154],[-58.57744521,-30.16014055],[-58.5769747,-30.16004149],[-58.57695453,-30.16004149],[-58.57649881,-30.16004149],[-58.57614189,-30.16027944],[-58.57576313,-30.16056856],[-58.57552537,-30.16078572],[-58.57507127,-30.16097304],[-58.57490912,-30.16109548],[-58.57470609,-30.16124878],[-58.57452087,-30.16138863],[-58.57409502,-30.16171018],[-58.57345538,-30.16252496],[-58.5731984,-30.16269628],[-58.57280638,-30.16294487],[-58.57275939,-30.16297467],[-58.57271338,-30.16302422],[-58.57268324,-30.16305667],[-58.57262019,-30.16312458],[-58.57266302,-30.1632959],[-58.5727808,-30.16348864],[-58.57279151,-30.1635743],[-58.57279151,-30.1637242],[-58.57274868,-30.16388482],[-58.57274868,-30.16407755],[-58.57293071,-30.16419534],[-58.57313588,-30.16437998],[-58.57283434,-30.16454869],[-58.57260948,-30.16477355],[-58.57239533,-30.16493416],[-58.57227755,-30.1651269],[-58.57220259,-30.165416],[-58.57267968,-30.1657063],[-58.57297165,-30.16595854],[-58.57249408,-30.16652602],[-58.57238581,-30.16688175],[-58.57145087,-30.16682255],[-58.5706381,-30.16671162],[-58.56992664,-30.16678895],[-58.56958638,-30.16717561],[-58.56899389,-30.16715407],[-58.56873572,-30.16714468],[-58.56825626,-30.16733028],[-58.56811522,-30.1678131],[-58.56830266,-30.16816547],[-58.56796239,-30.16844387],[-58.56756241,-30.16823575],[-58.56723547,-30.1682892],[-58.56697254,-30.16859853],[-58.56672507,-30.16886146],[-58.56701215,-30.16929671],[-58.56725094,-30.16954199],[-58.5671272,-30.17005238],[-58.56678694,-30.17045451],[-58.56677147,-30.17070197],[-58.56677147,-30.17108864],[-58.56661681,-30.17144437],[-58.56630748,-30.17181556],[-58.56596722,-30.17207849],[-58.56565789,-30.17223316],[-58.56553415,-30.17246515],[-58.56531762,-30.17282088],[-58.5648227,-30.17277448],[-58.56442057,-30.17294462],[-58.56442057,-30.17316115],[-58.56437417,-30.17365607],[-58.56420669,-30.17383992],[-58.56424489,-30.17401871],[-58.56447744,-30.17426528],[-58.56454952,-30.17432518],[-58.56463876,-30.17439936],[-58.56456538,-30.17494457],[-58.5645907,-30.17540379],[-58.56451337,-30.17563579],[-58.56437417,-30.17599152],[-58.56404937,-30.17640911],[-58.56395657,-30.17668751],[-58.56373547,-30.17695599],[-58.56352351,-30.17721337],[-58.56350804,-30.1775227],[-58.56375551,-30.17806403],[-58.56401542,-30.17820743],[-58.56420404,-30.17831149],[-58.5639958,-30.17864453],[-58.56366837,-30.17918799],[-58.56275901,-30.17885751],[-58.56191499,-30.17876002],[-58.5618121,-30.17854489],[-58.56157473,-30.17804856],[-58.56135048,-30.17803706],[-58.56036834,-30.17798669],[-58.55995075,-30.17823416],[-58.55995075,-30.17880642],[-58.55999715,-30.17896108],[-58.55965689,-30.17914668],[-58.55930116,-30.17957974],[-58.55881518,-30.17978223],[-58.55837317,-30.17996641],[-58.55847344,-30.18054311],[-58.55814496,-30.18088661],[-58.55814117,-30.18117279],[-58.55764952,-30.18132968],[-58.55753798,-30.18176052],[-58.55727553,-30.1816375],[-58.55704305,-30.18152852],[-58.55693478,-30.18165225],[-58.55702403,-30.18199198],[-58.55682987,-30.18226564],[-58.5564129,-30.183053],[-58.55623879,-30.18322984],[-58.55603773,-30.18322984],[-58.55591399,-30.18309064],[-58.55584049,-30.18281585],[-58.55502863,-30.18278096],[-58.55453748,-30.18282771],[-58.55442921,-30.18290504],[-58.55427454,-30.18312157],[-58.55415081,-30.1834309],[-58.55388788,-30.18377116],[-58.55387242,-30.18406503],[-58.55390335,-30.18434342],[-58.55379508,-30.18452902],[-58.55365588,-30.18469915],[-58.55362495,-30.18500848],[-58.55348575,-30.18520955],[-58.55314549,-30.18522501],[-58.55252683,-30.18460635],[-58.55224843,-30.18454449],[-58.55196318,-30.18457935],[-58.5519835,-30.18466754],[-58.55164524,-30.18451356],[-58.55164727,-30.18416836],[-58.55162977,-30.1838949],[-58.55143968,-30.18399028],[-58.55105751,-30.18411143],[-58.55079458,-30.18412689],[-58.55051619,-30.1838949],[-58.55017306,-30.18359578],[-58.54887674,-30.1838949],[-58.54869114,-30.18426609],[-58.54801061,-30.18483835],[-58.54742289,-30.18468369],[-58.54666503,-30.18431249],[-58.54594695,-30.18446817],[-58.54594668,-30.1844683],[-58.54594663,-30.18446832],[-58.54594659,-30.18446834],[-58.5453308,-30.18475826],[-58.54470078,-30.18505488],[-58.54371093,-30.18505488],[-58.542984,-30.18497755],[-58.54228801,-30.18417329],[-58.54165388,-30.1836629],[-58.5413359,-30.18364917],[-58.54120536,-30.1839413],[-58.54118989,-30.18435889],[-58.54132909,-30.18499302],[-58.54132909,-30.18533328],[-58.54077229,-30.18539515],[-58.54038563,-30.18550341],[-58.54004537,-30.18579727],[-58.5401227,-30.18602927],[-58.53936484,-30.18599834],[-58.53826672,-30.18595194],[-58.53750886,-30.18571994],[-58.53713767,-30.18584367],[-58.5368438,-30.1861066],[-58.53638234,-30.18618982],[-58.53590035,-30.18627674],[-58.53565288,-30.1865706],[-58.53554462,-30.18687993],[-58.53556008,-30.18737486],[-58.53556779,-30.18755987],[-58.53557555,-30.18774605],[-58.53532809,-30.18790072],[-58.53497236,-30.18785432],[-58.53469868,-30.18770647],[-58.53429183,-30.18751406],[-58.5336287,-30.18787681],[-58.53296171,-30.18773059],[-58.53274518,-30.18783885],[-58.53272877,-30.18816463],[-58.53288438,-30.18834925],[-58.53269878,-30.18856578],[-58.53198835,-30.18847272],[-58.53191367,-30.1885052],[-58.53148011,-30.18869378],[-58.53115213,-30.18909164],[-58.53028601,-30.18921537],[-58.5294587,-30.18915515],[-58.52901776,-30.18946283],[-58.52901776,-30.18967937],[-58.52886309,-30.18988043],[-58.52872389,-30.1898959],[-58.52863109,-30.18963297],[-58.52841456,-30.18963297],[-58.5277031,-30.18950923],[-58.52700711,-30.1893391],[-58.52618739,-30.18926177],[-58.52550686,-30.1894319],[-58.52518206,-30.18964843],[-58.52490367,-30.18981856],[-58.52445514,-30.19000416],[-58.52419221,-30.19048362],[-58.52389835,-30.19070015],[-58.52358902,-30.19085482],[-58.52323329,-30.19087029],[-58.52309409,-30.19091668],[-58.52290849,-30.19111775],[-58.52280022,-30.19141161],[-58.52287756,-30.19184467],[-58.52255276,-30.19207667],[-58.52191863,-30.19227774],[-58.52147011,-30.19246333],[-58.52131544,-30.19244787],[-58.52125515,-30.19229892],[-58.52105251,-30.19179828],[-58.52083598,-30.19164361],[-58.52021732,-30.19165908],[-58.51998532,-30.19173641],[-58.51996986,-30.19198387],[-58.52013999,-30.19210761],[-58.52010142,-30.19247086],[-58.51959124,-30.19296777],[-58.51922746,-30.19305106],[-58.51902537,-30.19356505],[-58.51877964,-30.19385147],[-58.51860928,-30.19405005],[-58.51817574,-30.19388625],[-58.51783548,-30.19391719],[-58.51768779,-30.19447785],[-58.51755708,-30.19482971],[-58.51638059,-30.1951748],[-58.51583165,-30.19550862],[-58.51499283,-30.19605632],[-58.51403487,-30.19648735],[-58.51363025,-30.19658432],[-58.51333473,-30.19685582],[-58.51291713,-30.19697955],[-58.5123495,-30.19691785],[-58.51192728,-30.19721155],[-58.51160248,-30.19739715],[-58.51116805,-30.19731039],[-58.51099929,-30.19756728],[-58.5106827,-30.1975109],[-58.50987023,-30.19736621],[-58.50963824,-30.19722702],[-58.50957637,-30.19731981],[-58.50943717,-30.19762914],[-58.50888038,-30.19804674],[-58.50827718,-30.19844887],[-58.50778226,-30.198851],[-58.50793692,-30.199083],[-58.5084599,-30.19941403],[-58.50816892,-30.19991819],[-58.50796785,-30.20021205],[-58.50804465,-30.20042149],[-58.50805199,-30.2004415],[-58.50770492,-30.20106271],[-58.50713266,-30.20106271],[-58.50637431,-30.20101336],[-58.50637428,-30.20101338],[-58.50637425,-30.20101339],[-58.50556333,-30.20138918],[-58.50536092,-30.20159959],[-58.50507505,-30.20189676],[-58.50493642,-30.20253202],[-58.50471989,-30.20268669],[-58.50430228,-30.20289506],[-58.50408576,-30.20330535],[-58.5035599,-30.20359921],[-58.50287938,-30.20380028],[-58.50238445,-30.20366108],[-58.50227618,-30.20359921],[-58.50170392,-30.20378481],[-58.50148739,-30.20380028],[-58.50117806,-30.20359921],[-58.50071553,-30.20339806],[-58.50021914,-30.20373841],[-58.49950768,-30.20398587],[-58.49891995,-30.20435707],[-58.49846013,-30.20446406],[-58.49814663,-30.20511493],[-58.49825368,-30.20539306],[-58.49847143,-30.20564079],[-58.49853329,-30.20601199],[-58.49788605,-30.2070473],[-58.49656241,-30.20768825],[-58.49579126,-30.20781677],[-58.49539491,-30.20733912],[-58.4950752,-30.20695383],[-58.49478144,-30.20666006],[-58.49423062,-30.20660498],[-58.49274342,-30.20660498],[-58.49208244,-30.20647646],[-58.4912195,-30.20601744],[-58.49043,-30.20601744],[-58.48960377,-30.20621941],[-58.48889567,-30.20648701],[-58.48708164,-30.2057789],[-58.48249104,-30.20582314],[-58.47912268,-30.20555818],[-58.47838076,-30.2050604],[-58.47858747,-30.2042732],[-58.47836714,-30.20414467],[-58.47798157,-30.20414467],[-58.47715311,-30.20423672],[-58.47682486,-30.2042732],[-58.47504389,-30.20484237],[-58.47399734,-30.20520958],[-58.47386882,-30.20493417],[-58.47373185,-30.20421065],[-58.47151012,-30.20357777],[-58.4711331,-30.20291452],[-58.47072917,-30.20284108],[-58.47015999,-30.20304304],[-58.46977442,-30.20335517],[-58.46933377,-30.20418139],[-58.46936864,-30.20454009],[-58.46946229,-30.20550335],[-58.46953574,-30.20634793],[-58.46924197,-30.2065499],[-58.46850755,-30.20621941],[-58.46821209,-30.20533305],[-58.46799345,-30.20467713],[-58.46670822,-30.20467713],[-58.46571675,-30.20520958],[-58.46525774,-30.20552171],[-58.46496397,-30.20577876],[-58.46493087,-30.20636507],[-58.46483545,-30.20805546],[-58.46424791,-30.2080371],[-58.46360529,-30.20757809],[-58.46321875,-30.20708613],[-58.46279743,-30.2065499],[-58.46213645,-30.2064581],[-58.46107154,-30.20693547],[-58.46055745,-30.2072476],[-58.46059417,-30.20779841],[-58.46119945,-30.20835967],[-58.461604,-30.2087348],[-58.46198957,-30.20908365],[-58.46215481,-30.20956102],[-58.46220989,-30.20978135],[-58.46148039,-30.21001855],[-58.46094302,-30.21042397],[-58.46070433,-30.21069937],[-58.46051827,-30.21112004],[-58.46028204,-30.21165412],[-58.45973122,-30.21181937],[-58.45906082,-30.21173932],[-58.45850107,-30.21167248],[-58.45774829,-30.21178264],[-58.45743616,-30.2122233],[-58.45708731,-30.21257215],[-58.4566283,-30.212921],[-58.45695879,-30.21334329],[-58.45746954,-30.21404129],[-58.45760141,-30.21426131],[-58.45745452,-30.21464688],[-58.45709569,-30.2148092],[-58.45589388,-30.21470197],[-58.45543487,-30.21472033],[-58.45499421,-30.21505081],[-58.4544434,-30.21556491],[-58.45405783,-30.21644621],[-58.45355862,-30.21697742],[-58.45345193,-30.21837407],[-58.45315816,-30.218778],[-58.45266243,-30.21945734],[-58.45257063,-30.21997143],[-58.45253391,-30.22037536],[-58.45242374,-30.2208711],[-58.45236866,-30.22136683],[-58.4522146,-30.22214195],[-58.45194637,-30.2225419],[-58.45194637,-30.22312944],[-58.45190965,-30.22401074],[-58.45152675,-30.224856],[-58.44954889,-30.22489689],[-58.44905834,-30.22420146],[-58.44911885,-30.22345993],[-58.44919229,-30.22298255],[-58.44839662,-30.22326338],[-58.44794378,-30.22342321],[-58.44697067,-30.22344157],[-58.44583232,-30.22318452],[-58.44465701,-30.22162414],[-58.44412222,-30.22113237],[-58.44127933,-30.22104683],[-58.43704723,-30.22167495],[-58.43674639,-30.22195393],[-58.43631808,-30.22292593],[-58.43747764,-30.22408245],[-58.43843238,-30.22475128],[-58.43854217,-30.22553988],[-58.4380291,-30.22648941],[-58.43788222,-30.22685662],[-58.43766189,-30.22759104],[-58.43757009,-30.22806842],[-58.43749665,-30.22838054],[-58.43738648,-30.22869267],[-58.43716616,-30.22902316],[-58.43685403,-30.22946381],[-58.43651935,-30.22992492],[-58.43580748,-30.23010643],[-58.43518322,-30.23032676],[-58.43464938,-30.23069447],[-58.43315857,-30.23084713],[-58.42987973,-30.23077998],[-58.42899731,-30.23072418],[-58.42867299,-30.23078186],[-58.42761869,-30.23096938],[-58.42662723,-30.23117134],[-58.42585609,-30.23129987],[-58.42390963,-30.23163076],[-58.41949221,-30.23395286],[-58.41459137,-30.23495642],[-58.41223102,-30.2365308],[-58.41210417,-30.23677378],[-58.4105985,-30.2376526],[-58.40934999,-30.23855227],[-58.40878081,-30.23899292],[-58.40824836,-30.2396539],[-58.40791787,-30.24040668],[-58.40629624,-30.24251631],[-58.40361248,-30.24452595],[-58.40327679,-30.2447819],[-58.40309274,-30.24531224],[-58.40311637,-30.24567958],[-58.40481039,-30.24783715],[-58.40434687,-30.24916604],[-58.40400472,-30.24978737],[-58.40033181,-30.25035616],[-58.39881257,-30.25066431],[-58.39799519,-30.2508301],[-58.39705899,-30.25102],[-58.39546061,-30.25053095],[-58.39383221,-30.25003272],[-58.39090984,-30.24985766],[-58.38704256,-30.25103164],[-58.38519912,-30.25306952],[-58.38418779,-30.25553844],[-58.38392815,-30.25617229],[-58.38284989,-30.25745003],[-58.38108312,-30.25954365],[-58.37876403,-30.26076755],[-58.37616577,-30.26034791],[-58.37605087,-30.26032935],[-58.37378067,-30.25984824],[-58.37164605,-30.26190953],[-58.37132516,-30.26221939],[-58.37130701,-30.26282486],[-58.37108669,-30.26304519],[-58.37044502,-30.26310345],[-58.36978309,-30.2634124],[-58.36977511,-30.26378732],[-58.36976473,-30.26427534],[-58.36974637,-30.26451403],[-58.36932408,-30.26473435],[-58.3686068,-30.26483846],[-58.36794574,-30.26500668],[-58.36655479,-30.26536062],[-58.36419728,-30.26430886],[-58.3617915,-30.26351202],[-58.35742982,-30.26503224],[-58.35474664,-30.26505847],[-58.35192488,-30.26637206],[-58.34950201,-30.26733911],[-58.34946696,-30.2673531],[-58.34942209,-30.26737101],[-58.34885719,-30.26774299],[-58.34862996,-30.26818612],[-58.34862982,-30.26825621],[-58.34862981,-30.26826585],[-58.34862979,-30.2682752],[-58.3486293,-30.26852941],[-58.34862802,-30.26919143],[-58.34862759,-30.26941624],[-58.3482484,-30.27010533],[-58.34795538,-30.27029412],[-58.34645435,-30.2712612],[-58.34372612,-30.27124955],[-58.34287553,-30.270793],[-58.34123696,-30.26991351],[-58.3374704,-30.26886357],[-58.33590184,-30.26842633],[-58.3321787,-30.26795565],[-58.33162312,-30.26774884],[-58.33003773,-30.26715868],[-58.32790143,-30.26615472],[-58.32776017,-30.26604712],[-58.32592889,-30.26465225],[-58.32256207,-30.26258203],[-58.3195398,-30.26014132],[-58.3115021,-30.25538036],[-58.30938467,-30.25412614],[-58.30042319,-30.24794313],[-58.30020044,-30.24778944],[-58.29917264,-30.24718925],[-58.29839931,-30.24677285],[-58.29709061,-30.24647541],[-58.29631728,-30.24617798],[-58.29590088,-30.24599952],[-58.29560344,-30.24599952],[-58.29524653,-30.24599952],[-58.29441371,-30.24599952],[-58.29411628,-30.24599952],[-58.29369988,-30.24570209],[-58.29209374,-30.24582106],[-58.29143939,-30.2461185],[-58.2904876,-30.2461185],[-58.28971428,-30.24594004],[-58.28954448,-30.24583554],[-58.28894095,-30.24546414],[-58.28769174,-30.24516671],[-58.28707816,-30.24501331],[-58.28659287,-30.24489199],[-58.28555022,-30.24463133],[-58.27907201,-30.24778785],[-58.2696073,-30.25239955],[-58.26733729,-30.25350562],[-58.26707939,-30.25363128],[-58.26661,-30.25385999],[-58.26455148,-30.25486301],[-58.26403118,-30.25516986],[-58.26275821,-30.25540546],[-58.26219182,-30.25566794],[-58.26162542,-30.25595804],[-58.26125243,-30.25620671],[-58.2610351,-30.25638057],[-58.26058933,-30.25715991],[-58.25992624,-30.25783682],[-58.25931622,-30.25852175],[-58.25913881,-30.25872094],[-58.25866912,-30.25908012],[-58.2582685,-30.25939786],[-58.25777027,-30.25968127],[-58.25777017,-30.25968133],[-58.25777008,-30.25968138],[-58.25742749,-30.25990978],[-58.2574131,-30.25991937],[-58.25737781,-30.25993541],[-58.25737494,-30.25993671],[-58.25735208,-30.2599471],[-58.25719157,-30.26002006],[-58.25675874,-30.2602168],[-58.25666709,-30.26032373],[-58.25664686,-30.26034733],[-58.25640182,-30.26063321],[-58.25610439,-30.26128756],[-58.25595551,-30.26163496],[-58.25529838,-30.26205024],[-58.2548425,-30.26254756],[-58.25448332,-30.26294818],[-58.25430379,-30.26346136],[-58.25396288,-30.26372651],[-58.25374056,-30.26384667],[-58.25289466,-30.26456448],[-58.25224537,-30.26484077],[-58.25133362,-30.26513087],[-58.25091918,-30.2652552],[-58.25049093,-30.26539335],[-58.25013176,-30.26553149],[-58.25009625,-30.26568956],[-58.24914447,-30.26646289],[-58.24890652,-30.26681981],[-58.24884247,-30.2671721],[-58.24878755,-30.26747416],[-58.24846973,-30.26779197],[-58.2481332,-30.26812851],[-58.2479823,-30.26826569],[-58.24747885,-30.26872337],[-58.24692225,-30.26905603],[-58.24652706,-30.26973465],[-58.24638299,-30.26999877],[-58.24617014,-30.270389],[-58.24615148,-30.27040351],[-58.24563476,-30.2708054],[-58.24506183,-30.27104348],[-58.24478554,-30.27122307],[-58.24438492,-30.27122307],[-58.24409482,-30.27126451],[-58.24391523,-30.27126451],[-58.24362512,-30.27137503],[-58.24329358,-30.27140266],[-58.24301729,-30.27137503],[-58.24267192,-30.27122307],[-58.2424214,-30.27107343],[-58.24167728,-30.2715408],[-58.24145625,-30.27177565],[-58.24124903,-30.27194142],[-58.24057212,-30.27203813],[-58.23980508,-30.27205462],[-58.23938868,-30.27229257],[-58.23873433,-30.27253051],[-58.23838068,-30.27288416],[-58.23836445,-30.27290039],[-58.23825844,-30.2730064],[-58.23784203,-30.27360127],[-58.2370687,-30.27401767],[-58.23659281,-30.27425562],[-58.23640804,-30.27426794],[-58.23570051,-30.27431511],[-58.23504616,-30.27437459],[-58.2344513,-30.27449357],[-58.23349951,-30.27485049],[-58.23260722,-30.27490997],[-58.23183389,-30.27514792],[-58.23123903,-30.27526689],[-58.23034673,-30.27538586],[-58.22975186,-30.27556432],[-58.2291814,-30.27582762],[-58.2287469,-30.27568515],[-58.22844299,-30.27575423],[-58.2281667,-30.27587856],[-58.22755086,-30.2760997],[-58.22683702,-30.27621868],[-58.2258873,-30.27633444],[-58.22499294,-30.27675405],[-58.22392218,-30.276992],[-58.22326783,-30.27681354],[-58.22293748,-30.27700232],[-58.22285143,-30.27705149],[-58.22269896,-30.27733101],[-58.22249451,-30.27770584],[-58.22227265,-30.27791849],[-58.2223127,-30.2780421],[-58.22243502,-30.27841968],[-58.22249451,-30.279193],[-58.22219707,-30.27984735],[-58.22150085,-30.28025348],[-58.22148324,-30.28026376],[-58.2211858,-30.28044222],[-58.22011284,-30.28079652],[-58.21968459,-30.28092085],[-58.2194083,-30.28093467],[-58.21881428,-30.28094848],[-58.21862087,-30.28093467],[-58.21846891,-30.2809623],[-58.21824788,-30.28108663],[-58.21822025,-30.2811557],[-58.21801304,-30.28152869],[-58.21787489,-30.28180498],[-58.21758479,-30.28192931],[-58.21721179,-30.28216416],[-58.2169355,-30.28235756],[-58.21692169,-30.28264766],[-58.21692169,-30.28300684],[-58.21679736,-30.28322787],[-58.21663159,-30.28343509],[-58.21653488,-30.28360087],[-58.21653488,-30.2838219],[-58.2165487,-30.28400149],[-58.21657633,-30.28419489],[-58.21661777,-30.28445736],[-58.21667303,-30.28460932],[-58.21670066,-30.28481654],[-58.2167838,-30.28508217],[-58.21635529,-30.28560397],[-58.21576127,-30.28607366],[-58.21505998,-30.28647205],[-58.21391013,-30.28684727],[-58.21323322,-30.28701305],[-58.21223857,-30.2869716],[-58.21163073,-30.28695779],[-58.21125774,-30.28712356],[-58.21091238,-30.28727552],[-58.21012131,-30.28752112],[-58.20936516,-30.28715119],[-58.20901979,-30.28722027],[-58.20820474,-30.28748274],[-58.20766597,-30.28806295],[-58.20738968,-30.28807676],[-58.20691999,-30.28861553],[-58.20705239,-30.28916236],[-58.2069614,-30.28931741],[-58.2066437,-30.28985884],[-58.20651937,-30.29032853],[-58.2066116,-30.29126877],[-58.20646411,-30.29186194],[-58.20652481,-30.29216741],[-58.20649263,-30.29228004],[-58.20621488,-30.29274296],[-58.20546947,-30.29310524],[-58.2050274,-30.29356112],[-58.20415709,-30.29394793],[-58.20393172,-30.29404875],[-58.20365219,-30.29469421],[-58.20365977,-30.29488731],[-58.20375625,-30.29543282],[-58.20368268,-30.29556157],[-58.20351831,-30.29584923],[-58.2029276,-30.29650361],[-58.20243028,-30.29664176],[-58.2019744,-30.29684897],[-58.20157378,-30.29736011],[-58.20139419,-30.29785743],[-58.20136656,-30.29814754],[-58.20136656,-30.29965332],[-58.20120078,-30.3000125],[-58.20109027,-30.30033023],[-58.20097975,-30.30056508],[-58.20085542,-30.30075848],[-58.2005515,-30.30097951],[-58.19999892,-30.30122817],[-58.19929438,-30.30176694],[-58.19907335,-30.3021123],[-58.19878325,-30.30265107],[-58.19852077,-30.30327272],[-58.19818922,-30.30388056],[-58.19800963,-30.3042121],[-58.19776097,-30.30444695],[-58.19747087,-30.30454365],[-58.19684922,-30.30472324],[-58.19668344,-30.3048752],[-58.19639334,-30.30549685],[-58.19621375,-30.30589747],[-58.19619993,-30.30610469],[-58.19604798,-30.30635335],[-58.1959789,-30.30656057],[-58.19567498,-30.30716841],[-58.19548158,-30.30758284],[-58.19535725,-30.30780387],[-58.19523292,-30.30796965],[-58.19508096,-30.30812161],[-58.19507379,-30.30812758],[-58.19474941,-30.3083979],[-58.19459745,-30.30852223],[-58.19422446,-30.30877089],[-58.19405869,-30.30908862],[-58.19389291,-30.30943399],[-58.1938791,-30.30962739],[-58.19383765,-30.30975172],[-58.19385147,-30.30991749],[-58.19400046,-30.31042343],[-58.19435738,-30.31179162],[-58.19435738,-30.31304083],[-58.19436261,-30.31355071],[-58.19433498,-30.31381318],[-58.19424878,-30.3141453],[-58.19455601,-30.31494597],[-58.19462508,-30.31537422],[-58.19424646,-30.31579404],[-58.19404487,-30.31616165],[-58.19372714,-30.31672804],[-58.19350611,-30.31728062],[-58.19317456,-30.3178332],[-58.19305023,-30.31805424],[-58.19285682,-30.31837197],[-58.19288445,-30.31878641],[-58.1928292,-30.31910414],[-58.19289827,-30.31939424],[-58.19299497,-30.31980868],[-58.19295353,-30.32044415],[-58.19260816,-30.32117631],[-58.19238713,-30.32168745],[-58.19252393,-30.32204523],[-58.19256672,-30.32215714],[-58.19263579,-30.32262684],[-58.19259435,-30.32294457],[-58.19239433,-30.3233858],[-58.19212466,-30.32398066],[-58.19195888,-30.32450561],[-58.19198651,-30.32496149],[-58.19239433,-30.32547352],[-58.19281073,-30.32583044],[-58.19284301,-30.32619098],[-58.19272944,-30.32631818],[-58.19259617,-30.32646745],[-58.19241476,-30.32700603],[-58.19241476,-30.32811119],[-58.1923595,-30.32845656],[-58.19241476,-30.32884336],[-58.19316742,-30.32937927],[-58.19323138,-30.32955258],[-58.19348136,-30.33022991],[-58.19334071,-30.33074732],[-58.19303641,-30.33092935],[-58.19247002,-30.33099843],[-58.19185895,-30.33094628],[-58.19096424,-30.33117801],[-58.19078465,-30.3313576],[-58.19072939,-30.33157864],[-58.19081653,-30.33201318],[-58.19117146,-30.33271142],[-58.19122619,-30.33293295],[-58.19130121,-30.33323661],[-58.19144254,-30.33344471],[-58.19177929,-30.33381658],[-58.1919727,-30.33405143],[-58.19209703,-30.33425865],[-58.19220754,-30.33441061],[-58.19225375,-30.33486055],[-58.1920694,-30.33526711],[-58.19194959,-30.33562831],[-58.19088135,-30.3356401],[-58.19037021,-30.33568154],[-58.19002485,-30.33579206],[-58.18882299,-30.33576443],[-58.18820134,-30.33570917],[-58.18770402,-30.3358335],[-58.18716525,-30.33627557],[-58.18705473,-30.33680052],[-58.18699948,-30.33727021],[-58.18709618,-30.3376432],[-58.18752801,-30.33789567],[-58.18791123,-30.33823723],[-58.18800793,-30.33867929],[-58.18805181,-30.33939336],[-58.18784216,-30.34015744],[-58.18733797,-30.34052361],[-58.1866403,-30.34083435],[-58.18612916,-30.3411659],[-58.18537492,-30.34195129],[-58.185018,-30.34260564],[-58.18448262,-30.34290307],[-58.18397276,-30.34324297],[-58.18291038,-30.34368014],[-58.18274461,-30.34381828],[-58.18253739,-30.34420509],[-58.18256238,-30.34468709],[-58.18265257,-30.34537009],[-58.18275751,-30.34557996],[-58.18275751,-30.34611534],[-58.18246008,-30.34671021],[-58.18219653,-30.34732515],[-58.18221352,-30.34827331],[-58.18228162,-30.34861378],[-58.18228162,-30.34903018],[-58.18158419,-30.34930264],[-58.1812112,-30.34931646],[-58.18079676,-30.3495513],[-58.18072769,-30.34966182],[-58.18091343,-30.350021],[-58.18129409,-30.35035254],[-58.18144605,-30.35058739],[-58.18138932,-30.35099324],[-58.18136316,-30.35137482],[-58.18071692,-30.35179053],[-58.18009222,-30.35184451],[-58.1795949,-30.35201029],[-58.17929098,-30.35210699],[-58.17908377,-30.35232802],[-58.17893181,-30.3527839],[-58.17877985,-30.35310163],[-58.17872459,-30.35346081],[-58.178545,-30.35372328],[-58.17848974,-30.35398576],[-58.17846211,-30.35420679],[-58.17861622,-30.35481013],[-58.1787384,-30.35506329],[-58.1787384,-30.35527051],[-58.17849712,-30.35579204],[-58.17817201,-30.35619608],[-58.17775757,-30.35661051],[-58.17760561,-30.35684536],[-58.17745365,-30.35720454],[-58.17755036,-30.35756372],[-58.17763324,-30.35815774],[-58.17782883,-30.35880193],[-58.17776064,-30.35914289],[-58.17748195,-30.35974672],[-58.17681819,-30.36010558],[-58.1761689,-30.3603128],[-58.17500621,-30.36084117],[-58.17490571,-30.36086094],[-58.17462168,-30.36154229],[-58.1737625,-30.36189971],[-58.17283961,-30.3623159],[-58.1724528,-30.36256457],[-58.17219033,-30.3627856],[-58.17223177,-30.36324148],[-58.17252583,-30.3639613],[-58.17263239,-30.36431901],[-58.17216839,-30.3651095],[-58.17204993,-30.36532949],[-58.17156868,-30.36590768],[-58.17127857,-30.36634974],[-58.17122878,-30.36693381],[-58.17097954,-30.36728663],[-58.17038063,-30.3682147],[-58.16973383,-30.36863457],[-58.1696358,-30.36874065],[-58.16831485,-30.36990358],[-58.16728618,-30.37060461],[-58.16681649,-30.37118482],[-58.16594617,-30.37230379],[-58.16553174,-30.3725939],[-58.16525545,-30.37273204],[-58.16495153,-30.37293926],[-58.16477194,-30.37324318],[-58.16471668,-30.37387864],[-58.16460909,-30.37493976],[-58.16403773,-30.37563069],[-58.16267214,-30.37631],[-58.16207811,-30.37665536],[-58.16189852,-30.37701454],[-58.1616313,-30.37755333],[-58.16033748,-30.37805062],[-58.15974346,-30.37825784],[-58.15932903,-30.37856176],[-58.15899748,-30.37887949],[-58.1585416,-30.37925249],[-58.15833438,-30.37947352],[-58.15815479,-30.37969455],[-58.15809953,-30.38005373],[-58.15804881,-30.38071735],[-58.15821005,-30.381076],[-58.15811335,-30.38140755],[-58.15798902,-30.38165621],[-58.15764366,-30.38194631],[-58.15746407,-30.3821259],[-58.15695788,-30.38238726],[-58.15651271,-30.38296917],[-58.15656612,-30.38367313],[-58.15652468,-30.3840323],[-58.15642798,-30.38441911],[-58.15591684,-30.38476447],[-58.15512942,-30.38505458],[-58.15463209,-30.38512365],[-58.15439725,-30.38533087],[-58.15374797,-30.38610448],[-58.1534026,-30.3866985],[-58.15298817,-30.38737541],[-58.15241938,-30.38793437],[-58.15209023,-30.38885357],[-58.15177249,-30.38919893],[-58.1513028,-30.38948903],[-58.15067539,-30.38988829],[-58.15008712,-30.39026264],[-58.14975557,-30.39071852],[-58.14975557,-30.39099481],[-58.1497832,-30.39132636],[-58.15000424,-30.39192039],[-58.15012857,-30.39221049],[-58.15026671,-30.39243152],[-58.15028053,-30.39262492],[-58.15026671,-30.39287359],[-58.15014238,-30.39312225],[-58.15007331,-30.39328802],[-58.14946547,-30.39371627],[-58.14916434,-30.39442204],[-58.14902341,-30.39475236],[-58.14803848,-30.39511344],[-58.14722752,-30.39538783],[-58.14696505,-30.39577463],[-58.14643077,-30.39649871],[-58.14623288,-30.39701794],[-58.14585503,-30.39722536],[-58.14569411,-30.3973633],[-58.14573555,-30.39763959],[-58.14639865,-30.39805402],[-58.14661389,-30.39806837],[-58.14681309,-30.39808165],[-58.14695123,-30.39835794],[-58.14674401,-30.39857898],[-58.14627369,-30.39884394],[-58.14562504,-30.39909011],[-58.14539019,-30.39928352],[-58.14532112,-30.39955981],[-58.14547122,-30.39986714],[-58.14554215,-30.40043012],[-58.1449205,-30.40083074],[-58.14434621,-30.40098718],[-58.1424596,-30.40214645],[-58.14157739,-30.40240559],[-58.14125966,-30.40255755],[-58.14109388,-30.40291673],[-58.14085903,-30.40331735],[-58.14078996,-30.4037456],[-58.14084522,-30.40388375],[-58.14106625,-30.40399426],[-58.14131491,-30.40409096],[-58.14154976,-30.40407715],[-58.14171553,-30.40406333],[-58.14181224,-30.40404952],[-58.14213528,-30.40386651],[-58.14268255,-30.40396663],[-58.14273781,-30.40420148],[-58.14273781,-30.40431199],[-58.14269636,-30.40458828],[-58.14251677,-30.40483695],[-58.14239244,-30.40509942],[-58.14228193,-30.40523757],[-58.14199182,-30.40543097],[-58.14181224,-30.40551386],[-58.14167409,-30.40558293],[-58.14117643,-30.40572084],[-58.14016516,-30.40625622],[-58.1390944,-30.40637519],[-58.13891978,-30.40637519],[-58.13867799,-30.40637519],[-58.1377857,-30.40637519],[-58.13719083,-30.4063157],[-58.13700661,-30.40628939],[-58.13635802,-30.40619673],[-58.13582264,-30.40601827],[-58.13573687,-30.40602607],[-58.13516829,-30.40607776],[-58.13441103,-30.4057214],[-58.13415702,-30.40560187],[-58.13359734,-30.40509789],[-58.13323343,-30.40468499],[-58.13274992,-30.40462973],[-58.13233549,-30.4046021],[-58.13197631,-30.40442251],[-58.13156187,-30.40429818],[-58.13107837,-30.40424292],[-58.13052579,-30.40425674],[-58.12966929,-30.40432581],[-58.12943444,-30.40418766],[-58.12902001,-30.40427055],[-58.12855031,-30.40433962],[-58.12799773,-30.40446395],[-58.1277767,-30.40468499],[-58.1275833,-30.4048922],[-58.12732082,-30.40503035],[-58.12712742,-30.40508561],[-58.12674061,-30.40512705],[-58.12651958,-30.40516849],[-58.12611896,-30.4052652],[-58.12589793,-30.40534808],[-58.12566308,-30.40548623],[-58.12541442,-30.40585922],[-58.1253039,-30.4062184],[-58.12504808,-30.4068475],[-58.1249171,-30.40696438],[-58.12462699,-30.40721304],[-58.12407441,-30.40747552],[-58.12393627,-30.40747552],[-58.12350701,-30.40759802],[-58.12332843,-30.40769655],[-58.1230107,-30.40775181],[-58.12251337,-30.40794521],[-58.12227853,-30.40816624],[-58.12190279,-30.40857619],[-58.12130793,-30.40952798],[-58.12055171,-30.40990687],[-58.11988862,-30.41008646],[-58.11897686,-30.41034893],[-58.11874529,-30.41072007],[-58.11827412,-30.41095565],[-58.11773874,-30.41137206],[-58.11712572,-30.41153698],[-58.11689087,-30.41166131],[-58.11675273,-30.41186853],[-58.11675273,-30.41206193],[-58.11688853,-30.41246021],[-58.11694613,-30.41268358],[-58.11693231,-30.4128908],[-58.11669747,-30.41301513],[-58.11625157,-30.4129782],[-58.11582715,-30.41271121],[-58.11523313,-30.41244874],[-58.11465292,-30.41239348],[-58.11433519,-30.41249018],[-58.11397601,-30.41262833],[-58.11068245,-30.41429285],[-58.11030292,-30.41446536],[-58.10982703,-30.41476279],[-58.10916491,-30.41504656],[-58.1085331,-30.41468669],[-58.10788382,-30.41385782],[-58.10742794,-30.41338812],[-58.10684773,-30.41344338],[-58.10622607,-30.41389926],[-58.10521762,-30.41467287],[-58.104444,-30.415557],[-58.10380854,-30.41598525],[-58.10304874,-30.41655164],[-58.1025376,-30.41699371],[-58.10242709,-30.41720093],[-58.10237051,-30.41789933],[-58.10231657,-30.41816794],[-58.10212317,-30.41856856],[-58.10169492,-30.41899681],[-58.10126667,-30.41928692],[-58.10100419,-30.41941125],[-58.10047924,-30.41957702],[-58.0999681,-30.41965991],[-58.09936027,-30.41981187],[-58.09909779,-30.41986713],[-58.09834376,-30.41979232],[-58.09818603,-30.41960465],[-58.09802026,-30.41957702],[-58.09757766,-30.41966982],[-58.09716376,-30.41975661],[-58.09674933,-30.41954939],[-58.09638308,-30.41928377],[-58.09556364,-30.41937764],[-58.09503633,-30.41956321],[-58.09502251,-30.41990857],[-58.09537621,-30.42029284],[-58.09543129,-30.42041401],[-58.09540532,-30.42077761],[-58.09494601,-30.42151295],[-58.09489074,-30.42155115],[-58.09406931,-30.42211889],[-58.0935858,-30.42232611],[-58.09257594,-30.42219861],[-58.09190044,-30.42195312],[-58.09141693,-30.422036],[-58.09076765,-30.42233992],[-58.0906295,-30.42278199],[-58.0909251,-30.4228978],[-58.09087416,-30.42303025],[-58.09074002,-30.42351415],[-58.09056043,-30.42388715],[-58.09047754,-30.42403911],[-58.09006311,-30.42403911],[-58.08948264,-30.42392372],[-58.08893032,-30.42372137],[-58.08889167,-30.42369443],[-58.08847444,-30.42340364],[-58.08832248,-30.42321024],[-58.08806,-30.42321024],[-58.08756268,-30.42315498],[-58.08716206,-30.42296157],[-58.08696866,-30.42276817],[-58.08680288,-30.42261621],[-58.08667855,-30.42251951],[-58.08630556,-30.42258858],[-58.08612597,-30.42265766],[-58.08600164,-30.42275436],[-58.0857668,-30.42296157],[-58.08569772,-30.42309972],[-58.08550432,-30.42330694],[-58.08524184,-30.42337601],[-58.08513133,-30.42340364],[-58.08478597,-30.42340364],[-58.08430246,-30.4234589],[-58.08401235,-30.42366611],[-58.08392947,-30.42387333],[-58.08388802,-30.42398385],[-58.08369462,-30.42408055],[-58.08332163,-30.42421869],[-58.0831871,-30.42419584],[-58.08221647,-30.42354178],[-58.08182966,-30.42338982],[-58.08141523,-30.42285106],[-58.08123564,-30.42267147],[-58.08083502,-30.42261621],[-58.08068306,-30.42275436],[-58.08050347,-30.42301683],[-58.08035151,-30.42319642],[-58.08008903,-30.42359704],[-58.07968841,-30.42363848],[-58.07960553,-30.4235556],[-58.07942594,-30.42318261],[-58.07924635,-30.42290632],[-58.07895625,-30.42286487],[-58.07867996,-30.42307209],[-58.07848655,-30.42325168],[-58.07816882,-30.42325168],[-58.07782346,-30.42305828],[-58.0776715,-30.42286487],[-58.07739521,-30.42290632],[-58.07722943,-30.42300302],[-58.07707747,-30.42318261],[-58.07670448,-30.42337601],[-58.07651108,-30.42334838],[-58.07641438,-30.42354178],[-58.07631768,-30.42380426],[-58.07594468,-30.42398385],[-58.07561314,-30.42399766],[-58.07544736,-30.42421869],[-58.07506056,-30.42442591],[-58.07483952,-30.42461931],[-58.07469403,-30.42492557],[-58.07468199,-30.42493039],[-58.07437306,-30.42505396],[-58.07420834,-30.42502401],[-58.07398302,-30.42525478],[-58.07383308,-30.42527977],[-58.07365148,-30.42531004],[-58.07328127,-30.42497873],[-58.07257494,-30.42518659],[-58.07258776,-30.4255587],[-58.07280879,-30.42590406],[-58.07283642,-30.42624943],[-58.07280879,-30.4266086],[-58.07258776,-30.42689871],[-58.07231147,-30.42716118],[-58.07141019,-30.42770849],[-58.07131611,-30.42801427],[-58.07153786,-30.42873604],[-58.07159312,-30.42926099],[-58.07152404,-30.42952346],[-58.07147769,-30.42958835],[-58.07131683,-30.42981357],[-58.07093564,-30.43030815],[-58.07089523,-30.43063252],[-58.07089009,-30.43067375],[-58.07092557,-30.43084887],[-58.07094159,-30.43092798],[-58.0711013,-30.43171645],[-58.07157719,-30.43272772],[-58.07145822,-30.43350105],[-58.07133925,-30.43391745],[-58.071222,-30.43405145],[-58.07074809,-30.43433509],[-58.07040957,-30.43444643],[-58.0701543,-30.43406916],[-58.06980638,-30.43359577],[-58.06946611,-30.43370404],[-58.06937331,-30.4338123],[-58.06915678,-30.43410617],[-58.06909492,-30.43443096],[-58.06903305,-30.43467843],[-58.06889385,-30.43489496],[-58.06875465,-30.43518882],[-58.06863092,-30.43532802],[-58.06847626,-30.43552908],[-58.06867505,-30.43591461],[-58.06906398,-30.43613228],[-58.06946233,-30.43620279],[-58.06991464,-30.43586935],[-58.0703941,-30.43568375],[-58.0706261,-30.43566828],[-58.07082716,-30.43579202],[-58.07088903,-30.43611681],[-58.07105916,-30.43627148],[-58.07121383,-30.43634881],[-58.07144582,-30.43636428],[-58.07181702,-30.43639521],[-58.07207995,-30.43639521],[-58.07237381,-30.43644161],[-58.07255941,-30.43658081],[-58.07265221,-30.43658081],[-58.07283781,-30.43630241],[-58.07300794,-30.43613228],[-58.07333274,-30.43594668],[-58.0738122,-30.43582295],[-58.07392046,-30.43590028],[-58.07401326,-30.43597761],[-58.07427619,-30.43634881],[-58.07441539,-30.43661174],[-58.07457006,-30.43673547],[-58.07487939,-30.43675094],[-58.07501859,-30.43670454],[-58.07518872,-30.43678187],[-58.07518872,-30.4370448],[-58.07535885,-30.43758613],[-58.07518872,-30.43880798],[-58.07515778,-30.43919464],[-58.07511138,-30.43961224],[-58.07433005,-30.43993605],[-58.07417747,-30.44029719],[-58.07418339,-30.44066396],[-58.07401326,-30.44106609],[-58.07371821,-30.44138417],[-58.07378506,-30.4420447],[-58.07380721,-30.44226359],[-58.07384396,-30.44261394],[-58.07384397,-30.44261397],[-58.07384397,-30.44261399],[-58.07387214,-30.44332866],[-58.07388921,-30.44390512],[-58.07433806,-30.44403566],[-58.07483299,-30.44338607],[-58.07515778,-30.442953],[-58.07565271,-30.44253541],[-58.07608577,-30.44238074],[-58.07647244,-30.44241168],[-58.07675083,-30.44245808],[-58.07729216,-30.44230341],[-58.07758602,-30.44247354],[-58.07780255,-30.44264367],[-58.07789535,-30.44324687],[-58.07784895,-30.44372633],[-58.07723433,-30.44382653],[-58.0772343,-30.44382657],[-58.07723429,-30.44382659],[-58.07690515,-30.44434614],[-58.07701376,-30.44474712],[-58.07649797,-30.44475586],[-58.07610124,-30.44476258],[-58.07568176,-30.4451604],[-58.07551385,-30.44574171],[-58.07535885,-30.4462783],[-58.07550331,-30.44700449],[-58.07550331,-30.44742089],[-58.07501859,-30.44760842],[-58.07461646,-30.44753109],[-58.07409637,-30.4472611],[-58.07346749,-30.4468431],[-58.07312615,-30.4468874],[-58.0727469,-30.44723927],[-58.07265347,-30.44754242],[-58.07289967,-30.44805695],[-58.07296154,-30.44862921],[-58.07243213,-30.44880368],[-58.07206448,-30.44884574],[-58.07186342,-30.44896947],[-58.07143036,-30.4491396],[-58.07129116,-30.44929427],[-58.07157719,-30.45027625],[-58.07162705,-30.45077484],[-58.07163668,-30.45087111],[-58.07175565,-30.45122803],[-58.0718283,-30.45151862],[-58.07234288,-30.45196997],[-58.07299247,-30.45231023],[-58.07336367,-30.45263503],[-58.0741946,-30.45253673],[-58.07419886,-30.45221743],[-58.07379673,-30.45189264],[-58.0733946,-30.45159877],[-58.07331727,-30.45113478],[-58.07345647,-30.45090278],[-58.07379673,-30.45090278],[-58.07452366,-30.45118118],[-58.07509592,-30.45149051],[-58.07525058,-30.45189264],[-58.07531245,-30.4520473],[-58.07560631,-30.45235663],[-58.07599613,-30.45247729],[-58.0762559,-30.4525577],[-58.07670443,-30.4525577],[-58.0769983,-30.45229477],[-58.07736643,-30.45203165],[-58.07766809,-30.45216724],[-58.07815828,-30.45238757],[-58.07843668,-30.45282063],[-58.07854495,-30.45319182],[-58.07865321,-30.45339289],[-58.07911721,-30.45461474],[-58.07951934,-30.45512514],[-58.07935377,-30.45545191],[-58.07900894,-30.4556974],[-58.07859135,-30.45586753],[-58.07814282,-30.45588299],[-58.07772288,-30.45612626],[-58.07763242,-30.45654805],[-58.07711119,-30.45704212],[-58.0770447,-30.45798644],[-58.07721483,-30.4585587],[-58.07736949,-30.45902269],[-58.07735403,-30.45933202],[-58.07672072,-30.45961492],[-58.07590018,-30.45911549],[-58.07528343,-30.4590244],[-58.07478659,-30.45964135],[-58.07463192,-30.46047654],[-58.07426691,-30.46106987],[-58.07426677,-30.46223189],[-58.07450252,-30.46232802],[-58.07510135,-30.46257219],[-58.07602391,-30.46242532],[-58.07631777,-30.46265732],[-58.07654977,-30.46285838],[-58.0766735,-30.46327598],[-58.07678673,-30.46377997],[-58.07679723,-30.46406477],[-58.07650337,-30.46435863],[-58.0762362,-30.46432523],[-58.07588471,-30.4642813],[-58.07577644,-30.46426584],[-58.07563724,-30.46435863],[-58.07557538,-30.46452877],[-58.07549828,-30.46491757],[-58.07556279,-30.46510247],[-58.07575126,-30.46564262],[-58.07615766,-30.46568326],[-58.07645697,-30.46548769],[-58.0769519,-30.46537942],[-58.07740043,-30.46545676],[-58.07734739,-30.46580223],[-58.0768591,-30.46616821],[-58.07660246,-30.46669722],[-58.07651458,-30.46752734],[-58.07644098,-30.46778054],[-58.07616963,-30.46804195],[-58.07586924,-30.46768393],[-58.07501859,-30.46807059],[-58.0746418,-30.46839374],[-58.07418339,-30.46814793],[-58.07389059,-30.4682544],[-58.07333274,-30.46845726],[-58.07269861,-30.46837992],[-58.07247199,-30.46824046],[-58.07209542,-30.46800873],[-58.07163142,-30.46814793],[-58.07144582,-30.46862739],[-58.07147676,-30.46926151],[-58.07127976,-30.46996629],[-58.0709872,-30.47034244],[-58.07086336,-30.47050166],[-58.0706849,-30.47085858],[-58.07076146,-30.47116485],[-58.07138396,-30.47144229],[-58.07169329,-30.47150416],[-58.07166236,-30.47192175],[-58.07153862,-30.47216922],[-58.07099314,-30.47257838],[-58.06985278,-30.47317454],[-58.06960531,-30.47334467],[-58.06948158,-30.47376226],[-58.06948158,-30.47387053],[-58.06963624,-30.47402519],[-58.06999789,-30.47410556],[-58.07019304,-30.47414893],[-58.07019304,-30.47441186],[-58.06999197,-30.47456652],[-58.06962078,-30.47487585],[-58.06954345,-30.47515425],[-58.06968264,-30.47538625],[-58.06968264,-30.47543265],[-58.06915678,-30.47546358],[-58.06876925,-30.47567423],[-58.06893871,-30.47629349],[-58.06884745,-30.4767937],[-58.06908405,-30.47682456],[-58.06955891,-30.4768865],[-58.06955891,-30.47744329],[-58.07017757,-30.47752062],[-58.07079623,-30.47781449],[-58.07116743,-30.47823208],[-58.07142415,-30.47894318],[-58.07180155,-30.47903634],[-58.07183604,-30.47950265],[-58.07181702,-30.47990246],[-58.07192529,-30.48024273],[-58.07248191,-30.48037995],[-58.07295391,-30.48051032],[-58.073441,-30.48064486],[-58.07348076,-30.48126872],[-58.0737194,-30.48155738],[-58.07379673,-30.48177391],[-58.07355951,-30.48176875],[-58.07308527,-30.48175844],[-58.07252848,-30.48208324],[-58.07187889,-30.48243897],[-58.07180748,-30.48276355],[-58.07170875,-30.48321229],[-58.07149222,-30.48355256],[-58.07113649,-30.48423308],[-58.07079268,-30.48393334],[-58.0705333,-30.48370722],[-58.06989917,-30.48387735],[-58.06965171,-30.48427948],[-58.06956369,-30.4850277],[-58.06952798,-30.4853312],[-58.06929598,-30.4854704],[-58.06903305,-30.485424],[-58.06852609,-30.48508106],[-58.06798133,-30.48471254],[-58.06762596,-30.4850356],[-58.06696054,-30.48564053],[-58.0669232,-30.48581978],[-58.06682257,-30.48630291],[-58.06721699,-30.4870986],[-58.06740907,-30.48734185],[-58.06723894,-30.48779038],[-58.066788,-30.48801303],[-58.06624908,-30.48819251],[-58.06615628,-30.48876477],[-58.06597068,-30.4889349],[-58.06613634,-30.48940214],[-58.06620268,-30.49015675],[-58.06614082,-30.49062075],[-58.06554796,-30.49065633],[-58.06440857,-30.49117754],[-58.06403737,-30.49139407],[-58.06380834,-30.49168723],[-58.06365071,-30.491889],[-58.06368329,-30.49209638],[-58.06373106,-30.49240043],[-58.06269179,-30.49413164],[-58.06216593,-30.49420897],[-58.06172876,-30.4939769],[-58.06170193,-30.49325005],[-58.0613462,-30.49280152],[-58.06094407,-30.49264686],[-58.05987688,-30.49263139],[-58.05939742,-30.49286339],[-58.05890033,-30.49340651],[-58.05823744,-30.49342018],[-58.05795904,-30.49352845],[-58.05789717,-30.49371404],[-58.05831477,-30.49416257],[-58.05838194,-30.49451971],[-58.05838191,-30.49451978],[-58.05838188,-30.49451984],[-58.05816308,-30.49504938],[-58.05828384,-30.49549269],[-58.0583921,-30.49586389],[-58.05805184,-30.49618868],[-58.05777593,-30.49641904],[-58.05777455,-30.49720368],[-58.05814663,-30.49752965],[-58.0586705,-30.49767347],[-58.05938196,-30.49809106],[-58.05949022,-30.49853959],[-58.05947476,-30.49918918],[-58.05927369,-30.49952945],[-58.05925823,-30.49990064],[-58.0594835,-30.50088227],[-58.05953647,-30.50095597],[-58.05985878,-30.50140449],[-58.06009296,-30.50173037],[-58.06057216,-30.50191057],[-58.06086674,-30.50194222],[-58.06119154,-30.50172569],[-58.06104808,-30.50137517],[-58.06143095,-30.50118373],[-58.06195356,-30.50100228],[-58.06230512,-30.50055024],[-58.06280005,-30.50033371],[-58.06310938,-30.50039557],[-58.06329442,-30.50046286],[-58.06332178,-30.50070613],[-58.06318959,-30.50089928],[-58.06324908,-30.50149414],[-58.06310938,-30.50211235],[-58.06326483,-30.50271798],[-58.06343418,-30.50300941],[-58.06358884,-30.5035198],[-58.06349605,-30.50406113],[-58.06317125,-30.50429313],[-58.06278459,-30.50429313],[-58.06252166,-30.5041694],[-58.06222779,-30.503659],[-58.06197242,-30.50351145],[-58.0615318,-30.50325687],[-58.06133074,-30.50330327],[-58.061207,-30.5034734],[-58.06080487,-30.5038446],[-58.06065021,-30.5040302],[-58.06074157,-30.50467416],[-58.06071034,-30.50529744],[-58.06089767,-30.50568511],[-58.06117288,-30.50572351],[-58.06156273,-30.50577791],[-58.06193393,-30.50604084],[-58.06228966,-30.50644297],[-58.06230512,-30.50673683],[-58.06190135,-30.50747236],[-58.06188279,-30.50776933],[-58.0618811,-30.50779638],[-58.06188089,-30.50779971],[-58.06187918,-30.50780399],[-58.06172937,-30.50817852],[-58.0616565,-30.50836069],[-58.06164295,-30.50839458],[-58.06160675,-30.50841268],[-58.06157774,-30.50842718],[-58.06038728,-30.50845362],[-58.06012435,-30.50863921],[-58.06019899,-30.5089462],[-58.06034088,-30.50942801],[-58.06010888,-30.5099384],[-58.05989383,-30.51037327],[-58.06007795,-30.51128398],[-58.06010888,-30.51202638],[-58.06023261,-30.51227384],[-58.06021715,-30.51262957],[-58.05958302,-30.51369676],[-58.05945929,-30.51395969],[-58.06086674,-30.51508874],[-58.06177926,-30.5157074],[-58.06210406,-30.51609407],[-58.06275527,-30.51710546],[-58.06302432,-30.51734405],[-58.06349605,-30.51734685],[-58.06382084,-30.51751698],[-58.06408377,-30.51793458],[-58.06408377,-30.51835217],[-58.0643003,-30.51864604],[-58.06454777,-30.51901723],[-58.0646715,-30.51924923],[-58.06468697,-30.51975962],[-58.06464057,-30.52030095],[-58.0647179,-30.52064122],[-58.06497718,-30.52102591],[-58.06561496,-30.52093508],[-58.06593975,-30.52116708],[-58.06566135,-30.521894],[-58.06535202,-30.52254359],[-58.06524376,-30.52327052],[-58.06522829,-30.52357985],[-58.06525942,-30.52436673],[-58.06576138,-30.52475361],[-58.06640375,-30.5248481],[-58.06713067,-30.52456971],[-58.06766062,-30.52416925],[-58.06788853,-30.52398198],[-58.06816879,-30.52401289],[-58.06944278,-30.52415341],[-58.06999197,-30.52421398],[-58.07017757,-30.52438411],[-58.07022397,-30.5249873],[-58.07028584,-30.52577609],[-58.07022397,-30.52608542],[-58.06993011,-30.52634835],[-58.06972904,-30.52661128],[-58.06972904,-30.52707528],[-58.0702085,-30.5277094],[-58.07037864,-30.52828166],[-58.07016211,-30.52868379],[-58.06885925,-30.5296118],[-58.06675948,-30.52959632],[-58.06586401,-30.52970147],[-58.06498083,-30.52933339],[-58.0647179,-30.52934885],[-58.06459417,-30.52945712],[-58.06461103,-30.5304537],[-58.0644395,-30.53143683],[-58.0641147,-30.53219469],[-58.06405284,-30.53265868],[-58.06351151,-30.53360214],[-58.06307143,-30.53456277],[-58.06281552,-30.53521065],[-58.06281552,-30.53564372],[-58.06299901,-30.53623135],[-58.06318489,-30.5364803],[-58.06340325,-30.53677277],[-58.06375898,-30.53681917],[-58.06538217,-30.53650509],[-58.0661283,-30.5365348],[-58.06666668,-30.53655624],[-58.06782666,-30.53732956],[-58.06825973,-30.53773169],[-58.06839892,-30.53807196],[-58.06853812,-30.53856688],[-58.06850719,-30.53906181],[-58.06819786,-30.53930928],[-58.0677986,-30.53936025],[-58.06747093,-30.53940208],[-58.06714614,-30.5397578],[-58.06723654,-30.53997878],[-58.06742454,-30.54043833],[-58.06768747,-30.54113432],[-58.06779573,-30.54159832],[-58.0680432,-30.54241804],[-58.06832159,-30.54297484],[-58.06878559,-30.5434543],[-58.06894025,-30.54376363],[-58.06901758,-30.54402656],[-58.06911375,-30.54480959],[-58.06912585,-30.54490815],[-58.06912436,-30.54491341],[-58.06892479,-30.54561961],[-58.06788853,-30.54633107],[-58.06747093,-30.54657853],[-58.06700694,-30.54696519],[-58.06637281,-30.54722812],[-58.06586242,-30.54738279],[-58.06555309,-30.54735185],[-58.06539842,-30.54715079],[-58.06528281,-30.54681464],[-58.06510456,-30.54634653],[-58.0645787,-30.54613],[-58.0644395,-30.54606814],[-58.06363524,-30.54628467],[-58.06337231,-30.5466404],[-58.06315578,-30.54707346],[-58.06295472,-30.54767665],[-58.06281552,-30.54812518],[-58.06247576,-30.54872644],[-58.061405,-30.54949977],[-58.06077394,-30.54978009],[-58.05997303,-30.5504258],[-58.05964372,-30.55069129],[-58.05897309,-30.55161938],[-58.05891263,-30.55341395],[-58.05896323,-30.55353877],[-58.05920234,-30.5541287],[-58.0592366,-30.55421324],[-58.05929011,-30.55434525],[-58.05969841,-30.55486822],[-58.06005136,-30.55493557],[-58.06090325,-30.5543002],[-58.06123794,-30.55435818],[-58.0613926,-30.55445098],[-58.0615318,-30.55479124],[-58.0613926,-30.55520883],[-58.06077394,-30.55570376],[-58.05997286,-30.55623219],[-58.05811807,-30.55693711],[-58.05772521,-30.55726149],[-58.0574194,-30.55794685],[-58.05737131,-30.55853413],[-58.05696826,-30.55919741],[-58.05665985,-30.55936932],[-58.05636599,-30.55946212],[-58.05566315,-30.55940238],[-58.05454094,-30.55915279],[-58.05359749,-30.55902906],[-58.05283963,-30.55888986],[-58.0520199,-30.55890533],[-58.05163324,-30.55905999],[-58.05151033,-30.55913901],[-58.05141671,-30.55919919],[-58.05127306,-30.55961889],[-58.05135178,-30.56020734],[-58.05181884,-30.56035918],[-58.05231377,-30.56060664],[-58.0526231,-30.56096237],[-58.05275017,-30.56138118],[-58.05283963,-30.56172023],[-58.05320151,-30.56235344],[-58.05331909,-30.56260182],[-58.05295791,-30.56318167],[-58.0524375,-30.56334421],[-58.0520663,-30.56349888],[-58.05171057,-30.56349888],[-58.05141126,-30.5630627],[-58.05169511,-30.56260182],[-58.05178791,-30.56240076],[-58.05186524,-30.56206049],[-58.05169511,-30.5618285],[-58.05147858,-30.5617357],[-58.05127751,-30.56172023],[-58.05107645,-30.56181303],[-58.05084445,-30.56195223],[-58.05069742,-30.56228937],[-58.05049735,-30.56275621],[-58.05046791,-30.5628249],[-58.05008516,-30.5629454],[-58.0495298,-30.56215329],[-58.0492514,-30.56210689],[-58.0490194,-30.56216876],[-58.04871354,-30.5625114],[-58.0486097,-30.56222527],[-58.0485537,-30.56207097],[-58.04903487,-30.56142637],[-58.04905356,-30.56118132],[-58.04907887,-30.5608496],[-58.04895754,-30.56059118],[-58.04804502,-30.56039011],[-58.04751915,-30.56049838],[-58.04700876,-30.56057571],[-58.04619128,-30.56018184],[-58.04621997,-30.55972505],[-58.04614264,-30.55947759],[-58.0459725,-30.55938479],[-58.04572504,-30.55921466],[-58.04546211,-30.55921466],[-58.0451756,-30.55948583],[-58.04482798,-30.55967865],[-58.04455359,-30.55974722],[-58.04454774,-30.55975586],[-58.04441343,-30.55995412],[-58.04453412,-30.56020451],[-58.04473518,-30.56039011],[-58.04495172,-30.56046744],[-58.04532291,-30.56043651],[-58.04561678,-30.56063758],[-58.04578691,-30.56077677],[-58.04598797,-30.56125624],[-58.04617978,-30.56179037],[-58.0465449,-30.56227011],[-58.04663756,-30.56249355],[-58.04598797,-30.56286475],[-58.04500557,-30.56327001],[-58.04483475,-30.56338096],[-58.0448082,-30.56339821],[-58.04444461,-30.5634293],[-58.04391546,-30.56339061],[-58.04380227,-30.56311763],[-58.04365253,-30.56275649],[-58.04339675,-30.56292087],[-58.04321947,-30.56407114],[-58.04303387,-30.56434953],[-58.04308027,-30.5646434],[-58.0431112,-30.56496819],[-58.04298747,-30.56527752],[-58.0430648,-30.56581885],[-58.04304934,-30.56605085],[-58.04286374,-30.56645298],[-58.04260081,-30.56685511],[-58.04238428,-30.56721084],[-58.04176562,-30.56728817],[-58.04086856,-30.5671335],[-58.04055923,-30.56691697],[-58.04000244,-30.56705617],[-58.03980137,-30.5671335],[-58.03943018,-30.56761297],[-58.03919818,-30.5676903],[-58.03891978,-30.5676439],[-58.03874965,-30.5672263],[-58.03864139,-30.5670871],[-58.03755863,-30.56724088],[-58.03743444,-30.56739413],[-58.03733464,-30.56751728],[-58.03702486,-30.56789954],[-58.03704993,-30.56843331],[-58.03704834,-30.56886575],[-58.0372494,-30.56914415],[-58.03787172,-30.56953181],[-58.03810006,-30.56985561],[-58.03816192,-30.57090733],[-58.03794963,-30.57165127],[-58.03760513,-30.57200545],[-58.03760513,-30.57217558],[-58.03797743,-30.57240754],[-58.03816192,-30.57263958],[-58.03800722,-30.57321802],[-58.03789501,-30.57335597],[-58.03784834,-30.57341335],[-58.03772936,-30.5736513],[-58.03770244,-30.57367149],[-58.03749142,-30.57382976],[-58.037339,-30.57407362],[-58.03719398,-30.57430565],[-58.03647608,-30.57485129],[-58.03605848,-30.57525341],[-58.0353499,-30.57638768],[-58.03499129,-30.5770166],[-58.03503769,-30.57718673],[-58.03520481,-30.5772488],[-58.03557902,-30.57738779],[-58.03588835,-30.57754246],[-58.03604301,-30.57778992],[-58.03601208,-30.57808378],[-58.03599661,-30.57853231],[-58.03601208,-30.57891897],[-58.03598115,-30.5792283],[-58.03601208,-30.5796459],[-58.03613581,-30.57989336],[-58.03625954,-30.58010989],[-58.03644514,-30.58024909],[-58.03655341,-30.58041922],[-58.03686274,-30.58074402],[-58.03704834,-30.58094509],[-58.03723393,-30.58111522],[-58.03735767,-30.58147095],[-58.03740407,-30.58179574],[-58.03740407,-30.58202774],[-58.0372494,-30.58230614],[-58.03704252,-30.58243256],[-58.03612035,-30.58229067],[-58.03564088,-30.5824144],[-58.03538261,-30.58264039],[-58.03465103,-30.58328053],[-58.0339568,-30.58388515],[-58.03300809,-30.58488089],[-58.03199079,-30.58519837],[-58.03126387,-30.58535304],[-58.03103187,-30.58547677],[-58.03108773,-30.5860112],[-58.03101115,-30.58611949],[-58.03084719,-30.58635134],[-58.03064606,-30.58663574],[-58.0308717,-30.58684785],[-58.03153829,-30.58747449],[-58.03216767,-30.58806616],[-58.03225498,-30.58814823],[-58.03243501,-30.58831748],[-58.03246819,-30.58834866],[-58.03277487,-30.58824668],[-58.03282413,-30.58819609],[-58.03322811,-30.58778128],[-58.03353744,-30.58779674],[-58.03363784,-30.5878369],[-58.03366988,-30.58784972],[-58.03388876,-30.58793727],[-58.0339241,-30.58795141],[-58.0341097,-30.58822981],[-58.0344345,-30.5885082],[-58.0345273,-30.58880207],[-58.0345273,-30.58976099],[-58.03441903,-30.59017858],[-58.03436262,-30.5904268],[-58.0343417,-30.59051885],[-58.03423843,-30.5906694],[-58.0340575,-30.5909332],[-58.03396245,-30.59246424],[-58.03417157,-30.59314815],[-58.03440357,-30.59353481],[-58.03449636,-30.59421534],[-58.0344345,-30.59471027],[-58.03410068,-30.59500696],[-58.03316625,-30.59579292],[-58.03265585,-30.59619505],[-58.03240839,-30.59633425],[-58.03248572,-30.59664358],[-58.03271772,-30.59689104],[-58.03299611,-30.59709211],[-58.03346484,-30.59716734],[-58.03352197,-30.5976953],[-58.03332091,-30.5979273],[-58.03276412,-30.59791183],[-58.03226919,-30.59794276],[-58.03177426,-30.59798916],[-58.03140306,-30.59822116],[-58.03103187,-30.59848409],[-58.03061427,-30.59876249],[-58.03022761,-30.59924195],[-58.02992758,-30.59961943],[-58.02968628,-30.59990701],[-58.02940789,-30.60007714],[-58.02862796,-30.60021671],[-58.02793857,-30.60034007],[-58.02764471,-30.60030914],[-58.02738178,-30.60010807],[-58.02690231,-30.59973688],[-58.02600526,-30.59942755],[-58.0252938,-30.59958221],[-58.02490714,-30.59972141],[-58.0245714,-30.59990078],[-58.02399461,-30.59965955],[-58.02370075,-30.59965955],[-58.02350896,-30.59980037],[-58.02336049,-30.60007714],[-58.02359248,-30.60029367],[-58.02382448,-30.60043287],[-58.02388635,-30.60052567],[-58.02388635,-30.60071127],[-58.02377123,-30.60087737],[-58.02331409,-30.60100513],[-58.02305116,-30.60112886],[-58.02285026,-30.60159308],[-58.02275729,-30.60191765],[-58.0222184,-30.60212827],[-58.02217754,-30.60216503],[-58.02180558,-30.60249966],[-58.02164371,-30.60290751],[-58.02139624,-30.60334057],[-58.02062702,-30.60355995],[-58.0204026,-30.60416658],[-58.02062292,-30.60451603],[-58.02056641,-30.60483624],[-58.02074034,-30.6049977],[-58.0208894,-30.60513609],[-58.02098274,-30.60522274],[-58.02119518,-30.60527388],[-58.02130344,-30.60541308],[-58.02130344,-30.60567601],[-58.02110238,-30.60570695],[-58.02081467,-30.60566195],[-58.02043847,-30.60611179],[-58.02037225,-30.60613997],[-58.01979126,-30.60638725],[-58.01964999,-30.60644738],[-58.01941653,-30.6068824],[-58.01905453,-30.60686556],[-58.01808641,-30.60682053],[-58.01752962,-30.60671227],[-58.01729762,-30.6067896],[-58.01718935,-30.60695973],[-58.01705016,-30.60723813],[-58.01718973,-30.60794032],[-58.01732855,-30.60822799],[-58.01725122,-30.60863011],[-58.01627683,-30.60935704],[-58.01572004,-30.60971277],[-58.01525146,-30.61000265],[-58.01550351,-30.61053249],[-58.01558084,-30.61098102],[-58.01554991,-30.61139862],[-58.01518405,-30.61243714],[-58.01495769,-30.61255546],[-58.0147039,-30.61268812],[-58.01467253,-30.61270452],[-58.01428165,-30.61246581],[-58.01384859,-30.61245034],[-58.01327633,-30.61254314],[-58.0127814,-30.61258954],[-58.01250301,-30.61231114],[-58.01196168,-30.61217194],[-58.01111102,-30.61164608],[-58.01081716,-30.61139862],[-58.0101057,-30.61107382],[-58.00990463,-30.61082636],[-58.00984277,-30.61056343],[-58.0096881,-30.6100685],[-58.00948704,-30.60985197],[-58.00914678,-30.60980557],[-58.00845093,-30.60986887],[-58.00843013,-30.60988002],[-58.00789431,-30.61016708],[-58.00733768,-30.6104653],[-58.00661027,-30.61051703],[-58.00642467,-30.61067169],[-58.00660018,-30.61077508],[-58.00676494,-30.61115115],[-58.00667214,-30.61138315],[-58.00613422,-30.61124187],[-58.00591428,-30.61133675],[-58.00603801,-30.61158421],[-58.00623907,-30.61192448],[-58.00624748,-30.61230341],[-58.00603443,-30.61243496],[-58.00507909,-30.61258954],[-58.00427483,-30.61248127],[-58.00395003,-30.61262047],[-58.0036407,-30.6127906],[-58.00336231,-30.61309993],[-58.00337507,-30.61362352],[-58.00350151,-30.61401245],[-58.00357884,-30.61443005],[-58.00357884,-30.61458472],[-58.00306296,-30.61474401],[-58.0020736,-30.61508519],[-58.00204158,-30.61514972],[-58.00195638,-30.61532138],[-58.00191092,-30.61541299],[-58.00104233,-30.61585297],[-58.00068226,-30.6163942],[-58.00074847,-30.61684282],[-58.0008258,-30.61724495],[-58.0007794,-30.61744602],[-58.0008722,-30.61778628],[-58.00094953,-30.61803374],[-58.00098047,-30.61825027],[-58.0008722,-30.61840494],[-58.00029928,-30.61834215],[-57.99997514,-30.61834307],[-57.99960395,-30.6185596],[-57.99890796,-30.61882254],[-57.99853676,-30.61900813],[-57.9982429,-30.61908547],[-57.9977325,-30.61953399],[-57.99785814,-30.62009412],[-57.99793357,-30.62029185],[-57.9977789,-30.62046198],[-57.99681886,-30.62070609],[-57.9967998,-30.62071731],[-57.99640873,-30.62094758],[-57.99609305,-30.62126624],[-57.99598479,-30.62154464],[-57.99602085,-30.62185845],[-57.99617039,-30.62213237],[-57.99617039,-30.62237983],[-57.99587652,-30.62267369],[-57.9950568,-30.62326142],[-57.99448454,-30.62347795],[-57.99391035,-30.62351393],[-57.99332455,-30.62408114],[-57.99270157,-30.62421288],[-57.9920099,-30.62412754],[-57.99148404,-30.62415848],[-57.99058698,-30.62429768],[-57.98959836,-30.62473912],[-57.98894753,-30.6254422],[-57.98869698,-30.62557814],[-57.98798861,-30.62626192],[-57.98791128,-30.62672591],[-57.98775661,-30.62703524],[-57.98755555,-30.62732911],[-57.98710702,-30.62753017],[-57.98628729,-30.62763844],[-57.98526651,-30.62756111],[-57.98460145,-30.62737551],[-57.98440609,-30.62717364],[-57.98413745,-30.62689605],[-57.98367346,-30.62684965],[-57.98324832,-30.62711987],[-57.98309796,-30.62728748],[-57.9829476,-30.62745508],[-57.98272423,-30.62770407],[-57.98263532,-30.62780319],[-57.98261549,-30.62782529],[-57.98246272,-30.62799558],[-57.9822892,-30.628189],[-57.98187835,-30.62864698],[-57.98150384,-30.62894311],[-57.98139744,-30.62898108],[-57.98129103,-30.62901905],[-57.98083933,-30.62918023],[-57.98023263,-30.62939672],[-57.97999667,-30.62965786],[-57.98036605,-30.63030496],[-57.98043005,-30.63031494],[-57.98122194,-30.63043842],[-57.98141676,-30.6304688],[-57.98229694,-30.63042241],[-57.98279187,-30.63049974],[-57.9831476,-30.63073174],[-57.98336413,-30.6310256],[-57.98336413,-30.63145866],[-57.98352414,-30.6320956],[-57.98373458,-30.63221211],[-57.98446225,-30.63210826],[-57.98511184,-30.63199999],[-57.98511184,-30.63227839],[-57.98508091,-30.63260318],[-57.98486438,-30.63272692],[-57.98417937,-30.63347628],[-57.98273,-30.6338405],[-57.98221961,-30.63396424],[-57.98155455,-30.63436636],[-57.98087402,-30.63481489],[-57.98008523,-30.63558822],[-57.97939816,-30.6363675],[-57.97915911,-30.63652776],[-57.97808574,-30.63663752],[-57.97663645,-30.63678571],[-57.97635081,-30.63691025],[-57.97568391,-30.63720103],[-57.97462556,-30.637305],[-57.9739605,-30.63719673],[-57.97357383,-30.63727407],[-57.97334184,-30.63741326],[-57.97312531,-30.63767619],[-57.97318717,-30.63797006],[-57.9733109,-30.63838765],[-57.97357383,-30.63865058],[-57.97414382,-30.63927],[-57.97425436,-30.63971777],[-57.9739141,-30.64090869],[-57.9737749,-30.64151189],[-57.97365361,-30.64196672],[-57.9735893,-30.64220788],[-57.9735893,-30.64239348],[-57.97374397,-30.64251721],[-57.97385223,-30.64257907],[-57.97436263,-30.64262547],[-57.97488849,-30.64243988],[-57.97540838,-30.64209964],[-57.97569274,-30.64220788],[-57.97604847,-30.64245534],[-57.97604847,-30.64285747],[-57.97583194,-30.643306],[-57.97563088,-30.64376999],[-57.97556901,-30.64395559],[-57.97538341,-30.64438865],[-57.9751001,-30.64483206],[-57.97513595,-30.64571877],[-57.97521328,-30.6463529],[-57.97532155,-30.64670863],[-57.97529536,-30.64701327],[-57.97522093,-30.647068],[-57.97485037,-30.64734048],[-57.97371455,-30.64743375],[-57.9730255,-30.64749033],[-57.97261491,-30.64752835],[-57.97199625,-30.64726542],[-57.97194539,-30.64704018],[-57.97188799,-30.64678596],[-57.97167146,-30.64660036],[-57.97079838,-30.64656215],[-57.96964534,-30.64704889],[-57.96881015,-30.64754382],[-57.9678228,-30.64841843],[-57.96751097,-30.64861101],[-57.96615467,-30.64845722],[-57.96488166,-30.64766755],[-57.9642166,-30.64785315],[-57.96396914,-30.64803875],[-57.96387634,-30.64833261],[-57.96370621,-30.64892034],[-57.96277634,-30.65038891],[-57.96275599,-30.65041943],[-57.96273652,-30.65044865],[-57.96241942,-30.65092429],[-57.9620625,-30.65110275],[-57.96152713,-30.65187608],[-57.96123527,-30.65206492],[-57.96051585,-30.65253043],[-57.9599578,-30.65303775],[-57.9598615,-30.65312529],[-57.95912144,-30.65347771],[-57.95899187,-30.65357274],[-57.95817593,-30.65366555],[-57.95789959,-30.6535114],[-57.95779085,-30.65325201],[-57.95771096,-30.65306146],[-57.95724121,-30.65139498],[-57.95702468,-30.65018859],[-57.95668442,-30.64929153],[-57.95611216,-30.6489822],[-57.95498311,-30.64882754],[-57.95400872,-30.64881207],[-57.95325086,-30.6491214],[-57.95246207,-30.64986379],[-57.95144128,-30.65035872],[-57.95029676,-30.65020406],[-57.9492141,-30.65012672],[-57.94808505,-30.65046699],[-57.94737359,-30.65117845],[-57.94732719,-30.65171977],[-57.94732719,-30.65275603],[-57.94760559,-30.65365309],[-57.94793038,-30.65405521],[-57.94791337,-30.65490626],[-57.94752351,-30.65518718],[-57.94681951,-30.65540732],[-57.94619814,-30.65560186],[-57.94534748,-30.65557093],[-57.94389515,-30.65584114],[-57.94302907,-30.65600228],[-57.94278084,-30.65593371],[-57.93971815,-30.65508766],[-57.93845569,-30.65473892],[-57.93663373,-30.65403305],[-57.93543599,-30.65396558],[-57.93533067,-30.65395965],[-57.93373214,-30.65362215],[-57.93288148,-30.65377682],[-57.93198443,-30.65431814],[-57.9308863,-30.65509147],[-57.93040684,-30.65618959],[-57.93011298,-30.65657625],[-57.92995831,-30.65727225],[-57.92986528,-30.65835277],[-57.92877359,-30.6586685],[-57.92874285,-30.6586775],[-57.92618941,-30.65942525],[-57.91624568,-30.66233716],[-57.90954516,-30.66428425],[-57.90644709,-30.66518451],[-57.8947787,-30.66941139],[-57.88434097,-30.67496862],[-57.88274792,-30.67593325],[-57.87673296,-30.67957545],[-57.87198243,-30.682452],[-57.86948109,-30.6847652],[-57.86914676,-30.68507437],[-57.86254013,-30.69118406],[-57.85957995,-30.69251568],[-57.85868741,-30.69291718],[-57.85483469,-30.6946503],[-57.85295917,-30.69754239],[-57.85102711,-30.70052168],[-57.84928738,-30.70805062],[-57.84854323,-30.71004086],[-57.84792618,-30.71169116],[-57.84735539,-30.71321771],[-57.84657301,-30.7163773],[-57.84606735,-30.7184194],[-57.84374805,-30.72165796],[-57.84143734,-30.72222806],[-57.83996253,-30.72259193],[-57.83684573,-30.72241814],[-57.83222447,-30.72173412],[-57.82957507,-30.72105441],[-57.82692567,-30.7203747],[-57.82219742,-30.71952388],[-57.82152293,-30.71940251],[-57.81096005,-30.72888876],[-57.81034525,-30.7294409],[-57.80967202,-30.73004551],[-57.80950895,-30.73019196],[-57.80948674,-30.73020248],[-57.8095148,-30.73027123],[-57.80964567,-30.73062815],[-57.80978069,-30.73091341],[-57.80987062,-30.73113373],[-57.80998854,-30.731455],[-57.81008197,-30.73182364],[-57.81017436,-30.73217448],[-57.81021084,-30.73258535],[-57.81025728,-30.73298376],[-57.81031712,-30.73333447],[-57.81034687,-30.73360811],[-57.8104361,-30.73388175],[-57.81047774,-30.73416133],[-57.81051343,-30.73442902],[-57.81057292,-30.73475025],[-57.81063909,-30.7350361],[-57.81066599,-30.73523813],[-57.81066079,-30.73589874],[-57.81065794,-30.736422],[-57.81062225,-30.73693953],[-57.81059845,-30.7372786],[-57.8106324,-30.73765914],[-57.8106443,-30.73811719],[-57.81066394,-30.73844409],[-57.81071712,-30.73861853],[-57.8107457,-30.73877703],[-57.81076726,-30.73890914],[-57.81079125,-30.73905805],[-57.81077884,-30.73986764],[-57.81083805,-30.74006672],[-57.81085843,-30.74032061],[-57.81082502,-30.74162094],[-57.81085803,-30.74187444],[-57.81083886,-30.74339975],[-57.81087116,-30.74362925],[-57.81087698,-30.74388505],[-57.81084919,-30.74490038],[-57.8108683,-30.74513938],[-57.81086346,-30.74538579],[-57.81087716,-30.74689839],[-57.8108724,-30.74712206],[-57.81086289,-30.74734097],[-57.81084813,-30.74868283],[-57.81085765,-30.74894933],[-57.81091952,-30.74915396],[-57.8111508,-30.74984686],[-57.81125074,-30.75025613],[-57.81139827,-30.75069871],[-57.81144466,-30.75092],[-57.81147441,-30.75140779],[-57.81147441,-30.75179445],[-57.81144466,-30.75231793],[-57.81144288,-30.75254299],[-57.81141195,-30.75285232],[-57.81135246,-30.75325445],[-57.81128822,-30.75359233],[-57.81125966,-30.75379697],[-57.81121445,-30.7540254],[-57.81119066,-30.75419672],[-57.81113355,-30.75443228],[-57.81102885,-30.75482014],[-57.81095747,-30.75510853],[-57.81087371,-30.75543213],[-57.81078234,-30.75568531],[-57.81072904,-30.75586044],[-57.81067574,-30.75602985],[-57.81061863,-30.75620498],[-57.81056914,-30.75636679],[-57.81048729,-30.75659141],[-57.81040734,-30.75690359],[-57.81032929,-30.75713963],[-57.81019224,-30.75751083],[-57.81002091,-30.75788964],[-57.80992574,-30.75812949],[-57.80984008,-30.7583465],[-57.80976584,-30.75858444],[-57.80963639,-30.75886236],[-57.80940416,-30.75928496],[-57.80915289,-30.75977798],[-57.80891304,-30.76019296],[-57.80877979,-30.76039854],[-57.80867699,-30.76059842],[-57.80860276,-30.76075832],[-57.80845999,-30.76098104],[-57.80828867,-30.76127038],[-57.80812306,-30.76164729],[-57.80794412,-30.76210985],[-57.80778803,-30.76251341],[-57.80774425,-30.76271138],[-57.80752914,-30.76313017],[-57.80731594,-30.76360796],[-57.80715985,-30.76394109],[-57.80699043,-30.76434655],[-57.80688954,-30.76452167],[-57.80662114,-30.76493856],[-57.80643078,-30.76526407],[-57.8061719,-30.76573044],[-57.80610527,-30.76589034],[-57.80587684,-30.76625963],[-57.80569791,-30.76660037],[-57.80559131,-30.76689352],[-57.80549042,-30.76711243],[-57.80537811,-30.76743223],[-57.80533052,-30.76765304],[-57.80518395,-30.76793668],[-57.80488889,-30.76862767],[-57.80474613,-30.76897031],[-57.80454054,-30.7693891],[-57.80454054,-30.76956803],[-57.80435209,-30.76979075],[-57.80411033,-30.77026093],[-57.80391046,-30.77064926],[-57.80369345,-30.77099571],[-57.80357924,-30.77122224],[-57.8031871,-30.77196272],[-57.80298342,-30.77233011],[-57.80272073,-30.77286502],[-57.80260651,-30.77311438],[-57.80229052,-30.77370449],[-57.80205258,-30.77411566],[-57.80188125,-30.77452493],[-57.80167567,-30.77493229],[-57.80130638,-30.77557951],[-57.8011579,-30.77586314],[-57.80106082,-30.77608395],[-57.8010513,-30.77609918],[-57.8009447,-30.77631048],[-57.80067249,-30.77683586],[-57.8005716,-30.77702241],[-57.80042502,-30.77721086],[-57.80035269,-30.77750401],[-57.80013568,-30.77802559],[-57.79998149,-30.77838156],[-57.79981497,-30.77875988],[-57.7997274,-30.77896165],[-57.79940281,-30.77956177],[-57.79923529,-30.77988157],[-57.79896689,-30.7803765],[-57.79883554,-30.78056876],[-57.79867943,-30.78079368],[-57.79825876,-30.78132067],[-57.79800559,-30.78164428],[-57.79783807,-30.78192029],[-57.79762297,-30.78220392],[-57.79747069,-30.78253134],[-57.79739717,-30.78270738],[-57.79740669,-30.78284301],[-57.79747069,-30.78299391],[-57.797583,-30.78337652],[-57.79768769,-30.78358401],[-57.79783427,-30.78384099],[-57.79803414,-30.78410178],[-57.79810457,-30.78430737],[-57.79823021,-30.78461004],[-57.7983311,-30.78486511],[-57.79846246,-30.78523009],[-57.79853661,-30.78548941],[-57.79855572,-30.78566842],[-57.79857369,-30.7858867],[-57.79864795,-30.78608902],[-57.79873561,-30.78641134],[-57.79884506,-30.78680104],[-57.79890586,-30.78704269],[-57.79892311,-30.78723125],[-57.79895166,-30.78749394],[-57.79902209,-30.78771285],[-57.79910775,-30.78799648],[-57.79916296,-30.78827441],[-57.7992943,-30.78879408],[-57.79933238,-30.78915957],[-57.79941423,-30.7895003],[-57.79958174,-30.79000475],[-57.79975306,-30.79061389],[-57.79982921,-30.79082899],[-57.79987109,-30.79124397],[-57.79989195,-30.79191586],[-57.7999296,-30.79237698],[-57.79998997,-30.79289047],[-57.8000975,-30.79341394],[-57.80016043,-30.79375859],[-57.80023276,-30.79411646],[-57.80034507,-30.79437915],[-57.80038886,-30.79461139],[-57.80045358,-30.79491405],[-57.80052758,-30.79532565],[-57.80061919,-30.79577066],[-57.80066297,-30.79605048],[-57.80070675,-30.79631127],[-57.8007867,-30.79668057],[-57.80087807,-30.79700227],[-57.80091805,-30.79725354],[-57.80097896,-30.79767613],[-57.80103607,-30.79789124],[-57.80108747,-30.79817867],[-57.80110841,-30.79856129],[-57.80111591,-30.79887147],[-57.80113886,-30.79928845],[-57.80116361,-30.79957589],[-57.80117503,-30.79982907],[-57.80118645,-30.80006511],[-57.80127211,-30.80042869],[-57.80135206,-30.80080941],[-57.80142249,-30.80109113],[-57.80146628,-30.80133669],[-57.80159382,-30.80164507],[-57.80163379,-30.80179736],[-57.80164521,-30.80194203],[-57.80174039,-30.8022447],[-57.80192123,-30.80280054],[-57.80204877,-30.80313557],[-57.80209445,-30.80334115],[-57.8021744,-30.8035772],[-57.80234763,-30.80398075],[-57.80250562,-30.80446997],[-57.80256083,-30.80468888],[-57.80257606,-30.80485639],[-57.80264268,-30.8051781],[-57.80266743,-30.80536845],[-57.80269217,-30.8054998],[-57.8026929,-30.80566184],[-57.80272937,-30.80593616],[-57.80280809,-30.80648335],[-57.8028673,-30.80666859],[-57.80296248,-30.80698458],[-57.80301578,-30.80719969],[-57.80312428,-30.80740718],[-57.80319852,-30.80763941],[-57.80334319,-30.80803726],[-57.80343076,-30.80829424],[-57.80350119,-30.80854741],[-57.8036048,-30.80873554],[-57.80383216,-30.80923081],[-57.8040343,-30.80967929],[-57.80438624,-30.81023795],[-57.80466606,-30.81078274],[-57.80491094,-30.81141522],[-57.80508841,-30.81206015],[-57.80512109,-30.81244946],[-57.8051544,-30.81315378],[-57.80517252,-30.8136297],[-57.80520584,-30.81383434],[-57.8052677,-30.81404373],[-57.80543199,-30.81491772],[-57.8054693,-30.81520211],[-57.80555503,-30.81548547],[-57.8057198,-30.81606627],[-57.80586165,-30.81648985],[-57.80595775,-30.81691812],[-57.80599582,-30.81712275],[-57.80606061,-30.81744643],[-57.80610545,-30.81775587],[-57.80613859,-30.81802219],[-57.80616238,-30.81829345],[-57.80624712,-30.81882648],[-57.80628189,-30.81934222],[-57.80633994,-30.81976701],[-57.80642412,-30.82015419],[-57.80646219,-30.8203731],[-57.8064955,-30.82064436],[-57.80656213,-30.82087278],[-57.8065883,-30.82106926],[-57.80664203,-30.82152946],[-57.80664391,-30.82176253],[-57.80664591,-30.82198173],[-57.80668484,-30.8222123],[-57.80671055,-30.82257875],[-57.80672207,-30.82295043],[-57.80670014,-30.82338074],[-57.80666683,-30.82368531],[-57.80666683,-30.82387566],[-57.80660121,-30.8242945],[-57.80651847,-30.82504648],[-57.80647171,-30.82554604],[-57.80643364,-30.82580779],[-57.80633846,-30.82603621],[-57.80637177,-30.82625037],[-57.8063453,-30.82772814],[-57.80635464,-30.82808945],[-57.80640035,-30.82834674],[-57.80637555,-30.82998833],[-57.8063575,-30.83029545],[-57.8063662,-30.83069301],[-57.80631008,-30.8316424],[-57.80626708,-30.83214191],[-57.80621949,-30.83237034],[-57.80620045,-30.83261304],[-57.8060672,-30.83311749],[-57.80594347,-30.83357435],[-57.8058816,-30.8338456],[-57.80567121,-30.8343762],[-57.80543909,-30.83496159],[-57.80526295,-30.83532068],[-57.80511066,-30.83587766],[-57.80496951,-30.83636443],[-57.80493469,-30.83662735],[-57.80488062,-30.83686579],[-57.80439682,-30.83783834],[-57.80421598,-30.83801918],[-57.80399231,-30.83834279],[-57.80370202,-30.83883296],[-57.80351642,-30.83920891],[-57.80342021,-30.83958905],[-57.80332899,-30.83984668],[-57.80317395,-30.84110314],[-57.80311676,-30.84157418],[-57.80306432,-30.84188342],[-57.80298453,-30.84228576],[-57.80286929,-30.84277343],[-57.80284554,-30.84300676],[-57.80276084,-30.8434778],[-57.80265424,-30.8438324],[-57.80260471,-30.84397746],[-57.80246954,-30.84432008],[-57.80238486,-30.8446175],[-57.8022791,-30.8449101],[-57.80214306,-30.84515753],[-57.80199356,-30.84538599],[-57.80175641,-30.84564747],[-57.80160333,-30.8458714],[-57.80143558,-30.84609696],[-57.80130911,-30.84624247],[-57.80106641,-30.84657084],[-57.80094184,-30.84676608],[-57.80076576,-30.84702782],[-57.800623,-30.84731811],[-57.80042788,-30.847656],[-57.80026132,-30.84803671],[-57.80010043,-30.8484507],[-57.80005293,-30.84863639],[-57.79996067,-30.84886013],[-57.79985645,-30.84927318],[-57.79981699,-30.84966442],[-57.79974259,-30.8501925],[-57.79969413,-30.85076356],[-57.79958288,-30.85114924],[-57.79947328,-30.8516986],[-57.79937528,-30.85226262],[-57.79926575,-30.85292383],[-57.79923217,-30.85316782],[-57.79934961,-30.85471339],[-57.79938392,-30.85501821],[-57.79957393,-30.85602413],[-57.79973726,-30.85675863],[-57.79984335,-30.85729976],[-57.80004645,-30.85795465],[-57.8001634,-30.85832805],[-57.80023483,-30.85851836],[-57.80030339,-30.85877305],[-57.8003795,-30.85902989],[-57.80040129,-30.85925821],[-57.80049569,-30.85968254],[-57.80064179,-30.86019707],[-57.80067273,-30.86043272],[-57.80079906,-30.86066888],[-57.80088852,-30.86102094],[-57.80096078,-30.86135557],[-57.80105998,-30.86166609],[-57.80116784,-30.86190725],[-57.80126383,-30.86235648],[-57.80135916,-30.86273669],[-57.8014374,-30.86321375],[-57.80156397,-30.86350454],[-57.80174853,-30.86409295],[-57.80182663,-30.86441533],[-57.8019372,-30.86476987],[-57.80201396,-30.86506756],[-57.80226712,-30.86566108],[-57.80245941,-30.86609117],[-57.80257209,-30.86640482],[-57.80286469,-30.86713631],[-57.80310302,-30.86778529],[-57.80319815,-30.86793487],[-57.80341842,-30.86823721],[-57.80381721,-30.86881235],[-57.80413286,-30.86932503],[-57.80441842,-30.86974317],[-57.80465512,-30.87033317],[-57.80494091,-30.87098214],[-57.80521779,-30.87171683],[-57.8053504,-30.87205032],[-57.80566128,-30.87290825],[-57.80595953,-30.8735981],[-57.8060644,-30.87387988],[-57.80614245,-30.87408712],[-57.80630924,-30.87451948],[-57.80641276,-30.87472272],[-57.80644874,-30.87490366],[-57.80651987,-30.87517971],[-57.80655875,-30.8753925],[-57.80657125,-30.87566463],[-57.806594,-30.87600251],[-57.80663547,-30.87618201],[-57.80668603,-30.87636344],[-57.80671973,-30.87650528],[-57.80683177,-30.87672036],[-57.80702298,-30.876999],[-57.80719534,-30.87725408],[-57.80727292,-30.87736889],[-57.8076051,-30.87782383],[-57.8078498,-30.87816004],[-57.80810845,-30.87851344],[-57.80834989,-30.8787966],[-57.8085489,-30.87907318],[-57.80876062,-30.87941529],[-57.80895044,-30.87969184],[-57.80912847,-30.8799362],[-57.80931035,-30.88022966],[-57.80949109,-30.88047697],[-57.80975035,-30.88087368],[-57.80990765,-30.8810743],[-57.81009515,-30.88138715],[-57.81026169,-30.88165536],[-57.81047346,-30.88199068],[-57.81063972,-30.88225569],[-57.81083334,-30.88261807],[-57.81098798,-30.88298443],[-57.81113668,-30.88328536],[-57.81121672,-30.88350246],[-57.81128793,-30.88372061],[-57.81142183,-30.88401647],[-57.81159718,-30.88436147],[-57.81177023,-30.88467385],[-57.81203089,-30.88515257],[-57.81227293,-30.88547884],[-57.81247704,-30.88580098],[-57.81269899,-30.88613243],[-57.81285888,-30.88632355],[-57.81307811,-30.88664327],[-57.81321034,-30.88682733],[-57.81333824,-30.88701861],[-57.81366884,-30.88743996],[-57.81385521,-30.88774091],[-57.81401869,-30.88795451],[-57.81419404,-30.88820137],[-57.81433389,-30.88841394],[-57.8144677,-30.88873027],[-57.81459559,-30.88901581],[-57.81472009,-30.88924233],[-57.81485449,-30.88950956],[-57.81499726,-30.88981889],[-57.81520817,-30.89014603],[-57.81531243,-30.89042511],[-57.81548432,-30.89071565],[-57.81558954,-30.89100325],[-57.81572825,-30.89132136],[-57.81591694,-30.89173602],[-57.81604326,-30.89195783],[-57.81615331,-30.89220173],[-57.81627904,-30.89252901],[-57.81641559,-30.89285318],[-57.81656484,-30.89328155],[-57.81672469,-30.89352726],[-57.8167703,-30.89377638],[-57.81683443,-30.89401012],[-57.81693366,-30.89435231],[-57.81705831,-30.89463781],[-57.81723299,-30.89497083],[-57.81726571,-30.89516118],[-57.8173252,-30.89532477],[-57.81751018,-30.89560338],[-57.81768014,-30.89592116],[-57.81792941,-30.89644562],[-57.81808897,-30.89680769],[-57.81816396,-30.89704988],[-57.81825319,-30.89735921],[-57.8182978,-30.89764177],[-57.81834836,-30.89807007],[-57.81839378,-30.89836166],[-57.81847626,-30.89859058],[-57.81853575,-30.8988553],[-57.81858105,-30.89916419],[-57.81867028,-30.89945865],[-57.81874097,-30.89975354],[-57.81882195,-30.90005999],[-57.81888117,-30.90027113],[-57.81891943,-30.90052389],[-57.81893885,-30.90074709],[-57.81904804,-30.90094826],[-57.81907478,-30.90098623],[-57.8191998,-30.90116381],[-57.81933584,-30.90134183],[-57.81939038,-30.90147125],[-57.81942361,-30.90168005],[-57.81951812,-30.90193278],[-57.81961317,-30.90229563],[-57.81969119,-30.90264022],[-57.81974683,-30.90290045],[-57.81983014,-30.9032509],[-57.81987191,-30.90348291],[-57.81994855,-30.90374211],[-57.82006198,-30.9040396],[-57.82019907,-30.90441143],[-57.8203393,-30.9047495],[-57.82046799,-30.90505463],[-57.82058642,-30.90533006],[-57.82075214,-30.90565223],[-57.82089222,-30.9059343],[-57.82102336,-30.90625854],[-57.82114819,-30.90651326],[-57.8212819,-30.9067958],[-57.82143571,-30.90708526],[-57.8215766,-30.90740015],[-57.8218075,-30.90783181],[-57.82197766,-30.90810731],[-57.82223719,-30.9085537],[-57.82235236,-30.9087534],[-57.82252487,-30.90903596],[-57.82274562,-30.90939052],[-57.82302832,-30.90979207],[-57.82330795,-30.91019256],[-57.8235291,-30.910465],[-57.82372174,-30.9106874],[-57.8241554,-30.91124438],[-57.82446469,-30.91163507],[-57.8247447,-30.91192013],[-57.82501201,-30.91221104],[-57.82527719,-30.912501],[-57.82560397,-30.91282832],[-57.82600042,-30.91317187],[-57.82630591,-30.91342913],[-57.82668947,-30.91375629],[-57.82715364,-30.9141211],[-57.82754765,-30.91440227],[-57.82808267,-30.91476403],[-57.82850396,-30.91502879],[-57.82888765,-30.91523997],[-57.8291938,-30.915396],[-57.83003219,-30.91588249],[-57.83076542,-30.91629474],[-57.83112195,-30.91656852],[-57.83139516,-30.91675637],[-57.83171611,-30.91697029],[-57.83206248,-30.91719077],[-57.83228853,-30.91731272],[-57.83258867,-30.91746735],[-57.83291946,-30.91763433],[-57.83320978,-30.91776379],[-57.83356362,-30.91788531],[-57.83386311,-30.91795037],[-57.83402639,-30.91801384],[-57.8343911,-30.91813935],[-57.83463257,-30.91823388],[-57.83489911,-30.91828937],[-57.83527812,-30.91834764],[-57.83555755,-30.91841041],[-57.8358734,-30.91847294],[-57.83614444,-30.91853856],[-57.83670354,-30.91864702],[-57.83717114,-30.91875821],[-57.83765493,-30.91882264],[-57.83807464,-30.91890736],[-57.83849105,-30.91899976],[-57.8387626,-30.91905725],[-57.83899704,-30.91908692],[-57.83929763,-30.91912178],[-57.83962773,-30.9191968],[-57.8400195,-30.91928121],[-57.84067398,-30.91938236],[-57.8411621,-30.9194969],[-57.84150392,-30.91956124],[-57.84229031,-30.9196487],[-57.84213694,-30.91962865],[-57.84254384,-30.91967453],[-57.84323188,-30.91970986],[-57.8436599,-30.91975814],[-57.8441778,-30.91984756],[-57.84457886,-30.91991757],[-57.84492759,-30.91996415],[-57.84542512,-30.91996228],[-57.84599827,-30.91992722],[-57.84651571,-30.91988825],[-57.84697616,-30.91984405],[-57.84730448,-30.91973863],[-57.84773704,-30.91961741],[-57.84810094,-30.91952355],[-57.84852343,-30.91940479],[-57.84894626,-30.91929322],[-57.84926803,-30.91920343],[-57.84959819,-30.91917955],[-57.85001623,-30.9191171],[-57.85030177,-30.91907249],[-57.85057532,-30.91896454],[-57.85082423,-30.91885436],[-57.85146671,-30.91862377],[-57.85190841,-30.9184572],[-57.85234531,-30.91833977],[-57.85273171,-30.91823285],[-57.85317806,-30.91808872],[-57.85372824,-30.91794714],[-57.85465909,-30.91769695],[-57.85553108,-30.91743859],[-57.85555191,-30.91743052],[-57.85645424,-30.91708096],[-57.85693501,-30.91688728],[-57.85747298,-30.91661009],[-57.85804072,-30.91640693],[-57.85870717,-30.91614085],[-57.85911483,-30.91598218],[-57.8594752,-30.91578475],[-57.85979769,-30.91565505],[-57.8599862,-30.91559795],[-57.86022122,-30.91555545],[-57.86048859,-30.91553545],[-57.86094975,-30.9155089],[-57.86127892,-30.91548296],[-57.86158641,-30.91539239],[-57.86199409,-30.91524212],[-57.86231212,-30.91512523],[-57.86277632,-30.91497198],[-57.86316477,-30.91483466],[-57.86355287,-30.91469613],[-57.86381123,-30.91459792],[-57.86422842,-30.91447652],[-57.86468557,-30.91437985],[-57.86493861,-30.91430361],[-57.8652869,-30.91417245],[-57.86580201,-30.9139636],[-57.86620885,-30.91377877],[-57.86661875,-30.91362753],[-57.8669251,-30.91351748],[-57.8673119,-30.91335688],[-57.86754794,-30.91323806],[-57.86782621,-30.91314811],[-57.86816844,-30.91305785],[-57.86843306,-30.91297965],[-57.86873651,-30.91288904],[-57.86902216,-30.91278231],[-57.86935904,-30.91263751],[-57.86981633,-30.91246393],[-57.87035797,-30.91224242],[-57.87089057,-30.91203583],[-57.87130336,-30.91186587],[-57.87181188,-30.9116449],[-57.87211226,-30.91148759],[-57.87270711,-30.91126524],[-57.87327849,-30.91106475],[-57.87377556,-30.91089909],[-57.87404566,-30.91081051],[-57.87466777,-30.91058592],[-57.87523928,-30.91042431],[-57.87564001,-30.91032307],[-57.87609884,-30.91019859],[-57.87646728,-30.9100941],[-57.87681194,-30.90999782],[-57.87721656,-30.90987046],[-57.87764151,-30.909763],[-57.87811734,-30.90965423],[-57.87844764,-30.9095291],[-57.87893519,-30.90942721],[-57.87934632,-30.90931428],[-57.87977437,-30.90923064],[-57.88014645,-30.909132],[-57.88057735,-30.90901244],[-57.88090453,-30.90892916],[-57.8813484,-30.90880381],[-57.88163916,-30.90873616],[-57.88205584,-30.90857281],[-57.88246605,-30.90842055],[-57.88282315,-30.90832434],[-57.88335844,-30.90818645],[-57.88382536,-30.90804196],[-57.88420612,-30.9079487],[-57.88461054,-30.90786435],[-57.88498535,-30.90777407],[-57.88532187,-30.9076933],[-57.8857947,-30.90755858],[-57.88638342,-30.90745286],[-57.88686188,-30.90735763],[-57.88715345,-30.90729346],[-57.88738529,-30.90725808],[-57.88781089,-30.90720755],[-57.88815889,-30.90715104],[-57.88863181,-30.90711832],[-57.88909003,-30.90707862],[-57.88938122,-30.90702874],[-57.88964929,-30.90702318],[-57.89012114,-30.90699943],[-57.89151825,-30.90696385],[-57.89179696,-30.90697404],[-57.89210385,-30.90701873],[-57.89263469,-30.90704412],[-57.89325268,-30.90708586],[-57.89371294,-30.90715627],[-57.89401147,-30.90717375],[-57.89436273,-30.9072149],[-57.89469306,-30.90727336],[-57.89496831,-30.90732108],[-57.89551583,-30.90739025],[-57.89586027,-30.90747411],[-57.8961378,-30.90750789],[-57.89652947,-30.90758509],[-57.89692244,-30.90766927],[-57.89741023,-30.90773173],[-57.89804882,-30.9078168],[-57.89887339,-30.90800396],[-57.89944364,-30.90817092],[-57.89970681,-30.90821066],[-57.89995283,-30.90832462],[-57.90072727,-30.90861223],[-57.9010349,-30.90872712],[-57.90129146,-30.9087965],[-57.90157679,-30.90890216],[-57.90191255,-30.90901355],[-57.90223977,-30.90912572],[-57.90252826,-30.90924502],[-57.90283251,-30.90935976],[-57.9030693,-30.90946858],[-57.90341803,-30.90963387],[-57.90398219,-30.90992276],[-57.90454434,-30.91022912],[-57.90510649,-30.91055332],[-57.90535633,-30.91066337],[-57.90570433,-30.91083291],[-57.90615403,-30.91110557],[-57.90649603,-30.91128508],[-57.90683457,-30.91147239],[-57.90715756,-30.9116595],[-57.90736177,-30.91170291],[-57.90757645,-30.91182791],[-57.90785774,-30.91203156],[-57.9081284,-30.91221597],[-57.90842286,-30.91241822],[-57.90870245,-30.91254909],[-57.90890768,-30.91271863],[-57.90938357,-30.91310529],[-57.90974049,-30.91338785],[-57.91006867,-30.91366323],[-57.91034197,-30.9139382],[-57.91063576,-30.91421472],[-57.91086786,-30.91447104],[-57.91114997,-30.91479921],[-57.91137917,-30.91508966],[-57.91164096,-30.91544553],[-57.9118758,-30.91576674],[-57.91201615,-30.91595495],[-57.91222467,-30.9162597],[-57.91239725,-30.91650449],[-57.9125158,-30.91665965],[-57.91264965,-30.91685298],[-57.91280572,-30.91708417],[-57.91298345,-30.91730544],[-57.91320451,-30.91763331],[-57.91334434,-30.91785694],[-57.91348528,-30.91809514],[-57.91358993,-30.91833295],[-57.9137583,-30.9186704],[-57.91386785,-30.91889434],[-57.91408838,-30.91920726],[-57.91422828,-30.91941898],[-57.91442833,-30.91975011],[-57.91462007,-30.92002318],[-57.91474373,-30.92027295],[-57.9148736,-30.9205695],[-57.91495448,-30.92085341],[-57.91501317,-30.92126652],[-57.91496043,-30.92165945],[-57.91490539,-30.9219523],[-57.91487603,-30.92217278],[-57.91485591,-30.92247277],[-57.91484723,-30.92269918],[-57.91487927,-30.92293042],[-57.91488893,-30.92343161],[-57.91489717,-30.92416372],[-57.91488607,-30.92439286],[-57.91485038,-30.92471111],[-57.91479051,-30.92520129],[-57.91471911,-30.92570745],[-57.91464812,-30.92610607],[-57.91457972,-30.9263351],[-57.91453136,-30.92677258],[-57.91450089,-30.92703906],[-57.91438094,-30.92737684],[-57.91427146,-30.9276529],[-57.91419532,-30.92789085],[-57.91416296,-30.92809479],[-57.91411339,-30.92832257],[-57.91406884,-30.92853587],[-57.91405357,-30.92881659],[-57.91401832,-30.92897592],[-57.91395545,-30.92919001],[-57.9139193,-30.92938515],[-57.91386802,-30.92960898],[-57.91384231,-30.92986594],[-57.91382898,-30.93009678],[-57.91380339,-30.93032045],[-57.91377379,-30.9306511],[-57.91372535,-30.93097734],[-57.91369379,-30.93121493],[-57.91365193,-30.93146249],[-57.91357775,-30.93175521],[-57.91351872,-30.93214315],[-57.9134368,-30.93244046],[-57.91333347,-30.9326942],[-57.91323235,-30.93290241],[-57.91308954,-30.93318554],[-57.9128989,-30.93354902],[-57.91279447,-30.93373263],[-57.91272542,-30.9338822],[-57.91257219,-30.93405012],[-57.9123403,-30.93428286],[-57.91209611,-30.9345094],[-57.91180685,-30.93477591],[-57.91152683,-30.93506509],[-57.91129526,-30.93529067],[-57.91105978,-30.93560832],[-57.91094632,-30.93571835],[-57.91068883,-30.93603569],[-57.91050041,-30.93628525],[-57.9102368,-30.93660649],[-57.9100122,-30.93689931],[-57.90965623,-30.93741092],[-57.90921176,-30.93803428],[-57.90893069,-30.93851432],[-57.90867224,-30.93887915],[-57.90847931,-30.93915562],[-57.90821075,-30.9394904],[-57.90794615,-30.93981515],[-57.90771677,-30.9400966],[-57.90754841,-30.94028766],[-57.90735106,-30.94055764],[-57.90707498,-30.94080401],[-57.90672478,-30.94109446],[-57.90642497,-30.94139904],[-57.90615179,-30.94170359],[-57.90571774,-30.94211982],[-57.90521805,-30.94262903],[-57.90469362,-30.94316687],[-57.90414829,-30.94369509],[-57.90349634,-30.9443733],[-57.9032975,-30.94456862],[-57.90265678,-30.94526061],[-57.90225886,-30.94568639],[-57.90191513,-30.94606676],[-57.90158498,-30.946374],[-57.90127856,-30.94661928],[-57.90106346,-30.94684778],[-57.90062851,-30.94722368],[-57.90036189,-30.94747317],[-57.90012885,-30.94774485],[-57.89937978,-30.94856336],[-57.89890673,-30.94905351],[-57.89864988,-30.9493227],[-57.89842042,-30.94956272],[-57.89807389,-30.94991719],[-57.89738295,-30.95068359],[-57.89713253,-30.95092586],[-57.89689373,-30.95121651],[-57.89656046,-30.95160633],[-57.89613232,-30.95213267],[-57.8957909,-30.95254486],[-57.89566003,-30.95275306],[-57.89553808,-30.95308024],[-57.89547859,-30.95330331],[-57.89541613,-30.95358587],[-57.89537152,-30.95387736],[-57.89529418,-30.95420453],[-57.89520793,-30.95449304],[-57.89516926,-30.9546596],[-57.89508301,-30.95494811],[-57.89495769,-30.95529308],[-57.89482633,-30.95562805],[-57.89472609,-30.95583149],[-57.89464876,-30.95609323],[-57.89453895,-30.95631667],[-57.89442865,-30.95666133],[-57.89432455,-30.95691414],[-57.89422045,-30.9571967],[-57.89402415,-30.95767855],[-57.89392302,-30.95792839],[-57.89382447,-30.95819899],[-57.89362186,-30.95858752],[-57.89349174,-30.95885043],[-57.89331328,-30.95915381],[-57.89318539,-30.95945124],[-57.89307472,-30.95972076],[-57.89296231,-30.96004611],[-57.89279846,-30.96046545],[-57.89270057,-30.96077184],[-57.89259052,-30.96113769],[-57.89251319,-30.96138158],[-57.89246263,-30.9616344],[-57.89234663,-30.96218762],[-57.89221047,-30.96291643],[-57.89217201,-30.96324463],[-57.89208943,-30.96368427],[-57.89208313,-30.96401649],[-57.89201066,-30.96466823],[-57.89195439,-30.96506736],[-57.89188281,-30.96542861],[-57.89175326,-30.96581547],[-57.89172499,-30.96606615],[-57.89167145,-30.96642009],[-57.89159115,-30.96674429],[-57.89147874,-30.96718267],[-57.89141295,-30.9674314],[-57.89139537,-30.96764559],[-57.89136926,-30.96799666],[-57.89128572,-30.96840113],[-57.89120488,-30.96883828],[-57.89116879,-30.96908211],[-57.8911212,-30.96927842],[-57.89101155,-30.9696116],[-57.89084757,-30.97007851],[-57.89075239,-30.97035512],[-57.89068238,-30.97062136],[-57.89058583,-30.97107491],[-57.89052039,-30.97139019],[-57.89049407,-30.971621],[-57.89041926,-30.97196721],[-57.89033327,-30.97233904],[-57.89013152,-30.97299697],[-57.89001178,-30.97341868],[-57.88993445,-30.9736477],[-57.88982832,-30.9739269],[-57.88968513,-30.97426049],[-57.88952476,-30.97459418],[-57.88940502,-30.9748761],[-57.88924738,-30.97516758],[-57.88913733,-30.97539661],[-57.88906,-30.97555425],[-57.88896814,-30.97572192],[-57.88887583,-30.97592065],[-57.888766,-30.97616861],[-57.88867082,-30.97641548],[-57.88857848,-30.97668315],[-57.88848112,-30.97691229],[-57.88847742,-30.97714557],[-57.88844823,-30.97737415],[-57.88839447,-30.97764689],[-57.88834056,-30.97788723],[-57.88824554,-30.97810682],[-57.8881324,-30.9784394],[-57.88802546,-30.9787666],[-57.88791785,-30.97898364],[-57.8878173,-30.97915835],[-57.8877275,-30.97928405],[-57.88763285,-30.97942392],[-57.88749858,-30.97966531],[-57.88739796,-30.97986222],[-57.88730865,-30.98003069],[-57.88709476,-30.98044118],[-57.88699947,-30.98065776],[-57.88688116,-30.9809196],[-57.8868365,-30.98107532],[-57.88677324,-30.98121797],[-57.88672581,-30.98141972],[-57.88665482,-30.98160121],[-57.88660723,-30.98177967],[-57.88650871,-30.98210031],[-57.88646204,-30.98231757],[-57.88640445,-30.98253507],[-57.88631275,-30.98281526],[-57.88624789,-30.98304926],[-57.88616056,-30.98332029],[-57.8860355,-30.98361473],[-57.88598522,-30.98377486],[-57.88593162,-30.98397274],[-57.8858716,-30.98423738],[-57.88572635,-30.9844941],[-57.8855812,-30.98474562],[-57.88553077,-30.98487651],[-57.88543814,-30.98508517],[-57.88538196,-30.9852385],[-57.88526581,-30.98545891],[-57.88520051,-30.9856939],[-57.88514726,-30.98582428],[-57.88500068,-30.98616429],[-57.88495245,-30.98631536],[-57.88488131,-30.98647356],[-57.8848159,-30.98664257],[-57.88474489,-30.98678295],[-57.88468529,-30.98694599],[-57.88458185,-30.98719593],[-57.88448596,-30.98739617],[-57.88440299,-30.98754387],[-57.88429622,-30.98781947],[-57.88416505,-30.98804653],[-57.88401655,-30.9882707],[-57.88391004,-30.98848388],[-57.88376364,-30.98876654],[-57.88363929,-30.98898864],[-57.88349258,-30.98920351],[-57.88325215,-30.98952586],[-57.8831036,-30.98974216],[-57.88292807,-30.98999305],[-57.88272555,-30.99030234],[-57.88261319,-30.99055803],[-57.88246412,-30.99075937],[-57.88226524,-30.99101503],[-57.88207396,-30.99130062],[-57.88190127,-30.99153643],[-57.88171936,-30.99176432],[-57.8815528,-30.99194576],[-57.88137434,-30.99212719],[-57.88119605,-30.99228697],[-57.88097875,-30.99248411],[-57.88077955,-30.99263354],[-57.88055112,-30.99280843],[-57.88031913,-30.99300831],[-57.87999718,-30.99326146],[-57.87976895,-30.99342814],[-57.87959049,-30.99357983],[-57.8793941,-30.99373323],[-57.87920911,-30.99400054],[-57.87888074,-30.99441814],[-57.87874009,-30.99459299],[-57.87856445,-30.99485096],[-57.87828107,-30.99519846],[-57.87807771,-30.99547215],[-57.87773491,-30.99592771],[-57.87749511,-30.99628828],[-57.87734599,-30.99649897],[-57.87710038,-30.99685939],[-57.87685344,-30.9972378],[-57.87670803,-30.99743464],[-57.87646083,-30.99787311],[-57.87630524,-30.99815155],[-57.87613246,-30.99848344],[-57.8759433,-30.99890104],[-57.87572558,-30.99936147],[-57.87560422,-30.99959703],[-57.87549001,-30.99975051],[-57.87519284,-31.00013903],[-57.8745727,-31.00068036],[-57.87398107,-31.0011773],[-57.87360902,-31.00150722],[-57.87334727,-31.00184034],[-57.87315097,-31.00215562],[-57.87280595,-31.002691],[-57.87269887,-31.00289325],[-57.87256205,-31.00325017],[-57.87239549,-31.00369632],[-57.87222893,-31.00408893],[-57.87209806,-31.00433283],[-57.87196719,-31.00460647],[-57.87174709,-31.00495744],[-57.8716103,-31.00517925],[-57.87150389,-31.00537905],[-57.87123672,-31.00570312],[-57.87109277,-31.00592521],[-57.87092501,-31.00618933],[-57.87072987,-31.00654573],[-57.87052166,-31.00683126],[-57.87038485,-31.00706921],[-57.87022423,-31.00736069],[-57.87009336,-31.00766407],[-57.86998629,-31.00794366],[-57.86989352,-31.00837367],[-57.86967101,-31.00898468],[-57.86945686,-31.00940703],[-57.86923081,-31.00987102],[-57.86910046,-31.0101031],[-57.86883225,-31.01048374],[-57.86869427,-31.01069722],[-57.86860147,-31.01082214],[-57.86832066,-31.01113809],[-57.86791615,-31.01163183],[-57.86749975,-31.01211962],[-57.86736296,-31.01227837],[-57.8672309,-31.01243185],[-57.86704516,-31.01269805],[-57.8666015,-31.01342832],[-57.86653012,-31.01371385],[-57.86626282,-31.01460938],[-57.86617915,-31.0148203],[-57.86604828,-31.0155044],[-57.86589361,-31.01600409],[-57.86569136,-31.01653946],[-57.86537608,-31.01720571],[-57.86525116,-31.01756858],[-57.86517383,-31.01780653],[-57.86454327,-31.01914497],[-57.86397815,-31.02062024],[-57.86390676,-31.02090577],[-57.86374615,-31.02122105],[-57.86336544,-31.02241673],[-57.86313344,-31.02320195],[-57.86266454,-31.02468332],[-57.86257426,-31.02506388],[-57.86244418,-31.02574809],[-57.86236351,-31.02606323],[-57.86227863,-31.02634617],[-57.86231573,-31.02662255],[-57.86231275,-31.02692891],[-57.86228516,-31.02714829],[-57.86223281,-31.02753852],[-57.86227177,-31.02832833],[-57.86237082,-31.02902331],[-57.86235654,-31.02935524],[-57.86230167,-31.0298872],[-57.8621502,-31.03049017],[-57.86190816,-31.03128959],[-57.86155705,-31.03232481],[-57.86149994,-31.03256394],[-57.86147852,-31.0343878],[-57.86161124,-31.03570237],[-57.86168197,-31.03591898],[-57.86176049,-31.03729312],[-57.86177477,-31.03875649],[-57.8617712,-31.0396595],[-57.86171409,-31.04047327],[-57.86165558,-31.04120625],[-57.86162129,-31.0417439],[-57.86162486,-31.04201159],[-57.8616684,-31.04270884],[-57.86173617,-31.04347132],[-57.86180332,-31.0437141],[-57.86191753,-31.04421379],[-57.86199249,-31.04464566],[-57.86203889,-31.04489193],[-57.86210447,-31.04544143],[-57.86218946,-31.0459983],[-57.86230471,-31.04703907],[-57.86241008,-31.04734754],[-57.8624779,-31.0482898],[-57.86255642,-31.04868241],[-57.86272919,-31.04943912],[-57.86279205,-31.04973776],[-57.86288411,-31.0501637],[-57.86299683,-31.05054067],[-57.86312822,-31.05089767],[-57.86325596,-31.05117938],[-57.86335089,-31.05141744],[-57.86348954,-31.05172002],[-57.86360576,-31.05199819],[-57.86369142,-31.05230514],[-57.86374789,-31.0525657],[-57.86381418,-31.05296058],[-57.86383823,-31.05382983],[-57.86391265,-31.05410158],[-57.86399752,-31.05451994],[-57.86413219,-31.05480092],[-57.86424357,-31.05506383],[-57.86450111,-31.05532984],[-57.86522385,-31.05601517],[-57.86539045,-31.05624105],[-57.86543609,-31.0564312],[-57.86540889,-31.05687473],[-57.86536604,-31.05726981],[-57.86537385,-31.05753386],[-57.86547608,-31.05802414],[-57.86569895,-31.05849801],[-57.86634706,-31.05980694],[-57.86655425,-31.0601312],[-57.86680019,-31.06061779],[-57.86700006,-31.06103895],[-57.86712498,-31.06142443],[-57.86739267,-31.06227032],[-57.86757113,-31.06264152],[-57.86774185,-31.06333914],[-57.86780058,-31.0639023],[-57.86795148,-31.06437235],[-57.86802085,-31.06477233],[-57.86816362,-31.06507928],[-57.86838491,-31.06539337],[-57.86868202,-31.06580303],[-57.8690403,-31.06628939],[-57.86943195,-31.06691927],[-57.86984626,-31.06748157],[-57.87018826,-31.06794587],[-57.87053998,-31.06855085],[-57.87083337,-31.06925166],[-57.87102756,-31.0697157],[-57.87132949,-31.07034384],[-57.87160075,-31.07074359],[-57.8718614,-31.07112925],[-57.87232887,-31.07165373],[-57.87303291,-31.07235025],[-57.87340388,-31.07277548],[-57.8738217,-31.07329252],[-57.87419912,-31.07375598],[-57.87446681,-31.07408078],[-57.87488138,-31.07465849],[-57.87530856,-31.07520424],[-57.87585166,-31.07583325],[-57.87615147,-31.07612593],[-57.87727016,-31.07730646],[-57.8780854,-31.07807855],[-57.87889912,-31.07895413],[-57.87947082,-31.07944527],[-57.88000909,-31.08011636],[-57.88042032,-31.08079211],[-57.88075787,-31.08116066],[-57.88116276,-31.08169539],[-57.88171652,-31.08235519],[-57.88214637,-31.08290151],[-57.88251983,-31.08339087],[-57.88310503,-31.08402109],[-57.88372968,-31.08484691],[-57.88442842,-31.08586625],[-57.88491822,-31.08653513],[-57.88530288,-31.08707264],[-57.88567764,-31.08756875],[-57.88621949,-31.08823738],[-57.88657636,-31.08860614],[-57.88688345,-31.08896815],[-57.88723752,-31.08928706],[-57.88783078,-31.08995462],[-57.88820473,-31.09044929],[-57.88867933,-31.09107013],[-57.88916117,-31.09192317],[-57.88939674,-31.0924407],[-57.88952184,-31.09269586],[-57.88987144,-31.09326875],[-57.8905387,-31.09413075],[-57.89096226,-31.09462877],[-57.89144876,-31.09511781],[-57.89208366,-31.09568874],[-57.89245206,-31.09608504],[-57.89297249,-31.09669188],[-57.89347579,-31.09736779],[-57.8939189,-31.09798366],[-57.89464331,-31.09883271],[-57.89529039,-31.09966996],[-57.89571295,-31.10035752],[-57.89617473,-31.10093201],[-57.89674435,-31.10180285],[-57.89718471,-31.10251653],[-57.89749325,-31.10314516],[-57.8978044,-31.1037659],[-57.89809362,-31.10455166],[-57.8987623,-31.10555391],[-57.89918003,-31.10633352],[-57.89965816,-31.10706368],[-57.90008647,-31.10758121],[-57.90057052,-31.10803466],[-57.9013355,-31.10851459],[-57.90212245,-31.108977],[-57.90247078,-31.1092625],[-57.90281058,-31.10963138],[-57.90303819,-31.10990475],[-57.9032424,-31.11021183],[-57.90375993,-31.11121477],[-57.90421611,-31.11184303],[-57.90483797,-31.11230022],[-57.90573293,-31.11299924],[-57.90663043,-31.11391942],[-57.90717859,-31.11446771],[-57.90763544,-31.11502094],[-57.90797692,-31.11546431],[-57.90836249,-31.11577637],[-57.90902015,-31.11641496],[-57.90938956,-31.11670872],[-57.91000525,-31.11724301],[-57.9104169,-31.1175085],[-57.91110099,-31.11784264],[-57.91161139,-31.11806036],[-57.91217546,-31.11827849],[-57.9126915,-31.11858162],[-57.91308994,-31.11886753],[-57.91376655,-31.11938951],[-57.91425069,-31.1198503],[-57.91481078,-31.12041474],[-57.91540789,-31.12102245],[-57.91580904,-31.12139125],[-57.91616947,-31.12185146],[-57.91653619,-31.12232205],[-57.91668108,-31.12259327],[-57.91695033,-31.12365875],[-57.91732943,-31.12489956],[-57.91769329,-31.12606962],[-57.91826654,-31.12770154],[-57.91883574,-31.12942774],[-57.91906035,-31.12990734],[-57.91928453,-31.13075689],[-57.91945553,-31.1313771],[-57.9194755,-31.13229078],[-57.91942422,-31.1330882],[-57.91952706,-31.13374746],[-57.91958714,-31.13461863],[-57.91966855,-31.13489711],[-57.91974,-31.13539935],[-57.91987268,-31.13648175],[-57.91995834,-31.13700285],[-57.92008694,-31.13782407],[-57.92025105,-31.13873758],[-57.92025101,-31.13906584],[-57.91986554,-31.14016515],[-57.91960142,-31.14090041],[-57.91916173,-31.14223537],[-57.91866364,-31.14354694],[-57.91805163,-31.14568505],[-57.91733688,-31.14719013],[-57.91681767,-31.14804391],[-57.91624176,-31.14920911],[-57.91609655,-31.14980217],[-57.91608083,-31.15032323],[-57.91601659,-31.15068015],[-57.9158281,-31.15145816],[-57.91566243,-31.15183869],[-57.91554531,-31.15217166],[-57.91549969,-31.15261682],[-57.91550399,-31.15318556],[-57.915654,-31.15488715],[-57.91574814,-31.15681904],[-57.91568529,-31.15889859],[-57.91555689,-31.15978641],[-57.9152827,-31.16085219],[-57.91500149,-31.16143766],[-57.91484581,-31.16188007],[-57.9147859,-31.16267969],[-57.91473874,-31.16321495],[-57.91476311,-31.16361498],[-57.91486867,-31.16415012],[-57.91497863,-31.1645785],[-57.91506013,-31.16498813],[-57.91510431,-31.16561369],[-57.91511138,-31.16619884],[-57.91511426,-31.16654156],[-57.91502723,-31.16706282],[-57.91479015,-31.1684046],[-57.91416316,-31.17039383],[-57.91368639,-31.17142842],[-57.91347441,-31.17194028],[-57.91330655,-31.17251155],[-57.91308051,-31.17341574],[-57.91294369,-31.17430804],[-57.91250369,-31.17639116],[-57.91236733,-31.17695741],[-57.91231237,-31.17734173],[-57.91225959,-31.17793077],[-57.91223655,-31.17840678],[-57.91219048,-31.1791982],[-57.91220676,-31.17977602],[-57.91224664,-31.1804182],[-57.912212,-31.18163678],[-57.91209379,-31.18229125],[-57.9120038,-31.18299307],[-57.91198126,-31.18367737],[-57.91200937,-31.18427449],[-57.91212828,-31.18545403],[-57.91224813,-31.1861298],[-57.9124802,-31.18691331],[-57.91282471,-31.18810891],[-57.91290205,-31.19006007],[-57.91291394,-31.19212425],[-57.91288001,-31.19401026],[-57.91304607,-31.19591375],[-57.91314594,-31.19650246],[-57.91323048,-31.1974851],[-57.91308807,-31.19909356],[-57.91312215,-31.20067247],[-57.91316379,-31.20190979],[-57.91316379,-31.20293296],[-57.91315784,-31.20373602],[-57.91315189,-31.20458668],[-57.91319948,-31.20542544],[-57.91342137,-31.20649013],[-57.91360399,-31.20797741],[-57.91367537,-31.20854848],[-57.91369917,-31.20969657],[-57.91369347,-31.21016061],[-57.91365158,-31.21041636],[-57.91352071,-31.21075543],[-57.91323517,-31.2111302],[-57.91311025,-31.21143358],[-57.91305671,-31.21177265],[-57.91306861,-31.21224855],[-57.91309376,-31.21263265],[-57.91315134,-31.21291576],[-57.91322922,-31.21324792],[-57.91345403,-31.21382151],[-57.91379483,-31.21430751],[-57.91391572,-31.21496792],[-57.91397955,-31.21550748],[-57.9139966,-31.21579783],[-57.91399655,-31.21600914],[-57.91404625,-31.21620212],[-57.91408249,-31.21649264],[-57.9141336,-31.2167402],[-57.91420159,-31.21700977],[-57.91426745,-31.21727624],[-57.91452753,-31.2179357],[-57.91502006,-31.21936807],[-57.91534914,-31.22063161],[-57.91640521,-31.22227405],[-57.917306,-31.22379626],[-57.91832256,-31.22538232],[-57.91933399,-31.22661584],[-57.92031428,-31.22816163],[-57.92126699,-31.22985357],[-57.92211651,-31.23206351],[-57.92283829,-31.23367966],[-57.92355015,-31.23547894],[-57.92498757,-31.23841347],[-57.9257614,-31.24000999],[-57.92610333,-31.2407967],[-57.9265196,-31.24201961],[-57.9267981,-31.24276513],[-57.92712527,-31.24345518],[-57.92756041,-31.2441065],[-57.92792553,-31.24469791],[-57.92827684,-31.24543039],[-57.92854899,-31.24665588],[-57.92907196,-31.24797705],[-57.92927204,-31.24859364],[-57.92947103,-31.24952908],[-57.93015314,-31.25137283],[-57.93037403,-31.25189539],[-57.93067067,-31.25270533],[-57.93125364,-31.25478736],[-57.93169384,-31.2561377],[-57.9321043,-31.2576784],[-57.93238487,-31.25930255],[-57.93261707,-31.26092763],[-57.93312152,-31.26269312],[-57.93358472,-31.2644489],[-57.93389371,-31.26541279],[-57.93434401,-31.26674693],[-57.9347893,-31.26815671],[-57.93533659,-31.2695843],[-57.93544794,-31.2699971],[-57.93559824,-31.27029238],[-57.93600368,-31.27096757],[-57.93637597,-31.27178825],[-57.9366853,-31.27254968],[-57.93705411,-31.27326352],[-57.93745341,-31.27394179],[-57.9380059,-31.27473878],[-57.93816686,-31.2750231],[-57.93837054,-31.27533611],[-57.93874857,-31.27576779],[-57.94085303,-31.27799671],[-57.94519378,-31.28225972],[-57.94699042,-31.28414752],[-57.94826421,-31.28540618],[-57.94936198,-31.28657149],[-57.95112947,-31.28896298],[-57.95318249,-31.2920564],[-57.95378925,-31.29290111],[-57.95456218,-31.29408865],[-57.95527587,-31.29507334],[-57.95595887,-31.29591748],[-57.9567093,-31.29674381],[-57.95781629,-31.29781955],[-57.96063698,-31.30034685],[-57.96355328,-31.30287615],[-57.96630595,-31.30526319],[-57.96928997,-31.30767731],[-57.97232471,-31.3102662],[-57.97358127,-31.31141202],[-57.97435303,-31.31209201],[-57.9752092,-31.31291774],[-57.97566715,-31.31337259],[-57.97656593,-31.31422163],[-57.97800624,-31.31550732],[-57.97864143,-31.3160541],[-57.97926672,-31.31673938],[-57.97951313,-31.31702223],[-57.97985197,-31.31744872],[-57.98013798,-31.31781698],[-57.9805117,-31.31832054],[-57.98088457,-31.31883881],[-57.98128916,-31.31969201],[-57.98152042,-31.32044141],[-57.981598,-31.32170257],[-57.98160414,-31.32256622],[-57.9815918,-31.32527172],[-57.98156133,-31.32872181],[-57.9815033,-31.33224367],[-57.98148995,-31.3335997],[-57.98152564,-31.33413508],[-57.98166938,-31.33505135],[-57.98183545,-31.33578889],[-57.98250267,-31.33737141],[-57.98332359,-31.33902513],[-57.98488784,-31.34218977],[-57.98660304,-31.3453954],[-57.98723714,-31.34640688],[-57.98873686,-31.34838832],[-57.99096127,-31.35125338],[-57.99230556,-31.352933],[-57.99317455,-31.35424179],[-57.99506477,-31.35739431],[-57.99586125,-31.35867634],[-57.99649341,-31.35958359],[-57.99693601,-31.36051392],[-57.9970935,-31.36105873],[-57.99711493,-31.36172509],[-57.99707592,-31.36236992],[-57.99680509,-31.36316212],[-57.99630209,-31.36386645],[-57.99594843,-31.36418039],[-57.99526703,-31.364497],[-57.99459984,-31.36464204],[-57.99399743,-31.36468287],[-57.99322303,-31.36461342],[-57.99259013,-31.36456839],[-57.99217976,-31.36460133],[-57.99162645,-31.36477064],[-57.9912291,-31.36506829],[-57.99085926,-31.36544393],[-57.99034197,-31.36618161],[-57.98984378,-31.36704338],[-57.98804536,-31.37051704],[-57.98734961,-31.37173061],[-57.98676088,-31.37236821],[-57.98560576,-31.37330642],[-57.98270875,-31.37574472],[-57.98083554,-31.37741258],[-57.97992569,-31.37825033],[-57.97924663,-31.37901648],[-57.97863411,-31.38009428],[-57.97833716,-31.38101046],[-57.97820629,-31.38186707],[-57.97819439,-31.38316387],[-57.9783608,-31.38476722],[-57.978587,-31.38600733],[-57.97893096,-31.38724658],[-57.97934843,-31.38839869],[-57.97986002,-31.38942186],[-57.98049057,-31.39044502],[-57.98131149,-31.39155147],[-57.98254881,-31.39271741],[-57.98380972,-31.39363771],[-57.98486418,-31.39425347],[-57.98641528,-31.3949751],[-57.98787784,-31.39567966],[-57.98973398,-31.3967358],[-57.99128112,-31.39780387],[-57.99272555,-31.39874143],[-57.99444861,-31.39981844],[-57.99778569,-31.40189021],[-58.00102438,-31.40401138],[-58.00199873,-31.4045812],[-58.0023584,-31.40480087],[-58.00301384,-31.40523447],[-58.0042902,-31.40608435],[-58.00533599,-31.40677184],[-58.00651192,-31.40753792],[-58.0078493,-31.40844341],[-58.00908417,-31.40929013],[-58.01074908,-31.41038753],[-58.01272345,-31.41169229],[-58.01460744,-31.41291392],[-58.01693283,-31.41429701],[-58.01744216,-31.41454494],[-58.01984399,-31.41557974],[-58.02192537,-31.41638134],[-58.02433695,-31.41733718],[-58.02498707,-31.41758155],[-58.02660761,-31.41822689],[-58.02833866,-31.41888421],[-58.02882861,-31.4190759],[-58.03051611,-31.41978251],[-58.03242889,-31.42059349],[-58.03447605,-31.42147788],[-58.03637648,-31.42240307],[-58.03841021,-31.42346477],[-58.04010134,-31.42439203],[-58.04233679,-31.42563909],[-58.04458146,-31.42683161],[-58.04662185,-31.42787858],[-58.049285,-31.42921831],[-58.05084919,-31.43002705],[-58.05283521,-31.43110572],[-58.053671,-31.43162325],[-58.05627144,-31.43308956],[-58.0569819,-31.43353286],[-58.05806758,-31.43416534],[-58.05958396,-31.43512998],[-58.060274,-31.43565347],[-58.06160752,-31.43662054],[-58.06266834,-31.43746186],[-58.06332864,-31.43800913],[-58.0646879,-31.43921671],[-58.06628512,-31.44058787],[-58.06705939,-31.44126323],[-58.06780453,-31.44197381],[-58.06838797,-31.44251821],[-58.06872109,-31.44285728],[-58.06957222,-31.44354742],[-58.07127009,-31.44497203],[-58.07169244,-31.445323],[-58.07292085,-31.44634745],[-58.07420938,-31.44740027],[-58.07481875,-31.44794535],[-58.07623424,-31.44911527],[-58.07775115,-31.45034961],[-58.0789981,-31.45138185],[-58.07969933,-31.45209554],[-58.08029122,-31.45284805],[-58.0808147,-31.45357081],[-58.08119542,-31.45429654],[-58.08172748,-31.45556099],[-58.08200741,-31.4564559],[-58.08239407,-31.45782707],[-58.08262904,-31.45912387],[-58.08281916,-31.4606675],[-58.08298799,-31.46203257],[-58.08303057,-31.46259194],[-58.08322646,-31.4642332],[-58.08332159,-31.46561376],[-58.08335478,-31.46659538],[-58.08339023,-31.46807952],[-58.08338497,-31.46977842],[-58.08334812,-31.47073847],[-58.08327465,-31.47222391],[-58.08314657,-31.47379028],[-58.08298316,-31.47521608],[-58.08277776,-31.47679435],[-58.08250709,-31.47820418],[-58.08218884,-31.47981626],[-58.08190033,-31.48094353],[-58.08158208,-31.48210352],[-58.08138875,-31.4827192],[-58.0809749,-31.48382451],[-58.08054905,-31.48495273],[-58.07999927,-31.48610092],[-58.07914243,-31.48756424],[-58.0782657,-31.48881062],[-58.07735259,-31.48983677],[-58.07635619,-31.49081235],[-58.07485093,-31.49212864],[-58.07345027,-31.49317693],[-58.07189784,-31.49425346],[-58.07049985,-31.49515871],[-58.06885494,-31.49616911],[-58.06734106,-31.49700682],[-58.06560416,-31.49789404],[-58.06406941,-31.49864357],[-58.0634833,-31.49887872],[-58.06200523,-31.49956263],[-58.05965843,-31.50046491],[-58.05738657,-31.50131758],[-58.05553933,-31.50200058],[-58.05322502,-31.50278085],[-58.05108915,-31.50344849],[-58.04902229,-31.50398843],[-58.04691471,-31.50460627],[-58.04517106,-31.50519505],[-58.04304872,-31.50597132],[-58.04109257,-31.50663874],[-58.03900505,-31.50750903],[-58.03722079,-31.50842306],[-58.03628069,-31.50886747],[-58.03450512,-31.50965059],[-58.03278847,-31.51044464],[-58.0321613,-31.51075214],[-58.03022695,-31.51166123],[-58.02920084,-31.51211992],[-58.02797829,-31.5127615],[-58.02695788,-31.51340222],[-58.02592064,-31.51406947],[-58.02473332,-31.51489835],[-58.023318,-31.51601381],[-58.02212232,-31.51704293],[-58.02184892,-31.51723631],[-58.02105434,-31.51790311],[-58.01990581,-31.51885311],[-58.01907643,-31.51952242],[-58.01804295,-31.5203966],[-58.0168994,-31.52135868],[-58.01636607,-31.52181654],[-58.01577051,-31.52229825],[-58.01494527,-31.52298861],[-58.01400806,-31.52375869],[-58.01347252,-31.52420204],[-58.0123874,-31.52507256],[-58.01152987,-31.5257416],[-58.01003984,-31.52692328],[-58.00955813,-31.52730614],[-58.00812496,-31.52842458],[-58.006324,-31.52982137],[-58.00494243,-31.53088732],[-58.00428139,-31.53146823],[-58.00382311,-31.53190541],[-58.00358586,-31.53216134],[-58.00341347,-31.53240143],[-58.00325273,-31.53265805],[-58.00304407,-31.53312791],[-58.00296469,-31.53369023],[-58.00294089,-31.53406202],[-58.00297063,-31.5348294],[-58.00301228,-31.536034],[-58.00305456,-31.53745989],[-58.00314612,-31.53848485],[-58.00322799,-31.53895318],[-58.0034067,-31.53980934],[-58.00376736,-31.54123935],[-58.00423044,-31.54263116],[-58.00450541,-31.54356642],[-58.00460681,-31.54397587],[-58.00465394,-31.54445167],[-58.00462489,-31.5449039],[-58.00448212,-31.54523702],[-58.00408135,-31.54583143],[-58.00364839,-31.54641706],[-58.00318576,-31.54700707],[-58.00255384,-31.54769721],[-58.00196551,-31.54826814],[-58.00134983,-31.54890122],[-58.00074069,-31.54956271],[-57.9999983,-31.55033841],[-57.99935108,-31.55098086],[-57.99867532,-31.55169946],[-57.99811376,-31.55229433],[-57.99747131,-31.55296533],[-57.99684592,-31.55361726],[-57.99645949,-31.55400753],[-57.995839,-31.55467855],[-57.99503474,-31.55549232],[-57.99437417,-31.55617778],[-57.99381646,-31.55675344],[-57.99336436,-31.55722933],[-57.99261149,-31.55805505],[-57.99165065,-31.55914731],[-57.9910539,-31.55987529],[-57.99017588,-31.56093891],[-57.98938352,-31.56203108],[-57.98861258,-31.56305901],[-57.9879844,-31.56395844],[-57.98726327,-31.56507674],[-57.98659804,-31.56623801],[-57.9861427,-31.56712789],[-57.9855859,-31.56824861],[-57.98524326,-31.56899814],[-57.98477922,-31.56994777],[-57.98407389,-31.57139201],[-57.98341295,-31.57284586],[-57.98283762,-31.57410922],[-57.98254627,-31.57476132],[-57.98211943,-31.57576766],[-57.98176687,-31.57673615],[-57.98149272,-31.57752864],[-57.98119281,-31.57860388],[-57.98090874,-31.57962961],[-57.98076749,-31.58031248],[-57.98062756,-31.58104782],[-57.9805376,-31.58178316],[-57.98041771,-31.58283233],[-57.98036344,-31.58378182],[-57.98040485,-31.58504527],[-57.98045761,-31.58617547],[-57.98052909,-31.58715608],[-57.98062462,-31.58827424],[-57.98098878,-31.59043471],[-57.98117438,-31.59114141],[-57.98149561,-31.59225499],[-57.98176256,-31.5931331],[-57.98231925,-31.59483962],[-57.9825249,-31.59536046],[-57.98287898,-31.5964454],[-57.98320452,-31.59738044],[-57.98364446,-31.5987328],[-57.98405257,-31.60001446],[-57.9846868,-31.60187979],[-57.9853432,-31.60346226],[-57.98585002,-31.60471861],[-57.986321,-31.60597967],[-57.98667235,-31.6068867],[-57.98746041,-31.60868769],[-57.9880372,-31.60982264],[-57.98904807,-31.61180478],[-57.9896448,-31.61296847],[-57.99067409,-31.61504089],[-57.9912923,-31.61627574],[-57.99225881,-31.61824603],[-57.99299554,-31.61969494],[-57.99383073,-31.62146526],[-57.99424476,-31.62252888],[-57.99509423,-31.6247275],[-57.99552967,-31.62596958],[-57.99576807,-31.62673347],[-57.99616499,-31.62818961],[-57.99668609,-31.62983144],[-57.99701299,-31.63099006],[-57.99731851,-31.63204448],[-57.99749838,-31.63275122],[-57.99772681,-31.6336221],[-57.99806189,-31.63497634],[-57.99838798,-31.63609145],[-57.99879043,-31.63756249],[-57.999106,-31.63878298],[-57.99949147,-31.64013927],[-57.99985405,-31.64137439],[-58.00023535,-31.64278743],[-58.00057651,-31.64403683],[-58.00098339,-31.64535743],[-58.00126464,-31.64643029],[-58.00156153,-31.64758483],[-58.00191852,-31.64879099],[-58.00221833,-31.64969756],[-58.00255384,-31.65049706],[-58.00284651,-31.65116093],[-58.00330337,-31.65215317],[-58.00388158,-31.65337383],[-58.00432416,-31.65415191],[-58.00510938,-31.6555439],[-58.00573042,-31.65671459],[-58.00624438,-31.65779249],[-58.00667269,-31.65880614],[-58.00705816,-31.65966988],[-58.007308,-31.66034803],[-58.00760781,-31.6611975],[-58.0078648,-31.66218259],[-58.00802898,-31.66271083],[-58.00816461,-31.66344609],[-58.00833593,-31.66439549],[-58.00842873,-31.66521641],[-58.00850011,-31.66595166],[-58.00857863,-31.66696531],[-58.00863693,-31.66788914],[-58.00867262,-31.66916215],[-58.00869602,-31.67032099],[-58.00873166,-31.67106563],[-58.00887488,-31.67270755],[-58.00902954,-31.67346897],[-58.009208,-31.67420661],[-58.00939734,-31.67478905],[-58.00947875,-31.67504863],[-58.00962152,-31.67533179],[-58.00978451,-31.67583029],[-58.01007599,-31.67678207],[-58.01031989,-31.67757919],[-58.01063517,-31.67875107],[-58.01093855,-31.67982183],[-58.01121357,-31.6809275],[-58.01149772,-31.68177299],[-58.01173626,-31.68275315],[-58.0120212,-31.68374794],[-58.01234243,-31.68494362],[-58.01259227,-31.685943],[-58.01285353,-31.68669009],[-58.01328232,-31.68762052],[-58.01360354,-31.68818564],[-58.01382364,-31.68853066],[-58.01443018,-31.68932773],[-58.01502021,-31.69002395],[-58.01593057,-31.69104122],[-58.01670279,-31.69187975],[-58.0173641,-31.69264181],[-58.01855354,-31.69412743],[-58.01887405,-31.69459829],[-58.01962501,-31.69569696],[-58.02046907,-31.69695624],[-58.02124756,-31.69822101],[-58.02180674,-31.69908357],[-58.02280016,-31.70051719],[-58.02315708,-31.70101688],[-58.02383528,-31.70202115],[-58.02455573,-31.70303256],[-58.02535874,-31.70411627],[-58.02600048,-31.70499163],[-58.02659617,-31.70582738],[-58.02731028,-31.7067841],[-58.02795764,-31.70767342],[-58.0286966,-31.70864333],[-58.02930837,-31.70942347],[-58.02999963,-31.71035554],[-58.03053363,-31.71120697],[-58.03115978,-31.71212933],[-58.0318723,-31.7130511],[-58.03253309,-31.71389485],[-58.03330768,-31.71500858],[-58.03378286,-31.71580066],[-58.03420968,-31.71663804],[-58.03468557,-31.71777424],[-58.03505438,-31.7188212],[-58.0354232,-31.72001093],[-58.03559664,-31.72092616],[-58.03579797,-31.72193234],[-58.03591176,-31.72257709],[-58.03616083,-31.72378237],[-58.03650106,-31.7249237],[-58.0366907,-31.72587044],[-58.03689252,-31.72683403],[-58.03704123,-31.72745864],[-58.03725539,-31.72846991],[-58.03751713,-31.72966559],[-58.03771343,-31.73056979],[-58.03788594,-31.7314145],[-58.03813055,-31.73261946],[-58.03837461,-31.73379414],[-58.03857599,-31.7347041],[-58.03880247,-31.73575116],[-58.03902214,-31.73685156],[-58.03918275,-31.73765463],[-58.03923667,-31.73838746],[-58.03926008,-31.73912395],[-58.03921844,-31.74012927],[-58.0391649,-31.74108106],[-58.03901024,-31.74237786],[-58.03888554,-31.74324641],[-58.03869496,-31.74422194],[-58.0385046,-31.74514399],[-58.03821312,-31.7466252],[-58.03805845,-31.74743422],[-58.03785025,-31.74832057],[-58.037648,-31.74936753],[-58.03745169,-31.75054536],[-58.03727831,-31.75141963],[-58.03713679,-31.75230731],[-58.03707098,-31.7532639],[-58.03708288,-31.75426327],[-58.03717805,-31.75509013],[-58.03726133,-31.75585156],[-58.03730298,-31.75610735],[-58.03748192,-31.75685592],[-58.03770219,-31.75764819],[-58.03789828,-31.7582923],[-58.03813622,-31.75906393],[-58.03832063,-31.75953982],[-58.03848752,-31.75989468],[-58.03876656,-31.76038448],[-58.03911185,-31.76097239],[-58.03969433,-31.7618478],[-58.04053942,-31.76304463],[-58.04114727,-31.76388362],[-58.04218763,-31.76509701],[-58.04272901,-31.76570866],[-58.04343685,-31.76648899],[-58.04406135,-31.76716499],[-58.04471613,-31.76785512],[-58.04568484,-31.76876018],[-58.04664258,-31.76967628],[-58.0474344,-31.77042],[-58.04820767,-31.77118843],[-58.04887397,-31.77190121],[-58.04973653,-31.77289038],[-58.05026595,-31.7735014],[-58.05087191,-31.77433297],[-58.05153891,-31.775293],[-58.05225388,-31.77639268],[-58.05265731,-31.77701706],[-58.05335271,-31.7781699],[-58.05388273,-31.77906339],[-58.05433483,-31.77986051],[-58.05502444,-31.78100256],[-58.05549509,-31.78178687],[-58.05598856,-31.78259689],[-58.05661825,-31.78365556],[-58.05711886,-31.78451726],[-58.05760005,-31.78540346],[-58.05817766,-31.78650516],[-58.05876047,-31.78749153],[-58.05938508,-31.78844927],[-58.05996225,-31.78925343],[-58.06078979,-31.7905595],[-58.06151528,-31.79169248],[-58.06219235,-31.79292956],[-58.06287623,-31.79423227],[-58.06389426,-31.79604785],[-58.06454347,-31.79711865],[-58.06519869,-31.7981432],[-58.06586402,-31.79915109],[-58.06641876,-31.79997181],[-58.06707105,-31.80082942],[-58.06797066,-31.8018977],[-58.06833125,-31.80236138],[-58.06892888,-31.8030484],[-58.06988136,-31.804148],[-58.07045422,-31.80477149],[-58.07125793,-31.80567583],[-58.07182694,-31.80632338],[-58.0723587,-31.80690323],[-58.07298644,-31.80760924],[-58.07324414,-31.80788561],[-58.07376465,-31.80845074],[-58.07402341,-31.80873032],[-58.07442792,-31.80919432],[-58.07478009,-31.80957909],[-58.07496759,-31.80976528],[-58.07521139,-31.81002873],[-58.07543207,-31.81031299],[-58.07571405,-31.81066662],[-58.07599684,-31.81104418],[-58.07623778,-31.81133978],[-58.07666014,-31.81186028],[-58.07713305,-31.81243433],[-58.07754351,-31.81291022],[-58.07794108,-31.81338016],[-58.07842437,-31.81396025],[-58.07894536,-31.8145878],[-58.07962355,-31.81532842],[-58.08029727,-31.81606319],[-58.08110943,-31.81691956],[-58.08172442,-31.81751448],[-58.08252306,-31.81829089],[-58.08322348,-31.8189481],[-58.08393632,-31.81957575],[-58.08458718,-31.82007547],[-58.08555923,-31.82075661],[-58.08613857,-31.82115808],[-58.08721389,-31.82180052],[-58.08866055,-31.8224816],[-58.08949931,-31.82283852],[-58.09109898,-31.82345742],[-58.09209728,-31.82376037],[-58.09334958,-31.82412354],[-58.09493638,-31.82455768],[-58.09621683,-31.82483143],[-58.09762431,-31.82510803],[-58.09902466,-31.82537872],[-58.10075226,-31.82572675],[-58.10302655,-31.82619356],[-58.10383221,-31.82634512],[-58.10539667,-31.82667526],[-58.10707163,-31.82702915],[-58.10778125,-31.82717556],[-58.10914166,-31.82745736],[-58.1101113,-31.82765714],[-58.11107421,-31.82785314],[-58.11275257,-31.82819848],[-58.11352908,-31.82834703],[-58.11484808,-31.82862351],[-58.11562033,-31.8287812],[-58.11648434,-31.82897463],[-58.1175549,-31.82920949],[-58.11885052,-31.82951885],[-58.11988057,-31.82973589],[-58.12103115,-31.82998875],[-58.12310225,-31.83045862],[-58.12445828,-31.83075617],[-58.12554449,-31.83100451],[-58.12656536,-31.83125864],[-58.12707695,-31.83141331],[-58.12854495,-31.83183609],[-58.12958673,-31.8321482],[-58.13097066,-31.8325677],[-58.1321587,-31.83290952],[-58.13355214,-31.83332306],[-58.13482853,-31.83370074],[-58.13582894,-31.83399216],[-58.13787957,-31.83461409],[-58.13929861,-31.83502439],[-58.14164465,-31.8357174],[-58.1426763,-31.83604462],[-58.14380993,-31.83637949],[-58.1448162,-31.83669701],[-58.14656128,-31.83721745],[-58.14810324,-31.83770882],[-58.15044501,-31.83845016],[-58.15272952,-31.83915103],[-58.15427783,-31.83964151],[-58.15564927,-31.84007908],[-58.15651651,-31.84041214],[-58.15739746,-31.84081227],[-58.15794013,-31.84110742],[-58.15855775,-31.84146792],[-58.15921763,-31.84186453],[-58.16035692,-31.84260306],[-58.16134616,-31.84320116],[-58.16187675,-31.8435254],[-58.16261918,-31.84389244],[-58.1646428,-31.84481269],[-58.16537479,-31.84508287],[-58.16621351,-31.84537849],[-58.16721675,-31.84568909],[-58.16804823,-31.84594721],[-58.16875834,-31.8461435],[-58.16959403,-31.84640125],[-58.17048697,-31.84667574],[-58.17140023,-31.84696109],[-58.17263449,-31.84733561],[-58.17348411,-31.84759266],[-58.17457244,-31.84793222],[-58.17555431,-31.84823635],[-58.17618917,-31.84842648],[-58.1774674,-31.84880029],[-58.17908083,-31.84929521],[-58.18007257,-31.84958712],[-58.18097595,-31.8498514],[-58.18248204,-31.85031118],[-58.18367426,-31.85067232],[-58.18438719,-31.85089091],[-58.18497723,-31.85104782],[-58.18654731,-31.85157167],[-58.18774537,-31.85199999],[-58.18859553,-31.85232401],[-58.18955336,-31.85272312],[-58.19020273,-31.85300254],[-58.19125779,-31.85349625],[-58.19183064,-31.85379341],[-58.19264464,-31.85422774],[-58.1936516,-31.85481689],[-58.19432596,-31.85526887],[-58.19476816,-31.85557805],[-58.19526213,-31.85597071],[-58.19591105,-31.85655991],[-58.1966173,-31.85720213],[-58.19730124,-31.85789809],[-58.19784569,-31.85846302],[-58.19822432,-31.85885576],[-58.19862496,-31.85929583],[-58.19941018,-31.86022977],[-58.19982058,-31.86076559],[-58.20016566,-31.86124699],[-58.20048689,-31.86165745],[-58.20113916,-31.86249634],[-58.20193532,-31.86352554],[-58.20252327,-31.86423351],[-58.20338879,-31.86542301],[-58.20407988,-31.86639852],[-58.20451309,-31.86700535],[-58.20511286,-31.8679453],[-58.20568393,-31.86884355],[-58.20604189,-31.8694443],[-58.20627539,-31.86994401],[-58.20654262,-31.87062801],[-58.20670918,-31.87119908],[-58.20680332,-31.8716453],[-58.20681626,-31.87213897],[-58.20677462,-31.87303722],[-58.2066833,-31.8736798],[-58.20653072,-31.87427454],[-58.20629872,-31.87502407],[-58.20599155,-31.87582107],[-58.20555514,-31.87671943],[-58.20527555,-31.87724886],[-58.2048413,-31.87799839],[-58.20450223,-31.87872413],[-58.20422264,-31.87938443],[-58.20396685,-31.88002688],[-58.20377649,-31.88058606],[-58.2035326,-31.88143077],[-58.20335905,-31.88213277],[-58.20324394,-31.88265044],[-58.20308749,-31.8836555],[-58.20289996,-31.88450635],[-58.20271169,-31.88511893],[-58.20239641,-31.885922],[-58.20204856,-31.88690928],[-58.20186017,-31.88743233],[-58.20154367,-31.88843841],[-58.20127598,-31.88940209],[-58.20108882,-31.89008006],[-58.2008795,-31.89090697],[-58.20062966,-31.8918885],[-58.20046257,-31.89257349],[-58.2002073,-31.89364335],[-58.20002289,-31.8943096],[-58.19977097,-31.89523177],[-58.19962225,-31.89580879],[-58.19945986,-31.89651642],[-58.1991952,-31.89750377],[-58.19903163,-31.89827128],[-58.19884896,-31.89896456],[-58.19868445,-31.89952062],[-58.19832915,-31.90097827],[-58.19815888,-31.90166821],[-58.19785297,-31.90279841],[-58.19759696,-31.90358945],[-58.1972131,-31.90465184],[-58.19690368,-31.90549616],[-58.19656078,-31.90637941],[-58.19628714,-31.90702187],[-58.19592564,-31.90795292],[-58.1955733,-31.90885405],[-58.19531751,-31.90956194],[-58.19482972,-31.9108647],[-58.19465721,-31.91134654],[-58.19441926,-31.91194735],[-58.19405781,-31.91297657],[-58.19368163,-31.91399964],[-58.19329868,-31.91506455],[-58.19291425,-31.91609951],[-58.19268262,-31.91671239],[-58.19222421,-31.91806257],[-58.19192678,-31.91883589],[-58.19161536,-31.91969858],[-58.19133328,-31.92034397],[-58.19090361,-31.92106664],[-58.1907073,-31.92128674],[-58.1902671,-31.92181022],[-58.18977931,-31.92223257],[-58.18933911,-31.92258949],[-58.18867881,-31.92304754],[-58.18769729,-31.92368404],[-58.18650756,-31.92436219],[-58.1858889,-31.92467152],[-58.18540111,-31.92492136],[-58.18422327,-31.92550433],[-58.18325959,-31.92592669],[-58.18264093,-31.92612299],[-58.18205796,-31.92626576],[-58.18151996,-31.92636773],[-58.18081663,-31.92649606],[-58.18024957,-31.92662863],[-58.17968445,-31.9267476],[-58.17837575,-31.92708667],[-58.17701917,-31.92747319],[-58.17635321,-31.92768154],[-58.17489579,-31.92815148],[-58.17333724,-31.92871066],[-58.17257581,-31.92899619],[-58.17186197,-31.92934121],[-58.17104701,-31.92983495],[-58.17038547,-31.93033169],[-58.16981942,-31.93082254],[-58.16938139,-31.93129832],[-58.16872566,-31.93209238],[-58.16829292,-31.93277965],[-58.16788723,-31.93339231],[-58.16732315,-31.93429644],[-58.16672017,-31.93522454],[-58.16639516,-31.93570627],[-58.16587828,-31.93649775],[-58.16529048,-31.93742569],[-58.16474739,-31.93829988],[-58.16420011,-31.93914459],[-58.16343868,-31.94029863],[-58.16297469,-31.94101842],[-58.16226575,-31.94208924],[-58.16133054,-31.94354073],[-58.1608429,-31.94427244],[-58.16066159,-31.94456274],[-58.16022834,-31.94533874],[-58.15997767,-31.94581997],[-58.15947164,-31.94679899],[-58.15879242,-31.94821956],[-58.15794086,-31.95016133],[-58.15752746,-31.95122102],[-58.15704079,-31.95251778],[-58.15668982,-31.9535588],[-58.15643781,-31.95432628],[-58.15621868,-31.95514117],[-58.15596094,-31.95613475],[-58.1556885,-31.95737204],[-58.15551962,-31.95813355],[-58.15536712,-31.95904953],[-58.15530169,-31.95954327],[-58.15525024,-31.96000714],[-58.15519076,-31.96050682],[-58.1551283,-31.96101841],[-58.1550391,-31.96187715],[-58.15487625,-31.96374513],[-58.15477336,-31.96507142],[-58.15470197,-31.96610054],[-58.15462165,-31.96754628],[-58.15454969,-31.96837332],[-58.15423159,-31.9708809],[-58.15403573,-31.97212335],[-58.15379135,-31.97348472],[-58.1535534,-31.97465542],[-58.15333141,-31.97569254],[-58.15308894,-31.9768763],[-58.1528817,-31.97767864],[-58.15267309,-31.97844288],[-58.15241639,-31.97921871],[-58.15227334,-31.97967068],[-58.15201873,-31.98041073],[-58.15166896,-31.98127444],[-58.15140246,-31.98195973],[-58.1511312,-31.98263073],[-58.15082782,-31.98327676],[-58.15012587,-31.98471633],[-58.14967868,-31.98554326],[-58.14896106,-31.98675072],[-58.148258,-31.98783343],[-58.14749874,-31.98890407],[-58.14694972,-31.9896593],[-58.14605329,-31.9908374],[-58.14536115,-31.99170603],[-58.14487434,-31.99231271],[-58.14408919,-31.99327046],[-58.14335568,-31.9941268],[-58.14282143,-31.99469782],[-58.14222341,-31.99534642],[-58.14158361,-31.9961318],[-58.14112556,-31.9967683],[-58.14064882,-31.99739256],[-58.14022949,-31.99789249],[-58.13978936,-31.99839814],[-58.13934692,-31.99907043],[-58.13902569,-31.99960581],[-58.13876395,-32.00012929],[-58.13857359,-32.00064682],[-58.13842488,-32.00114651],[-58.13828242,-32.00183968],[-58.13822437,-32.00257444],[-58.13825509,-32.00313353],[-58.13841683,-32.0039544],[-58.13856344,-32.0045018],[-58.13893233,-32.00566775],[-58.13916289,-32.00636662],[-58.13938715,-32.00738114],[-58.13956526,-32.00826138],[-58.1396819,-32.00903172],[-58.13982109,-32.00992999],[-58.13990535,-32.01072703],[-58.13993622,-32.01122072],[-58.13990154,-32.01224679],[-58.13983527,-32.0131392],[-58.13973739,-32.01371316],[-58.13957576,-32.01466204],[-58.1394057,-32.01551867],[-58.13922794,-32.01656542],[-58.13904948,-32.01757074],[-58.138869,-32.01858215],[-58.13858119,-32.02009943],[-58.1382828,-32.02128301],[-58.1380837,-32.0222703],[-58.13796683,-32.02297806],[-58.1378356,-32.02395997],[-58.13777415,-32.02482818],[-58.13772551,-32.0263392],[-58.13773755,-32.02714824],[-58.13781285,-32.02826078],[-58.13787346,-32.02923036],[-58.13799846,-32.03058667],[-58.13809146,-32.03156831],[-58.13823807,-32.0326035],[-58.13837308,-32.03335871],[-58.13878948,-32.03565489],[-58.13887381,-32.03614857],[-58.13910476,-32.03754657],[-58.13924542,-32.0383914],[-58.13942983,-32.03959898],[-58.13953683,-32.04019383],[-58.13966386,-32.04106815],[-58.13987191,-32.04236493],[-58.14001867,-32.04333472],[-58.140096,-32.04380466],[-58.14024479,-32.04466723],[-58.14034486,-32.04539303],[-58.14043025,-32.04582121],[-58.14054606,-32.04666015],[-58.14071195,-32.04759378],[-58.1408078,-32.04825439],[-58.14093589,-32.0491584],[-58.14104786,-32.05012214],[-58.14114898,-32.0507765],[-58.14120644,-32.05149642],[-58.14135489,-32.05239759],[-58.14149468,-32.05327525],[-58.14166651,-32.05419102],[-58.14181034,-32.05502972],[-58.14193812,-32.05567238],[-58.14213156,-32.05655852],[-58.14220566,-32.05698105],[-58.14255881,-32.05844431],[-58.14271633,-32.05919999],[-58.14309313,-32.06055614],[-58.14337535,-32.06149313],[-58.14348684,-32.06188561],[-58.14389383,-32.06306646],[-58.14417692,-32.06382786],[-58.1448379,-32.06547243],[-58.14530045,-32.06654958],[-58.14589841,-32.06784023],[-58.14631211,-32.06870856],[-58.14685143,-32.06981813],[-58.14731773,-32.07071043],[-58.14804802,-32.07203094],[-58.14857812,-32.07297403],[-58.14972945,-32.07486264],[-58.15023429,-32.0756688],[-58.15096786,-32.07667395],[-58.15158924,-32.07745582],[-58.15214825,-32.07815317],[-58.15297343,-32.079072],[-58.1534343,-32.07957482],[-58.15407518,-32.08012405],[-58.15478188,-32.08060589],[-58.15647994,-32.08173319],[-58.15854545,-32.08303336],[-58.16031577,-32.08414338],[-58.16214339,-32.08531903],[-58.16369847,-32.08632945],[-58.1646733,-32.08710667],[-58.16512659,-32.08764562],[-58.1660403,-32.08887699],[-58.16673273,-32.0899656],[-58.16738579,-32.09138187],[-58.16806178,-32.09310876],[-58.16835002,-32.09393368],[-58.16882935,-32.09575848],[-58.16916736,-32.09718878],[-58.16960281,-32.09894482],[-58.17009535,-32.10087218],[-58.17060173,-32.10303598],[-58.17105904,-32.10498389],[-58.17156033,-32.10722612],[-58.17205429,-32.10934918],[-58.1725117,-32.11122641],[-58.17312203,-32.11336078],[-58.17360387,-32.11493123],[-58.17427583,-32.1173514],[-58.17473324,-32.11888241],[-58.17528018,-32.12085574],[-58.17582391,-32.12272991],[-58.17643424,-32.12501063],[-58.17703185,-32.1271383],[-58.17753712,-32.12896529],[-58.17821476,-32.13133218],[-58.17869861,-32.13299856],[-58.17913048,-32.13447264],[-58.17954451,-32.13598598],[-58.18017626,-32.13815604],[-58.18058521,-32.13958363],[-58.18100994,-32.14117549],[-58.18130975,-32.14237117],[-58.18165953,-32.14375245],[-58.18189867,-32.14466616],[-58.18200575,-32.14512302],[-58.18228414,-32.14620805],[-58.18253399,-32.14711463],[-58.18285164,-32.14843523],[-58.18300869,-32.14899916],[-58.1833085,-32.15019841],[-58.18362616,-32.15191876],[-58.18371182,-32.15251482],[-58.18382603,-32.1536641],[-58.18390812,-32.15503467],[-58.18389028,-32.15633385],[-58.1837832,-32.15740104],[-58.18332635,-32.15919991],[-58.18295158,-32.16006366],[-58.18248045,-32.16113798],[-58.18183442,-32.16229797],[-58.18093142,-32.1637542],[-58.17979642,-32.16536391],[-58.17733367,-32.16793372],[-58.17608446,-32.16923648],[-58.17466392,-32.17067486],[-58.17351107,-32.17187054],[-58.17165152,-32.1737408],[-58.1692209,-32.1760572],[-58.16743631,-32.17776328],[-58.16542328,-32.17963353],[-58.16342097,-32.1814217],[-58.16136154,-32.18326697],[-58.15952341,-32.18485169],[-58.15795296,-32.18624011],[-58.15690362,-32.18721806],[-58.15515472,-32.18900623],[-58.15316311,-32.19125839],[-58.15179968,-32.19291449],[-58.15011502,-32.19494893],[-58.14808415,-32.1974902],[-58.14674927,-32.19918556],[-58.14590337,-32.20022777],[-58.1443365,-32.20210873],[-58.143073,-32.20364348],[-58.1417988,-32.20514968],[-58.1405418,-32.20667653],[-58.13927895,-32.20818706],[-58.1381154,-32.20961831],[-58.13663061,-32.21142075],[-58.13575616,-32.21243797],[-58.13405723,-32.21439389],[-58.13285825,-32.21573108],[-58.13164115,-32.217223],[-58.13009569,-32.21914322],[-58.12866445,-32.22090284],[-58.12744735,-32.22245543],[-58.12618716,-32.22433052],[-58.12505515,-32.22568697],[-58.12429491,-32.2265293],[-58.12317775,-32.22754652],[-58.12239253,-32.22821396],[-58.12063292,-32.22956669],[-58.11940869,-32.2304804],[-58.11774188,-32.23201872],[-58.11516492,-32.23434583],[-58.11273787,-32.23652661],[-58.11063919,-32.23841471],[-58.1090015,-32.23995287],[-58.10815014,-32.24080927],[-58.10704369,-32.24199067],[-58.10556962,-32.2437253],[-58.10491835,-32.24451073],[-58.10426125,-32.24548875],[-58.10371196,-32.2464024],[-58.10320157,-32.24736608],[-58.10246617,-32.24886209],[-58.10193968,-32.25037494],[-58.10144447,-32.25195633],[-58.10093595,-32.25371522],[-58.10047552,-32.25573182],[-58.10020783,-32.25717734],[-58.09986388,-32.26001972],[-58.09970684,-32.26215766],[-58.09957478,-32.26381377],[-58.09937309,-32.26561503],[-58.0993294,-32.26641106],[-58.09922589,-32.26811713],[-58.09915808,-32.26888451],[-58.09906885,-32.27012659],[-58.09894086,-32.2728789],[-58.09889446,-32.27446719],[-58.09883021,-32.2761804],[-58.09878024,-32.27733325],[-58.09870172,-32.27845041],[-58.09862677,-32.28034208],[-58.09861872,-32.28185875],[-58.09858601,-32.28356141],[-58.09857734,-32.28418203],[-58.0985243,-32.28553165],[-58.09849886,-32.28715551],[-58.09845892,-32.2877082],[-58.09853221,-32.28900976],[-58.09872273,-32.29067869],[-58.09878697,-32.29120693],[-58.09895028,-32.29238998],[-58.09921171,-32.29410511],[-58.09928666,-32.29468332],[-58.09936578,-32.2953344],[-58.0997108,-32.29755919],[-58.09983572,-32.29825519],[-58.10009746,-32.29997435],[-58.10041421,-32.30189664],[-58.1008836,-32.30351577],[-58.1013238,-32.30496724],[-58.10152011,-32.3055978],[-58.101996,-32.30685296],[-58.10245183,-32.30794942],[-58.10295747,-32.30912725],[-58.1034988,-32.31017421],[-58.10479247,-32.31229781],[-58.10582387,-32.31384846],[-58.10655972,-32.31498456],[-58.10762403,-32.31661058],[-58.1086353,-32.31812749],[-58.10985478,-32.31995967],[-58.11059836,-32.32101259],[-58.11206173,-32.32318384],[-58.11261495,-32.32412968],[-58.11435196,-32.32662216],[-58.11550041,-32.32834538],[-58.11626033,-32.32957694],[-58.11662916,-32.33018415],[-58.11780936,-32.33209956],[-58.11894555,-32.33389605],[-58.12021857,-32.33588885],[-58.12111681,-32.33729273],[-58.12224706,-32.33902379],[-58.1229252,-32.33999937],[-58.12350222,-32.34076675],[-58.12405545,-32.34137946],[-58.12462888,-32.34199806],[-58.12487278,-32.34224195],[-58.12587722,-32.34297306],[-58.12704911,-32.34365716],[-58.12799494,-32.34409141],[-58.12853627,-32.3443472],[-58.13153439,-32.34590575],[-58.13210546,-32.34621508],[-58.13463007,-32.34748253],[-58.13628975,-32.34835103],[-58.13874654,-32.34962405],[-58.1399887,-32.35029846],[-58.14193901,-32.3513468],[-58.14290864,-32.35193571],[-58.14390207,-32.35238186],[-58.14585323,-32.35308975],[-58.14647189,-32.35326821],[-58.14775382,-32.35367569],[-58.14898265,-32.35404747],[-58.14938418,-32.35418726],[-58.15120745,-32.35473454],[-58.15344711,-32.35539484],[-58.1550592,-32.35590642],[-58.15733456,-32.35659052],[-58.15920838,-32.35718538],[-58.16091565,-32.35774158],[-58.16190907,-32.35806578],[-58.16418116,-32.35882432],[-58.16546327,-32.35925168],[-58.16668572,-32.35973054],[-58.1672895,-32.35999526],[-58.16826806,-32.36050387],[-58.16905328,-32.3610095],[-58.17008834,-32.36175309],[-58.17078434,-32.36239257],[-58.17131972,-32.36289225],[-58.17244255,-32.36407219],[-58.17353529,-32.36527775],[-58.17452629,-32.36638286],[-58.17498136,-32.36681712],[-58.17591233,-32.36784623],[-58.17709046,-32.3691489],[-58.17782512,-32.36995494],[-58.17860989,-32.37083261],[-58.17962116,-32.37195691],[-58.18010895,-32.37251013],[-58.18133457,-32.37384958],[-58.18200039,-32.37471364],[-58.18281687,-32.37580181],[-58.18334333,-32.37667924],[-58.18354856,-32.37711349],[-58.18390548,-32.3779344],[-58.18404418,-32.37848953],[-58.18423076,-32.37916685],[-58.18433269,-32.37957516],[-58.18441973,-32.37995703],[-58.18459542,-32.3807849],[-58.18466908,-32.38138947],[-58.18468039,-32.3823503],[-58.18459777,-32.38398322],[-58.18450818,-32.38522341],[-58.18439218,-32.3864637],[-58.18432675,-32.38768912],[-58.1842482,-32.38891192],[-58.1842244,-32.39002729],[-58.18425455,-32.39129317],[-58.18428429,-32.39197727],[-58.18439434,-32.39258403],[-58.18470962,-32.39357746],[-58.18517659,-32.39481478],[-58.18562274,-32.39578738],[-58.18613642,-32.3966675],[-58.1866599,-32.39753898],[-58.18758789,-32.39876737],[-58.18858727,-32.40007608],[-58.18956254,-32.40147112],[-58.19024099,-32.40256261],[-58.19073473,-32.40339245],[-58.19142585,-32.40473219],[-58.19192554,-32.405681],[-58.19269589,-32.4073258],[-58.19317178,-32.40848579],[-58.19360306,-32.40970824],[-58.19413362,-32.41130449],[-58.19458756,-32.41290861],[-58.19490878,-32.41426193],[-58.19526868,-32.41600489],[-58.1955096,-32.41765564],[-58.19567616,-32.41881265],[-58.19596795,-32.42183448],[-58.19606877,-32.42431813],[-58.19611995,-32.42601034],[-58.19608723,-32.42792284],[-58.19606344,-32.42939215],[-58.196086,-32.43052275],[-58.19615441,-32.43158756],[-58.19630015,-32.43256908],[-58.1964102,-32.43329482],[-58.19654999,-32.43420794],[-58.19683553,-32.43573079],[-58.19714804,-32.43717115],[-58.19749603,-32.43855124],[-58.19788967,-32.43986178],[-58.19823546,-32.44103185],[-58.19883925,-32.44272424],[-58.19927052,-32.44387828],[-58.19991893,-32.44542493],[-58.20019554,-32.44610605],[-58.20053759,-32.44693589],[-58.20079445,-32.44756476],[-58.2012287,-32.44870988],[-58.2014928,-32.44944471],[-58.20179977,-32.45018812],[-58.2019409,-32.45050047],[-58.20250469,-32.45197272],[-58.20278725,-32.45273117],[-58.20308776,-32.45364297],[-58.20351222,-32.45502299],[-58.20370493,-32.45567157],[-58.20390421,-32.45631403],[-58.20403868,-32.45689682],[-58.20414575,-32.4574203],[-58.20425816,-32.45803616],[-58.20436821,-32.45881841],[-58.20448123,-32.45979399],[-58.20455749,-32.46034019],[-58.20459021,-32.46082798],[-58.20456939,-32.46200284],[-58.20450698,-32.46275926],[-58.20442965,-32.46330356],[-58.2042958,-32.46386274],[-58.20411139,-32.46469852],[-58.20382883,-32.46551349],[-58.20334104,-32.46667645],[-58.20304064,-32.46725644],[-58.20236603,-32.46848075],[-58.20177362,-32.46957758],[-58.20125364,-32.47069365],[-58.2006223,-32.4721395],[-58.2001115,-32.47323967],[-58.19955232,-32.47420633],[-58.19876796,-32.4754945],[-58.19820879,-32.47656823],[-58.19774777,-32.47762411],[-58.19718265,-32.4792481],[-58.19681297,-32.48051487],[-58.19653367,-32.48187257],[-58.1964705,-32.48216978],[-58.19641634,-32.48254769],[-58.19635748,-32.48292228],[-58.19630989,-32.48338925],[-58.19623553,-32.48390084],[-58.19614035,-32.4846117],[-58.19611502,-32.48574387],[-58.19610763,-32.48773155],[-58.19613185,-32.48889058],[-58.19605451,-32.49077927],[-58.19594149,-32.49188572],[-58.19576006,-32.4932896],[-58.1954656,-32.49461615],[-58.1953615,-32.49508312],[-58.1950135,-32.49621337],[-58.19436109,-32.49799114],[-58.19390007,-32.49915708],[-58.19363238,-32.49980548],[-58.19298695,-32.50133428],[-58.19277577,-32.50183099],[-58.19223251,-32.50326847],[-58.19167333,-32.50464558],[-58.19145026,-32.50516311],[-58.19116472,-32.50592454],[-58.19064719,-32.50736114],[-58.1902754,-32.50855385],[-58.18966864,-32.51024029],[-58.18911839,-32.51171853],[-58.18886259,-32.51233719],[-58.18844916,-32.51325328],[-58.18782753,-32.51484455],[-58.18765502,-32.51537695],[-58.18743194,-32.51610863],[-58.18731,-32.51661724],[-58.18715236,-32.51744113],[-58.18703933,-32.51825907],[-58.18701256,-32.51919896],[-58.18703041,-32.51979085],[-58.18704034,-32.52026093],[-58.18713552,-32.52075169],[-58.18738239,-32.52156665],[-58.18764116,-32.52231916],[-58.18786619,-32.52291389],[-58.1881547,-32.52417203],[-58.18833316,-32.5249751],[-58.18844916,-32.52568299],[-58.18849973,-32.52621242],[-58.18851757,-32.52736943],[-58.18840752,-32.5284967],[-58.18828557,-32.52945741],[-58.1881785,-32.53004038],[-58.18795542,-32.53111709],[-58.18758066,-32.53234251],[-58.18738733,-32.53286896],[-58.18687872,-32.53396649],[-58.18592396,-32.53551909],[-58.18554919,-32.53601283],[-58.18477884,-32.5370122],[-58.18354747,-32.53843095],[-58.18315784,-32.53883546],[-58.18206626,-32.53996273],[-58.18101632,-32.54096805],[-58.17973736,-32.54215184],[-58.17870824,-32.54304413],[-58.17750364,-32.54402269],[-58.17599268,-32.54525108],[-58.17446091,-32.54647056],[-58.17410994,-32.54680666],[-58.17275959,-32.54811833],[-58.17173642,-32.54923966],[-58.17106423,-32.55007544],[-58.17068054,-32.55061082],[-58.16991316,-32.55172619],[-58.1691666,-32.55305869],[-58.16775975,-32.55563743],[-58.16676398,-32.55748971],[-58.16583599,-32.55931297],[-58.16498831,-32.56091316],[-58.16440768,-32.56204413],[-58.16380984,-32.56322791],[-58.16321498,-32.56446821],[-58.16282534,-32.56531291],[-58.16239406,-32.56624983],[-58.16194581,-32.56725896],[-58.16128524,-32.56865635],[-58.16081828,-32.56984013],[-58.16055951,-32.57077407],[-58.16035131,-32.57185672],[-58.16025613,-32.57278769],[-58.16018474,-32.57392685],[-58.16016894,-32.57536027],[-58.16015407,-32.57619903],[-58.16017523,-32.57721339],[-58.1602258,-32.57837337],[-58.16026744,-32.5789147],[-58.16032097,-32.57984566],[-58.16041318,-32.58101457],[-58.16051429,-32.58194237],[-58.16065981,-32.58292289],[-58.16074309,-32.58392524],[-58.16086526,-32.58514275],[-58.16097531,-32.58649309],[-58.16103547,-32.58802806],[-58.16105927,-32.58970558],[-58.1610206,-32.59113028],[-58.16094327,-32.59264124],[-58.16085999,-32.59371497],[-58.16068748,-32.59494634],[-58.1604839,-32.59621336],[-58.16011573,-32.59794127],[-58.15960052,-32.59961896],[-58.15894682,-32.60132606],[-58.1583579,-32.60278645],[-58.1580337,-32.60363413],[-58.15742486,-32.60518201],[-58.15693085,-32.60643995],[-58.15654951,-32.60743366],[-58.15625636,-32.60817795],[-58.15607676,-32.60862582],[-58.15563313,-32.60977871],[-58.15507246,-32.61122123],[-58.15439829,-32.61291672],[-58.15375543,-32.61454414],[-58.15289931,-32.61670248],[-58.15258117,-32.61823826],[-58.15210975,-32.6202502],[-58.15190659,-32.62125779],[-58.15148266,-32.62313901],[-58.15113564,-32.62479486],[-58.15075731,-32.62644383],[-58.1504575,-32.6278251],[-58.15006846,-32.62955973],[-58.1498436,-32.63067689],[-58.14969525,-32.63119163],[-58.14962386,-32.63169845],[-58.14968811,-32.63210534],[-58.14975592,-32.63244798],[-58.15004669,-32.63318079],[-58.15040507,-32.63382333],[-58.15075128,-32.63458],[-58.15111534,-32.635715],[-58.15138715,-32.63692053],[-58.15147995,-32.63742736],[-58.15165127,-32.63908703],[-58.15171195,-32.64051471],[-58.15166198,-32.64200663],[-58.15161392,-32.64310124],[-58.15151755,-32.64410419],[-58.15141761,-32.64485372],[-58.15137121,-32.64539623],[-58.15108924,-32.64693099],[-58.15085368,-32.6482159],[-58.15073233,-32.6487941],[-58.15045393,-32.65010757],[-58.15006489,-32.65158878],[-58.14982575,-32.65248465],[-58.14927966,-32.65424069],[-58.14898342,-32.65500093],[-58.14857296,-32.65608953],[-58.1484766,-32.65642504],[-58.14805543,-32.65792767],[-58.14784842,-32.65874144],[-58.14740941,-32.66022622],[-58.14699181,-32.66171101],[-58.14651841,-32.66338401],[-58.14604728,-32.66509008],[-58.14564039,-32.66671406],[-58.14528864,-32.66865682],[-58.14520722,-32.66939191],[-58.1450466,-32.67112654],[-58.14495974,-32.67383231],[-58.14492252,-32.67573496],[-58.14489039,-32.67737679],[-58.14484751,-32.67946442],[-58.14484394,-32.67998909],[-58.14488175,-32.68111687],[-58.14495671,-32.68247673],[-58.14502502,-32.68305126],[-58.14509283,-32.68354381],[-58.14533649,-32.68458978],[-58.14573585,-32.68584958],[-58.14605758,-32.68669313],[-58.14646898,-32.68807684],[-58.14682846,-32.68945493],[-58.14710782,-32.69069271],[-58.1473728,-32.69199536],[-58.14758257,-32.69327715],[-58.14778608,-32.69444883],[-58.14795174,-32.69575851],[-58.14803489,-32.69645803],[-58.14816695,-32.69781076],[-58.14828117,-32.69916705],[-58.14836326,-32.7001343],[-58.14842394,-32.70081602],[-58.14847429,-32.70179053],[-58.14857027,-32.70293968],[-58.14860768,-32.70358643],[-58.14864707,-32.70437735],[-58.1487604,-32.70594064],[-58.14881494,-32.70681129],[-58.14889274,-32.70799236],[-58.14900556,-32.70934178],[-58.14907699,-32.71078408],[-58.14913767,-32.71139084],[-58.14924262,-32.712865],[-58.14928333,-32.71373954],[-58.14934401,-32.7144391],[-58.14940179,-32.71531338],[-58.14942889,-32.71635167],[-58.14957802,-32.71788973],[-58.14961015,-32.71842868],[-58.14967439,-32.71919963],[-58.14980288,-32.72134471],[-58.1498707,-32.72231553],[-58.15004202,-32.72473901],[-58.15008128,-32.725435],[-58.15018131,-32.72723814],[-58.15021343,-32.72842311],[-58.1502063,-32.72897633],[-58.15019559,-32.73000783],[-58.1501706,-32.73083231],[-58.15010993,-32.73127489],[-58.15004925,-32.73198159],[-58.14987436,-32.73310232],[-58.14969446,-32.73434074],[-58.14960166,-32.73487969],[-58.1494339,-32.7357363],[-58.14930184,-32.73628952],[-58.1490056,-32.73744237],[-58.14852733,-32.73887718],[-58.14830604,-32.73940542],[-58.14787012,-32.74058958],[-58.14738162,-32.7420609],[-58.14719453,-32.74279929],[-58.1468555,-32.744056],[-58.14664791,-32.74488848],[-58.14646,-32.74567624],[-58.14635407,-32.74631907],[-58.14624343,-32.74666529],[-58.1460721,-32.74732916],[-58.14592934,-32.7477646],[-58.14549033,-32.74888889],[-58.14525005,-32.74937392],[-58.14461473,-32.75044468],[-58.14379777,-32.75163335],[-58.14322632,-32.75236847],[-58.14253389,-32.753118],[-58.14204848,-32.75363554],[-58.14085994,-32.75487048],[-58.14043521,-32.75530949],[-58.13980239,-32.75596506],[-58.13960002,-32.75627674],[-58.13943583,-32.75662652],[-58.13920672,-32.75728699],[-58.1391282,-32.7580151],[-58.13909004,-32.75850454],[-58.13886833,-32.75985307],[-58.13855424,-32.76158769],[-58.13840077,-32.76230867],[-58.13815806,-32.76363284],[-58.13785073,-32.76514128],[-58.1376687,-32.76624773],[-58.13744741,-32.76737916],[-58.13719399,-32.76888179],[-58.13708692,-32.76938505],[-58.13688386,-32.77051067],[-58.13674466,-32.7712138],[-58.1365498,-32.77225609],[-58.13643915,-32.77287356],[-58.13629639,-32.77366235],[-58.13608521,-32.77471675],[-58.13591389,-32.77554837],[-58.13578039,-32.7763228],[-58.13556267,-32.77760771],[-58.13533067,-32.77873201],[-58.13516194,-32.77956316],[-58.13495234,-32.78063439],[-58.13466611,-32.78199442],[-58.13454119,-32.7826797],[-58.13427707,-32.78361483],[-58.13383092,-32.78523524],[-58.13362034,-32.78590982],[-58.13344902,-32.78654157],[-58.13323129,-32.78721971],[-58.13277801,-32.78836185],[-58.13242109,-32.78924701],[-58.13218552,-32.78981095],[-58.13204344,-32.7901677],[-58.13139742,-32.79156325],[-58.1308549,-32.79260903],[-58.13056223,-32.79311228],[-58.13039448,-32.79341566],[-58.12970706,-32.79465426],[-58.12910957,-32.79565711],[-58.12878834,-32.79618535],[-58.12793174,-32.79753808],[-58.12706085,-32.79888723],[-58.12678959,-32.79934409],[-58.12601865,-32.80056832],[-58.12516561,-32.80201384],[-58.12476229,-32.80271698],[-58.12385572,-32.8043017],[-58.12339886,-32.80514759],[-58.12313261,-32.80562595],[-58.12251157,-32.80698938],[-58.12204401,-32.80808512],[-58.12169423,-32.80895957],[-58.12113743,-32.81052288],[-58.12073054,-32.81166859],[-58.12056279,-32.81228249],[-58.12015234,-32.81376728],[-58.11979755,-32.81523413],[-58.11974401,-32.81573739],[-58.11956198,-32.81673319],[-58.11930935,-32.81804725],[-58.11921656,-32.81863973],[-58.11919157,-32.81895739],[-58.11918443,-32.81932502],[-58.11923797,-32.82008882],[-58.11936289,-32.82098469],[-58.11950923,-32.82169496],[-58.11962344,-32.82221963],[-58.11966984,-32.82248375],[-58.11990898,-32.82313691],[-58.12033371,-32.82424693],[-58.12072275,-32.82526058],[-58.12111537,-32.826185],[-58.12159721,-32.82732001],[-58.12207905,-32.82840861],[-58.12237172,-32.82914029],[-58.12265934,-32.82987155],[-58.12297343,-32.83058896],[-58.12312477,-32.83094596],[-58.1235441,-32.83174404],[-58.12380648,-32.83226656],[-58.12397494,-32.83263759],[-58.1241177,-32.83304448],[-58.12422835,-32.83356558],[-58.12431044,-32.83402958],[-58.1243497,-32.83468631],[-58.12434613,-32.83541799],[-58.12431258,-32.83622455],[-58.12423048,-32.83760225],[-58.12414412,-32.83914788],[-58.12407988,-32.84032214],[-58.12400849,-32.84169628],[-58.12395495,-32.84271707],[-58.12391559,-32.8433517],[-58.12385492,-32.84449741],[-58.1237879,-32.84592918],[-58.12375935,-32.84631465],[-58.12374507,-32.84682861],[-58.12372723,-32.84745322],[-58.1236481,-32.84873542],[-58.12359099,-32.84963129],[-58.12351237,-32.85054788],[-58.12343385,-32.85164362],[-58.12329098,-32.85335614],[-58.12320532,-32.85415921],[-58.12306612,-32.85558689],[-58.12295905,-32.85666121],[-58.12278977,-32.85799532],[-58.12263078,-32.85943516],[-58.12252798,-32.86030231],[-58.12248515,-32.86090907],[-58.12239878,-32.8614125],[-58.12224531,-32.86248682],[-58.12202829,-32.86375372],[-58.12185719,-32.86465224],[-58.12137156,-32.86657338],[-58.12118878,-32.86722279],[-58.12103249,-32.86781546],[-58.12088615,-32.86827589],[-58.12022856,-32.87001971],[-58.11970649,-32.87117393],[-58.1195775,-32.87146222],[-58.11886367,-32.87303007],[-58.1184693,-32.87386679],[-58.11788263,-32.87502866],[-58.11739793,-32.87612423],[-58.11698789,-32.87696346],[-58.11661271,-32.87780175],[-58.11636644,-32.87841922],[-58.11604413,-32.87932319],[-58.11563665,-32.88063487],[-58.11550875,-32.88115537],[-58.11546413,-32.88154204],[-58.11535267,-32.88223129],[-58.11527382,-32.8828885],[-58.11522351,-32.88346058],[-58.11516967,-32.88426765],[-58.11518806,-32.88492739],[-58.1152341,-32.88604244],[-58.11531441,-32.8875539],[-58.11541354,-32.88873388],[-58.11553476,-32.88982636],[-58.11577707,-32.89150504],[-58.11591496,-32.89231877],[-58.11606944,-32.89345111],[-58.11634761,-32.89519343],[-58.11648086,-32.89615473],[-58.11666174,-32.89743404],[-58.11685044,-32.899075],[-58.1169573,-32.90034885],[-58.11705219,-32.90142988],[-58.11710007,-32.90234759],[-58.11711949,-32.90263062],[-58.11713338,-32.902833],[-58.11715242,-32.90391328],[-58.11718529,-32.90542991],[-58.11717102,-32.90632935],[-58.11710404,-32.90908464],[-58.11707548,-32.90977944],[-58.11702388,-32.91050906],[-58.11702099,-32.9105499],[-58.11699153,-32.91096641],[-58.11699128,-32.91096986],[-58.11698815,-32.91101413],[-58.11694723,-32.91159267],[-58.11688823,-32.9123438],[-58.11688177,-32.91242607],[-58.11684706,-32.91286798],[-58.11677091,-32.9133058],[-58.11668049,-32.91403868],[-58.11630953,-32.91639443],[-58.11620517,-32.91688299],[-58.11570562,-32.91911194],[-58.11557642,-32.91976842],[-58.11541462,-32.92041087],[-58.11505294,-32.92169102],[-58.11459133,-32.92322816],[-58.11442476,-32.92377543],[-58.11419574,-32.92434829],[-58.11340457,-32.92632621],[-58.11308658,-32.92706084],[-58.11235984,-32.92857034],[-58.1118802,-32.92952715],[-58.11148045,-32.93029452],[-58.11029904,-32.93232182],[-58.1092961,-32.9339815],[-58.10811827,-32.93575182],[-58.10709176,-32.93724382],[-58.10574476,-32.93908187],[-58.10542588,-32.93951989],[-58.10437454,-32.94089515],[-58.10278642,-32.94282441],[-58.10103337,-32.94481365],[-58.09948,-32.9464089],[-58.09834143,-32.94755461],[-58.09742772,-32.94836124],[-58.09541469,-32.95013513],[-58.09497212,-32.95049562],[-58.09315979,-32.95197022],[-58.0924745,-32.95248419],[-58.09197838,-32.95290535],[-58.09169999,-32.95307667],[-58.09130024,-32.95338362],[-58.09066492,-32.95390473],[-58.09004745,-32.95449007],[-58.0896013,-32.95502545],[-58.08926774,-32.95545637],[-58.088941,-32.9558767],[-58.08833424,-32.95682254],[-58.08776459,-32.95789695],[-58.08732416,-32.95890338],[-58.08713142,-32.95941734],[-58.08695296,-32.96000983],[-58.08679949,-32.96080576],[-58.08681733,-32.9614732],[-58.08691727,-32.96198002],[-58.08697795,-32.96233694],[-58.08724529,-32.96327195],[-58.0875915,-32.96434627],[-58.08776674,-32.96496387],[-58.08788809,-32.96544928],[-58.08804866,-32.96617705],[-58.08825142,-32.96743034],[-58.08840205,-32.96854376],[-58.0884663,-32.96910413],[-58.08850556,-32.96956812],[-58.08852698,-32.97078879],[-58.08849842,-32.97225929],[-58.08844191,-32.97277683],[-58.08839432,-32.97354123],[-58.08830807,-32.9742283],[-58.08814745,-32.97568572],[-58.08808499,-32.97622704],[-58.0880374,-32.97664345],[-58.08773402,-32.97860056],[-58.08751987,-32.97998362],[-58.08727895,-32.98129827],[-58.08702018,-32.98258318],[-58.08691311,-32.98307692],[-58.08657403,-32.98459085],[-58.08617845,-32.98609288],[-58.08607137,-32.98657175],[-58.08573527,-32.98785963],[-58.08533969,-32.98957879],[-58.08524154,-32.99010525],[-58.08503333,-32.99113139],[-58.08476862,-32.99266317],[-58.08460206,-32.99368039],[-58.08441467,-32.99523596],[-58.08428083,-32.99667851],[-58.08424811,-32.99717522],[-58.08425406,-32.99770763],[-58.08419457,-32.99926618],[-58.0841797,-33.00012278],[-58.0842035,-33.00038155],[-58.08422134,-33.00067303],[-58.0842957,-33.00129764],[-58.08442657,-33.00205907],[-58.08479241,-33.00359382],[-58.08493221,-33.00406079],[-58.08558953,-33.0055658],[-58.08612336,-33.00667653],[-58.08670586,-33.00770255],[-58.08737782,-33.00871906],[-58.08799648,-33.00957567],[-58.08866821,-33.01049311],[-58.08935372,-33.01132314],[-58.09028837,-33.01233965],[-58.09086941,-33.01298702],[-58.09180216,-33.01393881],[-58.09297095,-33.01509618],[-58.09402698,-33.01608587],[-58.09503587,-33.01702243],[-58.09602573,-33.0179152],[-58.09708629,-33.01885956],[-58.09793528,-33.01958482],[-58.09889278,-33.02039193],[-58.0995171,-33.02088485],[-58.10047845,-33.021654],[-58.10136932,-33.02233548],[-58.10224088,-33.02299583],[-58.10298651,-33.02354619],[-58.10413817,-33.02437424],[-58.10523519,-33.02512211],[-58.10574916,-33.02545714],[-58.10688865,-33.02619027],[-58.10791658,-33.0268489],[-58.10859309,-33.02727505],[-58.1092491,-33.02764275],[-58.10983699,-33.02799073],[-58.11028465,-33.0282557],[-58.11118123,-33.0287373],[-58.11202831,-33.02920558],[-58.11282472,-33.02959931],[-58.11416155,-33.03025296],[-58.11553954,-33.03089213],[-58.11607444,-33.03113769],[-58.11710998,-33.0315698],[-58.11758607,-33.03176058],[-58.11885004,-33.03227074],[-58.11951819,-33.03253534],[-58.12060513,-33.03291034],[-58.12201948,-33.03339194],[-58.12319589,-33.03379359],[-58.12454007,-33.03425772],[-58.12558054,-33.03458285],[-58.12601074,-33.034718],[-58.12687877,-33.03499402],[-58.12782865,-33.03525481],[-58.12853664,-33.03544401],[-58.12918004,-33.03563246],[-58.13019504,-33.0359235],[-58.13115634,-33.03623188],[-58.13174645,-33.03644888],[-58.13244506,-33.03670586],[-58.13329976,-33.03706754],[-58.13449685,-33.03756765],[-58.1350032,-33.03781701],[-58.13570181,-33.03821486],[-58.13687632,-33.0389287],[-58.13744548,-33.0393018],[-58.1385191,-33.04000231],[-58.1393542,-33.04060217],[-58.14033644,-33.04137121],[-58.14109171,-33.04204708],[-58.14156394,-33.04246048],[-58.14198654,-33.04287546],[-58.14233855,-33.0432273],[-58.14283721,-33.04371865],[-58.14354893,-33.04449982],[-58.14417801,-33.04509076],[-58.14493993,-33.04590359],[-58.1458308,-33.04684966],[-58.1466303,-33.04772911],[-58.14713419,-33.04827082],[-58.14724998,-33.04839529],[-58.1480076,-33.04923858],[-58.14885659,-33.050158],[-58.14979695,-33.05119735],[-58.15060026,-33.05210535],[-58.15134153,-33.0529028],[-58.15194158,-33.05356575],[-58.15272585,-33.05445662],[-58.15365571,-33.05543478],[-58.15451422,-33.05636372],[-58.15529569,-33.05719742],[-58.15597146,-33.05793981],[-58.1567629,-33.05878863],[-58.15750403,-33.05963198],[-58.15822167,-33.06043528],[-58.15884795,-33.0611396],[-58.15969694,-33.06205332],[-58.1600713,-33.06246061],[-58.16058907,-33.06301075],[-58.16080418,-33.06324679],[-58.16146471,-33.06397395],[-58.16176928,-33.06429185],[-58.16242982,-33.06500188],[-58.16313246,-33.06577481],[-58.16393386,-33.06666188],[-58.16486449,-33.06764023],[-58.16522543,-33.06806879],[-58.16584599,-33.06876168],[-58.16665501,-33.06965446],[-58.16736694,-33.07037401],[-58.16777912,-33.07083651],[-58.16826453,-33.0713086],[-58.16853865,-33.07156939],[-58.16930579,-33.0723251],[-58.16997747,-33.07294547],[-58.17056874,-33.07347111],[-58.17146797,-33.07426464],[-58.1720695,-33.07473102],[-58.17266055,-33.0751322],[-58.17325066,-33.0755367],[-58.17390534,-33.07589851],[-58.17493089,-33.07642437],[-58.17596325,-33.076893],[-58.17679368,-33.07723564],[-58.17816187,-33.07774246],[-58.17950864,-33.07819932],[-58.1805913,-33.07854672],[-58.18158353,-33.07884416],[-58.18344427,-33.07941047],[-58.18403914,-33.07960558],[-58.18489574,-33.07985305],[-58.18577614,-33.08015286],[-58.18663275,-33.08041222],[-58.18770589,-33.08076676],[-58.18811753,-33.08090239],[-58.18891703,-33.08115937],[-58.18984264,-33.08146156],[-58.19080156,-33.08177803],[-58.19192229,-33.08206832],[-58.19242674,-33.08221823],[-58.19296449,-33.08236338],[-58.19410188,-33.08266319],[-58.19476786,-33.08280282],[-58.19539841,-33.08293607],[-58.19613632,-33.0830558],[-58.19644565,-33.08310815],[-58.19738553,-33.08322236],[-58.19827267,-33.08331002],[-58.19903877,-33.08338657],[-58.19995297,-33.08347459],[-58.20085735,-33.08359536],[-58.20144508,-33.08370006],[-58.20198998,-33.08380951],[-58.20295366,-33.08404746],[-58.20361039,-33.08422116],[-58.20466906,-33.08449775],[-58.20548284,-33.0847357],[-58.20658453,-33.08507358],[-58.20808597,-33.08553996],[-58.20954934,-33.08602061],[-58.21113644,-33.08658454],[-58.21231665,-33.08703664],[-58.21335885,-33.08739118],[-58.21496975,-33.08800032],[-58.21634984,-33.08853808],[-58.21709012,-33.08883778],[-58.21900072,-33.08956997],[-58.22086862,-33.09028187],[-58.22287724,-33.09108497],[-58.22465178,-33.09175338],[-58.2263346,-33.09239995],[-58.22721511,-33.09273875],[-58.2284521,-33.09322315],[-58.22918246,-33.09350517],[-58.23076461,-33.09410126],[-58.23139517,-33.09435586],[-58.23296323,-33.09492693],[-58.23384601,-33.09526244],[-58.2351214,-33.09575023],[-58.23584714,-33.09602386],[-58.23715108,-33.09648786],[-58.23782447,-33.09675198],[-58.23926151,-33.09729851],[-58.2397062,-33.09747059],[-58.24055566,-33.09776564],[-58.24151459,-33.09809876],[-58.24325202,-33.0986722],[-58.24358061,-33.0987759],[-58.24409911,-33.09894822],[-58.24561483,-33.09944553],[-58.24705473,-33.09991571],[-58.24793956,-33.10018078],[-58.24967181,-33.10068999],[-58.25129698,-33.1011635],[-58.25188233,-33.10131816],[-58.25374783,-33.10181547],[-58.25604876,-33.10238416],[-58.25798841,-33.10283446],[-58.25992054,-33.103189],[-58.26079856,-33.10334605],[-58.26202404,-33.10355524],[-58.26275907,-33.10367521],[-58.26415797,-33.10389274],[-58.26567634,-33.10413598],[-58.26693032,-33.1043192],[-58.26872919,-33.10455477],[-58.27040909,-33.10469515],[-58.27198639,-33.10481359],[-58.27414694,-33.10490639],[-58.27641501,-33.10495783],[-58.27836617,-33.10496259],[-58.28060004,-33.10492781],[-58.28276059,-33.10490639],[-58.28499054,-33.10488318],[-58.28694844,-33.10485404],[-58.28918038,-33.10481359],[-58.29110298,-33.10473983],[-58.29286881,-33.10467667],[-58.29485063,-33.10455423],[-58.29615526,-33.10451188],[-58.29742759,-33.10446381],[-58.29875533,-33.10442574],[-58.30053308,-33.10444769],[-58.30205831,-33.10447386],[-58.30312164,-33.10448999],[-58.30441131,-33.10456375],[-58.30483485,-33.10458754],[-58.30578675,-33.10468341],[-58.30685037,-33.10478097],[-58.30825188,-33.10491898],[-58.30927742,-33.10502843],[-58.31046715,-33.10519262],[-58.31163535,-33.10536563],[-58.31310348,-33.10566782],[-58.31419116,-33.1059329],[-58.31543799,-33.10622795],[-58.31674432,-33.10658963],[-58.31751526,-33.10681568],[-58.31894982,-33.10724778],[-58.32040367,-33.10765467],[-58.32190517,-33.10809164],[-58.3233401,-33.10851112],[-58.32425857,-33.10878238],[-58.32551741,-33.10914735],[-58.32665479,-33.10946858],[-58.3277422,-33.10978505],[-58.32906291,-33.11014765],[-58.33039043,-33.11051637],[-58.33180604,-33.11092167],[-58.3331671,-33.11129762],[-58.3341284,-33.11158554],[-58.33553942,-33.11198291],[-58.33721456,-33.11244928],[-58.33896346,-33.11293945],[-58.34061481,-33.11341059],[-58.34236371,-33.11390075],[-58.34414355,-33.11441472],[-58.34530473,-33.1147526],[-58.34674192,-33.11516425],[-58.34813153,-33.11553069],[-58.34954968,-33.11597564],[-58.35102731,-33.11641933],[-58.35271434,-33.11699991],[-58.35400163,-33.11746153],[-58.3554769,-33.11802308],[-58.35693551,-33.11866316],[-58.35824424,-33.11927834],[-58.35970047,-33.11994221],[-58.36079264,-33.12046569],[-58.36181819,-33.12098917],[-58.36323159,-33.12179819],[-58.36425237,-33.12247395],[-58.36484724,-33.1228737],[-58.36560391,-33.12344477],[-58.36662946,-33.12430376],[-58.36724098,-33.12489386],[-58.36795482,-33.12560056],[-58.3683974,-33.12610025],[-58.36896133,-33.12676174],[-58.36972038,-33.12774684],[-58.37020341,-33.12848209],[-58.37074116,-33.12931728],[-58.37123609,-33.13009775],[-58.37165964,-33.13088059],[-58.37193803,-33.13139217],[-58.37256859,-33.13257952],[-58.37330384,-33.13397627],[-58.37363697,-33.13458065],[-58.37405337,-33.13533256],[-58.37450309,-33.13620106],[-58.37506227,-33.13725992],[-58.37574279,-33.13852342],[-58.3765994,-33.14008196],[-58.37709908,-33.14105278],[-58.37777247,-33.14229248],[-58.37824836,-33.14317526],[-58.37886226,-33.14433882],[-58.37947855,-33.14545955],[-58.38020428,-33.14680632],[-58.38075394,-33.14779142],[-58.38138925,-33.14897639],[-58.38191035,-33.14994721],[-58.38239149,-33.15082221],[-58.38300548,-33.15189238],[-58.38350517,-33.15279896],[-58.38390988,-33.15349424],[-58.38415496,-33.15393682],[-58.3847426,-33.15481067],[-58.38537316,-33.15567442],[-58.38598468,-33.15647629],[-58.38638681,-33.15692601],[-58.38750753,-33.15823472],[-58.38846853,-33.15935491],[-58.38946571,-33.16053972],[-58.39015106,-33.16135466],[-58.39091697,-33.16225483],[-58.39172622,-33.1632264],[-58.39231866,-33.16393458],[-58.39259218,-33.1642337],[-58.39301083,-33.1647307],[-58.39332768,-33.16509644],[-58.39379405,-33.16566514],[-58.39468873,-33.16669544],[-58.39517652,-33.167257],[-58.39578804,-33.16794466],[-58.39614945,-33.16839512],[-58.39661344,-33.16892336],[-58.39726541,-33.16965861],[-58.39751764,-33.16998936],[-58.39827668,-33.17086738],[-58.39884775,-33.17153601],[-58.39934268,-33.17214753],[-58.39964487,-33.17251635],[-58.40007598,-33.17305907],[-58.40052768,-33.17359926],[-58.40098453,-33.17417271],[-58.40143663,-33.17471285],[-58.4019387,-33.17531723],[-58.40236462,-33.17584785],[-58.40269775,-33.17633326],[-58.40297376,-33.17680439],[-58.4032565,-33.17730387],[-58.4035521,-33.17784253],[-58.40380432,-33.17838267],[-58.40398754,-33.1788419],[-58.40422548,-33.1796295],[-58.40434922,-33.18006019],[-58.40444861,-33.18058515],[-58.40448906,-33.18094921],[-58.40457948,-33.18227933],[-58.40467228,-33.18350237],[-58.40475556,-33.18453981],[-58.4048317,-33.18572241],[-58.40490592,-33.18701118],[-58.40493225,-33.18821288],[-58.40500794,-33.18946062],[-58.40504839,-33.19070508],[-58.4050292,-33.19186855],[-58.40504109,-33.19315108],[-58.40506527,-33.19422961],[-58.40516988,-33.19549675],[-58.40520795,-33.19648185],[-58.40526981,-33.19768586],[-58.40536491,-33.1991855],[-58.40540298,-33.20013966],[-58.40546505,-33.20117484],[-58.40552454,-33.20232887],[-58.40561217,-33.20360643],[-58.40566,-33.20471151],[-58.40569069,-33.20561708],[-58.40575028,-33.20668551],[-58.4057887,-33.20772163],[-58.40586714,-33.20823856],[-58.4059456,-33.20879858],[-58.40612851,-33.20993342],[-58.40625981,-33.21073853],[-58.40640959,-33.21174197],[-58.40649557,-33.21223267],[-58.40662886,-33.21312386],[-58.4068355,-33.21419017],[-58.40699761,-33.21511594],[-58.40710461,-33.21570901],[-58.40731151,-33.21679838],[-58.40748521,-33.21777634],[-58.40763274,-33.21864008],[-58.40772792,-33.21912073],[-58.40787741,-33.21989147],[-58.40800125,-33.22063867],[-58.40810108,-33.22125014],[-58.4082153,-33.22199015],[-58.40832475,-33.22266592],[-58.40841517,-33.22317988],[-58.40852225,-33.22376047],[-58.40868405,-33.22465039],[-58.40883396,-33.22559741],[-58.408922,-33.22615421],[-58.40899814,-33.22663486],[-58.40911819,-33.22749303],[-58.40921138,-33.22792891],[-58.40945499,-33.22917374],[-58.40959817,-33.22994252],[-58.40970287,-33.23038986],[-58.40980756,-33.2310228],[-58.40986467,-33.2315439],[-58.40992892,-33.2323196],[-58.40995944,-33.23267155],[-58.40999275,-33.23319741],[-58.4099764,-33.23415173],[-58.40993327,-33.2349368],[-58.40984761,-33.23555546],[-58.40975005,-33.23604087],[-58.40957397,-33.23666191],[-58.40947879,-33.23695934],[-58.40929557,-33.23754707],[-58.40874592,-33.2387939],[-58.40813201,-33.23994556],[-58.4074967,-33.24106391],[-58.40670196,-33.24229647],[-58.40591674,-33.24341244],[-58.40513627,-33.24454744],[-58.40433915,-33.24571576],[-58.40402031,-33.24614406],[-58.40356345,-33.24679603],[-58.40286865,-33.24775495],[-58.40222143,-33.24864487],[-58.40191686,-33.24912314],[-58.40167892,-33.24946103],[-58.40122444,-33.25016535],[-58.40079852,-33.25086253],[-58.40022745,-33.25177624],[-58.39990146,-33.25225214],[-58.39959689,-33.25269709],[-58.39928518,-33.25319678],[-58.39886163,-33.25385351],[-58.39820728,-33.25491475],[-58.39794554,-33.25536209],[-58.39756007,-33.25602834],[-58.39705086,-33.25702057],[-58.39652024,-33.25812464],[-58.39609908,-33.25922634],[-58.39574454,-33.26019953],[-58.39533289,-33.26143923],[-58.39498073,-33.26260517],[-58.39459764,-33.26382345],[-58.394255,-33.26486328],[-58.39389094,-33.26611487],[-58.39350547,-33.26731412],[-58.39321279,-33.26820642],[-58.39304861,-33.2687537],[-58.39283208,-33.26943898],[-58.39255606,-33.2703289],[-58.39230622,-33.27117837],[-58.39217297,-33.27160191],[-58.39199451,-33.27215157],[-58.39172563,-33.27296058],[-58.39148087,-33.27375899],[-58.39106038,-33.27511024],[-58.39091391,-33.27561578],[-58.39076745,-33.27616857],[-58.39065405,-33.27671663],[-58.39057373,-33.27710405],[-58.39046035,-33.27799488],[-58.39042268,-33.27854518],[-58.39045575,-33.27911773],[-58.39051723,-33.27944765],[-58.39056428,-33.279679],[-58.39061632,-33.2798689],[-58.3908152,-33.28051695],[-58.39138165,-33.28198936],[-58.39157536,-33.28250435],[-58.39232691,-33.2844559],[-58.39256686,-33.28499759],[-58.39267341,-33.28534721],[-58.39279903,-33.28559467],[-58.39299121,-33.2860917],[-58.39410956,-33.28897068],[-58.39429579,-33.28944197],[-58.39489281,-33.29098387],[-58.39522713,-33.29200953],[-58.39527293,-33.2923446],[-58.39534524,-33.29286819],[-58.39538275,-33.29345257],[-58.39557311,-33.29607592],[-58.39570993,-33.29803898],[-58.39579142,-33.29943166],[-58.39583211,-33.2999412],[-58.39590623,-33.30110848],[-58.39603236,-33.30296473],[-58.39606122,-33.30346851],[-58.39620238,-33.30549821],[-58.39625578,-33.30653354],[-58.39630374,-33.30704438],[-58.39635833,-33.30796133],[-58.39644161,-33.30927598],[-58.39653084,-33.31031105],[-58.39657248,-33.31120929],[-58.39669146,-33.31201831],[-58.39680133,-33.3125291],[-58.39688166,-33.31286566],[-58.39718519,-33.31376721],[-58.3977635,-33.3149451],[-58.39803714,-33.31544479],[-58.39882937,-33.31676768],[-58.39896477,-33.3169871],[-58.39907747,-33.31721599],[-58.40023322,-33.31915352],[-58.40070279,-33.3199889],[-58.40098573,-33.32045596],[-58.40285127,-33.32366452],[-58.40455557,-33.3266401],[-58.40629549,-33.32965992],[-58.40656943,-33.33009796],[-58.4077922,-33.33179203],[-58.40846856,-33.33263402],[-58.4087811,-33.33304125],[-58.41043421,-33.33514304],[-58.41081689,-33.33557576],[-58.41112229,-33.33598713],[-58.41190237,-33.33699763],[-58.4130826,-33.33849873],[-58.41342203,-33.33891926],[-58.41569643,-33.34184229],[-58.41767876,-33.34436711],[-58.41800986,-33.34476579],[-58.41902594,-33.34610154],[-58.41997759,-33.34733704],[-58.42032826,-33.34774161],[-58.42090284,-33.34845313],[-58.42123156,-33.34888451],[-58.42175801,-33.34954996],[-58.42233611,-33.35027442],[-58.4226562,-33.3507111],[-58.42331807,-33.35157391],[-58.42470119,-33.35329832],[-58.42484437,-33.35348188],[-58.42701118,-33.35621432],[-58.42736651,-33.35665149],[-58.42936007,-33.35915987],[-58.42970497,-33.3595665],[-58.43028944,-33.36028568],[-58.4308175,-33.36110254],[-58.4310018,-33.36140227],[-58.43112921,-33.36163506],[-58.43135425,-33.36210597],[-58.43151561,-33.36249425],[-58.43163492,-33.36299138],[-58.43171373,-33.36332907],[-58.4317836,-33.3637769],[-58.4318242,-33.36435456],[-58.43184731,-33.36502463],[-58.43184945,-33.36613891],[-58.43181785,-33.36663989],[-58.43175902,-33.36963351],[-58.43169735,-33.37308815],[-58.43167012,-33.37359543],[-58.4316192,-33.37663351],[-58.43161254,-33.37714407],[-58.43159548,-33.38016395],[-58.43158596,-33.38066935],[-58.43152719,-33.38386135],[-58.43151054,-33.38437269],[-58.4314622,-33.38740338],[-58.43142226,-33.38791943],[-58.43141452,-33.39096255],[-58.43140852,-33.39146593],[-58.43136258,-33.39271026],[-58.43136196,-33.39446341],[-58.43137348,-33.39496615],[-58.43142143,-33.39793274],[-58.43142928,-33.39842986],[-58.43142696,-33.39930395],[-58.4314221,-33.40062023],[-58.43136776,-33.40120069],[-58.43129442,-33.40192447],[-58.43118174,-33.40303864],[-58.43106124,-33.40496011],[-58.43102708,-33.40568579],[-58.43101982,-33.40893941],[-58.43100603,-33.40986329],[-58.43102796,-33.41131186],[-58.43105682,-33.41221741],[-58.43115026,-33.41272273],[-58.43131287,-33.41358463],[-58.43147063,-33.41424238],[-58.4316636,-33.41488519],[-58.43188641,-33.41549329],[-58.43209045,-33.41598932],[-58.43243126,-33.41686403],[-58.43322315,-33.41888447],[-58.43340399,-33.41935893],[-58.43374923,-33.42019286],[-58.43450121,-33.42238376],[-58.43565031,-33.42549663],[-58.43691095,-33.42885024],[-58.43698247,-33.42908645],[-58.43813206,-33.43219458],[-58.43828958,-33.43267594],[-58.43907639,-33.43475552],[-58.43955807,-33.43603335],[-58.43974184,-33.43658571],[-58.44030406,-33.43805371],[-58.44063502,-33.4389313],[-58.44114755,-33.44028853],[-58.44161379,-33.44163609],[-58.44186044,-33.44232405],[-58.44201778,-33.44280453],[-58.44229977,-33.44352517],[-58.44259721,-33.44438773],[-58.44279946,-33.4451789],[-58.44294818,-33.44592843],[-58.44308098,-33.44707923],[-58.44314975,-33.44808036],[-58.44316367,-33.44924061],[-58.44317414,-33.44974373],[-58.44314448,-33.45036612],[-58.44308723,-33.45115042],[-58.44302551,-33.45163319],[-58.44279886,-33.45282313],[-58.44267394,-33.45331663],[-58.44205817,-33.45630464],[-58.44149651,-33.45886744],[-58.44127605,-33.45986763],[-58.44119828,-33.46036888],[-58.44046342,-33.46356692],[-58.43969426,-33.46709968],[-58.43891269,-33.47057401],[-58.43823684,-33.47381029],[-58.43812878,-33.47431019],[-58.4374816,-33.47724561],[-58.43738024,-33.47774182],[-58.43690694,-33.47992055],[-58.43672204,-33.48072524],[-58.43664339,-33.48122662],[-58.43607153,-33.48369047],[-58.43589308,-33.48444],[-58.43561936,-33.48576597],[-58.43537087,-33.48684331],[-58.43520871,-33.48761886],[-58.43485334,-33.48914544],[-58.43443519,-33.49110335],[-58.43432946,-33.49160922],[-58.43419771,-33.49225058],[-58.43391994,-33.49378756],[-58.4337346,-33.49463745],[-58.43364228,-33.49511981],[-58.43363441,-33.49534135],[-58.43359095,-33.49590306],[-58.43359754,-33.49695017],[-58.43364419,-33.49754309],[-58.43371855,-33.49804661],[-58.43375713,-33.49835755],[-58.43390445,-33.49915933],[-58.4344908,-33.5014202],[-58.4346855,-33.50233355],[-58.43508905,-33.50383894],[-58.43534707,-33.50488842],[-58.43548456,-33.50540257],[-58.43577706,-33.50659241],[-58.43613398,-33.50808552],[-58.4363322,-33.50884368],[-58.43647981,-33.50946037],[-58.43666241,-33.5101787],[-58.43683471,-33.5108691],[-58.4372101,-33.51235478],[-58.43768773,-33.51441901],[-58.43789192,-33.51530859],[-58.43801605,-33.51581438],[-58.43828931,-33.51700699],[-58.43849674,-33.51785733],[-58.43871051,-33.51882461],[-58.43878241,-33.51909653],[-58.4390448,-33.52013748],[-58.43950456,-33.5221663],[-58.43966376,-33.52276475],[-58.44007438,-33.52433322],[-58.44042131,-33.52572536],[-58.44073105,-33.52709485],[-58.4409706,-33.52805461],[-58.44137878,-33.52971059],[-58.44164178,-33.53074673],[-58.44207373,-33.53248727],[-58.44222074,-33.533126],[-58.44256151,-33.53446222],[-58.44281136,-33.53539616],[-58.44301956,-33.53622897],[-58.44331105,-33.53728188],[-58.44345573,-33.53784185],[-58.44372745,-33.53874525],[-58.44397231,-33.53935471],[-58.44408437,-33.53963755],[-58.44436635,-33.54012042],[-58.44501142,-33.54105151],[-58.44564483,-33.54179271],[-58.44623713,-33.54238348],[-58.44663878,-33.54273041],[-58.44701093,-33.54306829],[-58.44768955,-33.54360081],[-58.44972571,-33.54500836],[-58.45254733,-33.5469752],[-58.45604341,-33.54934116],[-58.45649884,-33.54963241],[-58.45678295,-33.54985013],[-58.45848027,-33.55103572],[-58.45973184,-33.5518851],[-58.46096237,-33.55273028],[-58.46266368,-33.55390811],[-58.46374039,-33.55463384],[-58.46491822,-33.55544286],[-58.46562265,-33.55593674],[-58.4664922,-33.55649163],[-58.46738691,-33.55709064],[-58.46817808,-33.55762007],[-58.46892555,-33.55811532],[-58.46937525,-33.55844719],[-58.46986155,-33.55877411],[-58.47136656,-33.55982702],[-58.47218878,-33.56035851],[-58.47264592,-33.56065932],[-58.47341885,-33.56118331],[-58.47558183,-33.5626589],[-58.47670018,-33.56341438],[-58.4777293,-33.56409848],[-58.47862802,-33.56480206],[-58.47882385,-33.56496103],[-58.48001953,-33.5659842],[-58.48163161,-33.56757844],[-58.48237047,-33.56841856],[-58.48362583,-33.5699168],[-58.48404243,-33.57042397],[-58.48454973,-33.57098046],[-58.48568543,-33.57226036],[-58.48629433,-33.57296433],[-58.48663531,-33.57336491],[-58.4887731,-33.57574586],[-58.48896262,-33.575974],[-58.48913109,-33.57614921],[-58.49129723,-33.57860053],[-58.49192508,-33.57931892],[-58.49284236,-33.58034804],[-58.49321626,-33.58077093],[-58.4937394,-33.58145351],[-58.49388684,-33.581679],[-58.49401095,-33.58191596],[-58.49421741,-33.5823774],[-58.49432567,-33.58264714],[-58.49452334,-33.5832078],[-58.49464232,-33.58368369],[-58.49469585,-33.58411199],[-58.49472399,-33.58474268],[-58.49474939,-33.58557536],[-58.49468991,-33.58654499],[-58.49461823,-33.58718415],[-58.4944032,-33.58819264],[-58.49417223,-33.58901151],[-58.49310127,-33.59202138],[-58.49224568,-33.59433764],[-58.49198456,-33.59512369],[-58.4917854,-33.59562025],[-58.49112403,-33.59753053],[-58.49080164,-33.59847194],[-58.49003321,-33.6005143],[-58.48940387,-33.60226166],[-58.48901004,-33.60329232],[-58.4883149,-33.60514709],[-58.48815092,-33.60564388],[-58.48684683,-33.6090569],[-58.48622906,-33.61077769],[-58.48562827,-33.61234472],[-58.48520654,-33.61365686],[-58.48490911,-33.61454916],[-58.48424881,-33.61675016],[-58.48377217,-33.61861692],[-58.4836901,-33.61910907],[-58.48323245,-33.62104486],[-58.48273197,-33.62315482],[-58.48211233,-33.62563364],[-58.48178889,-33.62685426],[-58.48142921,-33.62830041],[-58.48106485,-33.62959588],[-58.48075799,-33.63078947],[-58.48030747,-33.63252987],[-58.48018052,-33.63303982],[-58.47940067,-33.63603616],[-58.47925218,-33.63651538],[-58.47869254,-33.63863025],[-58.47850844,-33.63938538],[-58.47839923,-33.63986508],[-58.47799169,-33.64144874],[-58.47760865,-33.64283796],[-58.47749398,-33.643326],[-58.47732544,-33.64398286],[-58.47673801,-33.64626839],[-58.47657056,-33.64673977],[-58.47619178,-33.64811534],[-58.4757669,-33.64921942],[-58.47534362,-33.65023272],[-58.47469993,-33.65153776],[-58.47421615,-33.65237073],[-58.47349318,-33.65344111],[-58.47283311,-33.65431532],[-58.47194526,-33.65549359],[-58.47152766,-33.65601588],[-58.47136489,-33.65621329],[-58.47097074,-33.65676064],[-58.47048036,-33.65740811],[-58.47022763,-33.65774181],[-58.46971795,-33.65842281],[-58.46927252,-33.65898474],[-58.46895029,-33.6593951],[-58.46785653,-33.66084085],[-58.46698077,-33.66200744],[-58.46665519,-33.66239687],[-58.46490112,-33.66465125],[-58.46466412,-33.66494107],[-58.46436651,-33.66536759],[-58.46401174,-33.6658279],[-58.46332169,-33.66674036],[-58.46281731,-33.66740081],[-58.46240264,-33.66793547],[-58.46206366,-33.66836658],[-58.45994943,-33.67107898],[-58.45849201,-33.6729647],[-58.4576235,-33.67409494],[-58.45614824,-33.67604015],[-58.45535707,-33.67706332],[-58.45517702,-33.67728801],[-58.45375093,-33.67915725],[-58.45324014,-33.67984823],[-58.45294913,-33.68027908],[-58.45208531,-33.68145343],[-58.45055056,-33.68350571],[-58.44914072,-33.6853022],[-58.44843649,-33.68613885],[-58.44812945,-33.68658711],[-58.44777738,-33.68708945],[-58.44732044,-33.68788392],[-58.44702895,-33.68851448],[-58.44682075,-33.68903796],[-58.44668753,-33.68933527],[-58.44655547,-33.68977488],[-58.44640128,-33.69020508],[-58.44628933,-33.69045286],[-58.44559513,-33.69225528],[-58.44538712,-33.6928213],[-58.44462199,-33.69474639],[-58.44433421,-33.69542086],[-58.44319207,-33.69841303],[-58.44297828,-33.69893287],[-58.44281909,-33.69942875],[-58.44202614,-33.70147064],[-58.44169316,-33.70228824],[-58.44074718,-33.7047543],[-58.44000929,-33.7066767],[-58.43912794,-33.70898168],[-58.43891499,-33.70947158],[-58.438451,-33.71071485],[-58.43778579,-33.71241494],[-58.43701617,-33.71443588],[-58.43649612,-33.71576403],[-58.43634586,-33.71623933],[-58.43514949,-33.71945937],[-58.43503052,-33.71973895],[-58.43487007,-33.72013523],[-58.43465227,-33.7208436],[-58.43436935,-33.72188675],[-58.43417391,-33.72286795],[-58.43411443,-33.72345091],[-58.43412569,-33.72447124],[-58.43417462,-33.72613006],[-58.43420888,-33.72665077],[-58.43437617,-33.72959587],[-58.43440721,-33.7301813],[-58.43452489,-33.7316779],[-58.43466055,-33.73315432],[-58.43467955,-33.73340301],[-58.43470179,-33.73365326],[-58.43484016,-33.73477715],[-58.43508975,-33.73662755],[-58.43513165,-33.73688297],[-58.43516848,-33.73715716],[-58.43554201,-33.74013286],[-58.43560159,-33.74068416],[-58.43576815,-33.7420464],[-58.43597245,-33.74368589],[-58.43603584,-33.74424145],[-58.43613697,-33.74496719],[-58.4362143,-33.74562749],[-58.43641873,-33.74714686],[-58.43650463,-33.74766035],[-58.43657717,-33.74816756],[-58.43694511,-33.75062345],[-58.43697573,-33.7508623],[-58.43699896,-33.75111527],[-58.43743659,-33.75413215],[-58.43750523,-33.75462915],[-58.43764467,-33.75604465],[-58.43776095,-33.75754264],[-58.43774753,-33.75811656],[-58.43779322,-33.75913699],[-58.43777285,-33.76041584],[-58.43770106,-33.76168993],[-58.43759131,-33.76339029],[-58.43752385,-33.76468674],[-58.43748669,-33.76516348],[-58.43740998,-33.76661434],[-58.43729599,-33.7687326],[-58.43723651,-33.769613],[-58.43719583,-33.77046311],[-58.43712372,-33.77181063],[-58.43707091,-33.77246781],[-58.43699952,-33.77368728],[-58.4368865,-33.7756206],[-58.43682107,-33.77682222],[-58.43672589,-33.778238],[-58.43668899,-33.77891439],[-58.43659762,-33.78001079],[-58.43652958,-33.78101602],[-58.4364401,-33.7824186],[-58.43643142,-33.78290953],[-58.43636302,-33.78404389],[-58.4362262,-33.78645904],[-58.43604774,-33.78937388],[-58.43602989,-33.78971295],[-58.43602048,-33.78996582],[-58.43591687,-33.79187231],[-58.43585143,-33.79321076],[-58.43578005,-33.79418634],[-58.43572056,-33.7956854],[-58.43565916,-33.79648812],[-58.43557946,-33.79729788],[-58.43549364,-33.79870824],[-58.43541569,-33.79995999],[-58.43535806,-33.80100877],[-58.43525062,-33.80313906],[-58.43514949,-33.8045013],[-58.43509001,-33.80594088],[-58.43501862,-33.8073864],[-58.43495914,-33.80833224],[-58.43486666,-33.81022299],[-58.43484016,-33.8104797],[-58.43478849,-33.81153728],[-58.43472723,-33.81263854],[-58.43464227,-33.81373916],[-58.43463072,-33.8142536],[-58.43454273,-33.81541113],[-58.43450704,-33.8162142],[-58.43446083,-33.81686196],[-58.43443566,-33.81751696],[-58.4343666,-33.81834609],[-58.43429289,-33.81958709],[-58.4342334,-33.82059241],[-58.43421556,-33.82090769],[-58.43420266,-33.8211827],[-58.43415456,-33.8220346],[-58.43409769,-33.8230235],[-58.43406494,-33.82361908],[-58.4340252,-33.82448878],[-58.4340014,-33.82478621],[-58.43393597,-33.82577963],[-58.43392409,-33.82628454],[-58.43384287,-33.82746572],[-58.43382983,-33.82766513],[-58.43379915,-33.82818884],[-58.43370397,-33.82935477],[-58.43363879,-33.82990203],[-58.43360231,-33.83032488],[-58.43352934,-33.83097493],[-58.43352154,-33.83116892],[-58.43348982,-33.8314368],[-58.43344818,-33.83172829],[-58.43337085,-33.83238859],[-58.43324593,-33.83325709],[-58.43307962,-33.83464173],[-58.43305557,-33.83492866],[-58.43302582,-33.83522015],[-58.43294884,-33.83593542],[-58.43275219,-33.83740925],[-58.43267149,-33.83810163],[-58.43262132,-33.83845026],[-58.43259157,-33.83869416],[-58.4324726,-33.83977086],[-58.43237834,-33.84053097],[-58.43227035,-33.84131751],[-58.4321956,-33.8419358],[-58.4321385,-33.84242997],[-58.43205619,-33.84325678],[-58.43196102,-33.84388138],[-58.43185989,-33.84468445],[-58.43178042,-33.84538266],[-58.43173618,-33.84567378],[-58.43165169,-33.8464393],[-58.43150892,-33.84760524],[-58.431384,-33.84864031],[-58.43133595,-33.84896006],[-58.43128741,-33.84928414],[-58.43120554,-33.8499847],[-58.43109251,-33.85089484],[-58.43100923,-33.85156109],[-58.43096759,-33.85198345],[-58.43092,-33.85247719],[-58.43087241,-33.85277462],[-58.43073559,-33.85390486],[-58.43062852,-33.85470793],[-58.43054524,-33.85536823],[-58.43046685,-33.85597054],[-58.43039652,-33.85646278],[-58.43023591,-33.8577358],[-58.43013373,-33.85848452],[-58.43006453,-33.8591497],[-58.43001873,-33.85950155],[-58.42996174,-33.85998882],[-58.42985692,-33.86092923],[-58.42967133,-33.86224269],[-58.42957701,-33.86300059],[-58.42953359,-33.86326132],[-58.42936241,-33.86444235],[-58.42921923,-33.86551207],[-58.42909074,-33.86644958],[-58.42903363,-33.86687312],[-58.4289099,-33.86776304],[-58.42875285,-33.86886711],[-58.42856726,-33.87004256],[-58.42852919,-33.8703043],[-58.42841973,-33.87117519],[-58.42820558,-33.87252672],[-58.42808185,-33.87354513],[-58.42797715,-33.87440649],[-58.42772017,-33.87598646],[-58.42765022,-33.87650277],[-58.42757173,-33.87700804],[-58.42752505,-33.87737606],[-58.42742036,-33.8781946],[-58.42723,-33.87949378],[-58.42709675,-33.88049791],[-58.42703013,-33.88099284],[-58.42693971,-33.88160198],[-58.42687784,-33.88204932],[-58.42670176,-33.88313912],[-58.42658755,-33.88402903],[-58.42650188,-33.88450017],[-58.42646857,-33.88495226],[-58.42641622,-33.88538057],[-58.42637815,-33.88616579],[-58.42635912,-33.88751257],[-58.42635938,-33.88815524],[-58.42637842,-33.88856926],[-58.42641649,-33.88948773],[-58.42648298,-33.8903005],[-58.42654871,-33.89105315],[-58.42659411,-33.8916905],[-58.42663513,-33.8925713],[-58.42665417,-33.89349453],[-58.42659779,-33.8945938],[-58.42656851,-33.89498883],[-58.42646381,-33.89571219],[-58.42624742,-33.896849],[-58.42594956,-33.89794715],[-58.42585057,-33.89828847],[-58.42577919,-33.89859304],[-58.42559293,-33.89933373],[-58.42545968,-33.89994287],[-58.42535974,-33.90037593],[-58.42518842,-33.90120398],[-58.42506469,-33.90186547],[-58.42495537,-33.90241762],[-58.42482688,-33.90315525],[-58.42465066,-33.90401651],[-58.42453169,-33.90463517],[-58.42446982,-33.90499209],[-58.42435085,-33.90556792],[-58.42430326,-33.90584869],[-58.42418905,-33.90641024],[-58.42413194,-33.90667674],[-58.42398917,-33.90709077],[-58.42384641,-33.90747624],[-58.4236846,-33.90804255],[-58.42362274,-33.90834237],[-58.42355611,-33.90867073],[-58.42349425,-33.90903717],[-58.42343231,-33.90938452],[-58.42338968,-33.90964642],[-58.4233754,-33.91020321],[-58.42335637,-33.91078856],[-58.42339431,-33.91121676],[-58.4234419,-33.91160223],[-58.42351804,-33.91215902],[-58.42357515,-33.91269678],[-58.42360859,-33.91322603],[-58.42362782,-33.91376781],[-58.42364679,-33.91436172],[-58.42363225,-33.91551882],[-58.42360781,-33.91594415],[-58.42358467,-33.91634687],[-58.42353622,-33.91666609],[-58.42166984,-33.91666609],[-58.42166667,-33.91666667],[-58.42138226,-33.91732081],[-58.41697009,-33.92746879],[-58.41654396,-33.9284489],[-58.41483214,-33.93238609],[-58.41446873,-33.93322192],[-58.41098561,-33.9412331],[-58.40983176,-33.94388694],[-58.40822816,-33.94757524],[-58.405,-33.955],[-58.40244689,-33.95905494],[-58.39876129,-33.96490854],[-58.3971758,-33.96742667],[-58.39117234,-33.97696158],[-58.39027343,-33.97838926],[-58.38779376,-33.98232756],[-58.38187633,-33.99172583],[-58.38129948,-33.992642],[-58.37841633,-33.99722112],[-58.3775246,-33.9986374],[-58.37666667,-34],[-58.37163339,-34.00609292],[-58.36463079,-34.01456975],[-58.36032748,-34.01977901],[-58.3545279,-34.02679956],[-58.345,-34.03833333],[-58.34498854,-34.03839716],[-58.34992778,-34.03656766],[-58.35379007,-34.0326596],[-58.35692851,-34.02890571],[-58.35800889,-34.02761347],[-58.36352442,-34.02206128],[-58.36772889,-34.01835687],[-58.36822912,-34.01791615],[-58.37084359,-34.01618436],[-58.37553777,-34.01331447],[-58.3789247,-34.01222587],[-58.38207455,-34.011881],[-58.3863819,-34.01140941],[-58.39826589,-34.01051871],[-58.40943684,-34.00853935],[-58.41423266,-34.0079788],[-58.41621071,-34.0077476],[-58.42559906,-34.00675789],[-58.43356133,-34.00596612],[-58.44235548,-34.0045805],[-58.44841631,-34.00408563],[-58.45625974,-34.00279895],[-58.4631958,-34.00189209],[-58.47119141,-34.00207519],[-58.47444224,-34.0022051],[-58.47729492,-34.00262451],[-58.48610623,-34.00493083],[-58.48638916,-34.00500488],[-58.4925059,-34.00646098],[-58.49951745,-34.00853935],[-58.50671387,-34.01300049],[-58.50708126,-34.01312401],[-58.50853486,-34.01361272],[-58.51030883,-34.01420914],[-58.51379394,-34.01538086],[-58.51829083,-34.01604217],[-58.52001953,-34.01629639],[-58.52276611,-34.01721191],[-58.52551269,-34.01812744],[-58.53364472,-34.02050122],[-58.53819809,-34.02141189],[-58.53959338,-34.02169095],[-58.53963719,-34.02170799],[-58.54714959,-34.02462948],[-58.54815944,-34.02502219],[-58.5531563,-34.02668782],[-58.55513562,-34.02680778],[-58.55842709,-34.02700726],[-58.56100852,-34.02716371],[-58.57052637,-34.02597398],[-58.57054781,-34.02597704],[-58.57091731,-34.02602983],[-58.57385761,-34.02644987],[-58.5747602,-34.02658526],[-58.57539734,-34.02668083],[-58.57588557,-34.02675406],[-58.57592723,-34.02676031],[-58.57861654,-34.02716371],[-58.58075805,-34.02811549],[-58.58385135,-34.02978112],[-58.58861027,-34.03263647],[-58.58965,-34.03294227],[-58.59265536,-34.0338262],[-58.5959866,-34.03549182],[-58.59859298,-34.03591221],[-58.60336293,-34.03668155],[-58.60520895,-34.03725844],[-58.60717007,-34.03787128],[-58.61240488,-34.03787128],[-58.61242873,-34.03787293],[-58.61930532,-34.03834718],[-58.62382629,-34.03906101],[-58.63048878,-34.03977485],[-58.63480864,-34.03949615],[-58.63786511,-34.03929896],[-58.63850923,-34.03914348],[-58.64476555,-34.03763334],[-58.64882658,-34.0369565],[-58.65047626,-34.03668155],[-58.65499723,-34.03525388],[-58.65809053,-34.03406415],[-58.66046999,-34.03335031],[-58.66351318,-34.03210449],[-58.67071533,-34.02850342],[-58.67514508,-34.02556943],[-58.67530005,-34.02546679],[-58.67541504,-34.02539062],[-58.67548048,-34.02533487],[-58.67613444,-34.0247778],[-58.67717093,-34.02389487],[-58.67871094,-34.02258301],[-58.68127254,-34.02099305],[-58.684021,-34.01928711],[-58.68951416,-34.01330566],[-58.69306861,-34.00884186],[-58.69806547,-34.0033691],[-58.70163467,-33.99956196],[-58.70472796,-33.99623072],[-58.70506705,-33.99589163],[-58.7086355,-33.99232318],[-58.71210429,-33.98885439],[-58.71452953,-33.98602494],[-58.71606095,-33.98423829],[-58.71638732,-33.98385752],[-58.71900473,-33.98171601],[-58.72292579,-33.97779495],[-58.72352571,-33.97719503],[-58.72512037,-33.97541276],[-58.72757079,-33.97267405],[-58.72865961,-33.97154168],[-58.73069647,-33.96942335],[-58.7335024,-33.96650517],[-58.73351944,-33.96648746],[-58.73827836,-33.96387005],[-58.74303728,-33.96006291],[-58.74345423,-33.95980232],[-58.74684442,-33.95768345],[-58.74735105,-33.95708471],[-58.74946183,-33.95459015],[-58.75148164,-33.95304559],[-58.75350691,-33.95149685],[-58.75484996,-33.95062782],[-58.757552,-33.94887945],[-58.75793192,-33.94867487],[-58.7606453,-33.94721382],[-58.76079077,-33.9471243],[-58.76373859,-33.94531025],[-58.76482556,-33.94487027],[-58.76625431,-33.94429193],[-58.76629639,-33.9442749],[-58.76734091,-33.94396262],[-58.77220869,-33.94250731],[-58.7722168,-33.94250488],[-58.77712489,-33.94261395],[-58.77770996,-33.94262695],[-58.77898472,-33.94288436],[-58.78595558,-33.94429193],[-58.78914357,-33.94493566],[-58.79040527,-33.94519043],[-58.79065368,-33.94528196],[-58.79966237,-33.94860149],[-58.80284607,-33.94977462],[-58.8029997,-33.94983123],[-58.80791721,-33.95228999],[-58.80823451,-33.95244864],[-58.81250126,-33.95368737],[-58.81561084,-33.95459015],[-58.81973779,-33.95459015],[-58.82046954,-33.95459015],[-58.82584252,-33.95459015],[-58.83060145,-33.95530399],[-58.83720127,-33.95375109],[-58.83869161,-33.95340042],[-58.84368848,-33.95149685],[-58.85035097,-33.94911739],[-58.85176931,-33.94852019],[-58.85487195,-33.94721382],[-58.85753216,-33.94533603],[-58.85891703,-33.94435847],[-58.86272417,-33.94150312],[-58.86604413,-33.93859815],[-58.86843488,-33.93650625],[-58.87127685,-33.93341064],[-58.87233392,-33.93194824],[-58.87261032,-33.93156585],[-58.87314425,-33.93082718],[-58.87610456,-33.92673171],[-58.87939453,-33.92218017],[-58.88185364,-33.91876475],[-58.88269043,-33.91760254],[-58.8844397,-33.914104],[-58.88514745,-33.9126885],[-58.8853892,-33.912205],[-58.88550758,-33.91196823],[-58.88605749,-33.91086843],[-58.88608496,-33.91081347],[-58.88655825,-33.90986691],[-58.88769531,-33.90759277],[-58.88791708,-33.90724865],[-58.89477539,-33.89660644],[-58.89978027,-33.89099121],[-58.9105835,-33.88537598],[-58.92150879,-33.87908935],[-58.93359375,-33.87438965],[-58.93793987,-33.87370792],[-58.93958076,-33.87345053],[-58.94002926,-33.87349775],[-58.94410173,-33.87392643],[-58.94981244,-33.87464026],[-58.95814055,-33.87511616],[-58.96623072,-33.87345053],[-58.97217937,-33.8727367],[-58.97789008,-33.87035723],[-58.98360078,-33.86512242],[-58.98598024,-33.86179118],[-58.98644855,-33.86099036],[-58.98657226,-33.86077881],[-58.98598024,-33.85893582],[-58.98598024,-33.85729422],[-58.98598024,-33.85560458],[-58.98615893,-33.85471117],[-58.98669408,-33.85203539],[-58.98740792,-33.84941798],[-58.98797769,-33.84808852],[-58.9888356,-33.84608673],[-58.99121506,-33.84346933],[-58.9925918,-33.84209259],[-58.99288068,-33.8418037],[-58.99319475,-33.84174089],[-58.99469143,-33.84144155],[-58.99561299,-33.84125724],[-58.99676038,-33.84102776],[-58.99882933,-33.84061397],[-58.99997674,-33.84071828],[-58.99997681,-33.84071829],[-58.99997687,-33.8407183],[-59.00144674,-33.84085192],[-59.00406415,-33.8418037],[-59.00461307,-33.84213306],[-59.00644361,-33.84323138],[-59.0084626,-33.84424088],[-59.01072664,-33.8453729],[-59.01318196,-33.84687337],[-59.01500967,-33.8479903],[-59.02048243,-33.84894209],[-59.02524135,-33.84751441],[-59.02881054,-33.84632468],[-59.03261768,-33.84346933],[-59.03275023,-33.84328615],[-59.03315424,-33.84272783],[-59.03338623,-33.84240723],[-59.03505055,-33.84096384],[-59.03685427,-33.83939954],[-59.03916769,-33.83739322],[-59.0402832,-33.83642578],[-59.04154862,-33.83598021],[-59.0446167,-33.8348999],[-59.04613362,-33.8345505],[-59.05004883,-33.83364868],[-59.05548096,-33.83239746],[-59.06628418,-33.83288574],[-59.09309299,-33.84269621],[-59.0986264,-33.84472112],[-59.09997559,-33.84521484],[-59.11260986,-33.84832764],[-59.11477816,-33.84843979],[-59.11968994,-33.84869385],[-59.1303538,-33.84774595],[-59.13067627,-33.84771728],[-59.13177615,-33.84717581],[-59.13861084,-33.84381103],[-59.14337158,-33.83929443],[-59.15197754,-33.83190918],[-59.15561063,-33.82821932],[-59.15648712,-33.82732914],[-59.15979004,-33.82397461],[-59.16535662,-33.81419217],[-59.16809082,-33.80938721],[-59.17083536,-33.8081979],[-59.17169746,-33.80782433],[-59.17291431,-33.80729703],[-59.17358398,-33.80700683],[-59.17528703,-33.8067703],[-59.1752874,-33.80677025],[-59.17797852,-33.80639648],[-59.18078781,-33.80668217],[-59.18502441,-33.80711301],[-59.18518066,-33.80712891],[-59.18548671,-33.80722492],[-59.19140625,-33.80908203],[-59.20269775,-33.81121826],[-59.20360799,-33.81141479],[-59.21619103,-33.81413158],[-59.21688502,-33.81428142],[-59.21849293,-33.81462858],[-59.21881103,-33.81469727],[-59.21979263,-33.81437786],[-59.22271956,-33.81342544],[-59.22580083,-33.81242281],[-59.22650146,-33.81219482],[-59.22886024,-33.81158747],[-59.23669434,-33.80957031],[-59.23956583,-33.80850911],[-59.24230957,-33.80749512],[-59.24890137,-33.80340576],[-59.24934776,-33.80268785],[-59.25136724,-33.79944002],[-59.25288394,-33.7970008],[-59.25482178,-33.79388428],[-59.25482377,-33.79362317],[-59.25482531,-33.79342074],[-59.25488281,-33.78588867],[-59.25254395,-33.77608345],[-59.25254388,-33.77608314],[-59.25170898,-33.77258301],[-59.24601552,-33.76402822],[-59.23980713,-33.75469971],[-59.2354126,-33.73999023],[-59.23651123,-33.73449707],[-59.23980713,-33.73010254],[-59.24049112,-33.72961563],[-59.24700928,-33.72497559],[-59.25324748,-33.72266902],[-59.25393436,-33.72241505],[-59.25427246,-33.72229004],[-59.25602595,-33.72253701],[-59.25860596,-33.72290039],[-59.26100192,-33.72310158],[-59.26660156,-33.72357178],[-59.27868652,-33.72570801],[-59.28205565,-33.72620474],[-59.28820801,-33.72711182],[-59.29249132,-33.72761418],[-59.2980957,-33.72827148],[-59.30279343,-33.72880747],[-59.30718994,-33.72930908],[-59.31259961,-33.72937056],[-59.32330322,-33.72949219],[-59.32399967,-33.72948395],[-59.33107635,-33.7294002],[-59.33361816,-33.72937012],[-59.34588623,-33.73077392],[-59.3460705,-33.73080545],[-59.36503183,-33.73404957],[-59.36657715,-33.73431396],[-59.3669441,-33.73438655],[-59.37768555,-33.73651123],[-59.39270019,-33.73669434],[-59.39367776,-33.73657315],[-59.40008545,-33.73577881],[-59.41082764,-33.73449707],[-59.4235168,-33.73283731],[-59.42529297,-33.73260498],[-59.4259027,-33.73241761],[-59.43701172,-33.72900391],[-59.44897461,-33.7244873],[-59.45648193,-33.71917725],[-59.46777344,-33.70428467],[-59.4686337,-33.70095831],[-59.46960449,-33.69720459],[-59.46982549,-33.69537798],[-59.47106507,-33.68513247],[-59.47259521,-33.67248535],[-59.47570801,-33.65838623],[-59.47694902,-33.65649315],[-59.47930908,-33.65289307],[-59.48308953,-33.64919933],[-59.48324703,-33.64904544],[-59.48909804,-33.64332862],[-59.49156718,-33.64091611],[-59.49261474,-33.63989258],[-59.50099061,-33.63605515],[-59.50608874,-33.6344028],[-59.51041476,-33.6328344],[-59.5135543,-33.63169616],[-59.51673683,-33.63083361],[-59.52081165,-33.63086335],[-59.52485674,-33.63184488],[-59.52976437,-33.63339153],[-59.53788429,-33.63740687],[-59.54300013,-33.64064888],[-59.55153644,-33.6474006],[-59.55977533,-33.65480667],[-59.56248196,-33.65781074],[-59.56569424,-33.66090404],[-59.56670551,-33.66203429],[-59.56718814,-33.66255431],[-59.57092905,-33.66658501],[-59.58166637,-33.67821462],[-59.58874597,-33.68531775],[-59.59061909,-33.68719709],[-59.59320675,-33.68907091],[-59.59662723,-33.6911232],[-59.59988952,-33.69238095],[-59.60283898,-33.69351809],[-59.6040333,-33.69397855],[-59.60908966,-33.695317],[-59.61277782,-33.69516828],[-59.61741777,-33.69374061],[-59.62074902,-33.69210473],[-59.62506179,-33.68951706],[-59.62800637,-33.68570992],[-59.62865538,-33.684398],[-59.62914111,-33.68341614],[-59.63217043,-33.67729258],[-59.63416323,-33.67187931],[-59.63418756,-33.66628296],[-59.63419297,-33.66503836],[-59.63422271,-33.66399734],[-59.63443615,-33.6608313],[-59.63479024,-33.65557891],[-59.63499604,-33.65040467],[-59.63529658,-33.64705713],[-59.63540789,-33.64581729],[-59.63603705,-33.64270117],[-59.63902173,-33.63796359],[-59.6397847,-33.63675251],[-59.64058281,-33.63583617],[-59.64219391,-33.63398639],[-59.64567387,-33.63003054],[-59.6497487,-33.62678852],[-59.65240478,-33.62487793],[-59.65441839,-33.62326698],[-59.65641119,-33.62167268],[-59.65702376,-33.62127159],[-59.65717158,-33.62117481],[-59.65890962,-33.6200368],[-59.66179324,-33.61859499],[-59.66235984,-33.61831169],[-59.66362814,-33.61792145],[-59.66383351,-33.61785825],[-59.66442871,-33.61749268],[-59.66841819,-33.61626498],[-59.66872505,-33.61616181],[-59.66933032,-33.61595832],[-59.66933249,-33.61595759],[-59.66964711,-33.61585182],[-59.66996223,-33.61574773],[-59.67056804,-33.61554762],[-59.67057065,-33.61554676],[-59.67087819,-33.61544518],[-59.67120156,-33.61534025],[-59.6718076,-33.61514362],[-59.67181079,-33.61514259],[-59.67211141,-33.61504505],[-59.67244272,-33.61493949],[-59.67304931,-33.61474623],[-59.67305335,-33.61474494],[-59.67334673,-33.61465147],[-59.67368092,-33.61454694],[-59.67368628,-33.61454526],[-59.67429308,-33.61435546],[-59.67429766,-33.61435403],[-59.67429772,-33.61435401],[-59.67458412,-33.61426443],[-59.674926,-33.61415948],[-59.67493188,-33.61415767],[-59.67553875,-33.61397137],[-59.67554425,-33.61396969],[-59.67554428,-33.61396968],[-59.67582354,-33.61388395],[-59.67617289,-33.61377872],[-59.67617961,-33.6137767],[-59.67678687,-33.61359379],[-59.6767928,-33.61359201],[-59.67679283,-33.613592],[-59.67706496,-33.61351003],[-59.67742205,-33.61340454],[-59.6774296,-33.61340231],[-59.67803695,-33.61322288],[-59.6780434,-33.61322097],[-59.67804353,-33.61322093],[-59.67830834,-33.6131427],[-59.67867306,-33.61303704],[-59.67868099,-33.61303475],[-59.67868125,-33.61303467],[-59.67928856,-33.61285874],[-59.67929612,-33.61285655],[-59.67955364,-33.61278195],[-59.67992582,-33.61267627],[-59.67993471,-33.61267375],[-59.67993473,-33.61267374],[-59.68054248,-33.61250117],[-59.6805505,-33.61249889],[-59.68055066,-33.61249885],[-59.68080084,-33.61242781],[-59.68118052,-33.61232217],[-59.68118056,-33.61232215],[-59.68118077,-33.61232209],[-59.68119029,-33.61231944],[-59.68119039,-33.61231942],[-59.681798,-33.61215035],[-59.68180678,-33.61214791],[-59.6820499,-33.61208027],[-59.68243761,-33.6119746],[-59.6824477,-33.61197185],[-59.68305565,-33.61180616],[-59.68306523,-33.61180354],[-59.68330078,-33.61173935],[-59.68369591,-33.6116339],[-59.68370687,-33.61163097],[-59.68431512,-33.61146865],[-59.68432504,-33.61146601],[-59.68455345,-33.61140505],[-59.68495626,-33.61129984],[-59.68495672,-33.61129972],[-59.68496818,-33.61129673],[-59.6849684,-33.61129667],[-59.68557599,-33.61113796],[-59.68558671,-33.61113516],[-59.68580787,-33.6110774],[-59.68621892,-33.61097235],[-59.6862311,-33.61096924],[-59.68683909,-33.61081387],[-59.68685008,-33.61081106],[-59.68685023,-33.61081102],[-59.687064,-33.61075639],[-59.68748247,-33.61065181],[-59.68748253,-33.61065179],[-59.68749605,-33.61064842],[-59.68749612,-33.6106484],[-59.6881034,-33.61049662],[-59.68811528,-33.61049366],[-59.68811531,-33.61049365],[-59.68832182,-33.61044204],[-59.68874855,-33.61033779],[-59.68876256,-33.61033436],[-59.68936976,-33.61018603],[-59.68938226,-33.61018297],[-59.68938242,-33.61018293],[-59.68958129,-33.61013435],[-59.69001549,-33.61003071],[-59.69003012,-33.61002721],[-59.69003021,-33.6100272],[-59.69063755,-33.60988222],[-59.69065075,-33.60987907],[-59.69065085,-33.60987905],[-59.69084237,-33.60983333],[-59.69128458,-33.60973025],[-59.69130022,-33.6097266],[-59.69190684,-33.6095852],[-59.69192078,-33.60958195],[-59.69210502,-33.609539],[-59.69255514,-33.60943658],[-59.69255526,-33.60943656],[-59.69257152,-33.60943286],[-59.69257172,-33.60943281],[-59.69317804,-33.60929486],[-59.69319262,-33.60929154],[-59.69336922,-33.60925136],[-59.69382733,-33.60914967],[-59.69384419,-33.60914593],[-59.69445081,-33.60901128],[-59.69446596,-33.60900791],[-59.69463492,-33.60897041],[-59.69510026,-33.6088697],[-59.69510044,-33.60886966],[-59.69510065,-33.60886962],[-59.69511857,-33.60886574],[-59.69511887,-33.60886568],[-59.69572461,-33.60873458],[-59.69574053,-33.60873113],[-59.69590209,-33.60869617],[-59.6963768,-33.60859606],[-59.69639522,-33.60859218],[-59.69699994,-33.60846465],[-59.69701663,-33.60846113],[-59.69701666,-33.60846113],[-59.69717069,-33.60842864],[-59.69765298,-33.6083296],[-59.69767271,-33.60832555],[-59.69827697,-33.60820146],[-59.6982942,-33.60819792],[-59.69844069,-33.60816784],[-59.69893012,-33.60807003],[-59.69895141,-33.60806577],[-59.69895162,-33.60806573],[-59.69955535,-33.60794508],[-59.69957326,-33.6079415],[-59.69971206,-33.60791376],[-59.70021038,-33.60781691],[-59.70023221,-33.60781267],[-59.70083496,-33.60769553],[-59.70085334,-33.60769196],[-59.70085338,-33.60769195],[-59.70098475,-33.60766642],[-59.70149175,-33.60757067],[-59.70151467,-33.60756634],[-59.70211571,-33.60745283],[-59.70213498,-33.60744919],[-59.70225874,-33.60742582],[-59.70277384,-33.60733136],[-59.70279766,-33.60732699],[-59.70339807,-33.60721689],[-59.70341797,-33.60721324],[-59.7034181,-33.60721322],[-59.70353398,-33.60719197],[-59.70406276,-33.60709789],[-59.70406283,-33.60709788],[-59.70406305,-33.60709784],[-59.70408187,-33.60709449],[-59.70408207,-33.60709446],[-59.70468329,-33.60698749],[-59.70470208,-33.60698415],[-59.70481044,-33.60696487],[-59.70535111,-33.60687163],[-59.70536868,-33.6068686],[-59.70597001,-33.6067649],[-59.70598733,-33.60676191],[-59.70608809,-33.60674454],[-59.70663954,-33.60665244],[-59.70665634,-33.60664964],[-59.70725781,-33.60654919],[-59.7072738,-33.60654652],[-59.70736688,-33.60653097],[-59.70793012,-33.60643997],[-59.70794602,-33.6064374],[-59.7085467,-33.60634035],[-59.70856127,-33.606338],[-59.70864679,-33.60632418],[-59.70923642,-33.60623211],[-59.70923677,-33.60623206],[-59.70983685,-33.60613837],[-59.70985012,-33.60613629],[-59.70985023,-33.60613628],[-59.70992778,-33.60612417],[-59.71052841,-33.60603364],[-59.71112773,-33.60594331],[-59.71113981,-33.60594149],[-59.7112098,-33.60593094],[-59.71182308,-33.60584183],[-59.71241978,-33.60575512],[-59.71243051,-33.60575356],[-59.71243058,-33.60575355],[-59.71249283,-33.60574451],[-59.71311966,-33.60565681],[-59.71371301,-33.6055738],[-59.71372224,-33.60557251],[-59.71372238,-33.60557249],[-59.71377684,-33.60556487],[-59.71441774,-33.60547866],[-59.71441812,-33.60547861],[-59.71500698,-33.6053994],[-59.71501502,-33.60539832],[-59.7150151,-33.60539831],[-59.71506177,-33.60539203],[-59.71572173,-33.60530681],[-59.71572201,-33.60530678],[-59.71630179,-33.60523191],[-59.71630841,-33.60523106],[-59.7163085,-33.60523105],[-59.7163476,-33.605226],[-59.71702805,-33.60514179],[-59.71759768,-33.60507131],[-59.71760307,-33.60507064],[-59.71760313,-33.60507063],[-59.71763429,-33.60506678],[-59.71831757,-33.6049859],[-59.71834207,-33.604983],[-59.71889405,-33.60491766],[-59.71889834,-33.60491715],[-59.71892181,-33.60491437],[-59.71965038,-33.60483204],[-59.71967571,-33.60482918],[-59.72019185,-33.60477085],[-59.72019444,-33.60477056],[-59.72019452,-33.60477055],[-59.72021011,-33.60476878],[-59.72105446,-33.60467789],[-59.72149009,-33.604631],[-59.72149138,-33.60463086],[-59.72149917,-33.60463002],[-59.72278895,-33.60449809],[-59.72663503,-33.60388621],[-59.72829571,-33.60378685],[-59.72912747,-33.60373709],[-59.73011499,-33.60367801],[-59.73279189,-33.60421339],[-59.73437632,-33.6046577],[-59.73526957,-33.60490818],[-59.73538255,-33.60493987],[-59.73841336,-33.60578978],[-59.73994556,-33.60625699],[-59.74504611,-33.60781232],[-59.75105425,-33.60906154],[-59.75456395,-33.60915077],[-59.75872801,-33.60909128],[-59.75891163,-33.60908229],[-59.75984949,-33.60903638],[-59.7629813,-33.60888308],[-59.77258837,-33.60796104],[-59.77838831,-33.60668208],[-59.78264159,-33.60540312],[-59.78763846,-33.60364826],[-59.79223144,-33.60152226],[-59.79626401,-33.59966267],[-59.79905987,-33.59799704],[-59.80358085,-33.5955581],[-59.80658492,-33.59255403],[-59.80938079,-33.58850894],[-59.81061014,-33.58582672],[-59.81101667,-33.58493975],[-59.81155204,-33.58095415],[-59.81015411,-33.57122811],[-59.80872643,-33.56325691],[-59.808429,-33.56114514],[-59.80845875,-33.55864671],[-59.80869669,-33.5549288],[-59.8095295,-33.55165704],[-59.81086795,-33.54835554],[-59.81292023,-33.54428071],[-59.81524021,-33.54050332],[-59.81996939,-33.5337516],[-59.82318115,-33.5300293],[-59.82702372,-33.52629284],[-59.82874365,-33.52462041],[-59.83394872,-33.52125943],[-59.8373692,-33.52009944],[-59.84132505,-33.51932611],[-59.84471883,-33.51852081],[-59.84551412,-33.5183321],[-59.84658961,-33.5180769],[-59.84742734,-33.51800709],[-59.84776998,-33.51797853],[-59.8494832,-33.51783576],[-59.84966043,-33.51782099],[-59.85007396,-33.51778653],[-59.85087264,-33.51771998],[-59.85293141,-33.5174948],[-59.85658334,-33.51709537],[-59.85724231,-33.51708089],[-59.85928998,-33.51703588],[-59.86128257,-33.51693563],[-59.8623357,-33.51676934],[-59.86495311,-33.5165314],[-59.86695283,-33.51641377],[-59.86848798,-33.51621273],[-59.86901603,-33.51614358],[-59.87175241,-33.51572718],[-59.87770106,-33.51480514],[-59.87800647,-33.51474855],[-59.88435922,-33.51357142],[-59.88696654,-33.5130883],[-59.88781377,-33.51293131],[-59.88928719,-33.51247087],[-59.88996047,-33.51226047],[-59.89053907,-33.51207966],[-59.89114502,-33.5118903],[-59.89474395,-33.51028416],[-59.89745059,-33.50882674],[-59.90119824,-33.50650677],[-59.90369754,-33.50431859],[-59.90710557,-33.5013348],[-59.90759277,-33.50097656],[-59.90784692,-33.50068574],[-59.90889216,-33.49977061],[-59.91351318,-33.49420166],[-59.92027449,-33.4844677],[-59.92059326,-33.48400879],[-59.92233189,-33.48167639],[-59.92348785,-33.48012564],[-59.92640647,-33.47850418],[-59.92777088,-33.47774618],[-59.93295694,-33.47491742],[-59.93300569,-33.47489083],[-59.93681283,-33.47393905],[-59.93907301,-33.4733966],[-59.94276148,-33.47251137],[-59.94847219,-33.47203548],[-59.95394495,-33.47132164],[-59.95763739,-33.47102624],[-59.9598936,-33.47084575],[-59.96798377,-33.47036985],[-59.97036323,-33.47036985],[-59.97345653,-33.47084575],[-59.9767136,-33.47128002],[-59.97702572,-33.47132164],[-59.980718,-33.47175602],[-59.9810708,-33.47179753],[-59.98294021,-33.47179753],[-59.98963686,-33.47179753],[-59.99939265,-33.47013191],[-60.00268746,-33.46841288],[-60.006918,-33.46620564],[-60.01033817,-33.4644212],[-60.02556672,-33.45728282],[-60.02601727,-33.45706304],[-60.03366286,-33.45333348],[-60.03412483,-33.45310813],[-60.03532251,-33.4525239],[-60.03702319,-33.45163104],[-60.03936088,-33.45040375],[-60.04484036,-33.44752703],[-60.04499865,-33.44741564],[-60.04543098,-33.4471114],[-60.04910688,-33.44452466],[-60.0512649,-33.44300605],[-60.05578211,-33.43967758],[-60.05578588,-33.43967481],[-60.05604278,-33.43941791],[-60.06268631,-33.43277437],[-60.06394482,-33.43166392],[-60.06648841,-33.42941958],[-60.0667314,-33.42920518],[-60.06780468,-33.42831856],[-60.07040003,-33.42617457],[-60.07042739,-33.42615197],[-60.07220416,-33.4246842],[-60.07529746,-33.42016323],[-60.07839076,-33.4154043],[-60.07842007,-33.41532475],[-60.07879253,-33.41431378],[-60.07935196,-33.41279533],[-60.08005638,-33.41088333],[-60.08267379,-33.40541057],[-60.08410146,-33.40136548],[-60.08702304,-33.39458131],[-60.08709717,-33.39440918],[-60.09279957,-33.38891468],[-60.09881592,-33.38311767],[-60.11108398,-33.37298584],[-60.11254949,-33.37223158],[-60.13812256,-33.35906982],[-60.15046198,-33.35662153],[-60.15350342,-33.35601807],[-60.16555258,-33.35076938],[-60.1696167,-33.34899902],[-60.17352295,-33.34399414],[-60.17499448,-33.34135207],[-60.1762085,-33.33917236],[-60.17669678,-33.33618164],[-60.17703928,-33.3351077],[-60.1796242,-33.32700242],[-60.18029785,-33.32489014],[-60.18499756,-33.31408691],[-60.18523647,-33.31361441],[-60.19049072,-33.30322266],[-60.1954956,-33.29730225],[-60.20068359,-33.29217529],[-60.21411133,-33.2868042],[-60.22147702,-33.28345616],[-60.22463163,-33.28202224],[-60.22818051,-33.28040912],[-60.22821045,-33.28039551],[-60.24091059,-33.27285358],[-60.24574131,-33.26998469],[-60.24943467,-33.26768445],[-60.25421143,-33.26470947],[-60.25938976,-33.26192952],[-60.25953743,-33.26185025],[-60.26637254,-33.25823009],[-60.26760765,-33.25767471],[-60.2694039,-33.25686702],[-60.27070274,-33.25628298],[-60.27117743,-33.25606954],[-60.27273944,-33.25536717],[-60.27655801,-33.25365013],[-60.27928913,-33.25242207],[-60.28241329,-33.25101727],[-60.28331392,-33.2506123],[-60.28394845,-33.25029503],[-60.28635963,-33.24908944],[-60.28889201,-33.24782325],[-60.29092819,-33.24680516],[-60.29231261,-33.24611295],[-60.29283176,-33.24585337],[-60.29782863,-33.24228418],[-60.29811596,-33.24084753],[-60.2983348,-33.23975331],[-60.29833498,-33.23975243],[-60.29987603,-33.2320472],[-60.30020809,-33.23038688],[-60.29878042,-33.22657974],[-60.29521122,-33.22301055],[-60.29249338,-33.22187811],[-60.29235587,-33.22182082],[-60.28688311,-33.21658601],[-60.28545543,-33.21325476],[-60.28450365,-33.20992351],[-60.28450365,-33.20706816],[-60.28470646,-33.20574987],[-60.28497954,-33.20397486],[-60.28688311,-33.20040567],[-60.28831079,-33.19755032],[-60.29164203,-33.19421907],[-60.29425944,-33.19183961],[-60.29568712,-33.19064988],[-60.29711479,-33.18898426],[-60.29997015,-33.18636685],[-60.30306345,-33.1835115],[-60.30610703,-33.18220711],[-60.30623161,-33.18215371],[-60.30637668,-33.18209154],[-60.30639469,-33.18208382],[-60.30646011,-33.18205972],[-60.30646015,-33.1820597],[-60.30646019,-33.18205969],[-60.30646931,-33.18205633],[-60.30651528,-33.18203939],[-60.30952973,-33.18092881],[-60.31091567,-33.1804182],[-60.31662637,-33.17899052],[-60.32281297,-33.17827668],[-60.32876162,-33.17708695],[-60.32947546,-33.17684901],[-60.33566206,-33.17684901],[-60.34025512,-33.17753797],[-60.34042098,-33.17756285],[-60.34135944,-33.17768797],[-60.34288093,-33.17789084],[-60.34755937,-33.17851463],[-60.3516142,-33.17923019],[-60.35564953,-33.17994231],[-60.36040845,-33.1804182],[-60.36056133,-33.18046597],[-60.36224411,-33.18099184],[-60.36802273,-33.18279766],[-60.37664686,-33.18741265],[-60.37736498,-33.18779694],[-60.37738037,-33.18780518],[-60.37968209,-33.18874631],[-60.38253744,-33.1892222],[-60.38848609,-33.1892222],[-60.39205529,-33.18898426],[-60.39800394,-33.18684274],[-60.40609411,-33.1830356],[-60.41561195,-33.17803874],[-60.42084676,-33.17565928],[-60.42255562,-33.17480485],[-60.42417801,-33.17399365],[-60.42701597,-33.17225935],[-60.42846104,-33.17137625],[-60.4308405,-33.16899678],[-60.43221388,-33.16770924],[-60.43242432,-33.16751196],[-60.43464764,-33.16542759],[-60.43804665,-33.16089558],[-60.43821683,-33.16066867],[-60.44059629,-33.15686153],[-60.44196169,-33.15563267],[-60.44535521,-33.15257851],[-60.45110125,-33.14970549],[-60.45154181,-33.14948521],[-60.45891814,-33.14710574],[-60.46700831,-33.14496423],[-60.47252976,-33.14212913],[-60.47295859,-33.14190894],[-60.4907766,-33.13275994],[-60.4926578,-33.131794],[-60.4934082,-33.13140869],[-60.49422669,-33.13064325],[-60.50357556,-33.12190033],[-60.50452138,-33.12101581],[-60.51318359,-33.11291504],[-60.5142729,-33.11129191],[-60.51719532,-33.10693731],[-60.5204253,-33.10212442],[-60.5223999,-33.09918213],[-60.52245923,-33.09908084],[-60.52385964,-33.0966899],[-60.52714674,-33.09107777],[-60.53491211,-33.07781982],[-60.5364309,-33.07592967],[-60.53783526,-33.07418193],[-60.55438232,-33.05358887],[-60.55688958,-33.05081457],[-60.55961771,-33.04779587],[-60.56469727,-33.04217529],[-60.56517704,-33.04178124],[-60.56517912,-33.04177954],[-60.56630658,-33.04085354],[-60.57580933,-33.03304867],[-60.58587646,-33.02478027],[-60.59258597,-33.01645974],[-60.5925898,-33.01645499],[-60.59526125,-33.01314209],[-60.6012099,-33.00600371],[-60.60190597,-33.00499828],[-60.60437057,-33.00143831],[-60.60490063,-33.00067266],[-60.60549293,-32.99981711],[-60.6104898,-32.99125105],[-60.61064035,-32.99046068],[-60.61239337,-32.98125732],[-60.61239337,-32.97483277],[-60.61343693,-32.96711041],[-60.6135831,-32.96602877],[-60.61501078,-32.96031806],[-60.61691435,-32.95389351],[-60.6198621,-32.94862967],[-60.62024559,-32.94794486],[-60.62399442,-32.94338107],[-60.62570066,-32.94130391],[-60.62571835,-32.94128237],[-60.63047727,-32.93795113],[-60.63084713,-32.93772921],[-60.63642593,-32.93438194],[-60.63846265,-32.93324618],[-60.63919474,-32.93283794],[-60.64063582,-32.93203433],[-60.65020752,-32.92669678],[-60.65462892,-32.92304061],[-60.65985222,-32.91872135],[-60.66290283,-32.91619873],[-60.66293254,-32.91616166],[-60.66417478,-32.91461171],[-60.67055438,-32.90665184],[-60.67084107,-32.90629414],[-60.67157543,-32.90537788],[-60.67584926,-32.90004539],[-60.67584928,-32.90004536],[-60.6758493,-32.90004533],[-60.6762085,-32.89959717],[-60.68187363,-32.87917844],[-60.68187363,-32.87903482],[-60.68187363,-32.87608514],[-60.68179804,-32.87536704],[-60.68140575,-32.87164029],[-60.68139774,-32.87156417],[-60.68132979,-32.87142073],[-60.68062463,-32.86993203],[-60.68002291,-32.86866174],[-60.68002289,-32.8686617],[-60.68002287,-32.86866166],[-60.67925622,-32.86704319],[-60.67568703,-32.86442578],[-60.66973838,-32.86014275],[-60.66846003,-32.85880048],[-60.6683588,-32.8586942],[-60.66497946,-32.85514589],[-60.66251598,-32.85040843],[-60.66242389,-32.85023134],[-60.66188616,-32.84919723],[-60.65903081,-32.84015528],[-60.65896894,-32.83660161],[-60.65892223,-32.83391805],[-60.65891323,-32.83340094],[-60.65887451,-32.83117676],[-60.66071422,-32.82974144],[-60.66301905,-32.82794325],[-60.67858887,-32.8157959],[-60.68739823,-32.81007153],[-60.6934622,-32.80613112],[-60.6942749,-32.80560303],[-60.69656715,-32.80222905],[-60.70000654,-32.79716657],[-60.70358085,-32.79190551],[-60.70563984,-32.78887485],[-60.70828801,-32.78497699],[-60.71085668,-32.78119614],[-60.71461941,-32.77565774],[-60.71600342,-32.7736206],[-60.71659877,-32.77102488],[-60.72210693,-32.74700928],[-60.72210693,-32.72772217],[-60.72210398,-32.72768258],[-60.72157313,-32.7205748],[-60.7215129,-32.71976848],[-60.72065884,-32.70833314],[-60.72015896,-32.69800224],[-60.71994501,-32.69358049],[-60.72032779,-32.6901354],[-60.72137268,-32.6807314],[-60.7235142,-32.67168944],[-60.72392395,-32.67029628],[-60.72497106,-32.66673612],[-60.72589366,-32.66359928],[-60.72724189,-32.66159995],[-60.73492432,-32.65020752],[-60.74230957,-32.64031982],[-60.74289445,-32.63933698],[-60.74363379,-32.63809458],[-60.74450968,-32.63662272],[-60.74563558,-32.63473076],[-60.7481483,-32.63050835],[-60.74822998,-32.63037109],[-60.74906201,-32.62860137],[-60.75207519,-32.62219238],[-60.75238037,-32.61468506],[-60.75183139,-32.61296091],[-60.75151725,-32.61197433],[-60.74898333,-32.60401621],[-60.74847412,-32.60241699],[-60.74776762,-32.59990184],[-60.74389648,-32.5861206],[-60.743786,-32.57739226],[-60.74377441,-32.57647705],[-60.74389648,-32.57452392],[-60.74415299,-32.5722474],[-60.74438477,-32.57019043],[-60.74511719,-32.56469726],[-60.74671043,-32.55737694],[-60.74737549,-32.55432129],[-60.74938965,-32.54888916],[-60.74985246,-32.54762413],[-60.7512207,-32.54388428],[-60.75140401,-32.5435273],[-60.75238037,-32.54162598],[-60.753479,-32.53991699],[-60.75518799,-32.53710937],[-60.7565918,-32.53540039],[-60.75765204,-32.53417147],[-60.75927734,-32.5322876],[-60.76678467,-32.5244751],[-60.77142334,-32.51928711],[-60.77471924,-32.5144043],[-60.77574414,-32.50923709],[-60.77618408,-32.50701904],[-60.77581787,-32.50488281],[-60.77539062,-32.5045166],[-60.77502441,-32.50299072],[-60.7747525,-32.50264327],[-60.77282715,-32.5001831],[-60.77243676,-32.49982618],[-60.77069092,-32.49822998],[-60.76973844,-32.49732286],[-60.76973841,-32.49732283],[-60.76973838,-32.4973228],[-60.76914203,-32.49675485],[-60.76812744,-32.49578857],[-60.76599121,-32.49420166],[-60.76531982,-32.49359131],[-60.76455688,-32.49310303],[-60.76141357,-32.49108887],[-60.75939941,-32.48999023],[-60.7565918,-32.48797607],[-60.75469971,-32.4868164],[-60.74798584,-32.48260498],[-60.74249268,-32.47839355],[-60.74078369,-32.47698974],[-60.73809814,-32.47460937],[-60.73651123,-32.47320556],[-60.7310791,-32.46740723],[-60.7288208,-32.46508789],[-60.72717285,-32.46258545],[-60.72619629,-32.46087646],[-60.7255249,-32.46020508],[-60.72460937,-32.45800781],[-60.72399902,-32.45629883],[-60.72381592,-32.45611572],[-60.72284295,-32.45177521],[-60.72033138,-32.44057085],[-60.72019766,-32.43997434],[-60.71633506,-32.41885359],[-60.71161689,-32.39305457],[-60.71161689,-32.38948537],[-60.7119426,-32.38666261],[-60.71201666,-32.38602075],[-60.71233073,-32.38329878],[-60.71375841,-32.3787778],[-60.7142515,-32.37715765],[-60.71542403,-32.37330504],[-60.71756555,-32.36973585],[-60.71891434,-32.36434067],[-60.72018295,-32.35926622],[-60.72086574,-32.35038999],[-60.72089679,-32.34998632],[-60.72161063,-32.3421341],[-60.71899322,-32.33404393],[-60.71682704,-32.33054471],[-60.71589992,-32.32904707],[-60.71209279,-32.32571582],[-60.70703331,-32.32364604],[-60.70685797,-32.32357431],[-60.70159912,-32.32312012],[-60.69121243,-32.32441288],[-60.68737793,-32.32489014],[-60.68231201,-32.32397461],[-60.68020801,-32.32214663],[-60.67993144,-32.32153818],[-60.67943964,-32.32045622],[-60.67942822,-32.32043109],[-60.67901828,-32.31952922],[-60.67900316,-32.31924191],[-60.67878033,-32.31500825],[-60.67949417,-32.30786986],[-60.68044595,-32.30168327],[-60.68211158,-32.29549667],[-60.68234673,-32.29251802],[-60.68238339,-32.29205372],[-60.68282542,-32.28645471],[-60.68115979,-32.27693687],[-60.67882723,-32.2655347],[-60.67861792,-32.26451153],[-60.67718506,-32.25750732],[-60.67421572,-32.24726312],[-60.67352295,-32.24487305],[-60.67260742,-32.23260498],[-60.67370605,-32.22399902],[-60.67657471,-32.21618652],[-60.67825286,-32.21306268],[-60.68039438,-32.2090176],[-60.68253589,-32.20687608],[-60.68400664,-32.20475167],[-60.68423192,-32.20442627],[-60.68467741,-32.20378278],[-60.68512979,-32.2033652],[-60.68531803,-32.20319144],[-60.68777071,-32.20092743],[-60.69027509,-32.19728469],[-60.69038811,-32.19712029],[-60.69252963,-32.19236137],[-60.69381341,-32.18990079],[-60.69480783,-32.18799481],[-60.69538498,-32.18688861],[-60.69705061,-32.18236764],[-60.69890636,-32.17378479],[-60.69895417,-32.17356363],[-60.69992528,-32.16987342],[-60.7001439,-32.16904265],[-60.7001439,-32.16274278],[-60.7001439,-32.15928686],[-60.70018466,-32.15765668],[-60.70038185,-32.14976902],[-60.69978454,-32.14728025],[-60.6975265,-32.13787171],[-60.6971179,-32.13657782],[-60.69467114,-32.12882976],[-60.69313429,-32.1255365],[-60.69309046,-32.12544259],[-60.6913399,-32.12169138],[-60.68729482,-32.11502889],[-60.68491535,-32.11074586],[-60.68229795,-32.10646283],[-60.68020801,-32.10276033],[-60.66902454,-32.09205275],[-60.66834196,-32.09137018],[-60.66336284,-32.08639106],[-60.66212411,-32.08515232],[-60.65950497,-32.08148553],[-60.6595048,-32.08148529],[-60.65855491,-32.08015545],[-60.65810601,-32.07785237],[-60.65738397,-32.07414797],[-60.65678007,-32.07104971],[-60.65637924,-32.06899326],[-60.65637892,-32.06899159],[-60.65600586,-32.06707764],[-60.65660382,-32.06236431],[-60.65667544,-32.06179974],[-60.65706313,-32.05874384],[-60.65707455,-32.0586538],[-60.65776121,-32.05324138],[-60.65808105,-32.05072021],[-60.65837567,-32.04981673],[-60.65956095,-32.04618188],[-60.65991211,-32.04510498],[-60.66369629,-32.03839111],[-60.66760475,-32.0339318],[-60.66872974,-32.03264825],[-60.6706606,-32.03044526],[-60.67205954,-32.02884914],[-60.67279053,-32.02801514],[-60.67337656,-32.0271237],[-60.6737753,-32.02651717],[-60.67712402,-32.02142334],[-60.67778567,-32.02057264],[-60.68075561,-32.01675415],[-60.68097457,-32.01647264],[-60.68438721,-32.01208496],[-60.68807229,-32.01035197],[-60.69039115,-32.00926148],[-60.69336839,-32.00786138],[-60.69354836,-32.00777674],[-60.69564787,-32.0067894],[-60.69567871,-32.0067749],[-60.69655257,-32.00614572],[-60.69675592,-32.00599931],[-60.70178223,-32.00238037],[-60.70183052,-32.00234568],[-60.70447851,-32.00044351],[-60.70499457,-32.0000172],[-60.70995127,-31.99592253],[-60.71226125,-31.99383255],[-60.71494814,-31.99140156],[-60.72065884,-31.98521496],[-60.7235142,-31.97760068],[-60.72303865,-31.97433977],[-60.72275889,-31.97242141],[-60.72274245,-31.97230869],[-60.72272225,-31.97217015],[-60.7225436,-31.97094513],[-60.72208832,-31.96782323],[-60.72184858,-31.96617927],[-60.72137875,-31.96456097],[-60.72058533,-31.9618281],[-60.71970706,-31.95880294],[-60.71352046,-31.95451991],[-60.70851904,-31.95187455],[-60.70525855,-31.95015],[-60.70525851,-31.95014998],[-60.70525847,-31.95014996],[-60.70432912,-31.94965841],[-60.70361328,-31.94927978],[-60.69325943,-31.94327199],[-60.68907847,-31.94084601],[-60.68878174,-31.94067383],[-60.68720685,-31.93969592],[-60.6846385,-31.93810113],[-60.68271267,-31.93690531],[-60.67658134,-31.93309813],[-60.67289458,-31.93080888],[-60.671875,-31.93017578],[-60.66999193,-31.9282732],[-60.66974833,-31.92802707],[-60.66929359,-31.92756762],[-60.66781407,-31.92607277],[-60.66518852,-31.92342001],[-60.66068753,-31.91887238],[-60.66023182,-31.91841194],[-60.66009521,-31.91827392],[-60.65722937,-31.91132273],[-60.65722656,-31.91131592],[-60.65702538,-31.91065568],[-60.65698155,-31.91051186],[-60.6565965,-31.90924824],[-60.6556922,-31.90628061],[-60.6553111,-31.90502996],[-60.65410071,-31.90105786],[-60.65353639,-31.89920592],[-60.65289307,-31.89709473],[-60.6539917,-31.89129639],[-60.6548011,-31.88923956],[-60.65579696,-31.8867089],[-60.65657926,-31.88472093],[-60.65917969,-31.87811279],[-60.65970016,-31.87442839],[-60.66072658,-31.8671624],[-60.66098922,-31.86530319],[-60.66149902,-31.86169434],[-60.66139375,-31.86030145],[-60.66096528,-31.85463257],[-60.66080594,-31.85252428],[-60.66070557,-31.85119629],[-60.66247942,-31.84490195],[-60.66259766,-31.84448242],[-60.66296593,-31.84399555],[-60.6654161,-31.84075634],[-60.66676396,-31.83897442],[-60.66955198,-31.83528857],[-60.66999193,-31.83470694],[-60.67088704,-31.83352358],[-60.67134745,-31.83291489],[-60.67340088,-31.83020019],[-60.67375209,-31.82904622],[-60.67394422,-31.82841492],[-60.67449134,-31.82661725],[-60.67481526,-31.82555295],[-60.67510986,-31.82458496],[-60.67514522,-31.82390673],[-60.67517886,-31.82326156],[-60.67540051,-31.81900989],[-60.67548159,-31.8174546],[-60.67551402,-31.81683258],[-60.67578125,-31.81170654],[-60.67548596,-31.81125401],[-60.67500785,-31.81052133],[-60.67498112,-31.81048038],[-60.67486913,-31.81030876],[-60.6748268,-31.81024388],[-60.6744865,-31.80972238],[-60.67439008,-31.80957462],[-60.6717794,-31.80557384],[-60.67108154,-31.80450439],[-60.67078225,-31.80414314],[-60.67029518,-31.80355523],[-60.66999193,-31.8031892],[-60.66932179,-31.80238033],[-60.66572951,-31.79804435],[-60.66545535,-31.79771343],[-60.66378098,-31.79643772],[-60.66069643,-31.79414424],[-60.6600848,-31.79400033],[-60.65784644,-31.79347366],[-60.65738651,-31.79336544],[-60.65665134,-31.79319246],[-60.65390647,-31.7922775],[-60.65308215,-31.79200273],[-60.65241313,-31.7920983],[-60.65115875,-31.7922775],[-60.64808529,-31.79271656],[-60.64781761,-31.79273231],[-60.64769152,-31.79273973],[-60.64725869,-31.79276519],[-60.64696446,-31.7927825],[-60.64608618,-31.79283416],[-60.64536779,-31.79287642],[-60.6440402,-31.79295451],[-60.64227997,-31.7922775],[-60.6409469,-31.79176478],[-60.63996857,-31.79000378],[-60.63856744,-31.78748175],[-60.63666387,-31.78248488],[-60.63659132,-31.78117898],[-60.63642593,-31.77820185],[-60.63642593,-31.77619459],[-60.63642593,-31.77463266],[-60.63697842,-31.77354333],[-60.63769869,-31.77212318],[-60.63861084,-31.77032471],[-60.64020052,-31.76812214],[-60.64052468,-31.767673],[-60.64272256,-31.76462775],[-60.64367676,-31.76330566],[-60.64379852,-31.76175757],[-60.644104,-31.75787353],[-60.64350868,-31.75462903],[-60.64318405,-31.75285979],[-60.6428833,-31.7512207],[-60.64047211,-31.74578652],[-60.64009541,-31.74493754],[-60.63980141,-31.74427496],[-60.63919579,-31.74291004],[-60.63879394,-31.74200439],[-60.63830175,-31.74160546],[-60.63815354,-31.74148533],[-60.63763652,-31.74106627],[-60.63329433,-31.73754681],[-60.6329956,-31.73730469],[-60.62762192,-31.73323004],[-60.62272181,-31.73057581],[-60.62191121,-31.73013674],[-60.61572376,-31.72624748],[-60.6135831,-31.72490193],[-60.60382731,-31.71871533],[-60.60147545,-31.71720342],[-60.59716482,-31.7144323],[-60.59586157,-31.71368042],[-60.59097822,-31.71086311],[-60.59023739,-31.71060765],[-60.58433055,-31.70857081],[-60.58407779,-31.70848365],[-60.58061066,-31.70770075],[-60.57909873,-31.70735935],[-60.57902832,-31.70734345],[-60.57825293,-31.70716836],[-60.57670146,-31.70681802],[-60.57246573,-31.70587675],[-60.56940563,-31.70519673],[-60.5681354,-31.70491446],[-60.56221928,-31.7038388],[-60.55766577,-31.70301089],[-60.55719668,-31.7029748],[-60.55553032,-31.70284662],[-60.55147917,-31.702535],[-60.54953093,-31.70221029],[-60.54458065,-31.70138524],[-60.54419211,-31.70132048],[-60.54148543,-31.70086937],[-60.53881042,-31.70023996],[-60.53820329,-31.7000971],[-60.53744035,-31.69991759],[-60.52911224,-31.6994417],[-60.52907267,-31.69944087],[-60.51769082,-31.69920375],[-60.50928113,-31.69953354],[-60.50842037,-31.6995673],[-60.50555557,-31.69967964],[-60.50164963,-31.70011364],[-60.500795,-31.7002086],[-60.49913103,-31.70039348],[-60.49673288,-31.70039348],[-60.49255408,-31.70039348],[-60.49104086,-31.70039348],[-60.49032984,-31.70030677],[-60.48350465,-31.69947443],[-60.48128507,-31.69920375],[-60.48057936,-31.69915734],[-60.4795634,-31.69909054],[-60.47395465,-31.69872172],[-60.46759033,-31.69830322],[-60.46492936,-31.69647997],[-60.46321719,-31.69530681],[-60.46220824,-31.69461549],[-60.46128363,-31.69398197],[-60.45733666,-31.69127756],[-60.45440674,-31.68927002],[-60.45212199,-31.68632874],[-60.45069617,-31.6844932],[-60.4463653,-31.67891783],[-60.44378662,-31.67559814],[-60.44373285,-31.67556114],[-60.44249065,-31.67470634],[-60.44242887,-31.67466383],[-60.43191963,-31.66743205],[-60.42578125,-31.66320801],[-60.42431549,-31.66220433],[-60.41677856,-31.65704346],[-60.41356253,-31.65484129],[-60.41266653,-31.65422776],[-60.40978629,-31.65225553],[-60.40777588,-31.6508789],[-60.40426068,-31.64846688],[-60.39630127,-31.64300537],[-60.3911554,-31.64101399],[-60.38600438,-31.63902061],[-60.38038211,-31.63684488],[-60.38038087,-31.6368444],[-60.37926516,-31.63641263],[-60.378479,-31.6361084],[-60.3744023,-31.63427564],[-60.37005913,-31.63232309],[-60.36933483,-31.63199747],[-60.36361157,-31.62942448],[-60.3572998,-31.62658691],[-60.35482977,-31.62499004],[-60.35151063,-31.62284424],[-60.34929112,-31.62140933],[-60.3492851,-31.62140544],[-60.34779731,-31.62044359],[-60.33746664,-31.61424519],[-60.33471028,-31.61259137],[-60.33066519,-31.60854629],[-60.3296814,-31.60650304],[-60.32942856,-31.6059779],[-60.32862029,-31.60429919],[-60.32761389,-31.60220896],[-60.32757189,-31.60212174],[-60.32756257,-31.60207358],[-60.32754679,-31.60199204],[-60.32614422,-31.59474541],[-60.32566833,-31.58665525],[-60.32685806,-31.57880303],[-60.32924742,-31.57584021],[-60.33280671,-31.5714267],[-60.33732768,-31.56738161],[-60.34018304,-31.55976734],[-60.34014741,-31.5590904],[-60.34009994,-31.55818853],[-60.33994509,-31.55524636],[-60.33819852,-31.55297581],[-60.33518617,-31.54905976],[-60.33280671,-31.54715619],[-60.33066439,-31.54558516],[-60.32566833,-31.54192138],[-60.32538728,-31.54179647],[-60.31787619,-31.53845821],[-60.31710227,-31.53811424],[-60.31624864,-31.53787949],[-60.30922917,-31.53594914],[-60.30758442,-31.53549684],[-60.30639515,-31.535225],[-60.30596734,-31.53512722],[-60.30208178,-31.53423909],[-60.30178785,-31.53417191],[-60.30154867,-31.53411724],[-60.29925631,-31.53359327],[-60.29021436,-31.53287943],[-60.28796683,-31.53273443],[-60.28283803,-31.53240354],[-60.27904953,-31.53262639],[-60.27474786,-31.53287943],[-60.26808537,-31.5343071],[-60.26783776,-31.5343071],[-60.26689142,-31.5343071],[-60.26523002,-31.5343071],[-60.25827167,-31.53565388],[-60.25809544,-31.53568799],[-60.25785369,-31.53573478],[-60.25707959,-31.53555264],[-60.2538086,-31.534783],[-60.24904968,-31.53264148],[-60.24723667,-31.53183484],[-60.24721338,-31.53182447],[-60.24400124,-31.53039533],[-60.24257356,-31.52908663],[-60.24178443,-31.52836325],[-60.24114589,-31.52777792],[-60.23852848,-31.52587436],[-60.23718349,-31.52491365],[-60.23657517,-31.52447914],[-60.23361108,-31.52236193],[-60.23353161,-31.52230516],[-60.23295607,-31.52160629],[-60.23020036,-31.51826008],[-60.2282968,-31.51397705],[-60.22575547,-31.50991093],[-60.2247276,-31.50826635],[-60.22234814,-31.50303153],[-60.22141907,-31.49985719],[-60.21949279,-31.49327574],[-60.21949279,-31.48804093],[-60.21949279,-31.48280611],[-60.2189666,-31.47754419],[-60.21891039,-31.47698214],[-60.21877895,-31.47566773],[-60.21676053,-31.4728924],[-60.21534482,-31.47094579],[-60.21497181,-31.47043291],[-60.21339579,-31.46885689],[-60.21235441,-31.46781551],[-60.20711959,-31.4651981],[-60.20142541,-31.4643133],[-60.19860511,-31.46387506],[-60.18127441,-31.46069336],[-60.18118873,-31.4606592],[-60.17330887,-31.45751809],[-60.16351318,-31.45361328],[-60.15861592,-31.45180793],[-60.15638309,-31.45098481],[-60.15585306,-31.45078942],[-60.14910889,-31.44830322],[-60.14831081,-31.44763527],[-60.14349365,-31.44360351],[-60.1394043,-31.43719482],[-60.1394043,-31.43639374],[-60.1394043,-31.43462573],[-60.1394043,-31.43179352],[-60.1394043,-31.42180834],[-60.1394043,-31.41912842],[-60.1384366,-31.41344322],[-60.13842773,-31.41339111],[-60.13831353,-31.41323807],[-60.1364659,-31.41076226],[-60.13537598,-31.40930176],[-60.12447455,-31.39627897],[-60.12408447,-31.39581299],[-60.12354986,-31.39525407],[-60.1173706,-31.38879394],[-60.11476763,-31.38674531],[-60.10921635,-31.38237624],[-60.10418701,-31.37841797],[-60.09974146,-31.37413954],[-60.09606934,-31.37060547],[-60.09499959,-31.36827422],[-60.09470544,-31.3676332],[-60.08959961,-31.35650635],[-60.08903621,-31.3545957],[-60.0888262,-31.35388348],[-60.08679199,-31.34698486],[-60.08679868,-31.34659039],[-60.08680208,-31.34638958],[-60.08687271,-31.34222246],[-60.08689494,-31.34091078],[-60.08691406,-31.33978271],[-60.08695867,-31.33969475],[-60.08709457,-31.33942678],[-60.08773912,-31.33815584],[-60.08773996,-31.33815419],[-60.09085012,-31.33202147],[-60.09329221,-31.32720608],[-60.09500266,-31.32383337],[-60.0952243,-31.32339633],[-60.09558105,-31.32269287],[-60.1013455,-31.31592138],[-60.10375102,-31.31309562],[-60.10571289,-31.31079102],[-60.10696257,-31.30849994],[-60.10775561,-31.30704603],[-60.10927039,-31.30426893],[-60.109375,-31.30407715],[-60.10962344,-31.30163418],[-60.10971161,-31.30076718],[-60.1100085,-31.29784777],[-60.11010742,-31.296875],[-60.10997585,-31.29667231],[-60.10984209,-31.29646624],[-60.10573416,-31.29013781],[-60.10559082,-31.28991699],[-60.10515331,-31.28971179],[-60.0988884,-31.28677338],[-60.09869385,-31.28668213],[-60.09652549,-31.28591486],[-60.09597652,-31.28572061],[-60.09289832,-31.2846314],[-60.09287683,-31.2846238],[-60.08679199,-31.2824707],[-60.08662263,-31.28239749],[-60.08433343,-31.28140789],[-60.07691803,-31.27820227],[-60.07507324,-31.27740478],[-60.06060791,-31.27209473],[-60.05266167,-31.26928501],[-60.04573877,-31.26683713],[-60.04230272,-31.26562217],[-60.03851318,-31.26428223],[-60.03402435,-31.26249091],[-60.02551269,-31.25909424],[-60.02386031,-31.25794257],[-60.01385828,-31.25097146],[-60.01342773,-31.25067139],[-60.01332023,-31.25055044],[-60.00795149,-31.24451062],[-60.00380983,-31.23985124],[-60.00268555,-31.23858643],[-60.00190632,-31.23754745],[-60.00140381,-31.23687744],[-60,-31.23327637],[-60,-31.23168945],[-59.99986186,-31.23136442],[-59.99884428,-31.2289701],[-59.99842271,-31.22797817],[-59.99813398,-31.22729882],[-59.9979248,-31.22680664],[-59.99789706,-31.22674584],[-59.99090576,-31.21142578],[-59.9887085,-31.206604],[-59.98480225,-31.19342041],[-59.9845407,-31.19155033],[-59.98425752,-31.18952562],[-59.98395883,-31.18738996],[-59.9838881,-31.18688429],[-59.98381574,-31.18636691],[-59.98375452,-31.18592917],[-59.98358154,-31.18469238],[-59.98340172,-31.18109591],[-59.98327637,-31.17858887],[-59.98377754,-31.1745795],[-59.98436761,-31.16985889],[-59.9845544,-31.16836463],[-59.98480225,-31.16638184],[-59.98462107,-31.16469687],[-59.98419189,-31.16070556],[-59.98339434,-31.15634562],[-59.98339341,-31.1563405],[-59.98327637,-31.15570068],[-59.98291669,-31.1549569],[-59.98275007,-31.15461231],[-59.98214269,-31.15335628],[-59.98187371,-31.15280005],[-59.97809312,-31.14498192],[-59.97698975,-31.14270019],[-59.96728516,-31.12561035],[-59.96608056,-31.1238411],[-59.96544119,-31.12290202],[-59.96543948,-31.12289951],[-59.96337891,-31.11987305],[-59.9590879,-31.11603772],[-59.95701886,-31.11418841],[-59.95648193,-31.11370849],[-59.95519783,-31.11306189],[-59.95393487,-31.11242593],[-59.95200267,-31.11145298],[-59.95108607,-31.11099143],[-59.94787598,-31.109375],[-59.94275364,-31.10801803],[-59.94233716,-31.1079077],[-59.94220523,-31.10790393],[-59.94194095,-31.10789638],[-59.94156755,-31.10788571],[-59.93705582,-31.1077568],[-59.93400905,-31.10766975],[-59.9339433,-31.10764966],[-59.93257017,-31.1072301],[-59.92544299,-31.10505235],[-59.92507838,-31.10472419],[-59.91643381,-31.09694408],[-59.91354569,-31.09434477],[-59.91123422,-31.09229014],[-59.90283811,-31.08482693],[-59.90269191,-31.08465895],[-59.9023341,-31.08424785],[-59.89165465,-31.07197784],[-59.88720703,-31.06652832],[-59.88485444,-31.06434787],[-59.8848163,-31.06431252],[-59.88470459,-31.06420898],[-59.88459778,-31.06408293],[-59.88425518,-31.0636786],[-59.87982481,-31.05844997],[-59.87792969,-31.05621338],[-59.87453113,-31.05006083],[-59.87438965,-31.04980469],[-59.87419668,-31.04947183],[-59.87105877,-31.04405892],[-59.86950684,-31.04138183],[-59.86630376,-31.03569637],[-59.86494816,-31.03329019],[-59.86218262,-31.02838135],[-59.86042049,-31.02539432],[-59.85717773,-31.01989746],[-59.85357666,-31.01318359],[-59.85280533,-31.01187233],[-59.85229423,-31.01100347],[-59.84869385,-31.00488281],[-59.84826206,-31.00407812],[-59.84631023,-31.00044062],[-59.8460083,-30.99987793],[-59.84080055,-30.98901604],[-59.84080036,-30.98901566],[-59.83959961,-30.98651123],[-59.83640141,-30.98294542],[-59.83466528,-30.98100974],[-59.83428955,-30.98059082],[-59.83196263,-30.97815482],[-59.8303833,-30.97650146],[-59.82611084,-30.97167969],[-59.82509157,-30.9695082],[-59.8247801,-30.96884463],[-59.82470703,-30.96868896],[-59.82468009,-30.96861084],[-59.82372047,-30.96582793],[-59.82287598,-30.96337891],[-59.8192749,-30.95489502],[-59.81848217,-30.94595478],[-59.81817627,-30.94250488],[-59.81521768,-30.93974033],[-59.81337038,-30.93801419],[-59.81146681,-30.93587267],[-59.8104371,-30.93526247],[-59.80504227,-30.93206554],[-59.80434294,-30.93159932],[-59.80046512,-30.92901411],[-59.79861772,-30.92778251],[-59.7876722,-30.9189785],[-59.78456505,-30.9170839],[-59.77791641,-30.91302985],[-59.77006419,-30.90565352],[-59.76877628,-30.90481637],[-59.76868919,-30.90475977],[-59.76826845,-30.90448629],[-59.76530527,-30.90256022],[-59.75512489,-30.89671192],[-59.7541218,-30.89613567],[-59.74989707,-30.89239841],[-59.7479352,-30.89066292],[-59.74008298,-30.88257275],[-59.73813164,-30.88035531],[-59.73798914,-30.88019339],[-59.73484817,-30.8766241],[-59.73399044,-30.87485818],[-59.73278454,-30.87237546],[-59.73080308,-30.86829598],[-59.72461649,-30.85949198],[-59.72351994,-30.85693336],[-59.72288947,-30.85546227],[-59.72176113,-30.85282949],[-59.71649635,-30.84668724],[-59.71605043,-30.84616699],[-59.71586774,-30.84578133],[-59.71574191,-30.84551568],[-59.71390891,-30.84164602],[-59.71222378,-30.83791465],[-59.71057767,-30.83426969],[-59.70845449,-30.82751414],[-59.70807303,-30.8263004],[-59.70796026,-30.82594158],[-59.70789051,-30.82574841],[-59.70486696,-30.81737552],[-59.70153572,-30.80119518],[-59.70178165,-30.79885877],[-59.7024875,-30.79215323],[-59.70233469,-30.79100718],[-59.70153572,-30.78501485],[-59.70105982,-30.77644879],[-59.6993942,-30.76907246],[-59.69906073,-30.76879962],[-59.69415939,-30.76478943],[-59.68630716,-30.76026845],[-59.68394564,-30.75911393],[-59.6804903,-30.75742465],[-59.67559959,-30.75503364],[-59.66522217,-30.74890137],[-59.66078275,-30.74568831],[-59.65920989,-30.74454994],[-59.65461904,-30.74122728],[-59.6541748,-30.74090576],[-59.65270963,-30.73961795],[-59.64361391,-30.73162329],[-59.64257812,-30.73071289],[-59.63989258,-30.7277832],[-59.63886312,-30.72515238],[-59.63879394,-30.72497559],[-59.63810625,-30.72359255],[-59.6344656,-30.71627081],[-59.63330078,-30.71392822],[-59.63269043,-30.71130371],[-59.63317871,-30.70819092],[-59.63322687,-30.70809373],[-59.6338045,-30.70692817],[-59.63495562,-30.70460537],[-59.63618525,-30.70212416],[-59.63620018,-30.70209402],[-59.63659668,-30.70129394],[-59.64474901,-30.69601891],[-59.64500474,-30.69585343],[-59.64697266,-30.69458008],[-59.65324249,-30.68968771],[-59.65997543,-30.68443397],[-59.66308594,-30.68200683],[-59.66403138,-30.68087692],[-59.66424078,-30.68062666],[-59.66809082,-30.67602539],[-59.6763916,-30.65942383],[-59.67806582,-30.64902341],[-59.67840576,-30.64691162],[-59.67678932,-30.64153335],[-59.67583143,-30.64002809],[-59.67345808,-30.63629854],[-59.66608175,-30.62725659],[-59.66290257,-30.62385033],[-59.65941926,-30.6201182],[-59.65857756,-30.61901932],[-59.65800472,-30.61827144],[-59.65664658,-30.61649831],[-59.65087963,-30.60896924],[-59.6508532,-30.60893474],[-59.647284,-30.60155841],[-59.6464897,-30.59904311],[-59.64593695,-30.59729275],[-59.64585633,-30.59703743],[-59.64582222,-30.59661675],[-59.64514249,-30.58823343],[-59.64561838,-30.58061915],[-59.64561838,-30.57348077],[-59.64563884,-30.57286708],[-59.64585633,-30.56634239],[-59.64625518,-30.56345071],[-59.64680811,-30.55944195],[-59.64752195,-30.54944821],[-59.64918757,-30.54254778],[-59.6496601,-30.53416091],[-59.65054209,-30.52895967],[-59.65032732,-30.52352746],[-59.65081787,-30.51727295],[-59.65071427,-30.51381534],[-59.65108108,-30.51300646],[-59.65140272,-30.51097982],[-59.65318732,-30.50645884],[-59.65598318,-30.50146197],[-59.65937392,-30.49711946],[-59.66353797,-30.49188464],[-59.66722614,-30.48742315],[-59.66948663,-30.48415139],[-59.67097379,-30.48195039],[-59.6726989,-30.47897607],[-59.67376966,-30.47665609],[-59.67430503,-30.47427663],[-59.67448349,-30.47272998],[-59.67430503,-30.4708859],[-59.67365068,-30.46969617],[-59.67305582,-30.46803055],[-59.67305582,-30.46759726],[-59.67305582,-30.46759694],[-59.67305582,-30.46666236],[-59.67317479,-30.46541314],[-59.67430503,-30.46243881],[-59.6757922,-30.45928603],[-59.67781474,-30.45559786],[-59.68049163,-30.4510174],[-59.68275212,-30.44780513],[-59.68388237,-30.4461395],[-59.68536953,-30.4448308],[-59.68709464,-30.44358158],[-59.68911718,-30.44215391],[-59.6934597,-30.44066674],[-59.69702889,-30.43906061],[-59.70077654,-30.4373355],[-59.70327497,-30.43620525],[-59.70389224,-30.43581612],[-59.70601135,-30.43448015],[-59.70827184,-30.43287401],[-59.71166257,-30.43031609],[-59.71487484,-30.42746074],[-59.71707585,-30.42537871],[-59.71880096,-30.42299925],[-59.72005017,-30.42139311],[-59.72118042,-30.41907314],[-59.7217158,-30.41841878],[-59.72219169,-30.41693162],[-59.72314347,-30.41407627],[-59.7234409,-30.41169681],[-59.72355988,-30.40890094],[-59.72338142,-30.40646199],[-59.72254861,-30.40384458],[-59.72159682,-30.40205999],[-59.72070452,-30.40057283],[-59.71921736,-30.39920464],[-59.71713533,-30.39795542],[-59.7146369,-30.39682518],[-59.71225744,-30.39605185],[-59.70898568,-30.39521904],[-59.70553546,-30.39462417],[-59.70309651,-30.3945052],[-59.69804016,-30.39379136],[-59.6938761,-30.39278009],[-59.69048537,-30.39170933],[-59.68881975,-30.39111447],[-59.68715412,-30.39022217],[-59.68572645,-30.38956782],[-59.68568949,-30.38953664],[-59.6856893,-30.38953648],[-59.68382288,-30.38796168],[-59.68084855,-30.38552274],[-59.67836141,-30.3832299],[-59.67704141,-30.38201303],[-59.67466195,-30.379931],[-59.67139019,-30.37630232],[-59.670022,-30.37427978],[-59.66841587,-30.37172186],[-59.66764254,-30.37017521],[-59.66675025,-30.36791472],[-59.6665123,-30.3662491],[-59.6665123,-30.36488091],[-59.66680973,-30.36262042],[-59.66746408,-30.36041942],[-59.67210403,-30.3516749],[-59.67261292,-30.34614972],[-59.67167211,-30.33866207],[-59.67163553,-30.33869861],[-59.67163231,-30.33870183],[-59.66968119,-30.34065114],[-59.66910654,-30.34122525],[-59.66815676,-30.34217415],[-59.6670256,-30.34330425],[-59.66664128,-30.34368821],[-59.66542342,-30.34490494],[-59.66539556,-30.34493277],[-59.6645607,-30.34576685],[-59.66311058,-30.34721562],[-59.6607316,-30.34959238],[-59.66046583,-30.3498579],[-59.65940951,-30.35091323],[-59.6593489,-30.3509738],[-59.65751949,-30.3528015],[-59.65524249,-30.35374814],[-59.65399215,-30.35399551],[-59.65197707,-30.35503147],[-59.65117841,-30.35544206],[-59.64987254,-30.35553539],[-59.64809292,-30.35566257],[-59.64531491,-30.35586111],[-59.644266,-30.35593607],[-59.64314988,-30.35620861],[-59.64240288,-30.35639102],[-59.64175004,-30.35655044],[-59.63964908,-30.35706347],[-59.63901035,-30.35721944],[-59.63697637,-30.35771611],[-59.63681972,-30.35775436],[-59.63680493,-30.35777622],[-59.63605364,-30.35888666],[-59.63378015,-30.36224701],[-59.63340954,-30.36279479],[-59.63262267,-30.36578562],[-59.63204703,-30.36797357],[-59.63252118,-30.37018407],[-59.63252531,-30.37020332],[-59.63296667,-30.37226091],[-59.63325267,-30.37359423],[-59.63327468,-30.37369684],[-59.63327566,-30.37371394],[-59.63329154,-30.37399016],[-59.63335581,-30.37510828],[-59.63345552,-30.37684303],[-59.63355749,-30.37861704],[-59.63383331,-30.383009],[-59.63379607,-30.38491294],[-59.63379029,-30.38520841],[-59.63355298,-30.38618724],[-59.63344384,-30.38663741],[-59.63335274,-30.38701316],[-59.63334988,-30.38702495],[-59.63319786,-30.38765197],[-59.63285928,-30.38863792],[-59.63280531,-30.38879507],[-59.63217089,-30.39064251],[-59.63020558,-30.39366241],[-59.62926925,-30.39466766],[-59.62643537,-30.39771013],[-59.62634118,-30.39780013],[-59.62632237,-30.3978181],[-59.62448696,-30.39957179],[-59.62256339,-30.40187148],[-59.62081787,-30.40624636],[-59.61792082,-30.41406765],[-59.61601359,-30.41753881],[-59.61509706,-30.41920692],[-59.61372864,-30.4206869],[-59.60961354,-30.4251375],[-59.60870136,-30.42581402],[-59.60597976,-30.42783251],[-59.60592155,-30.42787568],[-59.60522822,-30.42838989],[-59.6029157,-30.43010499],[-59.60125152,-30.43105909],[-59.59744659,-30.43219841],[-59.59548914,-30.43267194],[-59.59060914,-30.43499071],[-59.58776877,-30.43482191],[-59.58703326,-30.43424408],[-59.58658951,-30.43198414],[-59.58631085,-30.43056498],[-59.58576283,-30.42928435],[-59.58230146,-30.42258122],[-59.58214518,-30.42149402],[-59.58146723,-30.41677791],[-59.5812726,-30.41542399],[-59.58103892,-30.41379846],[-59.58096607,-30.41329167],[-59.58096263,-30.41326771],[-59.5799175,-30.41268076],[-59.57947634,-30.41257661],[-59.57739544,-30.41208532],[-59.57607012,-30.41177242],[-59.57414532,-30.41043881],[-59.57244049,-30.40841777],[-59.57245424,-30.40590177],[-59.57274296,-30.40425194],[-59.57394651,-30.402441],[-59.57412032,-30.40217946],[-59.57431728,-30.40198539],[-59.57436039,-30.40193895],[-59.57452326,-30.4017635],[-59.57500333,-30.40124636],[-59.57568764,-30.40055683],[-59.57630344,-30.39978533],[-59.57631826,-30.39976676],[-59.5767235,-30.39888065],[-59.57681438,-30.39836763],[-59.57682618,-30.39830104],[-59.57688343,-30.39797787],[-59.57689831,-30.39789386],[-59.57689985,-30.39695659],[-59.57679232,-30.39601646],[-59.57658506,-30.39557811],[-59.57639537,-30.39517689],[-59.57578109,-30.39416038],[-59.57533271,-30.39394367],[-59.575229,-30.39389354],[-59.57494082,-30.39376058],[-59.5748044,-30.39369764],[-59.5746532,-30.39356682],[-59.57384987,-30.39287175],[-59.5737309,-30.3922174],[-59.57331449,-30.39138459],[-59.57314643,-30.39068433],[-59.57327593,-30.38767705],[-59.57349295,-30.38698258],[-59.57396885,-30.38579285],[-59.57409652,-30.38459332],[-59.5737309,-30.38353237],[-59.57325501,-30.38252109],[-59.57301706,-30.38156931],[-59.57230322,-30.38032009],[-59.57218855,-30.37944093],[-59.57212476,-30.3789519],[-59.57176784,-30.37782166],[-59.57158938,-30.37698885],[-59.57135144,-30.37621552],[-59.57117298,-30.37579912],[-59.57170836,-30.37520425],[-59.57206528,-30.37508528],[-59.57230322,-30.37490682],[-59.57295757,-30.37419298],[-59.57332152,-30.37370772],[-59.57430216,-30.37244821],[-59.57470694,-30.37160974],[-59.57466357,-30.37130615],[-59.57466357,-30.37097365],[-59.57456238,-30.37061224],[-59.57446118,-30.37035202],[-59.57441781,-30.37025083],[-59.57418651,-30.3700629],[-59.57383956,-30.36984605],[-59.57327285,-30.36952541],[-59.57276137,-30.36923602],[-59.57274087,-30.36922442],[-59.57235054,-30.3690654],[-59.57223489,-30.36900757],[-59.57209032,-30.36899312],[-59.57155544,-30.36900757],[-59.57081816,-30.36910877],[-59.57050012,-30.36913768],[-59.5699074,-30.36913768],[-59.56956045,-30.36900757],[-59.56936111,-30.36872464],[-59.56923972,-30.36856706],[-59.5690111,-30.3682703],[-59.56856295,-30.36761976],[-59.5684473,-30.36708487],[-59.5681633,-30.36654035],[-59.56787984,-30.36599686],[-59.56778225,-30.36556744],[-59.56775982,-30.36537435],[-59.56769648,-30.36482913],[-59.56764337,-30.36437197],[-59.5674713,-30.36378107],[-59.56736964,-30.36343198],[-59.56714138,-30.36252923],[-59.56708759,-30.36183835],[-59.56707616,-30.36159131],[-59.56743535,-30.36096979],[-59.56716068,-30.36005903],[-59.56677035,-30.35891697],[-59.56648122,-30.35773154],[-59.5664234,-30.35606905],[-59.56619209,-30.35481134],[-59.56586072,-30.3544037],[-59.5658021,-30.35428815],[-59.56518014,-30.35306211],[-59.56500666,-30.35242603],[-59.56500666,-30.35193451],[-59.56508652,-30.351598],[-59.56511222,-30.35148972],[-59.56564275,-30.35050332],[-59.56613427,-30.34962147],[-59.56620655,-30.34905767],[-59.56622101,-30.3485517],[-59.56619209,-30.34819029],[-59.56584514,-30.34761203],[-59.5654259,-30.34735181],[-59.56491993,-30.34710605],[-59.56447178,-30.34696149],[-59.56408145,-30.34684584],[-59.56372004,-30.34678801],[-59.56343091,-30.34674464],[-59.5630695,-30.34680247],[-59.56265026,-30.34691812],[-59.56234668,-30.34710605],[-59.56206862,-30.3472924],[-59.56184208,-30.34744423],[-59.56116125,-30.34810355],[-59.56056853,-30.34884083],[-59.56007701,-30.34940463],[-59.55996449,-30.34958876],[-59.55994691,-30.35005517],[-59.55991799,-30.35022865],[-59.55983253,-30.35039923],[-59.5596912,-30.35039664],[-59.55952767,-30.35051777],[-59.55939114,-30.35055747],[-59.55916629,-30.35089892],[-59.55894946,-30.35145171],[-59.55877486,-30.35206486],[-59.55862132,-30.35218297],[-59.55816691,-30.35201489],[-59.55782546,-30.35191495],[-59.55764224,-30.35195659],[-59.55747568,-30.35213981],[-59.55737574,-30.35228971],[-59.55716754,-30.352373],[-59.55683673,-30.35230194],[-59.55669284,-30.3517234],[-59.5566942,-30.35171925],[-59.55690104,-30.35109047],[-59.55719252,-30.35055747],[-59.55776782,-30.34963906],[-59.557848,-30.34956556],[-59.55850235,-30.34837583],[-59.55879978,-30.34682918],[-59.55900724,-30.34596399],[-59.55899278,-30.34524117],[-59.55841452,-30.34433041],[-59.55835564,-30.34428931],[-59.55764833,-30.34379552],[-59.55676649,-30.34320281],[-59.55580389,-30.34222898],[-59.55569709,-30.34163508],[-59.55578116,-30.34140386],[-59.55588494,-30.34111847],[-59.55596717,-30.34093757],[-59.55618238,-30.34046412],[-59.55626199,-30.34022527],[-59.55702685,-30.33950059],[-59.55719365,-30.33939336],[-59.55743159,-30.33891747],[-59.55743583,-30.33891202],[-59.557848,-30.33838209],[-59.55832389,-30.33725185],[-59.55843705,-30.33698026],[-59.559253,-30.33559872],[-59.55935419,-30.33463013],[-59.55893495,-30.33360373],[-59.55834224,-30.33293873],[-59.55813191,-30.33283857],[-59.55787767,-30.3327175],[-59.55773507,-30.3326496],[-59.55636171,-30.33254841],[-59.55628909,-30.33254744],[-59.55527747,-30.33253395],[-59.55501205,-30.33254843],[-59.55448237,-30.33257732],[-59.55405364,-30.33281259],[-59.55391979,-30.33288605],[-59.55329694,-30.33322786],[-59.55327253,-30.33326139],[-59.55292575,-30.3337377],[-59.55276071,-30.33396439],[-59.55188021,-30.33620589],[-59.55146097,-30.33684197],[-59.5508538,-30.33720338],[-59.54958087,-30.33793482],[-59.5476011,-30.33882251],[-59.54657469,-30.33924174],[-59.54566393,-30.33992874],[-59.54415911,-30.33987929],[-59.5431196,-30.33928511],[-59.54309707,-30.33927562],[-59.54229558,-30.33893816],[-59.54154384,-30.33885142],[-59.5410585,-30.33892725],[-59.54061863,-30.33899598],[-59.53982353,-30.33941522],[-59.53845539,-30.34004772],[-59.53683104,-30.34034043],[-59.53545768,-30.34032598],[-59.53347714,-30.33995011],[-59.53311257,-30.33980799],[-59.53177128,-30.33928511],[-59.53058585,-30.33834544],[-59.52973292,-30.33757925],[-59.52914021,-30.33639382],[-59.52840293,-30.33536741],[-59.52734948,-30.33461099],[-59.52712968,-30.33454187],[-59.52681272,-30.3344422],[-59.5260899,-30.33455785],[-59.52577186,-30.33476024],[-59.52523697,-30.33635045],[-59.52489001,-30.33691425],[-59.52428284,-30.33781055],[-59.52380578,-30.33837436],[-59.52310787,-30.33897696],[-59.52233454,-30.33939336],[-59.5212759,-30.33967544],[-59.51997482,-30.33979109],[-59.51936765,-30.33968989],[-59.51855809,-30.3395887],[-59.51851518,-30.33958491],[-59.51806657,-30.33954533],[-59.51794992,-30.33957784],[-59.51718472,-30.33979109],[-59.51693338,-30.33998475],[-59.51681401,-30.34007672],[-59.51630288,-30.34047054],[-59.5159993,-30.34101989],[-59.51539212,-30.34185836],[-59.51487169,-30.34246553],[-59.51451634,-30.34239497],[-59.51438185,-30.34236826],[-59.51385619,-30.34241803],[-59.51340206,-30.34246103],[-59.5119804,-30.34259564],[-59.50988422,-30.3421764],[-59.50787477,-30.34178608],[-59.50593761,-30.3412801],[-59.50507022,-30.34129456],[-59.50389925,-30.34149695],[-59.50295958,-30.34168488],[-59.50188954,-30.3428384],[-59.50102241,-30.34404128],[-59.50047307,-30.34456172],[-59.50006829,-30.34480748],[-59.49908404,-30.34504131],[-59.49889914,-30.34508524],[-59.49765406,-30.34474965],[-59.49737205,-30.34427336],[-59.49700352,-30.34365096],[-59.49648309,-30.34247999],[-59.49602048,-30.34187282],[-59.49553512,-30.34168676],[-59.49532491,-30.34160618],[-59.49515309,-30.34154032],[-59.4941556,-30.34145358],[-59.4939243,-30.34142467],[-59.49385165,-30.34146903],[-59.49276974,-30.34212974],[-59.49184257,-30.34339074],[-59.49104746,-30.34402683],[-59.49021182,-30.34433075],[-59.48861878,-30.34394009],[-59.48830875,-30.34373821],[-59.48737552,-30.34313053],[-59.48643585,-30.34281249],[-59.4848074,-30.34280814],[-59.48332522,-30.34284161],[-59.48211155,-30.34286901],[-59.48105805,-30.34232097],[-59.48066773,-30.34187282],[-59.47977143,-30.34073076],[-59.47860634,-30.34016108],[-59.47758851,-30.33935739],[-59.47716927,-30.33895261],[-59.47694624,-30.33807602],[-59.4770247,-30.33762262],[-59.47761742,-30.33681306],[-59.47793546,-30.33603241],[-59.47793546,-30.33554089],[-59.47770416,-30.33494818],[-59.47709699,-30.33473133],[-59.47611986,-30.334525],[-59.47514537,-30.33451448],[-59.47418921,-30.33449609],[-59.47289016,-30.33447111],[-59.47099767,-30.33493188],[-59.4683942,-30.33565654],[-59.46645704,-30.3365673],[-59.46590769,-30.33700099],[-59.46563302,-30.33711664],[-59.46532944,-30.33711664],[-59.46482346,-30.33702991],[-59.4646789,-30.3368998],[-59.46461785,-30.33673384],[-59.46421629,-30.33564209],[-59.46407172,-30.33347362],[-59.46350237,-30.33213601],[-59.46332391,-30.33112474],[-59.46284802,-30.32999449],[-59.46284802,-30.32939963],[-59.46292278,-30.32915043],[-59.46320494,-30.3282099],[-59.46356186,-30.32767452],[-59.46404281,-30.32646224],[-59.46438977,-30.32536355],[-59.46431748,-30.32452508],[-59.46402836,-30.32432269],[-59.46352238,-30.32429377],[-59.46308598,-30.32452174],[-59.4625538,-30.32479975],[-59.46184543,-30.32521899],[-59.46083348,-30.32566714],[-59.45949774,-30.32567166],[-59.45805784,-30.32545029],[-59.45716154,-30.3252479],[-59.45554242,-30.32537801],[-59.45363417,-30.32521899],[-59.45265113,-30.32526235],[-59.45071396,-30.32505996],[-59.44948517,-30.32504551],[-59.44889245,-30.32533464],[-59.44817129,-30.32583044],[-59.44750463,-30.32628876],[-59.44613231,-30.32690119],[-59.44539799,-30.32710013],[-59.44380378,-30.32753202],[-59.44272505,-30.32825617],[-59.44198227,-30.32900658],[-59.44097032,-30.32945473],[-59.4404729,-30.329255],[-59.43956804,-30.32896321],[-59.43923554,-30.32834158],[-59.43826696,-30.32682365],[-59.43713936,-30.32610083],[-59.43687914,-30.32530572],[-59.43595393,-30.32448171],[-59.43460948,-30.32329628],[-59.43411796,-30.32306497],[-59.43352116,-30.32285611],[-59.43157362,-30.32164824],[-59.43096645,-30.32080977],[-59.43074961,-30.31982673],[-59.430287,-30.31845337],[-59.42937624,-30.31747033],[-59.42807516,-30.31658848],[-59.42746702,-30.31635806],[-59.42633884,-30.3159306],[-59.42366595,-30.31548979],[-59.42261062,-30.31580784],[-59.42171432,-30.31586566],[-59.42148335,-30.31583926],[-59.42070237,-30.31575001],[-59.41964705,-30.31573555],[-59.41866401,-30.31637164],[-59.41817249,-30.31666077],[-59.41787296,-30.31715576],[-59.41769543,-30.31765826],[-59.41670196,-30.31836676],[-59.41666911,-30.31839018],[-59.41666179,-30.31841437],[-59.41651,-30.31891597],[-59.41633652,-30.31936412],[-59.41593174,-30.31988456],[-59.41548359,-30.32021705],[-59.41489088,-30.32018814],[-59.4144598,-30.32001659],[-59.41398012,-30.31995684],[-59.41345969,-30.32001466],[-59.41296817,-30.3202026],[-59.41266459,-30.32041944],[-59.41249296,-30.32069977],[-59.41223089,-30.32112781],[-59.41186948,-30.32150368],[-59.41152253,-30.32173498],[-59.41107438,-30.32173498],[-59.41028602,-30.32160305],[-59.40970101,-30.32118564],[-59.40922395,-30.3207664],[-59.40876134,-30.32062183],[-59.40816863,-30.32031825],[-59.40761928,-30.32004358],[-59.4073157,-30.31966771],[-59.40696874,-30.31933521],[-59.40663625,-30.31921956],[-59.40626038,-30.31919065],[-59.40589897,-30.31923401],[-59.4052918,-30.31952487],[-59.4045256,-30.31972553],[-59.40369816,-30.3197161],[-59.40287757,-30.31919065],[-59.40234268,-30.31893043],[-59.4019379,-30.31893043],[-59.40156203,-30.31900271],[-59.40125845,-30.3192051],[-59.40086306,-30.31964384],[-59.40073801,-30.31998575],[-59.4004778,-30.32047727],[-59.40002965,-30.32067966],[-59.39943538,-30.32077408],[-59.39881531,-30.32056401],[-59.39816477,-30.32031825],[-59.39749977,-30.3201014],[-59.39695042,-30.3202026],[-59.39661793,-30.32033271],[-59.39634325,-30.3204339],[-59.39568773,-30.32077408],[-59.39554815,-30.3210989],[-59.39530239,-30.32157596],[-59.39498435,-30.32198074],[-59.39456511,-30.32238552],[-59.39416033,-30.32260237],[-59.39348673,-30.32267765],[-59.39271468,-30.3223277],[-59.39157262,-30.32177835],[-59.3900547,-30.32161933],[-59.38869579,-30.32182172],[-59.38813294,-30.3220233],[-59.38717786,-30.3222265],[-59.38620928,-30.32221204],[-59.38532744,-30.32190846],[-59.38386734,-30.32157596],[-59.38275419,-30.32160487],[-59.38191572,-30.32160487],[-59.38133746,-30.32193737],[-59.38083148,-30.32244335],[-59.38046982,-30.32333943],[-59.38026768,-30.32397573],[-59.37970388,-30.32472747],[-59.37909099,-30.32541403],[-59.37845174,-30.32584636],[-59.37737272,-30.32582292],[-59.37687041,-30.32519007],[-59.3761765,-30.32469855],[-59.37585846,-30.32449616],[-59.37554042,-30.32439497],[-59.37525129,-30.32436605],[-59.37503444,-30.32438051],[-59.37478869,-30.32452508],[-59.37408745,-30.32493301],[-59.37364663,-30.32539246],[-59.37290935,-30.32573942],[-59.37218652,-30.3259129],[-59.37152153,-30.32585507],[-59.37131914,-30.32579724],[-59.37110947,-30.32560068],[-59.37039392,-30.32492986],[-59.36983012,-30.32440942],[-59.36948317,-30.32410584],[-59.36916513,-30.32387454],[-59.36881817,-30.32370106],[-59.36826883,-30.3234553],[-59.36786405,-30.32331073],[-59.36745926,-30.3233541],[-59.36709785,-30.32341193],[-59.36679427,-30.32361432],[-59.3665196,-30.32403356],[-59.36629833,-30.32437884],[-59.36592688,-30.32497323],[-59.36550764,-30.32556594],[-59.36466917,-30.3257105],[-59.36360169,-30.32522704],[-59.36282768,-30.32469047],[-59.36244078,-30.32426755],[-59.36209933,-30.32398439],[-59.36189945,-30.32395941],[-59.36170791,-30.32399272],[-59.36139144,-30.32416761],[-59.36115825,-30.32440912],[-59.36107497,-30.32472559],[-59.36112003,-30.3250349],[-59.36115475,-30.32510385],[-59.36130816,-30.3254085],[-59.36129983,-30.32579992],[-59.36119989,-30.32623298],[-59.36088342,-30.32649948],[-59.36025882,-30.32664939],[-59.35957341,-30.32633457],[-59.35898461,-30.32540017],[-59.35854322,-30.32495878],[-59.35771874,-30.32445077],[-59.35716909,-30.32435083],[-59.35683596,-30.32438414],[-59.3565528,-30.32452572],[-59.35602813,-30.32450906],[-59.35529526,-30.32465897],[-59.35493946,-30.32487865],[-59.35427307,-30.32491441],[-59.35321463,-30.32497122],[-59.3524637,-30.32475058],[-59.35199733,-30.32448408],[-59.35156426,-30.324076],[-59.35083139,-30.32387613],[-59.35022344,-30.3238678],[-59.34989864,-30.32390944],[-59.34925143,-30.3239606],[-59.34858637,-30.32413073],[-59.34792131,-30.32434726],[-59.34714799,-30.32465659],[-59.34668399,-30.32502778],[-59.34635919,-30.32525978],[-59.34611173,-30.32539898],[-59.34601893,-30.32549178],[-59.34560134,-30.32563098],[-59.34526107,-30.32564644],[-59.34504454,-30.32575471],[-59.34467335,-30.32584751],[-59.34447228,-30.32600217],[-59.34420935,-30.32617231],[-59.34400829,-30.32646617],[-59.34385362,-30.32680643],[-59.34366048,-30.32720804],[-59.34320403,-30.32787362],[-59.34301843,-30.32809015],[-59.34104181,-30.33029089],[-59.34078167,-30.33076782],[-59.34024629,-30.3313032],[-59.34011298,-30.33148094],[-59.34007979,-30.33152519],[-59.33994291,-30.33170771],[-59.3398448,-30.33183852],[-59.3393374,-30.33200317],[-59.33887341,-30.3322661],[-59.33850221,-30.33257543],[-59.33813102,-30.33307036],[-59.33816426,-30.33409906],[-59.33840941,-30.33449328],[-59.33849248,-30.33544595],[-59.33863054,-30.3357773],[-59.33869556,-30.33593335],[-59.33869964,-30.33594315],[-59.33827022,-30.33668952],[-59.33763609,-30.33707619],[-59.33720303,-30.33741645],[-59.33687823,-30.33788044],[-59.33673903,-30.33876203],[-59.3366617,-30.33973642],[-59.3365689,-30.34083454],[-59.33616362,-30.34162703],[-59.3340324,-30.34324732],[-59.3332063,-30.34336437],[-59.33224201,-30.34333267],[-59.33129483,-30.34273692],[-59.3309391,-30.34245853],[-59.33062977,-30.34230386],[-59.33008844,-30.34213373],[-59.32951618,-30.34218013],[-59.32923778,-30.34236573],[-59.32903672,-30.34262866],[-59.32891299,-30.34275239],[-59.32872739,-30.34318545],[-59.3288163,-30.34378736],[-59.32903672,-30.34426811],[-59.32933058,-30.34462384],[-59.32982551,-30.34499503],[-59.3302895,-30.34531983],[-59.3305215,-30.34559822],[-59.33058337,-30.34587662],[-59.3306143,-30.34629422],[-59.33045964,-30.34660355],[-59.33012366,-30.34688671],[-59.32928418,-30.34709848],[-59.32878925,-30.34720674],[-59.32837166,-30.34733047],[-59.32778393,-30.34751607],[-59.32749007,-30.34770167],[-59.32714981,-30.34802646],[-59.32693327,-30.34833579],[-59.32692131,-30.34879224],[-59.32696421,-30.34946485],[-59.32701061,-30.34980511],[-59.32691781,-30.35033097],[-59.32668581,-30.35062484],[-59.32631461,-30.35094963],[-59.32596953,-30.35099324],[-59.32555676,-30.35125896],[-59.32527836,-30.35149096],[-59.32499996,-30.35164563],[-59.32453597,-30.35207869],[-59.32424442,-30.35295629],[-59.32404104,-30.3536872],[-59.32373171,-30.354244],[-59.32348595,-30.35426506],[-59.32319038,-30.3542904],[-59.32252522,-30.35400991],[-59.32241706,-30.35348614],[-59.32243252,-30.35300668],[-59.32250986,-30.35258908],[-59.32261812,-30.35212509],[-59.32258719,-30.35180029],[-59.32235519,-30.35167656],[-59.32203039,-30.35141363],[-59.32167467,-30.3513363],[-59.32096321,-30.35098057],[-59.32042188,-30.35070217],[-59.31983415,-30.35037737],[-59.31972589,-30.35014537],[-59.31947842,-30.34978965],[-59.31923096,-30.34960405],[-59.31890616,-30.34948032],[-59.31858137,-30.34946485],[-59.31720485,-30.34961951],[-59.31691426,-30.34964187],[-59.31690571,-30.34964252],[-59.31619953,-30.34969685],[-59.31544167,-30.34952672],[-59.31434355,-30.34909365],[-59.31380222,-30.34886166],[-59.31335369,-30.34852139],[-59.31227104,-30.34793367],[-59.31200811,-30.3475006],[-59.31152864,-30.34737687],[-59.31123478,-30.34736141],[-59.31075532,-30.347547],[-59.3103603,-30.34793105],[-59.31019853,-30.34808833],[-59.30996653,-30.34853686],[-59.31002714,-30.34891121],[-59.30995524,-30.34913633],[-59.30990466,-30.34929472],[-59.30973453,-30.34968138],[-59.30959533,-30.34999071],[-59.3092396,-30.35022271],[-59.30886236,-30.3503651],[-59.30794511,-30.35099324],[-59.30712069,-30.35136723],[-59.30645563,-30.35142909],[-59.30589884,-30.3511043],[-59.30571061,-30.3507153],[-59.30543484,-30.35014537],[-59.30520285,-30.34946485],[-59.30478525,-30.34855233],[-59.30452232,-30.34793367],[-59.30415112,-30.34748514],[-59.30343967,-30.34706754],[-59.30288287,-30.34680461],[-59.30226421,-30.34664995],[-59.30175382,-30.34669635],[-59.30132076,-30.34689741],[-59.30052771,-30.34703335],[-59.29974292,-30.34702034],[-59.29935651,-30.34683554],[-59.29889252,-30.34671181],[-59.29830479,-30.34678915],[-59.29799546,-30.34697474],[-59.29762426,-30.34733047],[-59.29714562,-30.34815214],[-59.29708451,-30.34866503],[-59.29651068,-30.34957311],[-59.29629414,-30.34995978],[-59.29634054,-30.35034644],[-59.29670085,-30.3506463],[-59.2975624,-30.35104243],[-59.29836666,-30.35122803],[-59.29896985,-30.35166109],[-59.29918638,-30.35195496],[-59.29966584,-30.35214055],[-59.30039277,-30.35229522],[-59.30099596,-30.35231068],[-59.30144449,-30.35221789],[-59.30173835,-30.35227975],[-59.30203221,-30.35258908],[-59.30203221,-30.35279015],[-59.30197035,-30.35306854],[-59.30171047,-30.35385088],[-59.30116365,-30.35480037],[-59.30083058,-30.35586388],[-59.3005629,-30.35671864],[-59.30026903,-30.3569661],[-59.29985494,-30.35712035],[-59.29913998,-30.35722903],[-59.29825839,-30.3570589],[-59.29776346,-30.35713623],[-59.29717574,-30.35735276],[-59.29637148,-30.35780129],[-59.29533397,-30.35825059],[-59.2945619,-30.35845088],[-59.29364937,-30.35823435],[-59.29320085,-30.35806422],[-59.29276778,-30.35814155],[-59.29242752,-30.35826529],[-59.29191713,-30.35834262],[-59.29162326,-30.35862102],[-59.29128888,-30.3590834],[-59.29094147,-30.35937737],[-59.29066434,-30.3599202],[-59.29052514,-30.36050793],[-59.29003967,-30.36074903],[-59.28942702,-30.36097192],[-59.28877743,-30.36128125],[-59.28849302,-30.36158184],[-59.28826703,-30.36188445],[-59.28755557,-30.36202364],[-59.2872438,-30.36187927],[-59.28670842,-30.36152235],[-59.2862064,-30.36014856],[-59.28624092,-30.35925514],[-59.28634919,-30.35880661],[-59.28656572,-30.35841995],[-59.28693691,-30.35806422],[-59.28730811,-30.35790956],[-59.28878612,-30.35753419],[-59.28925689,-30.35741463],[-59.28982915,-30.35690423],[-59.29015395,-30.35644024],[-59.29003021,-30.35622371],[-59.28984462,-30.35600718],[-59.28958169,-30.35583705],[-59.28919502,-30.35571331],[-59.28866916,-30.35554318],[-59.28761744,-30.35554318],[-59.28723078,-30.35565145],[-59.28655025,-30.35580611],[-59.28616359,-30.35579065],[-59.28602439,-30.35566691],[-59.28552946,-30.35554318],[-59.28506547,-30.35552772],[-59.2848644,-30.35565145],[-59.28467881,-30.35575971],[-59.28457054,-30.35592984],[-59.28468588,-30.35628754],[-59.2847716,-30.35667224],[-59.28492627,-30.3570125],[-59.2849572,-30.35727543],[-59.2849572,-30.35756929],[-59.28457054,-30.35826529],[-59.28427668,-30.35843542],[-59.2837341,-30.35860751],[-59.28257536,-30.35843542],[-59.28104418,-30.35806422],[-59.28051832,-30.35769303],[-59.28017806,-30.35749196],[-59.27969859,-30.35736823],[-59.27931193,-30.35735276],[-59.27901807,-30.35756929],[-59.27860047,-30.35778582],[-59.27832082,-30.35819111],[-59.27824474,-30.35869835],[-59.27781168,-30.35902314],[-59.27725006,-30.35926186],[-59.27626503,-30.35944074],[-59.27558451,-30.35945621],[-59.27436265,-30.35971914],[-59.27375874,-30.35973221],[-59.27342113,-30.35958873],[-59.27306347,-30.35939434],[-59.27297067,-30.35902314],[-59.27298613,-30.35876021],[-59.27320498,-30.35848854],[-59.27326218,-30.35845585],[-59.27362139,-30.35825059],[-59.27433522,-30.35807213],[-59.27458561,-30.35797824],[-59.27535251,-30.35773942],[-59.27566184,-30.35736823],[-59.27584744,-30.3567341],[-59.27580104,-30.35611544],[-59.27589384,-30.35495546],[-59.27597117,-30.35422853],[-59.27598663,-30.35379547],[-59.27583197,-30.35347067],[-59.27542984,-30.35300668],[-59.27484211,-30.35271281],[-59.27419252,-30.35252722],[-59.273512,-30.35243442],[-59.2727232,-30.35254268],[-59.27193441,-30.35280561],[-59.27148588,-30.35308401],[-59.27134764,-30.35320667],[-59.27088463,-30.35345043],[-59.27055768,-30.35383268],[-59.26949368,-30.35486226],[-59.2693828,-30.35497623],[-59.26913677,-30.35522913],[-59.26882833,-30.35541419],[-59.26861242,-30.35558898],[-59.26832453,-30.35584602],[-59.2680675,-30.35621615],[-59.26791068,-30.35664446],[-59.2675637,-30.35734712],[-59.26725526,-30.35792288],[-59.26689541,-30.35840611],[-59.26660752,-30.35878653],[-59.26588782,-30.35940342],[-59.26498305,-30.35982496],[-59.26418109,-30.36015397],[-59.26360532,-30.36044185],[-59.2631735,-30.36057551],[-59.26279309,-30.36055495],[-59.26230985,-30.36042129],[-59.26196028,-30.36028763],[-59.26165184,-30.36026706],[-59.26115833,-30.36038016],[-59.2604489,-30.36038016],[-59.25987314,-30.36034932],[-59.25904034,-30.36022594],[-59.25836176,-30.36022594],[-59.25780656,-30.36017453],[-59.2575598,-30.36016425],[-59.25725135,-30.36038016],[-59.25726199,-30.3606599],[-59.25729248,-30.36121296],[-59.25725135,-30.36155225],[-59.25715882,-30.36182985],[-59.25708685,-30.36221027],[-59.25699432,-30.36242618],[-59.25691206,-30.36267294],[-59.25679897,-30.36298138],[-59.25659334,-30.36325898],[-59.25646996,-30.36358799],[-59.25635686,-30.36377306],[-59.25623349,-30.36386559],[-59.25602519,-30.363802],[-59.25551378,-30.3636394],[-59.25513336,-30.36339264],[-59.25480436,-30.36330011],[-59.25454732,-30.36319729],[-59.25436225,-30.36321786],[-59.25404353,-30.36325898],[-59.25364255,-30.36340292],[-59.25343692,-30.36364968],[-59.25326213,-30.36381418],[-59.25309728,-30.36430682],[-59.25303594,-30.36462642],[-59.25295369,-30.36482177],[-59.25270693,-30.36506853],[-59.25239848,-30.36521247],[-59.25216201,-30.36526388],[-59.25192554,-30.36522275],[-59.25172209,-30.36515516],[-59.25140118,-30.36480121],[-59.2511133,-30.36450304],[-59.2508871,-30.36436938],[-59.25022909,-30.36427685],[-59.24973557,-30.36404038],[-59.24934488,-30.36375249],[-59.24908784,-30.36348518],[-59.24887193,-30.36288885],[-59.24858405,-30.36224111],[-59.2481111,-30.36197379],[-59.24753533,-30.36179901],[-59.2468876,-30.36172704],[-59.24604452,-30.36153169],[-59.24570523,-30.36157282],[-59.24524256,-30.36181957],[-59.24501636,-30.36199436],[-59.24480045,-30.3623028],[-59.24423504,-30.36312849],[-59.24396735,-30.36333669],[-59.24369966,-30.36354489],[-59.24326443,-30.36402848],[-59.2432171,-30.36446192],[-59.24316569,-30.36476008],[-59.24304232,-30.36505825],[-59.24283669,-30.36540782],[-59.24253852,-30.36557232],[-59.24226092,-30.36562373],[-59.24169129,-30.36573881],[-59.24091404,-30.36539753],[-59.24034856,-30.3651919],[-59.23936154,-30.36513022],[-59.23903253,-30.36513022],[-59.2382269,-30.36527],[-59.23744918,-30.36494515],[-59.23690426,-30.3644722],[-59.23600977,-30.36378334],[-59.23547513,-30.36342349],[-59.23503302,-30.36331039],[-59.23470402,-30.36331039],[-59.23417966,-30.36340292],[-59.2336553,-30.36365996],[-59.23305898,-30.36385531],[-59.23272997,-30.36387587],[-59.23207195,-30.36379362],[-59.23164013,-30.36373193],[-59.23128028,-30.36370109],[-59.23077648,-30.36383475],[-59.23064282,-30.36388615],[-59.22970338,-30.36417453],[-59.22870906,-30.3639613],[-59.2281898,-30.36334931],[-59.22824723,-30.36273463],[-59.22849399,-30.36206633],[-59.22878187,-30.36156253],[-59.22941932,-30.36083255],[-59.2300667,-30.36062608],[-59.23061263,-30.36039211],[-59.23069329,-30.36032758],[-59.23114846,-30.35951181],[-59.2311973,-30.35888456],[-59.23140365,-30.3581902],[-59.23139337,-30.3577995],[-59.23125971,-30.35718261],[-59.23077648,-30.35650403],[-59.23041663,-30.35617503],[-59.23003621,-30.35600024],[-59.2291341,-30.35601281],[-59.22793879,-30.35535251],[-59.22701345,-30.35483843],[-59.22502912,-30.35452999],[-59.22442632,-30.35444358],[-59.22425189,-30.35441858],[-59.22354858,-30.35418041],[-59.22314761,-30.35395422],[-59.22296254,-30.35375887],[-59.22214002,-30.35237087],[-59.22204748,-30.35188764],[-59.22137919,-30.35139413],[-59.22054639,-30.35094174],[-59.22017625,-30.3507978],[-59.21989865,-30.35077724],[-59.2195388,-30.35077724],[-59.21894247,-30.35089033],[-59.21795545,-30.35104456],[-59.21741053,-30.3512399],[-59.21716377,-30.35137356],[-59.21649547,-30.35161004],[-59.21594027,-30.35147638],[-59.21544676,-30.35119878],[-59.21543574,-30.35118133],[-59.21532338,-30.35100343],[-59.21512803,-30.34999584],[-59.21512803,-30.34986797],[-59.21512803,-30.34954346],[-59.21510747,-30.34872094],[-59.21491212,-30.34833024],[-59.21453841,-30.34794304],[-59.21444036,-30.34781474],[-59.21418213,-30.34747687],[-59.2136475,-30.34717871],[-59.21308201,-30.34695252],[-59.21284486,-30.34688109],[-59.21222865,-30.34669548],[-59.21179683,-30.34675717],[-59.21132388,-30.34691139],[-59.2104467,-30.34706713],[-59.21000784,-30.34711702],[-59.20974052,-30.3468497],[-59.20965827,-30.34662351],[-59.20979235,-30.34608887],[-59.21006953,-30.34580099],[-59.21003869,-30.34559536],[-59.21024432,-30.34514297],[-59.21048079,-30.34465974],[-59.2106453,-30.34422792],[-59.21075412,-30.34375636],[-59.21072185,-30.34342093],[-59.21065558,-30.34330258],[-59.21042939,-30.3428502],[-59.21018263,-30.34276794],[-59.21003869,-30.34276794],[-59.20991531,-30.3429016],[-59.20976333,-30.34313134],[-59.20956574,-30.34342596],[-59.20945264,-30.34365215],[-59.20922645,-30.34375497],[-59.20874348,-30.34373694],[-59.2084759,-30.34341568],[-59.20827027,-30.34305583],[-59.20801323,-30.34233612],[-59.20755056,-30.34175008],[-59.20723184,-30.3413491],[-59.20650185,-30.3408453],[-59.20605975,-30.34073221],[-59.20583355,-30.34076305],[-59.20554567,-30.34090699],[-59.20523723,-30.34111262],[-59.20496991,-30.34133882],[-59.2046765,-30.34171334],[-59.20459083,-30.34183328],[-59.20427076,-30.34204824],[-59.2040857,-30.3421819],[-59.20392119,-30.34233612],[-59.20343796,-30.34232584],[-59.20312952,-30.34226415],[-59.20277995,-30.34232584],[-59.20244066,-30.34243894],[-59.2020253,-30.34258557],[-59.20133877,-30.34227922],[-59.20125828,-30.34199683],[-59.20103209,-30.34155473],[-59.20076266,-30.34107805],[-59.2006928,-30.34050601],[-59.20075449,-30.34019757],[-59.20087787,-30.34004335],[-59.20099096,-30.33998166],[-59.201248,-30.33996109],[-59.20157701,-30.34005363],[-59.20172213,-30.3402531],[-59.20193686,-30.34049573],[-59.20224531,-30.34076305],[-59.20269769,-30.34099953],[-59.20289304,-30.34111262],[-59.20323233,-30.34117431],[-59.203695,-30.34103037],[-59.20384922,-30.3408453],[-59.20393147,-30.34058827],[-59.20399316,-30.34024898],[-59.20405485,-30.33994053],[-59.20418851,-30.33972462],[-59.20428105,-30.33953955],[-59.20434273,-30.33935449],[-59.20437934,-30.33920072],[-59.20444555,-30.33892266],[-59.20431189,-30.33866562],[-59.20394176,-30.33847028],[-59.20362303,-30.3385114],[-59.20326318,-30.33867953],[-59.20284164,-30.33884041],[-59.20244066,-30.33884041],[-59.20195743,-30.33875816],[-59.20169011,-30.33854225],[-59.20164269,-30.33826312],[-59.20151532,-30.33802817],[-59.20152545,-30.33704105],[-59.20170218,-30.33677596],[-59.20192658,-30.33647566],[-59.20192658,-30.33607469],[-59.20188546,-30.3358999],[-59.20169011,-30.33554005],[-59.201248,-30.33511851],[-59.20093956,-30.3348409],[-59.20064139,-30.33479978],[-59.20033295,-30.33477922],[-59.2000245,-30.33482034],[-59.19971606,-30.33491288],[-59.19920198,-30.33502597],[-59.19897579,-30.33514935],[-59.19873932,-30.33538582],[-59.19858493,-30.33573501],[-59.19850284,-30.33633172],[-59.19841031,-30.33681495],[-59.19836918,-30.3370103],[-59.19802522,-30.33723001],[-59.19761863,-30.33748325],[-59.19709427,-30.33758607],[-59.19639513,-30.33761691],[-59.19533614,-30.33745241],[-59.19410236,-30.33717481],[-59.19333124,-30.33697946],[-59.19278632,-30.33683552],[-59.19258069,-30.33680467],[-59.19220204,-30.33671697],[-59.19194639,-30.33637285],[-59.19183014,-30.33586906],[-59.19195352,-30.33547836],[-59.19217972,-30.33491288],[-59.19233394,-30.33410064],[-59.19252929,-30.33364825],[-59.19273492,-30.33304164],[-59.19294699,-30.33197099],[-59.19278502,-30.33145271],[-59.19276587,-30.33139143],[-59.19266023,-30.33064885],[-59.19264238,-30.33026564],[-59.1924676,-30.32986466],[-59.19213859,-30.32954593],[-59.19190212,-30.3294534],[-59.19167592,-30.32943283],[-59.19157311,-30.32947396],[-59.19150114,-30.32966931],[-59.19144973,-30.3298955],[-59.19141101,-30.32999449],[-59.19126466,-30.33032732],[-59.19110016,-30.33051239],[-59.19087563,-30.33058936],[-59.19036271,-30.33063599],[-59.19014398,-30.33051239],[-59.19005144,-30.33040958],[-59.19007201,-30.33020395],[-59.19005144,-30.32996747],[-59.18996919,-30.32966931],[-59.18977384,-30.32943283],[-59.18950652,-30.32927861],[-59.18917752,-30.32918608],[-59.18881766,-30.32921692],[-59.18858119,-30.32940199],[-59.18837556,-30.32966931],[-59.18826246,-30.32995719],[-59.1883772,-30.3304109],[-59.18844753,-30.3307283],[-59.18845781,-30.33109844],[-59.18831387,-30.33146857],[-59.18804655,-30.33171533],[-59.18776764,-30.33173122],[-59.18742966,-30.33166392],[-59.18714178,-30.33156111],[-59.18696699,-30.33141716],[-59.1868539,-30.33136576],[-59.18659686,-30.33129379],[-59.1863501,-30.3313966],[-59.18609307,-30.33164336],[-59.18576406,-30.33183871],[-59.18533223,-30.33192096],[-59.18480788,-30.33184899],[-59.1845714,-30.33189011],[-59.18436577,-30.33207518],[-59.18409417,-30.33243344],[-59.18394423,-30.33283601],[-59.18379001,-30.33305192],[-59.18347331,-30.33316519],[-59.18296749,-30.33299023],[-59.18229919,-30.33288742],[-59.18170286,-30.33288742],[-59.18153836,-30.33284629],[-59.18098316,-30.33296882],[-59.18065415,-30.33269207],[-59.180406,-30.33237395],[-59.18044852,-30.33213687],[-59.18054105,-30.33183871],[-59.1808495,-30.33159195],[-59.1815178,-30.33113956],[-59.18210384,-30.33070774],[-59.18239172,-30.33026564],[-59.18252538,-30.32996747],[-59.18252538,-30.32965903],[-59.18255623,-30.32919636],[-59.1826282,-30.32899073],[-59.18283649,-30.3288049],[-59.18298805,-30.32857947],[-59.1830189,-30.3283944],[-59.18296749,-30.32819905],[-59.18271045,-30.32792145],[-59.18237967,-30.32780356],[-59.18194962,-30.32748963],[-59.1815178,-30.32691387],[-59.18133488,-30.32643787],[-59.1812916,-30.32588571],[-59.18103457,-30.32553614],[-59.18063359,-30.32532023],[-59.18028402,-30.32503235],[-59.18024289,-30.32465193],[-59.18015036,-30.32436405],[-59.17991388,-30.32426124],[-59.17928671,-30.32417899],[-59.1782894,-30.32402476],[-59.17780617,-30.32384998],[-59.17712759,-30.32369575],[-59.17688084,-30.32367519],[-59.17671633,-30.32375744],[-59.17647986,-30.32393223],[-59.17618246,-30.3242243],[-59.17597607,-30.3245594],[-59.17570657,-30.32464071],[-59.17465504,-30.32517348],[-59.17419737,-30.32535108],[-59.17374498,-30.32549502],[-59.17345939,-30.32568259],[-59.1730664,-30.32583431],[-59.17255232,-30.32576234],[-59.17217191,-30.32554643],[-59.17196628,-30.32518657],[-59.1720184,-30.32493814],[-59.17232613,-30.32437433],[-59.17244951,-30.32403504],[-59.17239682,-30.32384051],[-59.17231585,-30.32354153],[-59.17235698,-30.32330506],[-59.17269959,-30.32318149],[-59.17298415,-30.32307886],[-59.17315893,-30.32272929],[-59.17299443,-30.32242085],[-59.17231584,-30.3220233],[-59.17203454,-30.32181233],[-59.17213738,-30.3207146],[-59.17219508,-30.32036841],[-59.17218388,-30.31973504],[-59.17243923,-30.31932612],[-59.17232613,-30.31896626],[-59.17219247,-30.31861669],[-59.17190459,-30.31823628],[-59.1716784,-30.31809233],[-59.17090728,-30.31787642],[-59.17046518,-30.31761939],[-59.17016702,-30.31750629],[-59.16988941,-30.31752685],[-59.16973519,-30.31765023],[-59.1696735,-30.31777361],[-59.16960153,-30.31790727],[-59.16958097,-30.31797924],[-59.16959388,-30.31829337],[-59.16961181,-30.31872979],[-59.16955013,-30.31892514],[-59.16941647,-30.31917189],[-59.16919027,-30.31926443],[-59.168583,-30.31910769],[-59.16821353,-30.31891486],[-59.16776114,-30.31891486],[-59.16749382,-30.31901767],[-59.16722921,-30.31925601],[-59.16648854,-30.31934165],[-59.16594132,-30.31922743],[-59.16532443,-30.31893542],[-59.16473838,-30.31865782],[-59.1643374,-30.31852416],[-59.16399811,-30.31848303],[-59.16373079,-30.31854472],[-59.16357657,-30.31865782],[-59.16349432,-30.31881204],[-59.16345319,-30.31898683],[-59.1635046,-30.31919246],[-59.16357132,-30.31928692],[-59.16383361,-30.31968597],[-59.16407008,-30.31980935],[-59.1641729,-30.31996357],[-59.164286,-30.32010751],[-59.16434768,-30.32029258],[-59.16434768,-30.32045708],[-59.16429628,-30.32060102],[-59.16420374,-30.32076553],[-59.1640598,-30.32094031],[-59.16374978,-30.321131],[-59.16349432,-30.32168058],[-59.16325784,-30.32197874],[-59.16299053,-30.32219466],[-59.16275309,-30.32218431],[-59.16240448,-30.3218348],[-59.16234279,-30.32154692],[-59.16221941,-30.32113566],[-59.16210632,-30.32089919],[-59.16177731,-30.32073468],[-59.16139689,-30.32070384],[-59.16092394,-30.32079637],[-59.16067719,-30.32109453],[-59.1606155,-30.32157776],[-59.16047802,-30.3220233],[-59.15970721,-30.32259638],[-59.15948453,-30.32281155],[-59.15914524,-30.32298633],[-59.15869342,-30.32303457],[-59.15825075,-30.32269845],[-59.15829188,-30.32243113],[-59.15832272,-30.32168058],[-59.15827132,-30.32120763],[-59.1581685,-30.32077581],[-59.15803484,-30.3205599],[-59.15762358,-30.32024117],[-59.15721232,-30.32010751],[-59.1568319,-30.3200561],[-59.15663656,-30.32004582],[-59.15645149,-30.32006638],[-59.15621501,-30.32013835],[-59.15606079,-30.32020004],[-59.15588601,-30.32034398],[-59.15574207,-30.32062158],[-59.15565981,-30.3208375],[-59.15554575,-30.32108794],[-59.15547475,-30.32133101],[-59.15543362,-30.32147495],[-59.15535137,-30.32162917],[-59.15514574,-30.32171142],[-59.15464834,-30.32184484],[-59.15342152,-30.32148328],[-59.15305859,-30.32118707],[-59.15301747,-30.32093003],[-59.15308944,-30.32076553],[-59.15347407,-30.31978692],[-59.15371661,-30.31952146],[-59.1539428,-30.31914105],[-59.15398393,-30.31892514],[-59.15399421,-30.31867838],[-59.15381942,-30.31848303],[-59.15358295,-30.31835965],[-59.15286022,-30.31836992],[-59.15186594,-30.31819515],[-59.15073497,-30.31779417],[-59.14963485,-30.3178353],[-59.14908993,-30.3178353],[-59.14700279,-30.31713616],[-59.14633449,-30.31697165],[-59.14544,-30.3168894],[-59.14467917,-30.3168894],[-59.14418565,-30.31698193],[-59.14381997,-30.3170687],[-59.14357905,-30.31712587],[-59.14346595,-30.31702306],[-59.14352436,-30.31690746],[-59.14364074,-30.31644729],[-59.14379496,-30.31627251],[-59.14394918,-30.31591266],[-59.14392862,-30.31560421],[-59.14377439,-30.31530605],[-59.14347623,-30.31517239],[-59.14280793,-30.31506957],[-59.14230836,-30.3151071],[-59.14169827,-30.31489018],[-59.14141993,-30.31464803],[-59.13966179,-30.31392833],[-59.1396001,-30.31363016],[-59.13968236,-30.31338341],[-59.13981602,-30.31304412],[-59.13949729,-30.31274595],[-59.13906547,-30.31248892],[-59.13818126,-30.31223188],[-59.13692691,-30.31190287],[-59.13647453,-30.31157386],[-59.13638977,-30.31113224],[-59.13658762,-30.31062796],[-59.13686187,-30.30994754],[-59.13704033,-30.3096501],[-59.13744099,-30.30943531],[-59.13762606,-30.30939418],[-59.13803084,-30.30929757],[-59.13844858,-30.30901377],[-59.1387673,-30.30857166],[-59.13883927,-30.30807815],[-59.13874674,-30.30765661],[-59.13849998,-30.30745098],[-59.13826351,-30.30748182],[-59.13777,-30.30754351],[-59.13697832,-30.30747154],[-59.1363203,-30.30723507],[-59.13586561,-30.30698877],[-59.13564173,-30.30654621],[-59.13565201,-30.30627889],[-59.13583707,-30.30600129],[-59.13627498,-30.30536631],[-59.13645396,-30.3051068],[-59.13649509,-30.30475722],[-59.13663903,-30.30401696],[-59.13641284,-30.30340007],[-59.13629974,-30.30285515],[-59.13588848,-30.30228966],[-59.13538116,-30.30183264],[-59.1349767,-30.30109038],[-59.13498371,-30.30044927],[-59.13480892,-30.30003801],[-59.13469269,-30.29936668],[-59.13462386,-30.29865001],[-59.13464442,-30.29825931],[-59.13482949,-30.29794059],[-59.13523047,-30.29772468],[-59.1359913,-30.29742651],[-59.13754772,-30.2968295],[-59.13769547,-30.29672396],[-59.13775417,-30.29668204],[-59.13823266,-30.29606935],[-59.13905518,-30.29550387],[-59.13969264,-30.2953188],[-59.14034037,-30.29507205],[-59.14079276,-30.29477388],[-59.1411352,-30.29454311],[-59.14126571,-30.29445516],[-59.1414919,-30.29408502],[-59.14143021,-30.29351954],[-59.1409367,-30.29306715],[-59.14033009,-30.29284096],[-59.13995996,-30.29284096],[-59.13945616,-30.29295406],[-59.13865421,-30.29289237],[-59.13797563,-30.29253252],[-59.13729705,-30.29214182],[-59.13677269,-30.29204929],[-59.13635115,-30.29185394],[-59.13614803,-30.29155577],[-59.13602214,-30.29127817],[-59.13609411,-30.29090804],[-59.13644546,-30.29049544],[-59.13659849,-30.29030416],[-59.13670391,-30.29017238],[-59.13696133,-30.28950086],[-59.13715311,-30.28862554],[-59.13714282,-30.28781331],[-59.13687551,-30.28730951],[-59.13657734,-30.28656924],[-59.13595017,-30.28594207],[-59.13519962,-30.28537659],[-59.13469583,-30.28504758],[-59.13446963,-30.28489336],[-59.13417147,-30.28489336],[-59.13383218,-30.28498589],[-59.13347233,-30.28510927],[-59.13340036,-30.28529434],[-59.13358542,-30.28541772],[-59.13390064,-30.28558965],[-59.13415091,-30.28572616],[-59.13432569,-30.28602432],[-59.13447992,-30.28624024],[-59.13443879,-30.28667206],[-59.13433597,-30.28684684],[-59.13406866,-30.28682628],[-59.13370908,-30.28674779],[-59.13324613,-30.28645615],[-59.13296853,-30.28633277],[-59.13277319,-30.28632249],[-59.13246474,-30.28641502],[-59.1323208,-30.28655896],[-59.13228995,-30.28675431],[-59.13213777,-30.28706725],[-59.13173658,-30.28727157],[-59.1313749,-30.2872067],[-59.13087111,-30.2869805],[-59.13018225,-30.28667206],[-59.12952423,-30.28625052],[-59.12913353,-30.28612714],[-59.12851664,-30.28608601],[-59.1278175,-30.28568503],[-59.12704639,-30.2853149],[-59.126594,-30.28509899],[-59.1259257,-30.28490364],[-59.12539107,-30.28480083],[-59.12485643,-30.28489336],[-59.12455826,-30.28497561],[-59.12408531,-30.2849242],[-59.12372546,-30.28483167],[-59.12348899,-30.28462604],[-59.12318054,-30.28423534],[-59.12294202,-30.28395774],[-59.12295834,-30.28370129],[-59.12298519,-30.28327916],[-59.12320111,-30.28306325],[-59.12381134,-30.28258504],[-59.12397222,-30.28243608],[-59.12429094,-30.2823127],[-59.12454798,-30.28212763],[-59.12451714,-30.28190144],[-59.12429094,-30.28158271],[-59.12410588,-30.28138737],[-59.12385912,-30.2814799],[-59.12364321,-30.28160328],[-59.12339645,-30.28160328],[-59.12301604,-30.28155187],[-59.12281277,-30.28142483],[-59.12268703,-30.28134624],[-59.12262534,-30.28116117],[-59.12276928,-30.28096582],[-59.12322085,-30.2806077],[-59.12361979,-30.28028617],[-59.12375958,-30.2798118],[-59.12376659,-30.27961895],[-59.12366377,-30.27869361],[-59.12345814,-30.27833376],[-59.12260146,-30.277759],[-59.12145953,-30.27683545],[-59.12102171,-30.27631197],[-59.12070762,-30.27602644],[-59.12034594,-30.27595981],[-59.11995571,-30.27592174],[-59.11970824,-30.27603595],[-59.11938464,-30.27626438],[-59.11932753,-30.27648329],[-59.11931334,-30.27711097],[-59.11925386,-30.27740841],[-59.11955596,-30.27789193],[-59.11967969,-30.27815843],[-59.11973395,-30.27829862],[-59.11968921,-30.27858674],[-59.11960355,-30.27876758],[-59.11945126,-30.27896745],[-59.11928748,-30.27896411],[-59.11898489,-30.27895793],[-59.11827105,-30.27852011],[-59.1177095,-30.27844397],[-59.11729256,-30.27842701],[-59.11707132,-30.27833072],[-59.11683385,-30.27781579],[-59.11663398,-30.27753026],[-59.11622471,-30.27686401],[-59.11598677,-30.27661654],[-59.1157393,-30.27653088],[-59.11555846,-30.27663558],[-59.11537762,-30.27671172],[-59.11524179,-30.27713744],[-59.11520633,-30.27746818],[-59.11512064,-30.27786338],[-59.11524437,-30.27824409],[-59.11554524,-30.27861045],[-59.11563461,-30.27900552],[-59.11547339,-30.27948427],[-59.11561557,-30.27971936],[-59.1156822,-30.27994779],[-59.1156822,-30.27998586],[-59.11575834,-30.2801667],[-59.11570123,-30.28038561],[-59.11552991,-30.28053789],[-59.11522195,-30.28062747],[-59.11482559,-30.28070922],[-59.11422596,-30.28083295],[-59.11348357,-30.28058548],[-59.11270311,-30.28047127],[-59.11164663,-30.28026188],[-59.11102797,-30.28002393],[-59.1106187,-30.28000489],[-59.11012815,-30.27987692],[-59.10985727,-30.27962418],[-59.10973414,-30.2792494],[-59.10969455,-30.27912889],[-59.10967653,-30.27907403],[-59.10960981,-30.2785677],[-59.10974306,-30.27811084],[-59.11010474,-30.27763495],[-59.11055208,-30.27729231],[-59.11078051,-30.27732086],[-59.11093279,-30.27747315],[-59.11122141,-30.27790859],[-59.11153163,-30.27791955],[-59.11182747,-30.27793],[-59.11216059,-30.27768254],[-59.11226529,-30.27741604],[-59.11228432,-30.27710195],[-59.11207493,-30.27676883],[-59.11177988,-30.27666413],[-59.11114942,-30.27638161],[-59.11090328,-30.2762713],[-59.11088029,-30.27624601],[-59.11083309,-30.27619408],[-59.1102951,-30.27573138],[-59.11005715,-30.27522694],[-59.10995896,-30.2748125],[-59.10988558,-30.2745028],[-59.10969547,-30.27398962],[-59.10945753,-30.2735518],[-59.10907681,-30.27326626],[-59.10866754,-30.27316156],[-59.10807908,-30.27314566],[-59.10805767,-30.27314508],[-59.10805702,-30.27314506],[-59.10796322,-30.27314253],[-59.1077919,-30.27338048],[-59.10734456,-30.27339951],[-59.10708152,-30.27353062],[-59.10705912,-30.27354178],[-59.10678301,-30.27340903],[-59.10677222,-30.2733858],[-59.10665928,-30.27314253],[-59.10661169,-30.27297121],[-59.10668783,-30.27269519],[-59.10692738,-30.27237346],[-59.1073636,-30.27196232],[-59.10732553,-30.27162919],[-59.10696299,-30.27106144],[-59.10677349,-30.27085825],[-59.1067259,-30.27060126],[-59.10677211,-30.27044419],[-59.10682111,-30.27027765],[-59.10682108,-30.27016344],[-59.10670687,-30.26977321],[-59.10648796,-30.26966852],[-59.10622631,-30.26973465],[-59.10608004,-30.2697895],[-59.10605014,-30.27025862],[-59.10597399,-30.27069644],[-59.10598351,-30.27092487],[-59.10597399,-30.27122944],[-59.10600255,-30.27156257],[-59.10600255,-30.27193376],[-59.10589785,-30.27208605],[-59.10552666,-30.27220978],[-59.10537353,-30.27207469],[-59.10507932,-30.27180051],[-59.10472716,-30.27159112],[-59.104375,-30.27148642],[-59.10411801,-30.27149594],[-59.10392766,-30.27160064],[-59.10348032,-30.2715816],[-59.103309,-30.27144835],[-59.10319249,-30.27116232],[-59.10316623,-30.27089632],[-59.10339571,-30.27064213],[-59.10354694,-30.26997309],[-59.10344225,-30.26950671],[-59.10308057,-30.26922118],[-59.10249998,-30.26924973],[-59.10167193,-30.26925925],[-59.10150097,-30.26917006],[-59.1010152,-30.26891661],[-59.10026329,-30.26841216],[-59.10008245,-30.26818373],[-59.09993016,-30.2676888],[-59.0997874,-30.26732713],[-59.09950186,-30.26722243],[-59.09895934,-30.26728906],[-59.09821695,-30.26753652],[-59.09767443,-30.26790772],[-59.09714143,-30.26825036],[-59.09693352,-30.26843288],[-59.09648273,-30.2686642],[-59.09608495,-30.2687548],[-59.09534256,-30.26889757],[-59.09458113,-30.26899275],[-59.09412428,-30.26895468],[-59.09368793,-30.26863811],[-59.09363887,-30.26860252],[-59.09345803,-30.26831698],[-59.09348497,-30.26805956],[-59.09354369,-30.26749845],[-59.09365713,-30.26743713],[-59.09385311,-30.26733119],[-59.09424801,-30.26711773],[-59.09440981,-30.26694641],[-59.09439078,-30.26673702],[-59.0942956,-30.26648956],[-59.09415283,-30.26625161],[-59.09396247,-30.26617547],[-59.0937626,-30.26616595],[-59.09362571,-30.26621158],[-59.09350562,-30.26625161],[-59.09329623,-30.26648956],[-59.09307732,-30.26666088],[-59.09241107,-30.26675606],[-59.09185903,-30.26676557],[-59.0913641,-30.26680365],[-59.0909358,-30.2667275],[-59.09047894,-30.26653715],[-59.09023148,-30.26626113],[-59.09001222,-30.26563573],[-59.0898219,-30.2652744],[-59.08976511,-30.26516658],[-59.08973655,-30.26472876],[-59.09002755,-30.26436138],[-59.09119278,-30.26371986],[-59.09124885,-30.26368398],[-59.09143073,-30.26356758],[-59.09193446,-30.2635227],[-59.09223023,-30.26341529],[-59.09230637,-30.26308217],[-59.09199228,-30.2624064],[-59.09039328,-30.26126426],[-59.09002748,-30.26105431],[-59.08971451,-30.26106108],[-59.08960381,-30.26114964],[-59.08930884,-30.26138561],[-59.08892218,-30.26143201],[-59.08797873,-30.26110722],[-59.08719382,-30.26078206],[-59.08553067,-30.26070986],[-59.08532206,-30.26041955],[-59.08497228,-30.26020302],[-59.08468912,-30.26017804],[-59.08433527,-30.26045475],[-59.08421442,-30.26065274],[-59.0839729,-30.26059444],[-59.08385631,-30.26038624],[-59.08381467,-30.26024466],[-59.08399743,-30.25978085],[-59.08424773,-30.25921197],[-59.08408117,-30.25852907],[-59.0837647,-30.2578878],[-59.08347322,-30.25777121],[-59.0831508,-30.25785449],[-59.08282337,-30.25836716],[-59.08282335,-30.25836718],[-59.08238803,-30.25869339],[-59.08211216,-30.25892525],[-59.08175875,-30.25898671],[-59.08119131,-30.25915011],[-59.08067735,-30.25905374],[-59.08050603,-30.25851836],[-59.08025692,-30.25810106],[-59.08006702,-30.25794015],[-59.08008843,-30.25775812],[-59.08024905,-30.25760822],[-59.0806471,-30.25759939],[-59.08111636,-30.2575868],[-59.08150183,-30.25745831],[-59.08172669,-30.25722275],[-59.08191943,-30.25694435],[-59.0818766,-30.25652675],[-59.08156608,-30.25632331],[-59.08126627,-30.2564518],[-59.08104141,-30.25655888],[-59.08088079,-30.25661241],[-59.08072815,-30.25663625],[-59.08043108,-30.25623765],[-59.08037754,-30.25604491],[-59.08014197,-30.25585218],[-59.07993853,-30.25585218],[-59.07970296,-30.25583076],[-59.07939244,-30.25599137],[-59.07923183,-30.2560342],[-59.07894272,-30.25607703],[-59.07872857,-30.25630189],[-59.07865362,-30.25646251],[-59.07873843,-30.25675781],[-59.07894272,-30.25698718],[-59.079189,-30.25734053],[-59.07922112,-30.25751185],[-59.07923183,-30.25762963],[-59.07917829,-30.25776883],[-59.07903909,-30.25788662],[-59.07878211,-30.2580044],[-59.07846019,-30.25809876],[-59.07821461,-30.25807935],[-59.0777863,-30.25794015],[-59.07736871,-30.25760822],[-59.07660847,-30.25736194],[-59.07604097,-30.25728699],[-59.07563776,-30.25726742],[-59.07532356,-30.25697647],[-59.07518436,-30.25671949],[-59.0750987,-30.25636614],[-59.07515224,-30.2560235],[-59.07530215,-30.25582005],[-59.0755163,-30.25587359],[-59.07576257,-30.25600208],[-59.07606664,-30.25604552],[-59.07621229,-30.25606633],[-59.07642644,-30.25594854],[-59.07649069,-30.25568085],[-59.07652281,-30.25538104],[-59.07629789,-30.25479598],[-59.07626583,-30.25452444],[-59.07647998,-30.25421392],[-59.07688687,-30.25378561],[-59.07716526,-30.25379632],[-59.07719739,-30.25402118],[-59.07718668,-30.25421392],[-59.07725093,-30.25434241],[-59.0774972,-30.25443878],[-59.0776364,-30.25446019],[-59.07775609,-30.2544224],[-59.07810753,-30.25418179],[-59.07816107,-30.253625],[-59.07816107,-30.25344297],[-59.0777863,-30.25325024],[-59.07699394,-30.25301467],[-59.07623371,-30.2526292],[-59.07584823,-30.25216877],[-59.07523383,-30.25176971],[-59.07506658,-30.25145136],[-59.07513246,-30.25098196],[-59.07533545,-30.25072907],[-59.07553771,-30.25060546],[-59.07605168,-30.25049839],[-59.07640503,-30.25055193],[-59.07666201,-30.25066971],[-59.0767905,-30.25083032],[-59.0767905,-30.25100164],[-59.07679359,-30.25142433],[-59.07689758,-30.2516441],[-59.07711173,-30.25170834],[-59.07731646,-30.25150193],[-59.07749432,-30.25105588],[-59.07766852,-30.25042344],[-59.0776079,-30.25028611],[-59.07763888,-30.25013167],[-59.07770064,-30.24982381],[-59.07788267,-30.24972744],[-59.07826815,-30.24965249],[-59.07847159,-30.24970603],[-59.07889989,-30.24993089],[-59.07910334,-30.25000584],[-59.07948881,-30.25007009],[-59.07986357,-30.25013433],[-59.08023834,-30.25010221],[-59.08048461,-30.25014504],[-59.08111465,-30.25032492],[-59.08140546,-30.25024141],[-59.08161962,-30.24992018],[-59.08160891,-30.24945975],[-59.081459,-30.24907428],[-59.08099858,-30.24872093],[-59.08039737,-30.24831987],[-59.08029018,-30.24796258],[-59.08025024,-30.24762043],[-59.0799647,-30.24694228],[-59.07971486,-30.24656157],[-59.07935794,-30.24634742],[-59.07894153,-30.24608568],[-59.07810417,-30.24566502],[-59.07756145,-30.24499113],[-59.07723312,-30.24474443],[-59.07708555,-30.24419401],[-59.07710935,-30.24367053],[-59.07709745,-30.24312325],[-59.07708555,-30.24271874],[-59.07702607,-30.24225475],[-59.07698614,-30.24202184],[-59.07685259,-30.24183688],[-59.07612187,-30.24182644],[-59.07564598,-30.24208818],[-59.07559624,-30.24243324],[-59.07549429,-30.24272707],[-59.0752981,-30.24283718],[-59.0749946,-30.24286032],[-59.0744605,-30.24260879],[-59.0742534,-30.24239394],[-59.07432835,-30.24207748],[-59.07457948,-30.24183547],[-59.07492798,-30.24180265],[-59.07512785,-30.24151949],[-59.07528609,-30.24111974],[-59.07519448,-30.24062006],[-59.07516116,-30.24031192],[-59.07496962,-30.24023696],[-59.07453656,-30.24022863],[-59.07428671,-30.24030359],[-59.07396192,-30.24051179],[-59.07371507,-30.24084526],[-59.07344557,-30.24120302],[-59.07332065,-30.24126132],[-59.07311879,-30.24123149],[-59.07291257,-30.24122801],[-59.07266273,-30.24105312],[-59.07237125,-30.24065337],[-59.07193818,-30.2398039],[-59.0715884,-30.23907936],[-59.07146348,-30.23860465],[-59.07151345,-30.23790509],[-59.07135522,-30.23743872],[-59.07093048,-30.23723884],[-59.07038915,-30.23712225],[-59.06992278,-30.2370473],[-59.06978953,-30.23711392],[-59.06964795,-30.23721386],[-59.06950637,-30.23753865],[-59.06921046,-30.23800052],[-59.06889842,-30.23808831],[-59.06833211,-30.23807998],[-59.06814056,-30.23817992],[-59.06779145,-30.23855568],[-59.0675576,-30.23881286],[-59.06735772,-30.23896276],[-59.0670625,-30.23910185],[-59.06682472,-30.23914598],[-59.066375,-30.23912932],[-59.06600024,-30.23872125],[-59.06564213,-30.23839645],[-59.06535065,-30.23804667],[-59.06485929,-30.23772187],[-59.06444288,-30.23747203],[-59.06416933,-30.23712225],[-59.06405979,-30.23686408],[-59.06416933,-30.2366395],[-59.06440124,-30.23643934],[-59.06449285,-30.23637272],[-59.06490926,-30.23633941],[-59.06553386,-30.23622281],[-59.06585033,-30.23593133],[-59.06594194,-30.23566483],[-59.06582535,-30.23536502],[-59.06576705,-30.23508186],[-59.0656338,-30.23476539],[-59.06554219,-30.23458217],[-59.0651591,-30.23446558],[-59.06470105,-30.23430735],[-59.06450118,-30.2341158],[-59.0644179,-30.23364943],[-59.0646631,-30.23287675],[-59.06494257,-30.23254179],[-59.06530901,-30.23249182],[-59.06553386,-30.23232526],[-59.06568377,-30.23212538],[-59.0656338,-30.23190885],[-59.06514244,-30.23148412],[-59.0647642,-30.23118738],[-59.06425134,-30.23081787],[-59.06369335,-30.23067629],[-59.06336023,-30.23074291],[-59.06290218,-30.23079288],[-59.06248578,-30.23068462],[-59.06210268,-30.23066796],[-59.06166129,-30.23088449],[-59.06140312,-30.2309761],[-59.06119492,-30.23115932],[-59.06107,-30.23138418],[-59.06090343,-30.23152576],[-59.06055365,-30.23168399],[-59.06019554,-30.23179226],[-59.05980412,-30.23182557],[-59.05957926,-30.23184222],[-59.05937939,-30.23195049],[-59.05910456,-30.23205043],[-59.05869116,-30.23232799],[-59.05831339,-30.2324585],[-59.05796759,-30.2324777],[-59.05761383,-30.23248349],[-59.05738064,-30.23258343],[-59.05724739,-30.23280829],[-59.05719742,-30.23300816],[-59.0572689,-30.23326941],[-59.05733067,-30.23356614],[-59.05727238,-30.23368274],[-59.05715274,-30.23369533],[-59.05695591,-30.23371605],[-59.05669774,-30.23357447],[-59.05630631,-30.23334961],[-59.05597319,-30.23319138],[-59.05563174,-30.23271668],[-59.05544019,-30.23247516],[-59.05494883,-30.2322503],[-59.05453243,-30.23212538],[-59.05424927,-30.23220033],[-59.05394946,-30.23243352],[-59.05385785,-30.2325751],[-59.0539328,-30.23282494],[-59.05408271,-30.23303314],[-59.05421576,-30.2331356],[-59.05436586,-30.23344955],[-59.05448246,-30.23366608],[-59.05456574,-30.23375769],[-59.05460738,-30.23402419],[-59.05451577,-30.23419908],[-59.05433255,-30.23437397],[-59.05411611,-30.23450722],[-59.05379122,-30.23459883],[-59.05337482,-30.23471542],[-59.05288346,-30.23471542],[-59.05247538,-30.23468211],[-59.05205065,-30.23474874],[-59.05173418,-30.23493195],[-59.05135109,-30.23499858],[-59.05126781,-30.23487366],[-59.05131777,-30.23472375],[-59.05153431,-30.23441561],[-59.05162592,-30.23403252],[-59.05162592,-30.233791],[-59.05126076,-30.2337453],[-59.0510637,-30.23364677],[-59.05100014,-30.23361499],[-59.05090384,-30.23356684],[-59.05070149,-30.23343765],[-59.05061583,-30.23315926],[-59.05045522,-30.23267742],[-59.05012329,-30.2323669],[-59.04976994,-30.23197072],[-59.04959861,-30.23168161],[-59.04935234,-30.23136038],[-59.04917031,-30.23125331],[-59.04902041,-30.23119977],[-59.04881349,-30.23127405],[-59.04860281,-30.23134968],[-59.04842078,-30.23142463],[-59.04815309,-30.23142463],[-59.04789611,-30.2313818],[-59.04770337,-30.2312426],[-59.04741371,-30.23073135],[-59.04713587,-30.23054661],[-59.04693243,-30.2302468],[-59.04678252,-30.22997911],[-59.04655766,-30.22989345],[-59.04606511,-30.22975425],[-59.04579743,-30.22981849],[-59.04563681,-30.23001123],[-59.04560484,-30.23021769],[-59.04532629,-30.23030033],[-59.04499436,-30.23030033],[-59.04473738,-30.23032175],[-59.04460888,-30.23041812],[-59.04453878,-30.230652],[-59.04401937,-30.23090971],[-59.04390098,-30.2309837],[-59.04316336,-30.23113552],[-59.04267081,-30.2311034],[-59.04239242,-30.23103916],[-59.04200694,-30.23106057],[-59.04161076,-30.23088925],[-59.04145015,-30.2305359],[-59.04130457,-30.23029043],[-59.04133726,-30.23020872],[-59.04137884,-30.23010477],[-59.0416643,-30.23002194],[-59.04198553,-30.23002194],[-59.04230676,-30.22998981],[-59.04259586,-30.23002194],[-59.04295992,-30.22992557],[-59.04320619,-30.22958293],[-59.04332398,-30.22910109],[-59.04325973,-30.22880127],[-59.04309912,-30.22864066],[-59.04294921,-30.22866207],[-59.04290638,-30.22879057],[-59.04276718,-30.22890835],[-59.04267081,-30.22902613],[-59.04246737,-30.22907967],[-59.04221881,-30.22904586],[-59.04192128,-30.22900472],[-59.04168572,-30.22877986],[-59.04139661,-30.22866207],[-59.04127696,-30.22853952],[-59.04102185,-30.22844792],[-59.04068991,-30.22840509],[-59.04045435,-30.22849075],[-59.04036869,-30.22854429],[-59.04037134,-30.22871375],[-59.04037939,-30.22900472],[-59.04043293,-30.22920816],[-59.04049718,-30.22944373],[-59.0405293,-30.22965788],[-59.04041152,-30.22994698],[-59.04029373,-30.23011831],[-59.04007729,-30.23017611],[-59.03973694,-30.23013972],[-59.03929793,-30.22969],[-59.03901256,-30.22948033],[-59.03876255,-30.22901542],[-59.03884934,-30.22885693],[-59.03900882,-30.22856571],[-59.03892316,-30.22806245],[-59.03876255,-30.22789113],[-59.03825929,-30.22752707],[-59.03801302,-30.22748424],[-59.03763835,-30.22767767],[-59.03757399,-30.22770985],[-59.03728143,-30.22785613],[-59.03680306,-30.22761273],[-59.03633193,-30.22760203],[-59.03577514,-30.2275699],[-59.03538966,-30.2274307],[-59.03503631,-30.22745212],[-59.03483287,-30.22747353],[-59.03475792,-30.22746283],[-59.0347365,-30.22733434],[-59.03474721,-30.22715231],[-59.03492924,-30.22670259],[-59.03511127,-30.22610296],[-59.03513268,-30.22567466],[-59.03500419,-30.22542839],[-59.03477933,-30.22536414],[-59.03453306,-30.22537485],[-59.03437244,-30.2254498],[-59.03408334,-30.22556759],[-59.03385848,-30.22571749],[-59.03353725,-30.22591023],[-59.03329098,-30.22598518],[-59.03308753,-30.22602801],[-59.03280283,-30.22607865],[-59.03275935,-30.22606934],[-59.0326164,-30.22603872],[-59.03264148,-30.22583359],[-59.03277392,-30.22561285],[-59.03331239,-30.22523565],[-59.03339805,-30.22487159],[-59.03319461,-30.22458249],[-59.03299117,-30.22458249],[-59.03258428,-30.22492513],[-59.03219881,-30.22519282],[-59.03194182,-30.22535343],[-59.03169555,-30.22563183],[-59.03151123,-30.22583359],[-59.03117088,-30.2260173],[-59.03068904,-30.22634924],[-59.03042135,-30.22646702],[-59.0299288,-30.22665976],[-59.02955403,-30.22669188],[-59.02859035,-30.22628499],[-59.02831619,-30.22609039],[-59.02841903,-30.22562112],[-59.02844045,-30.22537485],[-59.02816205,-30.22512858],[-59.02800144,-30.22507504],[-59.02763581,-30.22517533],[-59.02742323,-30.22523565],[-59.02732686,-30.22543909],[-59.02745535,-30.22566395],[-59.02749818,-30.22591023],[-59.02756243,-30.22614579],[-59.02750889,-30.22628499],[-59.02749818,-30.22650985],[-59.02740181,-30.22673471],[-59.02718766,-30.22680966],[-59.02670582,-30.22680966],[-59.02656662,-30.226724],[-59.02675936,-30.22640278],[-59.02671653,-30.22598518],[-59.02654521,-30.22569608],[-59.02623469,-30.22525707],[-59.02612362,-30.22493179],[-59.02606337,-30.22475381],[-59.02584921,-30.22471098],[-59.02559223,-30.22478593],[-59.02523673,-30.22508688],[-59.02520676,-30.22541768],[-59.02501402,-30.22554617],[-59.0248427,-30.22561042],[-59.0245536,-30.22570678],[-59.02435015,-30.22564254],[-59.02407176,-30.2254498],[-59.02405034,-30.22523565],[-59.02385736,-30.2250512],[-59.02364345,-30.22482876],[-59.0232794,-30.22471098],[-59.02263694,-30.224454],[-59.02212298,-30.22437905],[-59.02159831,-30.22430409],[-59.02118071,-30.22428268],[-59.02104151,-30.22416489],[-59.02104151,-30.22400428],[-59.02105222,-30.22362951],[-59.02076312,-30.22328687],[-59.0204633,-30.22315838],[-59.02001359,-30.22305131],[-59.01976731,-30.22311555],[-59.01953174,-30.22316909],[-59.01901778,-30.22306201],[-59.01872868,-30.22309414],[-59.01852523,-30.22316909],[-59.01827896,-30.22345819],[-59.01809693,-30.22358668],[-59.01779712,-30.22356527],[-59.01757226,-30.22324404],[-59.01751872,-30.22300848],[-59.01761509,-30.22271937],[-59.01743306,-30.2221947],[-59.0172082,-30.22173427],[-59.01696193,-30.22157366],[-59.01660858,-30.22152012],[-59.01637301,-30.22163791],[-59.01604108,-30.22208762],[-59.01575197,-30.22218399],[-59.01552711,-30.22209833],[-59.01531296,-30.22193772],[-59.01491678,-30.22178781],[-59.01422079,-30.22173427],[-59.01355692,-30.22173427],[-59.01317145,-30.22163791],[-59.0128288,-30.22156295],[-59.01242192,-30.22146658],[-59.01207927,-30.22154154],[-59.01152403,-30.22195803],[-59.01133378,-30.22194776],[-59.01114771,-30.22193772],[-59.01102993,-30.22173427],[-59.01102993,-30.22150942],[-59.01106205,-30.22132739],[-59.01114771,-30.22114536],[-59.011365,-30.22111787],[-59.01170451,-30.22086696],[-59.01192937,-30.22055644],[-59.01207927,-30.2202138],[-59.01214352,-30.21998894],[-59.01208998,-30.2197962],[-59.01184371,-30.21962488],[-59.01159743,-30.21962488],[-59.0109871,-30.21974267],[-59.01031252,-30.21973196],[-59.00973917,-30.21964699],[-59.00966166,-30.21960824],[-59.00954288,-30.21954885],[-59.00942235,-30.21948858],[-59.00937026,-30.21904667],[-59.00911327,-30.21873615],[-59.00865285,-30.218522],[-59.00827808,-30.21851129],[-59.00801039,-30.218522],[-59.00774271,-30.21868262],[-59.00751785,-30.21888606],[-59.0073597,-30.2191711],[-59.00700033,-30.2196845],[-59.0068861,-30.22014955],[-59.00673619,-30.22038512],[-59.00652608,-30.22048142],[-59.00622223,-30.22062069],[-59.00585817,-30.22082413],[-59.00552624,-30.22087767],[-59.00530138,-30.22085625],[-59.00507652,-30.22072776],[-59.00495874,-30.22056715],[-59.00477671,-30.2204922],[-59.00446619,-30.22044937],[-59.00397809,-30.22051529],[-59.00317057,-30.22071705],[-59.00251741,-30.22102757],[-59.00175717,-30.22145588],[-59.00153231,-30.22160578],[-59.00110401,-30.22174498],[-59.00100662,-30.22184885],[-59.00078278,-30.22208762],[-59.00077207,-30.22228036],[-59.00088986,-30.22235531],[-59.00133958,-30.22238744],[-59.00161648,-30.22241034],[-59.00183212,-30.22245168],[-59.00199274,-30.22252663],[-59.00205698,-30.22267654],[-59.00209981,-30.22284786],[-59.00202408,-30.22311673],[-59.00184747,-30.22350161],[-59.00171434,-30.22372588],[-59.00146483,-30.22373119],[-59.0010857,-30.22370528],[-59.00088986,-30.22320121],[-59.00070783,-30.22278362],[-59.00047226,-30.22266583],[-59.00016174,-30.22264442],[-58.99993688,-30.22264442],[-58.99936938,-30.22311555],[-58.99914452,-30.22338324],[-58.99887683,-30.22340466],[-58.99844853,-30.22330829],[-58.99830933,-30.2231905],[-58.9982665,-30.22305131],[-58.9982665,-30.22280503],[-58.99845924,-30.2224731],[-58.99875905,-30.22217328],[-58.99891966,-30.22183064],[-58.99891966,-30.22147729],[-58.99873764,-30.22133809],[-58.99838429,-30.22128456],[-58.99788103,-30.22118819],[-58.99772042,-30.22089908],[-58.99746343,-30.2207813],[-58.99721716,-30.22083484],[-58.99702442,-30.2210704],[-58.99691735,-30.22139163],[-58.99678886,-30.22154154],[-58.99666037,-30.22157366],[-58.99634985,-30.22149871],[-58.99595367,-30.22116677],[-58.99546112,-30.22104899],[-58.99480796,-30.22070635],[-58.99433682,-30.22052432],[-58.99400489,-30.22051361],[-58.99378003,-30.22054573],[-58.99347736,-30.22079387],[-58.99321253,-30.22093121],[-58.99311616,-30.22093121],[-58.99297696,-30.22086696],[-58.99293413,-30.22079201],[-58.99301116,-30.22058649],[-58.99311616,-30.22033158],[-58.99285918,-30.22004248],[-58.99185266,-30.21960347],[-58.99085686,-30.21934649],[-58.99062129,-30.21902526],[-58.99047139,-30.21890747],[-58.98990389,-30.2189503],[-58.98966832,-30.2190788],[-58.98971115,-30.21926082],[-58.99002734,-30.21971236],[-58.99036431,-30.21982833],[-58.99047139,-30.2200746],[-58.99026794,-30.22028875],[-58.98998964,-30.2205508],[-58.9897861,-30.22077059],[-58.9896469,-30.22086696],[-58.98937922,-30.22089908],[-58.98901682,-30.22080517],[-58.98896162,-30.22033158],[-58.98867252,-30.21981762],[-58.98798723,-30.21980691],[-58.98741973,-30.21981762],[-58.98689506,-30.22001035],[-58.98631685,-30.22018168],[-58.98601704,-30.22034229],[-58.9857431,-30.22059109],[-58.98527717,-30.22098106],[-58.98502123,-30.22111323],[-58.9849523,-30.22138367],[-58.98488203,-30.22165932],[-58.98476425,-30.22163791],[-58.98467169,-30.22146384],[-58.98445373,-30.22116677],[-58.9842717,-30.22108111],[-58.98410038,-30.22125243],[-58.98403614,-30.2213488],[-58.98406826,-30.22155225],[-58.9840575,-30.22176416],[-58.98379095,-30.22190445],[-58.98335085,-30.22188418],[-58.98326519,-30.22180923],[-58.98344722,-30.22133809],[-58.98338297,-30.22058856],[-58.98306175,-30.22014955],[-58.98268698,-30.22005319],[-58.9822908,-30.21997823],[-58.98194816,-30.2200746],[-58.98166976,-30.22009602],[-58.9815841,-30.22024592],[-58.98138066,-30.22070635],[-58.98110226,-30.22082413],[-58.98092023,-30.22096333],[-58.98081036,-30.22132179],[-58.98059077,-30.22143159],[-58.98036893,-30.22146856],[-58.98023385,-30.22149107],[-58.98008425,-30.22155091],[-58.97963898,-30.22172902],[-58.97921773,-30.22175569],[-58.97899287,-30.22179852],[-58.97888579,-30.2219056],[-58.97880617,-30.22220491],[-58.97830758,-30.22254805],[-58.97812555,-30.22231248],[-58.97753664,-30.22213045],[-58.97711904,-30.22207692],[-58.97685135,-30.22215187],[-58.97671215,-30.22258017],[-58.97643376,-30.2229014],[-58.97597333,-30.2230406],[-58.9755022,-30.22312626],[-58.9750846,-30.22301918],[-58.97467772,-30.22275149],[-58.97446366,-30.22256947],[-58.97446366,-30.22229107],[-58.97468842,-30.22225895],[-58.97515956,-30.22220541],[-58.975363,-30.2221947],[-58.97555574,-30.22214116],[-58.97583413,-30.22186277],[-58.97590909,-30.22146658],[-58.97575918,-30.22114536],[-58.97556644,-30.2210704],[-58.97537371,-30.2210704],[-58.9752238,-30.22127385],[-58.97498823,-30.22152012],[-58.97469913,-30.22171286],[-58.97432437,-30.22180923],[-58.97400314,-30.22185206],[-58.97362837,-30.2217664],[-58.97257903,-30.2213488],[-58.97227485,-30.22088401],[-58.97214002,-30.22068493],[-58.9722471,-30.22031017],[-58.97263257,-30.21977479],[-58.97283601,-30.21960347],[-58.97314653,-30.21958205],[-58.97331785,-30.21989257],[-58.97345705,-30.22009602],[-58.97360696,-30.22018168],[-58.97386394,-30.22019238],[-58.974329,-30.2199163],[-58.97470984,-30.21971054],[-58.97488116,-30.21944285],[-58.9749347,-30.21906809],[-58.97477408,-30.21863979],[-58.97443144,-30.21830785],[-58.97427083,-30.21813653],[-58.97403526,-30.21808299],[-58.97371403,-30.21807228],[-58.97346776,-30.21815794],[-58.97305016,-30.21844705],[-58.97280389,-30.21863979],[-58.97260045,-30.21891818],[-58.9722471,-30.21918587],[-58.97207577,-30.21932507],[-58.97178667,-30.21949639],[-58.97130483,-30.21954993],[-58.97095148,-30.21948568],[-58.97064096,-30.21952851],[-58.97050176,-30.2196463],[-58.97028761,-30.21998894],[-58.96988072,-30.22046007],[-58.96947383,-30.22071705],[-58.96916331,-30.22096333],[-58.96898129,-30.22111323],[-58.96849944,-30.22108111],[-58.96810326,-30.22086696],[-58.96774991,-30.22057786],[-58.96734303,-30.22027804],[-58.96701109,-30.22024592],[-58.96684053,-30.22028528],[-58.9664543,-30.22037441],[-58.96625085,-30.22022451],[-58.96605812,-30.22006389],[-58.96607953,-30.21986045],[-58.96628298,-30.21987116],[-58.9664543,-30.21994611],[-58.96686119,-30.21971054],[-58.96700127,-30.21961529],[-58.96712888,-30.21952851],[-58.96705211,-30.2192051],[-58.96668986,-30.2190895],[-58.96632581,-30.2189396],[-58.96614378,-30.21865049],[-58.96580114,-30.21845776],[-58.96520151,-30.21833997],[-58.96458047,-30.21845776],[-58.96409557,-30.21861493],[-58.96370851,-30.21901],[-58.96373549,-30.21923241],[-58.96374825,-30.21923971],[-58.96393998,-30.21934944],[-58.96417927,-30.21948638],[-58.96433149,-30.21957349],[-58.96438174,-30.21972593],[-58.96440915,-30.21990328],[-58.96443057,-30.22006389],[-58.96444127,-30.22019238],[-58.96444127,-30.22037441],[-58.96435561,-30.22048149],[-58.96413075,-30.2204922],[-58.96374668,-30.22035959],[-58.9634883,-30.22041724],[-58.96312424,-30.22063139],[-58.96288868,-30.2207813],[-58.96266382,-30.22098474],[-58.96240683,-30.22127385],[-58.96219268,-30.22161649],[-58.96214985,-30.22184135],[-58.96213915,-30.22203409],[-58.96218198,-30.22223753],[-58.96235471,-30.22251288],[-58.96241754,-30.22270866],[-58.96213016,-30.22310269],[-58.96195712,-30.22321192],[-58.96177509,-30.22342607],[-58.96177509,-30.22366164],[-58.96192906,-30.22411436],[-58.96201065,-30.22428268],[-58.96201065,-30.22440046],[-58.96198924,-30.22456107],[-58.96167872,-30.22466815],[-58.96112193,-30.22478593],[-58.96078999,-30.22482876],[-58.96055442,-30.22493584],[-58.95996551,-30.22534273],[-58.95963357,-30.22553546],[-58.95934447,-30.22591023],[-58.95891617,-30.22598518],[-58.95858423,-30.22579244],[-58.95855701,-30.2256681],[-58.95831509,-30.22575156],[-58.95813451,-30.22581386],[-58.95810239,-30.22593164],[-58.95816772,-30.22611616],[-58.9582523,-30.22625287],[-58.9582523,-30.22638136],[-58.95808097,-30.22667047],[-58.957747,-30.22683925],[-58.95738498,-30.22683108],[-58.95723508,-30.22687391],[-58.95719225,-30.22693816],[-58.95723508,-30.22717372],[-58.95729939,-30.22731416],[-58.95749206,-30.22750566],[-58.95748135,-30.22766627],[-58.95733144,-30.22768769],[-58.95700482,-30.22738703],[-58.9564784,-30.22746436],[-58.95626069,-30.22764486],[-58.95622856,-30.22781618],[-58.95589663,-30.22788042],[-58.95568248,-30.22780547],[-58.95565036,-30.22762344],[-58.95570389,-30.22729151],[-58.95582053,-30.22699202],[-58.95570573,-30.22688631],[-58.95552186,-30.22687391],[-58.9552863,-30.22683108],[-58.95512568,-30.22668117],[-58.95504002,-30.22647773],[-58.95496507,-30.22617792],[-58.95495436,-30.225589],[-58.95480446,-30.22532131],[-58.95459031,-30.22526777],[-58.95437615,-30.22526777],[-58.95399068,-30.22540697],[-58.9537337,-30.225589],[-58.95350884,-30.22578174],[-58.95309125,-30.22602801],[-58.95272719,-30.2260066],[-58.95257728,-30.2258674],[-58.95212756,-30.22584598],[-58.95179563,-30.22588881],[-58.95136733,-30.22597447],[-58.95104846,-30.22604873],[-58.95091761,-30.22655268],[-58.95101398,-30.22670259],[-58.9513235,-30.22693117],[-58.95208442,-30.2276034],[-58.95223464,-30.22768769],[-58.95223464,-30.22790184],[-58.95220252,-30.22800891],[-58.95217039,-30.22810528],[-58.95185987,-30.2281267],[-58.95162475,-30.22808429],[-58.95139945,-30.22810528],[-58.95113176,-30.22820165],[-58.95101398,-30.22843722],[-58.95096044,-30.22861924],[-58.9510461,-30.22880127],[-58.95117623,-30.22896341],[-58.95117622,-30.22896343],[-58.95103539,-30.22932594],[-58.95073558,-30.22941161],[-58.95030728,-30.22947585],[-58.95002975,-30.22938226],[-58.94982543,-30.2292617],[-58.94919882,-30.22942782],[-58.94892997,-30.22950869],[-58.9486476,-30.22959363],[-58.94841203,-30.23016114],[-58.94837991,-30.23033246],[-58.94839062,-30.2303967],[-58.94866074,-30.23063274],[-58.94890458,-30.23077147],[-58.94903307,-30.2309642],[-58.94914015,-30.23136038],[-58.94914015,-30.23148887],[-58.94900342,-30.2315495],[-58.94841916,-30.23192427],[-58.94802656,-30.23197072],[-58.94789807,-30.23192789],[-58.94786595,-30.23164949],[-58.94777531,-30.23125742],[-58.94775887,-30.2311034],[-58.94756614,-30.23101774],[-58.94712097,-30.23107943],[-58.94665599,-30.23116765],[-58.94642043,-30.23109269],[-58.94612061,-30.23071793],[-58.94605637,-30.23046095],[-58.94578671,-30.2302554],[-58.94542462,-30.22997911],[-58.94527544,-30.23010698],[-58.94504986,-30.23030033],[-58.94489995,-30.23028963],[-58.94464297,-30.2299684],[-58.94423608,-30.22975425],[-58.94397736,-30.22949552],[-58.94372212,-30.22924028],[-58.94342231,-30.22909038],[-58.94324028,-30.22911179],[-58.94307966,-30.22919745],[-58.94282268,-30.22948656],[-58.94283339,-30.22971142],[-58.94294046,-30.22986132],[-58.94314391,-30.22995769],[-58.94342231,-30.23007547],[-58.94368999,-30.23022538],[-58.94380778,-30.23043953],[-58.94394125,-30.23068603],[-58.94391485,-30.23098562],[-58.94366914,-30.23103666],[-58.94289763,-30.23123189],[-58.94267278,-30.23114623],[-58.94275064,-30.23085769],[-58.94286551,-30.23065368],[-58.94274773,-30.23047166],[-58.9424265,-30.23038599],[-58.94206244,-30.2303967],[-58.94177334,-30.23040741],[-58.94179475,-30.23056802],[-58.94206244,-30.23076076],[-58.94224536,-30.23107674],[-58.94206227,-30.2311854],[-58.94179475,-30.23104986],[-58.94162343,-30.2309642],[-58.94153777,-30.23098562],[-58.9414414,-30.23112482],[-58.9414307,-30.23129614],[-58.94139857,-30.2315317],[-58.94148423,-30.23172444],[-58.94156989,-30.23183152],[-58.94146282,-30.23199213],[-58.94087907,-30.23221762],[-58.9407347,-30.23230265],[-58.94047772,-30.23235619],[-58.94012437,-30.23224911],[-58.93993164,-30.2319493],[-58.93999588,-30.23170303],[-58.94000999,-30.23133308],[-58.93974961,-30.23111411],[-58.93928168,-30.23113029],[-58.93876451,-30.23119977],[-58.93858248,-30.2312426],[-58.9384647,-30.23139251],[-58.93836833,-30.23162807],[-58.9383255,-30.23183152],[-58.93821842,-30.23205638],[-58.93842674,-30.23228511],[-58.93853965,-30.2323669],[-58.9383896,-30.23274252],[-58.93813276,-30.23304147],[-58.93799356,-30.23320209],[-58.93796706,-30.23343196],[-58.93808993,-30.23363039],[-58.93811135,-30.233791],[-58.9380364,-30.23396232],[-58.93786507,-30.23401586],[-58.93752819,-30.23398343],[-58.93730828,-30.23388737],[-58.93711554,-30.23385525],[-58.93694422,-30.23391949],[-58.93685856,-30.23400515],[-58.93685856,-30.23412294],[-58.93717501,-30.23454253],[-58.9373297,-30.23492601],[-58.9373297,-30.23512945],[-58.93692281,-30.23539714],[-58.93671936,-30.23568624],[-58.9364838,-30.23607172],[-58.93623752,-30.23630728],[-58.93600196,-30.23651073],[-58.93540233,-30.23666063],[-58.93480271,-30.23670346],[-58.93427804,-30.23677842],[-58.9338567,-30.23641412],[-58.93375337,-30.23633941],[-58.9335178,-30.23633941],[-58.93334648,-30.23657497],[-58.93340984,-30.23710492],[-58.93344285,-30.23728167],[-58.93305096,-30.23780643],[-58.93265049,-30.23828818],[-58.93250058,-30.2384488],[-58.93218283,-30.23835153],[-58.93165723,-30.23869665],[-58.93164892,-30.23870211],[-58.93163345,-30.23872861],[-58.93151548,-30.23893064],[-58.93122998,-30.23903242],[-58.93087303,-30.23904842],[-58.93057322,-30.23905913],[-58.9304126,-30.2391555],[-58.93038048,-30.2394446],[-58.93059029,-30.2398138],[-58.93034182,-30.24023503],[-58.93008067,-30.24032262],[-58.92990935,-30.2405689],[-58.92968449,-30.24084729],[-58.92945963,-30.24107215],[-58.92902062,-30.24108286],[-58.92876364,-30.24102932],[-58.92851736,-30.24102932],[-58.9282925,-30.24116852],[-58.92782137,-30.24116852],[-58.92748943,-30.24137197],[-58.92675061,-30.24197159],[-58.92649363,-30.24199301],[-58.92638655,-30.24206796],[-58.92645614,-30.24222685],[-58.92650434,-30.24237848],[-58.92640797,-30.24251768],[-58.92618311,-30.24256051],[-58.92602615,-30.24232665],[-58.92599266,-30.24233442],[-58.92564924,-30.24241413],[-58.92491962,-30.24214291],[-58.92464373,-30.24190626],[-58.92450202,-30.2417039],[-58.92411655,-30.24162895],[-58.92387027,-30.24169319],[-58.92380603,-30.24187522],[-58.92370966,-30.24210008],[-58.92381125,-30.24238816],[-58.92392381,-30.24261404],[-58.92367826,-30.24270163],[-58.923286,-30.24289989],[-58.92294942,-30.24304235],[-58.92284235,-30.24301022],[-58.92272456,-30.24288173],[-58.92266032,-30.24261404],[-58.922727,-30.24244469],[-58.9226389,-30.24218574],[-58.92232838,-30.24192876],[-58.92197503,-30.2418431],[-58.92161098,-30.24192876],[-58.92130046,-30.2421215],[-58.92133411,-30.24253959],[-58.920658,-30.24291386],[-58.9205081,-30.24313872],[-58.9205081,-30.24350277],[-58.92053585,-30.24371694],[-58.92037859,-30.24390515],[-58.91946584,-30.24427099],[-58.91933026,-30.24443433],[-58.91907328,-30.24435938],[-58.91881083,-30.24389531],[-58.91873064,-30.24371692],[-58.91848134,-30.24348799],[-58.91843083,-30.24323508],[-58.91828185,-30.2423992],[-58.91763847,-30.24199301],[-58.91744573,-30.24176815],[-58.91748856,-30.24146833],[-58.91777376,-30.24109591],[-58.91776696,-30.24083659],[-58.91749927,-30.24076163],[-58.91730653,-30.24075093],[-58.9169853,-30.240858],[-58.91676044,-30.24104003],[-58.9162786,-30.24124347],[-58.91618965,-30.24144515],[-58.9157111,-30.2414255],[-58.91549695,-30.24166107],[-58.9148652,-30.24171461],[-58.91539354,-30.24243033],[-58.91538895,-30.24244411],[-58.91533897,-30.24259404],[-58.91533699,-30.24259998],[-58.91503653,-30.24274254],[-58.91458681,-30.2428389],[-58.91446902,-30.24293527],[-58.91441549,-30.24314417],[-58.91426558,-30.24329933],[-58.91394435,-30.24335287],[-58.91386843,-30.24325192],[-58.91384144,-30.24314417],[-58.91378374,-30.24291386],[-58.91350534,-30.24271041],[-58.91329119,-30.24272112],[-58.91309845,-30.24289244],[-58.91293784,-30.24305306],[-58.91280935,-30.24344924],[-58.91269157,-30.2436848],[-58.9130235,-30.24392037],[-58.91354946,-30.24397698],[-58.91366596,-30.24415594],[-58.91349131,-30.2445374],[-58.91320553,-30.24468061],[-58.91291643,-30.24484122],[-58.91267015,-30.24492688],[-58.91239175,-30.24507679],[-58.9123168,-30.24532306],[-58.9127451,-30.24569783],[-58.91292927,-30.24589407],[-58.9130235,-30.24609401],[-58.91292654,-30.24631953],[-58.91279864,-30.24647948],[-58.91260591,-30.24666151],[-58.91244529,-30.24684354],[-58.91239175,-30.2470791],[-58.91254166,-30.24730396],[-58.91266741,-30.2474668],[-58.9123168,-30.24809632],[-58.91201699,-30.24821411],[-58.91188754,-30.24812164],[-58.91171718,-30.24799995],[-58.91088199,-30.24789288],[-58.91058004,-30.24784642],[-58.91018599,-30.2477858],[-58.91010388,-30.24755877],[-58.90973628,-30.24718618],[-58.90961849,-30.24713264],[-58.90938963,-30.24737911],[-58.9092009,-30.24758236],[-58.9090617,-30.24757165],[-58.90892376,-30.24738321],[-58.90872976,-30.2470791],[-58.90866552,-30.24699344],[-58.90852632,-30.24699344],[-58.90829075,-30.2470791],[-58.90784104,-30.24708981],[-58.90766971,-30.24720759],[-58.90757816,-30.24770405],[-58.90728424,-30.24797854],[-58.90703797,-30.24799995],[-58.90683528,-30.24794851],[-58.90680438,-30.24791062],[-58.90665331,-30.24772543],[-58.90660586,-30.24766727],[-58.90647733,-30.2475097],[-58.90612532,-30.24730794],[-58.90534399,-30.24712703],[-58.90515993,-30.24696879],[-58.90501424,-30.24684354],[-58.90450027,-30.24679],[-58.90423258,-30.24698273],[-58.90407197,-30.24706304],[-58.90391136,-30.24714335],[-58.90352588,-30.24718618],[-58.90330102,-30.24730396],[-58.90317167,-30.24745756],[-58.9031297,-30.24750741],[-58.90279777,-30.24774297],[-58.90259432,-30.24790359],[-58.90246742,-30.24832364],[-58.90231593,-30.24856746],[-58.90212319,-30.24857816],[-58.90167848,-30.24828495],[-58.90133083,-30.24771085],[-58.90095716,-30.24744394],[-58.90073121,-30.24728255],[-58.90069908,-30.24696132],[-58.90090253,-30.24650089],[-58.9012312,-30.24654272],[-58.90149144,-30.24657585],[-58.90155569,-30.24638311],[-58.90140578,-30.24576207],[-58.90106314,-30.24560146],[-58.90030684,-30.2455806],[-58.89992814,-30.24570853],[-58.89971399,-30.24567641],[-58.89953196,-30.24547297],[-58.89955337,-30.24519457],[-58.89973438,-30.24474657],[-58.89984248,-30.24450929],[-58.89961425,-30.24431011],[-58.89931781,-30.24414523],[-58.89929197,-30.24394283],[-58.89898587,-30.24395249],[-58.89858969,-30.24395249],[-58.89822909,-30.24399657],[-58.89802368,-30.24437055],[-58.89781875,-30.24455212],[-58.89742257,-30.24474485],[-58.8969086,-30.24464848],[-58.89621261,-30.24431655],[-58.89580572,-30.24440221],[-58.89545237,-30.24444504],[-58.89509902,-30.24449858],[-58.89486345,-30.2448198],[-58.89461718,-30.24492688],[-58.89412463,-30.24489476],[-58.89391048,-30.24491617],[-58.89368562,-30.24511962],[-58.89361018,-30.24557926],[-58.89354494,-30.24562283],[-58.89335088,-30.24575243],[-58.89302175,-30.24570853],[-58.89264699,-30.24586915],[-58.89235788,-30.24597622],[-58.89176897,-30.2460833],[-58.89158694,-30.24614754],[-58.89152269,-30.24634028],[-58.89150128,-30.24672575],[-58.89154642,-30.24722787],[-58.89127532,-30.2473822],[-58.8911158,-30.24732538],[-58.89073948,-30.24747979],[-58.89051618,-30.2476359],[-58.89016283,-30.24770014],[-58.89001292,-30.24758236],[-58.88978806,-30.24775368],[-58.88944542,-30.24766802],[-58.88939188,-30.24756094],[-58.88973453,-30.24727184],[-58.88990909,-30.2468636],[-58.88961997,-30.24669218],[-58.88893146,-30.24657585],[-58.88861023,-30.24628674],[-58.88847714,-30.24589513],[-58.88794636,-30.24560146],[-58.88721825,-30.24520528],[-58.88693985,-30.24511962],[-58.88616971,-30.24493994],[-58.88608828,-30.24519038],[-58.88635093,-30.2453766],[-58.88639376,-30.24553721],[-58.8863311,-30.24569703],[-58.88697197,-30.24614754],[-58.88699339,-30.24628674],[-58.88679037,-30.24635817],[-58.88641518,-30.24630816],[-58.88621173,-30.2463617],[-58.88599758,-30.24640453],[-58.88583697,-30.24654372],[-58.88565494,-30.24668292],[-58.88492576,-30.24670822],[-58.88444498,-30.24656514],[-58.8841773,-30.24670434],[-58.88396314,-30.24659726],[-58.88383465,-30.24621179],[-58.8836205,-30.24569783],[-58.88337423,-30.24554792],[-58.88272107,-30.24540872],[-58.88250538,-30.24524066],[-58.88228205,-30.24514103],[-58.88203578,-30.24526952],[-58.88202768,-30.24543354],[-58.8816136,-30.24570734],[-58.88120528,-30.24588573],[-58.88041034,-30.24609176],[-58.87984073,-30.24628674],[-58.87956233,-30.24655443],[-58.87931606,-30.24666151],[-58.87885563,-30.24666151],[-58.87845945,-30.24654372],[-58.87841662,-30.24629745],[-58.87847016,-30.24604047],[-58.87827742,-30.24593339],[-58.877817,-30.24596552],[-58.87748506,-30.24604047],[-58.87727091,-30.2458049],[-58.87748506,-30.24562287],[-58.87770992,-30.24488405],[-58.87704605,-30.24413452],[-58.87642501,-30.24403815],[-58.87630723,-30.24381329],[-58.87633935,-30.24335287],[-58.87608237,-30.24292456],[-58.87571831,-30.24290315],[-58.87517277,-30.24285748],[-58.87505444,-30.24306376],[-58.87489383,-30.24313872],[-58.87459402,-30.2429781],[-58.87435845,-30.24288173],[-58.87393015,-30.24295669],[-58.87351255,-30.2428282],[-58.87338109,-30.24235211],[-58.87339963,-30.2422277],[-58.87308425,-30.2419823],[-58.87302,-30.24181098],[-58.87350113,-30.2413765],[-58.87297717,-30.24045111],[-58.87319132,-30.24026909],[-58.87325557,-30.2402905],[-58.87338406,-30.23995857],[-58.87355538,-30.23984078],[-58.87370529,-30.23983008],[-58.87382307,-30.23961592],[-58.87375883,-30.23940177],[-58.87375883,-30.23924116],[-58.8738659,-30.23912338],[-58.87427279,-30.23905913],[-58.87452792,-30.23897088],[-58.87462552,-30.23849781],[-58.87463996,-30.23842783],[-58.87445437,-30.2381517],[-58.87409076,-30.23799908],[-58.87384449,-30.23797766],[-58.87369458,-30.2380205],[-58.8735875,-30.23812757],[-58.87346434,-30.23850336],[-58.87320203,-30.23866295],[-58.87290222,-30.23879144],[-58.87257028,-30.2385987],[-58.87222764,-30.23842738],[-58.87176722,-30.23835243],[-58.8716066,-30.23843809],[-58.87133891,-30.23854517],[-58.87086778,-30.23841668],[-58.87071787,-30.23820252],[-58.87066434,-30.23809545],[-58.87031099,-30.23808474],[-58.86996834,-30.23812757],[-58.86964712,-30.2380312],[-58.86957216,-30.23790271],[-58.86967924,-30.23769927],[-58.87006471,-30.23750653],[-58.87065025,-30.23736747],[-58.87092132,-30.23730309],[-58.87116759,-30.23708894],[-58.87106052,-30.23679983],[-58.87071623,-30.236479],[-58.87031099,-30.23626445],[-58.87011724,-30.23540428],[-58.86996834,-30.23474398],[-58.86979702,-30.23444417],[-58.86956146,-30.23442275],[-58.86935801,-30.23445487],[-58.86924023,-30.23457266],[-58.86941155,-30.23496884],[-58.8694865,-30.23535431],[-58.86954882,-30.23587075],[-58.86941155,-30.23601818],[-58.86920811,-30.23601818],[-58.86875839,-30.23586827],[-58.86846102,-30.23568935],[-58.86825513,-30.23517228],[-58.86794461,-30.2344977],[-58.86768763,-30.23441204],[-58.86751631,-30.23443346],[-58.86739853,-30.23462619],[-58.86741994,-30.23500096],[-58.86756985,-30.23523653],[-58.86773046,-30.23556846],[-58.86794461,-30.23608242],[-58.86794461,-30.23639294],[-58.8679961,-30.23652694],[-58.86799815,-30.23700328],[-58.86775188,-30.23709964],[-58.86741944,-30.23704573],[-58.86720579,-30.23686408],[-58.866693,-30.23679856],[-58.86629565,-30.23696045],[-58.86617786,-30.23712106],[-58.86619928,-30.23739946],[-58.86644114,-30.23778708],[-58.86662758,-30.2380312],[-58.86657404,-30.23819182],[-58.86640272,-30.23825606],[-58.86600654,-30.23819182],[-58.86561344,-30.23804823],[-58.86529198,-30.23796647],[-58.86482871,-30.23809545],[-58.86458243,-30.23809545],[-58.86434687,-30.23796696],[-58.86420767,-30.23765644],[-58.86405776,-30.2373138],[-58.86391164,-30.23707249],[-58.86360804,-30.23702469],[-58.86337248,-30.23713177],[-58.86307481,-30.23747247],[-58.86293347,-30.23779564],[-58.86276215,-30.23793483],[-58.86262295,-30.23785988],[-58.86233905,-30.23760065],[-58.86208757,-30.23742087],[-58.86154611,-30.23749113],[-58.86088641,-30.23730041],[-58.86047073,-30.23761361],[-58.8601495,-30.2377421],[-58.85978544,-30.23757078],[-58.85932501,-30.23700328],[-58.8590252,-30.23655356],[-58.85882176,-30.23601818],[-58.85918754,-30.23553416],[-58.85918391,-30.23544916],[-58.8591684,-30.23508599],[-58.85929289,-30.2349153],[-58.85914224,-30.23447358],[-58.85892744,-30.23376448],[-58.85880034,-30.23351261],[-58.85860761,-30.23343765],[-58.85835442,-30.23350779],[-58.85835063,-30.23394091],[-58.8583078,-30.23418718],[-58.85800798,-30.23409082],[-58.85749402,-30.23383383],[-58.85707642,-30.23367322],[-58.85649925,-30.2336215],[-58.85575939,-30.23384454],[-58.85558807,-30.23405869],[-58.85592719,-30.2342188],[-58.85584314,-30.23463095],[-58.85570585,-30.23484035],[-58.85570585,-30.23499025],[-58.85585576,-30.23507591],[-58.85627336,-30.23510803],[-58.85688807,-30.23530247],[-58.85708713,-30.23547209],[-58.85706454,-30.23580766],[-58.85699736,-30.2359511],[-58.85648751,-30.23592181],[-58.85623053,-30.23595393],[-58.85612345,-30.23598606],[-58.85611165,-30.23626558],[-58.85609133,-30.23656426],[-58.85593071,-30.23667134],[-58.85560554,-30.23632961],[-58.85547029,-30.23608242],[-58.85526684,-30.2360503],[-58.85510623,-30.23607172],[-58.85495632,-30.23614667],[-58.85472076,-30.23639294],[-58.85465651,-30.23670346],[-58.85432892,-30.23720909],[-58.85398194,-30.23730309],[-58.85371425,-30.2373138],[-58.85352151,-30.23728167],[-58.85343585,-30.23706752],[-58.85352533,-30.23658001],[-58.85335926,-30.23619628],[-58.85312873,-30.23609253],[-58.85286835,-30.23597535],[-58.85255783,-30.23610384],[-58.85232717,-30.23645194],[-58.85147961,-30.23667512],[-58.85108019,-30.23649798],[-58.85098381,-30.23639294],[-58.8511475,-30.23619766],[-58.85159415,-30.23566483],[-58.85232783,-30.23509865],[-58.85349389,-30.2344749],[-58.85358575,-30.23404798],[-58.85356472,-30.23361864],[-58.85343585,-30.23328775],[-58.8530825,-30.23314855],[-58.85258995,-30.23329845],[-58.85258089,-30.23349776],[-58.85256854,-30.23376959],[-58.85234368,-30.2339302],[-58.85200482,-30.2340255],[-58.85165839,-30.23412294],[-58.85144424,-30.23429426],[-58.85126867,-30.23470499],[-58.85111231,-30.23516157],[-58.85089815,-30.23530077],[-58.85046985,-30.2351937],[-58.85023654,-30.23491751],[-58.84943122,-30.23469044],[-58.84900291,-30.23472256],[-58.84878876,-30.23458336],[-58.84882088,-30.23419789],[-58.84901362,-30.23405869],[-58.84927559,-30.23400118],[-58.84945263,-30.23396232],[-58.84970961,-30.23381242],[-58.84979527,-30.23357685],[-58.84965608,-30.23328775],[-58.84920636,-30.23309501],[-58.84858362,-30.23307944],[-58.84834975,-30.2330736],[-58.84828551,-30.23274166],[-58.84839162,-30.23253276],[-58.84844612,-30.23235619],[-58.84809277,-30.23206708],[-58.84728875,-30.23204437],[-58.84685069,-30.23190647],[-58.84666866,-30.23175656],[-58.84652907,-30.23102198],[-58.84593485,-30.2308122],[-58.84551349,-30.23089596],[-58.84527049,-30.23094426],[-58.84495545,-30.23114623],[-58.84479484,-30.23157454],[-58.84492333,-30.23182081],[-58.84541986,-30.23207133],[-58.84551224,-30.23232407],[-58.84549083,-30.23257034],[-58.84527668,-30.23277378],[-58.84496713,-30.2327274],[-58.84465492,-30.23219074],[-58.84449071,-30.23200755],[-58.84422733,-30.23171373],[-58.84382045,-30.23161737],[-58.843617,-30.2316709],[-58.84354262,-30.23181729],[-58.84300667,-30.23278449],[-58.84263191,-30.23280591],[-58.84238563,-30.23254892],[-58.8421705,-30.23138742],[-58.84183955,-30.23104986],[-58.84118552,-30.23100364],[-58.84121851,-30.23140321],[-58.84127204,-30.23172444],[-58.84122921,-30.2319493],[-58.84111143,-30.23202425],[-58.84080091,-30.23200284],[-58.84012166,-30.23182939],[-58.83982652,-30.23189576],[-58.8396552,-30.23205638],[-58.83949459,-30.23224911],[-58.8393661,-30.23245256],[-58.83920548,-30.23273095],[-58.83889583,-30.23306079],[-58.83828831,-30.23321632],[-58.83798482,-30.23304147],[-58.83768501,-30.23277378],[-58.83776945,-30.2323914],[-58.83783491,-30.23210991],[-58.83768501,-30.23182081],[-58.83741732,-30.23178869],[-58.83680699,-30.23182081],[-58.83599321,-30.23182081],[-58.8352325,-30.23188373],[-58.83468689,-30.23198142],[-58.83429071,-30.23160666],[-58.83409797,-30.23103916],[-58.83406613,-30.23066417],[-58.83391646,-30.23051406],[-58.83324136,-30.23057873],[-58.83264848,-30.23072675],[-58.83245971,-30.23084642],[-58.83222862,-30.23141097],[-58.83187,-30.23159453],[-58.83139512,-30.23142686],[-58.8310249,-30.23129614],[-58.83069296,-30.2309642],[-58.83061801,-30.23058944],[-58.83082145,-30.23036458],[-58.83118023,-30.23017175],[-58.83131085,-30.22997314],[-58.83147562,-30.22981098],[-58.83148742,-30.22979938],[-58.83151744,-30.22935807],[-58.83169947,-30.22870491],[-58.83184938,-30.22835156],[-58.83152815,-30.22781618],[-58.831314,-30.22735575],[-58.8308833,-30.22723267],[-58.83047881,-30.22727009],[-58.83023345,-30.22750132],[-58.8300398,-30.22794467],[-58.82981494,-30.22809457],[-58.82906541,-30.22791254],[-58.82881914,-30.22720584],[-58.82872103,-30.22712735],[-58.82849791,-30.22694886],[-58.82809102,-30.22701311],[-58.82800536,-30.22723797],[-58.82797063,-30.22751085],[-58.82756635,-30.22791254],[-58.82712734,-30.22793396],[-58.8269346,-30.22799821],[-58.82695602,-30.22819094],[-58.82709229,-30.22856705],[-58.82661584,-30.22888202],[-58.8262279,-30.22894047],[-58.82587455,-30.22888693],[-58.82549979,-30.22845863],[-58.82543554,-30.22815882],[-58.82631075,-30.22764934],[-58.82727724,-30.22704523],[-58.82739503,-30.22694886],[-58.82751765,-30.22651796],[-58.82745927,-30.22630641],[-58.82733078,-30.22606013],[-58.82704168,-30.22594235],[-58.82676328,-30.22591023],[-58.82610894,-30.22602808],[-58.82525351,-30.22546051],[-58.8249396,-30.22546825],[-58.82468601,-30.22537485],[-58.82455752,-30.22550334],[-58.8243862,-30.22597447],[-58.82400211,-30.22639489],[-58.8233349,-30.22649359],[-58.8228336,-30.2264349],[-58.82272653,-30.22596377],[-58.82269502,-30.22506778],[-58.82276936,-30.22441117],[-58.82305846,-30.22396145],[-58.82356172,-30.22345819],[-58.82363667,-30.22310484],[-58.82357242,-30.22281159],[-58.82307988,-30.22283715],[-58.82241601,-30.22297635],[-58.82191275,-30.22285857],[-58.82199171,-30.22195531],[-58.82153244,-30.22163335],[-58.82130242,-30.22159508],[-58.8207389,-30.2219616],[-58.8202852,-30.22240885],[-58.81950531,-30.22224525],[-58.81880543,-30.22211478],[-58.81841538,-30.2220441],[-58.81825076,-30.22164861],[-58.8185934,-30.2212096],[-58.81898958,-30.22114536],[-58.81948213,-30.22104899],[-58.81987831,-30.22065281],[-58.81988902,-30.22013885],[-58.81961062,-30.22001035],[-58.81933222,-30.21997823],[-58.81908595,-30.22012814],[-58.81876472,-30.22014955],[-58.81838996,-30.22006389],[-58.81811773,-30.21949377],[-58.8180259,-30.21918587],[-58.81814368,-30.21889677],[-58.81836854,-30.2188004],[-58.81859943,-30.21877495],[-58.81892534,-30.21914304],[-58.81942859,-30.21932507],[-58.82002822,-30.21953922],[-58.82068138,-30.21962488],[-58.82089553,-30.21921799],[-58.82083418,-30.21891391],[-58.82031732,-30.218522],[-58.81996397,-30.21813653],[-58.81963204,-30.21763327],[-58.81942451,-30.21691957],[-58.8188068,-30.21669604],[-58.81730849,-30.21692657],[-58.8170301,-30.21685162],[-58.81652652,-30.21599698],[-58.81630198,-30.2158344],[-58.81603429,-30.2158344],[-58.81585226,-30.21589865],[-58.81575589,-30.21608067],[-58.81573448,-30.21633766],[-58.81569165,-30.21658393],[-58.81563811,-30.2169694],[-58.81560599,-30.21716214],[-58.81560599,-30.21742983],[-58.81564882,-30.21771893],[-58.81564882,-30.21789025],[-58.8156167,-30.21817936],[-58.8156167,-30.21843634],[-58.81560599,-30.21869332],[-58.81552662,-30.21892534],[-58.81489052,-30.21920279],[-58.81461018,-30.21932507],[-58.81434249,-30.21932507],[-58.81416047,-30.21919658],[-58.814214,-30.21882181],[-58.8146316,-30.21833997],[-58.81482434,-30.21783672],[-58.81488596,-30.21742536],[-58.81459948,-30.21713002],[-58.81436391,-30.21709789],[-58.81429966,-30.21726922],[-58.8142033,-30.21755832],[-58.81382098,-30.21792313],[-58.81311643,-30.21818071],[-58.81281131,-30.2182329],[-58.81256504,-30.21810441],[-58.81169045,-30.21760504],[-58.81103385,-30.21747266],[-58.81068445,-30.21799963],[-58.81043862,-30.21821661],[-58.81010229,-30.2182436],[-58.80981319,-30.21810441],[-58.8096847,-30.21793309],[-58.80972753,-30.2176654],[-58.80998451,-30.21745124],[-58.81003805,-30.21722639],[-58.80992027,-30.21705506],[-58.80947055,-30.21686233],[-58.80942772,-30.21644473],[-58.80936347,-30.21606997],[-58.8094063,-30.21588794],[-58.80962762,-30.21587411],[-58.81026291,-30.2158344],[-58.81065912,-30.21560283],[-58.81087324,-30.2154061],[-58.81091607,-30.21481718],[-58.8107062,-30.21436432],[-58.81050015,-30.21429185],[-58.81032773,-30.2142312],[-58.8097168,-30.21445037],[-58.80914932,-30.2141319],[-58.80919215,-30.21384279],[-58.80943843,-30.21350015],[-58.80921357,-30.21331812],[-58.80862465,-30.21341449],[-58.80746823,-30.21307185],[-58.80658485,-30.21291281],[-58.80635464,-30.21265425],[-58.80605483,-30.21265425],[-58.80568007,-30.21299689],[-58.80547549,-30.21344647],[-58.8050578,-30.21363446],[-58.80476621,-30.21353952],[-58.80455577,-30.21351086],[-58.8043353,-30.21294014],[-58.80441719,-30.2126375],[-58.80453436,-30.21220453],[-58.80478955,-30.21192352],[-58.80452365,-30.211455],[-58.80407306,-30.21100053],[-58.8037527,-30.21083396],[-58.80334582,-30.21086609],[-58.80296045,-30.21133886],[-58.8023393,-30.21134793],[-58.8016219,-30.21121944],[-58.80146128,-30.21119802],[-58.80128996,-30.21123014],[-58.80119359,-30.21140146],[-58.8013435,-30.21174411],[-58.80146975,-30.21202845],[-58.80145303,-30.21251587],[-58.8013435,-30.21273991],[-58.8014827,-30.21296477],[-58.80198595,-30.21336095],[-58.80206091,-30.21358581],[-58.80200737,-30.21387491],[-58.80179322,-30.21392845],[-58.80111864,-30.21387491],[-58.80057255,-30.21374642],[-58.80037982,-30.21370359],[-58.80005859,-30.21381067],[-58.79961958,-30.21393916],[-58.79927694,-30.21415331],[-58.79906279,-30.21454949],[-58.79919128,-30.21479577],[-58.79937331,-30.21509558],[-58.79970216,-30.21518309],[-58.79994081,-30.21527761],[-58.80015496,-30.21563096],[-58.80011243,-30.2158668],[-58.80003717,-30.21628412],[-58.80000505,-30.21684091],[-58.79973736,-30.21716214],[-58.79954463,-30.21729063],[-58.79873085,-30.2172478],[-58.79836679,-30.2172478],[-58.79804557,-30.21737629],[-58.79764939,-30.21761186],[-58.79726391,-30.21780459],[-58.79691056,-30.21807228],[-58.79651438,-30.21832927],[-58.7961392,-30.2184217],[-58.79577556,-30.21851129],[-58.79536867,-30.21829714],[-58.79522947,-30.21789025],[-58.79531142,-30.21731699],[-58.79572075,-30.2169708],[-58.79576485,-30.21644473],[-58.79510098,-30.2158344],[-58.7945703,-30.21520642],[-58.79445853,-30.21507416],[-58.79389103,-30.21499921],[-58.79359652,-30.2152368],[-58.79281424,-30.21532695],[-58.79249904,-30.21536327],[-58.79199579,-30.21497779],[-58.79198508,-30.21429251],[-58.79198334,-30.21375069],[-58.79144144,-30.21332337],[-58.79126767,-30.21354298],[-58.79106423,-30.21382138],[-58.79090361,-30.21429251],[-58.79077512,-30.21458161],[-58.79055026,-30.21445312],[-58.7901755,-30.21419614],[-58.78984356,-30.2137143],[-58.78955446,-30.21352156],[-58.78881564,-30.21346803],[-58.78831913,-30.213457],[-58.78788341,-30.21363645],[-58.78761639,-30.21374642],[-58.78741294,-30.21396058],[-58.78733799,-30.21423897],[-58.78737011,-30.21439959],[-58.78747719,-30.21451737],[-58.78764851,-30.21461374],[-58.78816682,-30.21453404],[-58.78846897,-30.21458423],[-58.78878351,-30.21486001],[-58.78893342,-30.21497779],[-58.7894688,-30.21514912],[-58.78987623,-30.2152309],[-58.79018751,-30.21552002],[-58.79010055,-30.21603784],[-58.78989034,-30.21637244],[-58.78966154,-30.21648756],[-58.7894688,-30.21687304],[-58.78931889,-30.21733346],[-58.78912616,-30.21765469],[-58.7889013,-30.21821148],[-58.78857122,-30.2188412],[-58.78835521,-30.21900384],[-58.78793762,-30.21913233],[-58.7876378,-30.21900384],[-58.78754144,-30.21869332],[-58.78752002,-30.2183828],[-58.78779842,-30.21786884],[-58.78811964,-30.21731205],[-58.78809242,-30.21700704],[-58.78793762,-30.21688374],[-58.78750931,-30.21688374],[-58.78732728,-30.21703365],[-58.78711978,-30.21734229],[-58.78688827,-30.21759044],[-58.78651457,-30.21761455],[-58.78641138,-30.21762121],[-58.78589247,-30.21765469],[-58.785507,-30.21756903],[-58.78549629,-30.21677667],[-58.78519948,-30.21644975],[-58.78412572,-30.21636978],[-58.78371883,-30.21632695],[-58.78371883,-30.21606997],[-58.78368671,-30.21572732],[-58.78329053,-30.21519195],[-58.78290321,-30.21496687],[-58.78247844,-30.2149464],[-58.78224119,-30.21493496],[-58.78208057,-30.21499921],[-58.78154656,-30.21549469],[-58.78139529,-30.21565237],[-58.78106335,-30.21568449],[-58.78094557,-30.21556671],[-58.7807993,-30.21512903],[-58.78074213,-30.21493496],[-58.78024053,-30.21474635],[-58.77998189,-30.21493496],[-58.77991764,-30.21508487],[-58.7800035,-30.21576692],[-58.77994976,-30.21620917],[-58.77970349,-30.21643402],[-58.77896926,-30.21659014],[-58.7785726,-30.2164466],[-58.77804382,-30.21642332],[-58.77724075,-30.21604855],[-58.77668395,-30.21621987],[-58.775898,-30.21632232],[-58.77531339,-30.21656252],[-58.77481013,-30.21628412],[-58.77436041,-30.21601643],[-58.77422121,-30.21568449],[-58.77489579,-30.21519195],[-58.77495936,-30.2149669],[-58.77486263,-30.21474848],[-58.7745147,-30.21450752],[-58.77395352,-30.21467798],[-58.77340744,-30.2148386],[-58.7732147,-30.21473152],[-58.77291489,-30.21378925],[-58.77254885,-30.21308358],[-58.77212325,-30.21263611],[-58.77170493,-30.21238656],[-58.77116955,-30.21241868],[-58.77086671,-30.21264612],[-58.77061276,-30.21283628],[-58.77001696,-30.21282943],[-58.76956377,-30.21300979],[-58.76931532,-30.21324048],[-58.76914582,-30.21356439],[-58.76906016,-30.21403553],[-58.76900662,-30.21451737],[-58.7688353,-30.21476364],[-58.76852478,-30.21515982],[-58.76834275,-30.21535256],[-58.76790532,-30.21552359],[-58.76757181,-30.21557742],[-58.76733624,-30.2155453],[-58.76710068,-30.21537397],[-58.76676305,-30.21448646],[-58.76655459,-30.21427109],[-58.76632973,-30.21427109],[-58.76607275,-30.21451737],[-58.76591213,-30.2148386],[-58.76559803,-30.21514814],[-58.7653018,-30.21543822],[-58.76490562,-30.2155453],[-58.76432741,-30.21553459],[-58.76414647,-30.21525332],[-58.76394194,-30.21525619],[-58.76375991,-30.21527761],[-58.76368496,-30.21543822],[-58.7635932,-30.21571361],[-58.7634601,-30.21600572],[-58.76318272,-30.21610395],[-58.76286333,-30.21649474],[-58.76265092,-30.21660927],[-58.76240005,-30.21674454],[-58.76206812,-30.21664818],[-58.76187538,-30.21649827],[-58.76195033,-30.21628412],[-58.76241034,-30.2158277],[-58.76268239,-30.21547277],[-58.76261985,-30.21493852],[-58.76237864,-30.21481718],[-58.76201458,-30.21489213],[-58.76172547,-30.21505275],[-58.76135071,-30.21530973],[-58.76114726,-30.21560954],[-58.76102948,-30.21584511],[-58.76061331,-30.21636156],[-58.76004438,-30.21643402],[-58.75975528,-30.21627341],[-58.7596375,-30.21606997],[-58.75976599,-30.21570591],[-58.75987306,-30.21536327],[-58.75971528,-30.21464767],[-58.75948759,-30.21453878],[-58.75916636,-30.21454949],[-58.75897363,-30.21466728],[-58.75886655,-30.21480647],[-58.75885584,-30.21496709],[-58.75877018,-30.21518124],[-58.75786572,-30.21586061],[-58.75750669,-30.21598431],[-58.75580418,-30.21585582],[-58.75557933,-30.21578086],[-58.7548405,-30.21587723],[-58.75322366,-30.21511699],[-58.75232422,-30.21515982],[-58.75184238,-30.21460303],[-58.75190683,-30.21445534],[-58.75209936,-30.21401411],[-58.75194946,-30.21377855],[-58.75167106,-30.21377855],[-58.75132301,-30.21426768],[-58.75071809,-30.21389633],[-58.75016129,-30.21362864],[-58.74964733,-30.21362864],[-58.74914407,-30.21388562],[-58.74835724,-30.21388424],[-58.74823641,-30.21340091],[-58.74733449,-30.21203321],[-58.7466385,-30.21156208],[-58.74530697,-30.21096072],[-58.74390807,-30.21068406],[-58.74280519,-30.21020222],[-58.74217344,-30.20970967],[-58.74217344,-30.20940986],[-58.74245184,-30.20907792],[-58.74271176,-30.20899953],[-58.74345835,-30.20915287],[-58.74396161,-30.20945269],[-58.74457194,-30.20959188],[-58.7450859,-30.20952764],[-58.7453643,-30.20916358],[-58.74527882,-30.20901093],[-58.74521439,-30.20889589],[-58.7440901,-30.20849971],[-58.74401514,-30.20808212],[-58.74467253,-30.20742378],[-58.74441133,-30.20672225],[-58.74429334,-30.20635191],[-58.7433834,-30.20540522],[-58.74344595,-30.20508413],[-58.74354401,-30.20458074],[-58.74340481,-30.2042381],[-58.74319862,-30.20424321],[-58.7421092,-30.20427022],[-58.74189505,-30.20422739],[-58.74168089,-30.20397041],[-58.74168089,-30.20363847],[-58.74187363,-30.20346715],[-58.74220556,-30.20338149],[-58.74277307,-30.2035314],[-58.74322377,-30.20337876],[-58.74305888,-30.2026329],[-58.74247325,-30.20227861],[-58.74231522,-30.20124899],[-58.74194259,-30.20017523],[-58.74165963,-30.19986023],[-58.74135967,-30.19995507],[-58.74068509,-30.19995507],[-58.74040669,-30.19979445],[-58.74000756,-30.19943253],[-58.73971653,-30.19957392],[-58.73937877,-30.20020134],[-58.73919674,-30.20036196],[-58.73920744,-30.20055469],[-58.73935735,-30.2008545],[-58.73948584,-30.20100441],[-58.73969999,-30.20117573],[-58.73982848,-30.20134705],[-58.73972141,-30.20144342],[-58.73962504,-30.2015612],[-58.73941089,-30.20165757],[-58.73913249,-30.20171111],[-58.7387149,-30.20177536],[-58.73808315,-30.20171111],[-58.73790112,-30.20175394],[-58.73768697,-30.20175394],[-58.73720513,-30.20158262],[-58.73708734,-30.20138988],[-58.73708734,-30.20106866],[-58.7373122,-30.20069389],[-58.73760131,-30.20046903],[-58.73751591,-30.19967624],[-58.7373122,-30.19931261],[-58.73700568,-30.19912489],[-58.73664833,-30.1988736],[-58.73655197,-30.19869157],[-58.73709318,-30.19836246],[-58.73728353,-30.1981412],[-58.73740429,-30.19800084],[-58.73743444,-30.1979658],[-58.73746144,-30.19759949],[-58.73740964,-30.19749708],[-58.73708734,-30.19750303],[-58.7365948,-30.19729959],[-58.73615579,-30.19687129],[-58.73581425,-30.19652498],[-58.73498892,-30.19651584],[-58.73468885,-30.1967535],[-58.73422842,-30.1966143],[-58.733768,-30.1966143],[-58.73336593,-30.19632049],[-58.7332112,-30.19620742],[-58.73294351,-30.19585407],[-58.73302917,-30.1954793],[-58.73274007,-30.19487968],[-58.73279361,-30.19447279],[-58.73321736,-30.19418878],[-58.73349481,-30.19412422],[-58.73360738,-30.19409802],[-58.7337787,-30.19375538],[-58.73376356,-30.19351303],[-58.73375729,-30.19341274],[-58.73338252,-30.1933592],[-58.73305059,-30.19340203],[-58.73282573,-30.19343415],[-58.73251521,-30.19334849],[-58.73206549,-30.19282382],[-58.73152783,-30.19307069],[-58.73124101,-30.19315576],[-58.73101351,-30.19296662],[-58.73099168,-30.19283675],[-58.73081359,-30.19271976],[-58.73008459,-30.19268462],[-58.7295367,-30.19276072],[-58.72912645,-30.19286839],[-58.72844633,-30.19286665],[-58.72832855,-30.19281312],[-58.72824849,-30.1929182],[-58.72798591,-30.19326283],[-58.72766468,-30.19332708],[-58.7274184,-30.19325213],[-58.72733274,-30.19300585],[-58.72714001,-30.1927917],[-58.72695798,-30.19263109],[-58.72668645,-30.19212721],[-58.72647614,-30.19184943],[-58.72637327,-30.19199702],[-58.72622986,-30.19220278],[-58.72612279,-30.19227774],[-58.72582298,-30.19207429],[-58.72561953,-30.19203146],[-58.72534113,-30.19203146],[-58.7250092,-30.19190297],[-58.72478434,-30.19173165],[-58.72460231,-30.19152821],[-58.72423825,-30.19145325],[-58.72390632,-30.19132476],[-58.72367075,-30.19115344],[-58.72298547,-30.19127122],[-58.72280344,-30.19135689],[-58.72266424,-30.19121769],[-58.72264283,-30.19090717],[-58.72262141,-30.19061806],[-58.72207799,-30.19031723],[-58.72148064,-30.19021789],[-58.72136862,-30.19041462],[-58.72110094,-30.19052169],[-58.72087608,-30.19042533],[-58.72086513,-30.1901461],[-58.72085466,-30.18987924],[-58.72037282,-30.18975075],[-58.71985415,-30.18994374],[-58.71945197,-30.19009339],[-58.71899154,-30.19001844],[-58.71883093,-30.1898257],[-58.71883521,-30.18961129],[-58.71884155,-30.18929415],[-58.71946268,-30.18890485],[-58.71991239,-30.18828381],[-58.71986934,-30.18791384],[-58.71948409,-30.18759853],[-58.71952692,-30.18735225],[-58.71971966,-30.18718093],[-58.7201409,-30.18703091],[-58.72100457,-30.1868597],[-58.72105811,-30.18639928],[-58.72059768,-30.18618513],[-58.71999806,-30.1860031],[-58.7197118,-30.18599678],[-58.71952692,-30.18634574],[-58.71946268,-30.18668838],[-58.71917357,-30.18678475],[-58.71882022,-30.18662414],[-58.71824643,-30.18647059],[-58.71786725,-30.18623866],[-58.71762039,-30.18633573],[-58.71750866,-30.18629809],[-58.7172355,-30.18642069],[-58.71691427,-30.18631362],[-58.71672148,-30.18604174],[-58.71671083,-30.18568187],[-58.7163896,-30.18539277],[-58.71558653,-30.18524286],[-58.71534026,-30.18522145],[-58.71516894,-30.18548913],[-58.71522295,-30.1857663],[-58.71499762,-30.18602451],[-58.71480488,-30.18598168],[-58.71463883,-30.18574291],[-58.71449436,-30.1855748],[-58.71415172,-30.18560692],[-58.71364846,-30.18564975],[-58.71325228,-30.18581036],[-58.7129953,-30.18603522],[-58.71268524,-30.18650742],[-58.71221365,-30.18664555],[-58.71205303,-30.18651706],[-58.71191348,-30.18634679],[-58.71167827,-30.18591744],[-58.71150695,-30.18571399],[-58.71101217,-30.18604303],[-58.71048973,-30.18623866],[-58.71042548,-30.18647423],[-58.71034694,-30.18675646],[-58.71003725,-30.18690807],[-58.70977232,-30.18681687],[-58.70941897,-30.18694536],[-58.70911143,-30.18725093],[-58.70862661,-30.18748074],[-58.70815548,-30.18722376],[-58.70764151,-30.18722376],[-58.70725604,-30.18698819],[-58.70661359,-30.18634574],[-58.70657708,-30.18585713],[-58.70664571,-30.18547843],[-58.70654934,-30.18493234],[-58.70623496,-30.18485858],[-58.70596972,-30.18424927],[-58.7059697,-30.18424923],[-58.70574627,-30.18421493],[-58.70554283,-30.18385088],[-58.70578815,-30.18361074],[-58.70573557,-30.18322984],[-58.7055,-30.18305852],[-58.70531797,-30.1830371],[-58.70492179,-30.18314418],[-58.70481259,-30.18329834],[-58.70460067,-30.1833298],[-58.70433287,-30.18351894],[-58.70409731,-30.18352965],[-58.70386346,-30.18313587],[-58.70363293,-30.18300397],[-58.70339061,-30.18309064],[-58.7031015,-30.18302639],[-58.70229843,-30.18208413],[-58.70156692,-30.18196786],[-58.70121697,-30.18208413],[-58.70114202,-30.18229828],[-58.70115272,-30.18264092],[-58.70127051,-30.1828979],[-58.70150509,-30.18362783],[-58.70151678,-30.18400078],[-58.70136688,-30.18437555],[-58.70108848,-30.1844505],[-58.70088503,-30.18415069],[-58.70089574,-30.18399007],[-58.70081417,-30.18370869],[-58.70054239,-30.18358319],[-58.70028541,-30.18356177],[-58.69999631,-30.18358319],[-58.69994234,-30.18377694],[-58.69958942,-30.18392583],[-58.69926819,-30.18389371],[-58.69912961,-30.18377052],[-58.69799645,-30.18348106],[-58.6975871,-30.18341186],[-58.69733012,-30.18339045],[-58.69713738,-30.18348682],[-58.69680629,-30.18372635],[-58.69616299,-30.18395795],[-58.69598097,-30.18386158],[-58.69585247,-30.18349753],[-58.69580964,-30.18318701],[-58.69641778,-30.18246982],[-58.69666625,-30.182052],[-58.6964521,-30.18153804],[-58.6958846,-30.18070285],[-58.69570257,-30.1806279],[-58.69511696,-30.18080536],[-58.6949531,-30.18085129],[-58.69437483,-30.18101337],[-58.69414997,-30.18079922],[-58.69429988,-30.18061719],[-58.69455931,-30.18001026],[-58.69459969,-30.17981412],[-58.69439624,-30.17943935],[-58.69417139,-30.17942865],[-58.69406431,-30.17947148],[-58.69389401,-30.17996897],[-58.69371196,-30.17995772],[-58.69343331,-30.1799405],[-58.69289718,-30.17974987],[-58.69266162,-30.17972846],[-58.69219755,-30.18008304],[-58.69163369,-30.18038162],[-58.691366,-30.18018889],[-58.69120539,-30.17973917],[-58.69117326,-30.17938582],[-58.69169083,-30.17899488],[-58.69197195,-30.17881244],[-58.69210482,-30.1785185],[-58.69204058,-30.17801525],[-58.69210482,-30.1778011],[-58.69230827,-30.17769402],[-58.69271516,-30.17736209],[-58.69288648,-30.17699803],[-58.6927625,-30.17678379],[-58.69237251,-30.17671963],[-58.69206199,-30.17671963],[-58.69182748,-30.17697831],[-58.69169794,-30.17713723],[-58.69140002,-30.17723914],[-58.69141746,-30.17701299],[-58.69145166,-30.17656972],[-58.69135529,-30.17648406],[-58.69095911,-30.17649477],[-58.69075567,-30.17660185],[-58.6907985,-30.17699803],[-58.69064859,-30.1772443],[-58.69044515,-30.17735138],[-58.69018817,-30.17737279],[-58.68980521,-30.1774334],[-58.68958854,-30.17753341],[-58.68932085,-30.17744775],[-58.68921378,-30.17721218],[-58.68906045,-30.17642659],[-58.68884972,-30.1763877],[-58.68848566,-30.1763984],[-58.6882608,-30.17646265],[-58.68802524,-30.17654831],[-58.68787533,-30.17662326],[-58.68781109,-30.17673034],[-58.6878325,-30.17686954],[-58.68791816,-30.17696591],[-58.68819656,-30.17711581],[-58.68834497,-30.17714169],[-58.68848566,-30.17731926],[-58.68845354,-30.17743704],[-58.68829348,-30.1775154],[-58.68810019,-30.1775227],[-58.68785392,-30.17749058],[-58.68762906,-30.17753341],[-58.68753269,-30.17767261],[-58.6875541,-30.17785463],[-58.68763976,-30.17807949],[-58.6877366,-30.17844452],[-58.6876933,-30.17860416],[-58.68763976,-30.17866841],[-58.68747915,-30.17866841],[-58.68719005,-30.17852921],[-58.68702943,-30.17849709],[-58.68686882,-30.17820798],[-58.68686839,-30.17775849],[-58.6865583,-30.17767261],[-58.68631203,-30.1776619],[-58.68621566,-30.17753341],[-58.68617283,-30.17737279],[-58.68617283,-30.17721218],[-58.68621566,-30.1771051],[-58.68650476,-30.17690166],[-58.68651262,-30.17653194],[-58.68627258,-30.176199],[-58.68613,-30.17628062],[-58.68590514,-30.17633416],[-58.68572311,-30.17621637],[-58.6855732,-30.1759701],[-58.68544471,-30.17579878],[-58.68511278,-30.17580949],[-58.68479155,-30.17574524],[-58.68443724,-30.1754085],[-58.68392457,-30.17532507],[-58.6833765,-30.1756836],[-58.6830921,-30.17586964],[-58.68311046,-30.17614142],[-58.68299268,-30.17628062],[-58.68258579,-30.17604505],[-58.68246238,-30.17576744],[-58.68204717,-30.17570006],[-58.68186838,-30.17578807],[-58.68167565,-30.17574524],[-58.68167322,-30.17574051],[-58.68148291,-30.17537048],[-58.68157075,-30.17506106],[-58.68154716,-30.1748351],[-58.68134627,-30.17488253],[-58.68093682,-30.1751242],[-58.68070126,-30.17502783],[-58.68050302,-30.17481576],[-58.68024083,-30.17453529],[-58.67994102,-30.17443892],[-58.67991027,-30.17410643],[-58.67995173,-30.17370009],[-58.68050852,-30.17347524],[-58.6809047,-30.17345382],[-58.6810439,-30.17329321],[-58.68097965,-30.17306835],[-58.68108673,-30.17262934],[-58.68080833,-30.17239377],[-58.68046569,-30.17234023],[-58.68031578,-30.17221174],[-58.68046569,-30.17201901],[-58.68079762,-30.17187981],[-58.68077621,-30.17171919],[-58.68066913,-30.17164424],[-58.6803372,-30.17164424],[-58.68021942,-30.17178344],[-58.67975899,-30.17185839],[-58.67966262,-30.17178344],[-58.67970545,-30.17131231],[-58.67961278,-30.17121385],[-58.67936281,-30.17094825],[-58.67934139,-30.1707448],[-58.67982324,-30.17041287],[-58.68011234,-30.17029509],[-58.68011234,-30.16952414],[-58.6799089,-30.16923504],[-58.6803892,-30.16837977],[-58.6799196,-30.16842126],[-58.67968404,-30.16837843],[-58.67966262,-30.16798225],[-58.67991217,-30.16775685],[-58.68032649,-30.16738263],[-58.6800588,-30.16710423],[-58.68000284,-30.16668573],[-58.67987677,-30.16612984],[-58.6800588,-30.16540172],[-58.68024083,-30.16532677],[-58.68063701,-30.16534819],[-58.68080833,-30.16547668],[-58.6810439,-30.16557305],[-58.681333,-30.16574437],[-58.68160259,-30.16582162],[-58.68184697,-30.16562658],[-58.68174639,-30.16543627],[-58.68160069,-30.16534819],[-58.68149362,-30.16524111],[-58.68142937,-30.16504837],[-58.68142937,-30.16495201],[-58.6814722,-30.1648021],[-58.68155786,-30.16458795],[-58.68171848,-30.16454512],[-58.68192192,-30.16436309],[-58.68185767,-30.16408469],[-58.68183734,-30.16382506],[-58.68166494,-30.16358144],[-58.68149362,-30.16354931],[-58.681333,-30.16359214],[-58.68114027,-30.16363497],[-58.68093682,-30.16365639],[-58.68085116,-30.16377417],[-58.68066913,-30.16389196],[-58.68065843,-30.16404186],[-58.68066913,-30.16418106],[-58.68064772,-30.16434167],[-58.68040062,-30.16470051],[-58.68016567,-30.16482916],[-58.67990324,-30.16497287],[-58.67975899,-30.16500554],[-58.67964121,-30.16490918],[-58.67965662,-30.16477243],[-58.67956444,-30.16469749],[-58.679364,-30.16453457],[-58.67897849,-30.1643308],[-58.67859186,-30.16425601],[-58.67834559,-30.16438451],[-58.67796012,-30.164513],[-58.67768172,-30.16472715],[-58.67773889,-30.16485868],[-58.67782092,-30.16498413],[-58.67777809,-30.1650912],[-58.67734758,-30.16521998],[-58.67698739,-30.16551862],[-58.67673114,-30.16571834],[-58.67647176,-30.16543385],[-58.6763754,-30.16546597],[-58.67624691,-30.16555163],[-58.67624691,-30.16565871],[-58.67638604,-30.16598731],[-58.67720652,-30.16654587],[-58.67729625,-30.16666522],[-58.67724271,-30.16679371],[-58.67716776,-30.16684725],[-58.67681544,-30.16698221],[-58.67653601,-30.16699715],[-58.67631115,-30.16701857],[-58.67607558,-30.16713635],[-58.67588285,-30.16750041],[-58.67576506,-30.16770385],[-58.67514199,-30.16776585],[-58.67498341,-30.16788588],[-58.67476926,-30.167918],[-58.67468712,-30.16773598],[-58.67479068,-30.16757536],[-58.67465148,-30.16700786],[-58.67438379,-30.16640824],[-58.67422317,-30.16638682],[-58.67410539,-30.16638682],[-58.67386982,-30.16655814],[-58.67386982,-30.16672946],[-58.67391265,-30.16694362],[-58.67400902,-30.16713635],[-58.67401973,-30.16727555],[-58.67398761,-30.16738263],[-58.67364518,-30.16755412],[-58.67350577,-30.16767173],[-58.67343081,-30.16767173],[-58.6732702,-30.16761819],[-58.67325949,-30.16752182],[-58.67312486,-30.16701455],[-58.67281879,-30.16679331],[-58.67248855,-30.16687937],[-58.67208166,-30.16666522],[-58.67205588,-30.16638927],[-58.67187822,-30.16585144],[-58.67202479,-30.16576922],[-58.67231723,-30.16560517],[-58.67234935,-30.16533748],[-58.67226369,-30.16527323],[-58.6721352,-30.16533748],[-58.67190928,-30.16539743],[-58.67166406,-30.16545526],[-58.67160901,-30.16523618],[-58.67170689,-30.16510191],[-58.67191034,-30.16498413],[-58.67196388,-30.16481281],[-58.67188892,-30.16476998],[-58.67141779,-30.16457724],[-58.67110727,-30.16453441],[-58.67076463,-30.16463078],[-58.67060401,-30.16440592],[-58.67009005,-30.16436309],[-58.67010076,-30.16429884],[-58.67017571,-30.16405257],[-58.6701543,-30.16383842],[-58.66994014,-30.16375276],[-58.6697367,-30.16368851],[-58.66962962,-30.16369922],[-58.66961892,-30.16388125],[-58.66961892,-30.16403116],[-58.66951184,-30.16424531],[-58.66896953,-30.16431],[-58.66852674,-30.16422389],[-58.66830511,-30.16447377],[-58.66808069,-30.16452909],[-58.66780934,-30.16411682],[-58.66744528,-30.16378488],[-58.66709193,-30.16360285],[-58.66697415,-30.1636671],[-58.66700627,-30.16384913],[-58.66712405,-30.16397762],[-58.66719901,-30.16412752],[-58.66719901,-30.16422389],[-58.6666208,-30.16425601],[-58.66643877,-30.16430955],[-58.66636381,-30.16438451],[-58.66633169,-30.16448087],[-58.66646018,-30.16459866],[-58.66689919,-30.16478069],[-58.66705981,-30.16486635],[-58.66708122,-30.16503767],[-58.66702768,-30.16514474],[-58.66695273,-30.16520899],[-58.66667433,-30.16514474],[-58.66658867,-30.1650912],[-58.66646018,-30.16511262],[-58.66637452,-30.16530536],[-58.66648441,-30.16568979],[-58.66652443,-30.16588357],[-58.66639594,-30.16604418],[-58.66624603,-30.16609772],[-58.66589268,-30.16609772],[-58.66572888,-30.16597698],[-58.66562499,-30.16585144],[-58.66550721,-30.16589427],[-58.66544256,-30.16605076],[-58.6652074,-30.16624762],[-58.66503608,-30.16626904],[-58.6646926,-30.16611884],[-58.66440433,-30.16599064],[-58.66430108,-30.16613379],[-58.66419018,-30.16632258],[-58.66406169,-30.1663547],[-58.66389036,-30.16636541],[-58.66368692,-30.16622621],[-58.66356914,-30.16623692],[-58.66283031,-30.16623692],[-58.66260546,-30.16624762],[-58.66259272,-30.16610326],[-58.66257333,-30.16588357],[-58.66245555,-30.16581932],[-58.66226281,-30.16577649],[-58.66202725,-30.1657872],[-58.66173814,-30.1657979],[-58.66160965,-30.16587286],[-58.66157753,-30.16596923],[-58.66171673,-30.16626904],[-58.66175956,-30.16639753],[-58.66175956,-30.16655814],[-58.66162036,-30.16667593],[-58.66145975,-30.166783],[-58.66143833,-30.16695432],[-58.66139217,-30.16730992],[-58.66130984,-30.1674897],[-58.66114923,-30.16754324],[-58.66102785,-30.1674534],[-58.66049606,-30.16690079],[-58.6602605,-30.16689008],[-58.66023908,-30.1670614],[-58.66034616,-30.16739333],[-58.66037609,-30.16765251],[-58.66032474,-30.16798225],[-58.66020696,-30.16808933],[-58.66002493,-30.16806791],[-58.65977644,-30.167807],[-58.65951097,-30.16757536],[-58.6592754,-30.16759678],[-58.65910408,-30.1677681],[-58.65901842,-30.16802508],[-58.65906125,-30.16817499],[-58.65900627,-30.16846607],[-58.65874002,-30.16884956],[-58.65845933,-30.16879563],[-58.65807615,-30.16864612],[-58.65776119,-30.16844813],[-58.65767377,-30.16812013],[-58.6580012,-30.1680572],[-58.65816181,-30.16800367],[-58.6582796,-30.16780022],[-58.65826573,-30.16765284],[-58.65819394,-30.16689008],[-58.657862,-30.16657956],[-58.65797978,-30.16573366],[-58.65825567,-30.16537401],[-58.65697327,-30.16510191],[-58.65652355,-30.16510191],[-58.65632011,-30.1652197],[-58.65632011,-30.16542314],[-58.65628148,-30.16563137],[-58.65627728,-30.16591569],[-58.6561595,-30.16604418],[-58.65579509,-30.16616618],[-58.65534958,-30.1661604],[-58.65467114,-30.16614055],[-58.65449982,-30.16605489],[-58.65444628,-30.1659371],[-58.65444628,-30.16575507],[-58.65468666,-30.1654403],[-58.65500308,-30.16525182],[-58.6551004,-30.16473877],[-58.65460782,-30.16416758],[-58.65425944,-30.1643988],[-58.65408223,-30.16484493],[-58.65385737,-30.1650912],[-58.65340765,-30.16539102],[-58.65297935,-30.16558375],[-58.65280803,-30.16548739],[-58.65289369,-30.16506979],[-58.65294886,-30.1648827],[-58.65257246,-30.16470573],[-58.65230477,-30.16429884],[-58.65209062,-30.16390266],[-58.65167302,-30.16363497],[-58.65153382,-30.1635279],[-58.65133038,-30.16347436],[-58.65101986,-30.16345295],[-58.65059768,-30.16359908],[-58.65046307,-30.16364568],[-58.65038811,-30.16388125],[-58.65044165,-30.16410611],[-58.65046307,-30.16449158],[-58.65039882,-30.16478069],[-58.65043135,-30.16488759],[-58.65047377,-30.16502696],[-58.65049519,-30.16520899],[-58.65044165,-30.16533748],[-58.65014184,-30.16540172],[-58.64959575,-30.16540172],[-58.64913533,-30.16544455],[-58.64889976,-30.1653696],[-58.64826801,-30.16459866],[-58.64804315,-30.16426672],[-58.64805386,-30.16413823],[-58.64816094,-30.16408469],[-58.64831341,-30.16403133],[-58.64858924,-30.16393479],[-58.64876056,-30.16367781],[-58.64863052,-30.16362319],[-58.64822518,-30.16345295],[-58.64765768,-30.16315313],[-58.64713859,-30.16319388],[-58.6467854,-30.1638071],[-58.64664046,-30.16405257],[-58.64636207,-30.16410611],[-58.64614791,-30.16417035],[-58.64601942,-30.16421318],[-58.64585881,-30.16429884],[-58.64585881,-30.16434167],[-58.64605155,-30.16436309],[-58.6462657,-30.16436309],[-58.64654409,-30.16438451],[-58.64664046,-30.16443804],[-58.646694,-30.1645237],[-58.646694,-30.16463078],[-58.64664046,-30.16474856],[-58.64656551,-30.16475927],[-58.64639419,-30.16475927],[-58.64610508,-30.16479139],[-58.64601942,-30.16483422],[-58.64600872,-30.16493059],[-58.64604084,-30.16503767],[-58.64610508,-30.16514474],[-58.64634065,-30.16531606],[-58.64639419,-30.16534819],[-58.64653339,-30.16542314],[-58.64682168,-30.16560248],[-58.64682249,-30.1657872],[-58.64660834,-30.16588357],[-58.64631923,-30.1659371],[-58.64608234,-30.16585813],[-58.64577315,-30.16575507],[-58.64567678,-30.16576578],[-58.64560172,-30.16603488],[-58.64554829,-30.16642965],[-58.64543051,-30.16656885],[-58.64520565,-30.16654744],[-58.64509857,-30.16645107],[-58.64519361,-30.16618496],[-58.64525918,-30.16600135],[-58.64504503,-30.16575507],[-58.64469168,-30.16571224],[-58.64440258,-30.16577649],[-58.6442848,-30.16595852],[-58.64462655,-30.16625012],[-58.64463815,-30.16646177],[-58.64467027,-30.16661168],[-58.64463815,-30.16666522],[-58.64435975,-30.16680442],[-58.64413489,-30.166783],[-58.64388511,-30.16676427],[-58.64370659,-30.16675088],[-58.64348173,-30.16670805],[-58.64331041,-30.16675088],[-58.64313909,-30.16695432],[-58.64313909,-30.16713635],[-58.64331041,-30.1673398],[-58.64346031,-30.16744687],[-58.64366728,-30.16751175],[-58.64365546,-30.16756533],[-58.64383508,-30.16763961],[-58.64383508,-30.16775739],[-58.64379225,-30.16786447],[-58.64353333,-30.16811866],[-58.64350762,-30.16823515],[-58.64336574,-30.16851418],[-58.64297847,-30.16860329],[-58.64293698,-30.16881954],[-58.64271078,-30.16908513],[-58.64267866,-30.16924574],[-58.64240026,-30.16941707],[-58.64191842,-30.16938494],[-58.64127167,-30.16941532],[-58.64086908,-30.16968475],[-58.64077271,-30.16993103],[-58.64069776,-30.17001669],[-58.63999106,-30.1700381],[-58.6394878,-30.17025226],[-58.63912374,-30.17033792],[-58.63890017,-30.17039215],[-58.63862049,-30.17023084],[-58.63841704,-30.17027367],[-58.6383528,-30.1704557],[-58.63834209,-30.1705949],[-58.63855624,-30.17068056],[-58.63886308,-30.1708373],[-58.63898455,-30.17098037],[-58.6390595,-30.17118381],[-58.63908091,-30.17140867],[-58.63898455,-30.17163353],[-58.63893101,-30.1718691],[-58.63884535,-30.17197618],[-58.63870615,-30.1720083],[-58.63854554,-30.17201901],[-58.63833138,-30.17179415],[-58.63824582,-30.17164137],[-58.63797803,-30.17125877],[-58.63794591,-30.17095896],[-58.63768893,-30.17076622],[-58.63748549,-30.1708733],[-58.63729275,-30.1710232],[-58.6373677,-30.17126948],[-58.63729404,-30.17187931],[-58.63703577,-30.1720083],[-58.63687515,-30.17205113],[-58.63671454,-30.17207254],[-58.6364777,-30.17174478],[-58.63620058,-30.1714515],[-58.63582581,-30.1714408],[-58.63576157,-30.17152646],[-58.63574015,-30.17175132],[-58.63575167,-30.17215406],[-58.63460515,-30.17269358],[-58.63456232,-30.17288632],[-58.63469081,-30.17311118],[-58.63503355,-30.17303623],[-58.63541892,-30.17283278],[-58.6358044,-30.17269358],[-58.63614704,-30.17284349],[-58.63614704,-30.17327179],[-58.63607209,-30.17334674],[-58.63578298,-30.17340028],[-58.63553671,-30.17340028],[-58.63542963,-30.17341099],[-58.63527973,-30.17348594],[-58.63525831,-30.17355019],[-58.63520477,-30.17378576],[-58.63516194,-30.17404274],[-58.63511911,-30.17406415],[-58.63507628,-30.1741284],[-58.63501204,-30.17421406],[-58.63488355,-30.17471731],[-58.63488355,-30.17495288],[-58.63490496,-30.17527411],[-58.63490496,-30.17534906],[-58.63475505,-30.17547755],[-58.63456232,-30.17555251],[-58.63441241,-30.17559534],[-58.63405906,-30.17571312],[-58.63380208,-30.17571312],[-58.633695,-30.17563817],[-58.63365217,-30.17555251],[-58.63365217,-30.17533835],[-58.63370571,-30.17514562],[-58.63380208,-30.17502783],[-58.63415041,-30.17488796],[-58.63445524,-30.17477085],[-58.63450878,-30.17450316],[-58.63413402,-30.17422477],[-58.63371642,-30.17422477],[-58.63342732,-30.17418194],[-58.63330844,-30.17425877],[-58.6328384,-30.17448175],[-58.63264421,-30.17438363],[-58.63246363,-30.1744175],[-58.63246754,-30.17470164],[-58.63239651,-30.17489234],[-58.6326992,-30.17522057],[-58.6326992,-30.17556321],[-58.63257071,-30.17600222],[-58.6324208,-30.1762485],[-58.6323313,-30.1763045],[-58.63222807,-30.17659114],[-58.63188076,-30.17663824],[-58.63177434,-30.17654818],[-58.63153207,-30.17599152],[-58.63151066,-30.1756917],[-58.63145712,-30.17547755],[-58.63135005,-30.17531694],[-58.63113589,-30.17519916],[-58.6307183,-30.17515633],[-58.63060052,-30.17516703],[-58.63046132,-30.17533835],[-58.63032212,-30.17552038],[-58.6303103,-30.17576739],[-58.63023646,-30.17625921],[-58.63046132,-30.17654831],[-58.63041849,-30.17675175],[-58.63026858,-30.17683741],[-58.63001464,-30.17685912],[-58.62884695,-30.17651926],[-58.62835192,-30.17659114],[-58.62807353,-30.17651619],[-58.62793433,-30.17626991],[-58.62801999,-30.17605576],[-58.62857518,-30.17583547],[-58.62873468,-30.17554805],[-58.62882301,-30.17538886],[-58.62876537,-30.17533214],[-58.62863511,-30.17520396],[-58.62805211,-30.17482439],[-58.62743107,-30.17450316],[-58.62683145,-30.17423547],[-58.62655167,-30.17423547],[-58.6263389,-30.17423547],[-58.6260605,-30.17451387],[-58.62617754,-30.17472788],[-58.62624253,-30.17504925],[-58.62624253,-30.17534906],[-58.62618899,-30.17564887],[-58.6260498,-30.17595939],[-58.62545622,-30.17616234],[-58.62521461,-30.17609859],[-58.62490409,-30.17591656],[-58.62476489,-30.17548826],[-58.62502187,-30.17450316],[-58.62511824,-30.17419264],[-58.62486126,-30.17346453],[-58.62444366,-30.17331462],[-58.62359776,-30.17334674],[-58.62310317,-30.17334674],[-58.62271974,-30.17334674],[-58.62243064,-30.17296127],[-58.62260196,-30.17281137],[-58.62354422,-30.17238306],[-58.62359518,-30.17200681],[-58.6233622,-30.17162283],[-58.62286965,-30.17140867],[-58.62245205,-30.17139797],[-58.62194841,-30.17147026],[-58.62155568,-30.17124459],[-58.62135165,-30.1710465],[-58.62123139,-30.1707341],[-58.62108148,-30.17037004],[-58.62094228,-30.17020943],[-58.62077096,-30.1701773],[-58.62059964,-30.1701666],[-58.62031054,-30.17023084],[-58.619805,-30.17068958],[-58.61936827,-30.17107674],[-58.61908987,-30.17118381],[-58.61886501,-30.17117311],[-58.61868299,-30.17100179],[-58.61850096,-30.17075551],[-58.61851166,-30.17030579],[-58.61835105,-30.17011306],[-58.6179977,-30.16993103],[-58.61775143,-30.16998457],[-58.61745161,-30.17007023],[-58.61725888,-30.17019872],[-58.61738737,-30.17051995],[-58.61736466,-30.17086054],[-58.61733383,-30.17132301],[-58.61724817,-30.17152646],[-58.61706872,-30.17150213],[-58.61661642,-30.1714408],[-58.6157384,-30.17114098],[-58.61533151,-30.17118381],[-58.6146034,-30.17134393],[-58.61376821,-30.17134393],[-58.6127617,-30.17093754],[-58.61212995,-30.17040216],[-58.61200146,-30.17014518],[-58.61199075,-30.16978112],[-58.61202287,-30.1694706],[-58.61202287,-30.16917079],[-58.61184084,-30.1689031],[-58.61148749,-30.16886027],[-58.61097353,-30.16886027],[-58.61077009,-30.16898876],[-58.61055594,-30.16909584],[-58.61049169,-30.16925645],[-58.61048098,-30.1693314],[-58.61056876,-30.16955525],[-58.61069513,-30.16987749],[-58.61074867,-30.17005952],[-58.61083433,-30.17039145],[-58.61062018,-30.17062702],[-58.61048098,-30.17078763],[-58.61012189,-30.17089455],[-58.60968862,-30.17099108],[-58.60952801,-30.17106603],[-58.60885343,-30.1710232],[-58.60858805,-30.17098645],[-58.60815744,-30.17092683],[-58.60777197,-30.17058419],[-58.60745167,-30.16945175],[-58.60726041,-30.16810438],[-58.60768869,-30.16686866],[-58.60765775,-30.16645107],[-58.60710096,-30.16607987],[-58.60660603,-30.16597161],[-58.60598737,-30.1662036],[-58.60606361,-30.16686866],[-58.60595644,-30.16801318],[-58.60581724,-30.16807505],[-58.60440979,-30.16804412],[-58.60360553,-30.16804412],[-58.6030178,-30.16798225],[-58.60216715,-30.16705426],[-58.60189956,-30.16616861],[-58.60178204,-30.16546353],[-58.60120822,-30.16488895],[-58.60076444,-30.16416264],[-58.60045037,-30.16365163],[-58.59930584,-30.16340417],[-58.5968312,-30.16292471],[-58.59593415,-30.16273911],[-58.59478963,-30.16261538],[-58.59345951,-30.16258444],[-58.591619,-30.16207405],[-58.59031981,-30.16126979],[-58.58980942,-30.1603882],[-58.58891236,-30.15970767],[-58.58772144,-30.15924368],[-58.58704301,-30.15907017],[-58.58665425,-30.15897074],[-58.58534209,-30.15901768]],[[-58.11034542,-32.97133116],[-58.11052623,-32.97178319],[-58.11066592,-32.97213241],[-58.11094064,-32.97268184],[-58.1110551,-32.97293367],[-58.11089485,-32.97329995],[-58.11050567,-32.97384938],[-58.11043699,-32.97428435],[-58.11036831,-32.97501692],[-58.1104141,-32.97565792],[-58.1104141,-32.97625314],[-58.11048278,-32.97687125],[-58.11062013,-32.97771828],[-58.11057435,-32.97808457],[-58.11057693,-32.97810438],[-58.11064303,-32.97861111],[-58.11071171,-32.97906896],[-58.1107346,-32.97989311],[-58.11074135,-32.97996282],[-58.11080328,-32.98060279],[-58.1107874,-32.9809679],[-58.11078039,-32.98112932],[-58.11098642,-32.9815185],[-58.11114667,-32.98222818],[-58.11112378,-32.98259447],[-58.11137771,-32.98317851],[-58.1113984,-32.9832261],[-58.11158164,-32.98364754],[-58.11181057,-32.98426565],[-58.11206239,-32.98504401],[-58.11238289,-32.98550187],[-58.11247446,-32.9857079],[-58.11274917,-32.9863718],[-58.11288653,-32.98689834],[-58.11306968,-32.98758512],[-58.11313835,-32.98808877],[-58.11318414,-32.98859241],[-58.11319515,-32.98886772],[-58.11320703,-32.98916473],[-58.11322993,-32.98964548],[-58.11339018,-32.99044673],[-58.1133215,-32.99081302],[-58.11270339,-32.99149981],[-58.11252025,-32.99172874],[-58.11219974,-32.99195767],[-58.11181057,-32.99207213],[-58.11130692,-32.99262156],[-58.11087196,-32.99301074],[-58.1104141,-32.99317099],[-58.1100936,-32.99351438],[-58.1097502,-32.99383488],[-58.10949838,-32.99424696],[-58.10920078,-32.99470481],[-58.10890317,-32.99518556],[-58.10890317,-32.99566632],[-58.10869713,-32.99612417],[-58.10865135,-32.99676518],[-58.10837663,-32.9973375],[-58.10833084,-32.99768089],[-58.10826907,-32.99833984],[-58.10826217,-32.99841346],[-58.10828506,-32.99887132],[-58.10796456,-32.99964968],[-58.10785009,-33.0002449],[-58.10780431,-33.0008859],[-58.10766695,-33.00161847],[-58.10765579,-33.00166716],[-58.1077055,-33.00197625],[-58.10826217,-33.00543777],[-58.10859793,-33.00684187],[-58.10860801,-33.00692255],[-58.10865898,-33.00733025],[-58.10865898,-33.00821544],[-58.10865898,-33.00861225],[-58.10887264,-33.00879539],[-58.1088116,-33.00922273],[-58.10902526,-33.0099553],[-58.10911683,-33.01038264],[-58.10957469,-33.01102364],[-58.10978836,-33.01166464],[-58.11012412,-33.01206145],[-58.11024622,-33.01267193],[-58.11033779,-33.01309926],[-58.11049041,-33.01331293],[-58.11058198,-33.01346555],[-58.11088722,-33.01450336],[-58.11107036,-33.01483912],[-58.11131455,-33.01499174],[-58.1113756,-33.01557169],[-58.11134563,-33.01632098],[-58.11134508,-33.01633479],[-58.11161979,-33.01706736],[-58.11186398,-33.01734208],[-58.11180293,-33.01795255],[-58.1120166,-33.01822727],[-58.11238289,-33.01856303],[-58.11219974,-33.01905141],[-58.11223027,-33.01957032],[-58.1126576,-33.01966189],[-58.11290179,-33.01963137],[-58.11339018,-33.02042499],[-58.11311546,-33.02088285],[-58.11339018,-33.02109651],[-58.11369541,-33.02100494],[-58.11384803,-33.02201223],[-58.11393961,-33.02268375],[-58.11442799,-33.02326371],[-58.11458061,-33.02381314],[-58.1147027,-33.02451519],[-58.11455008,-33.02469833],[-58.11381751,-33.02448466],[-58.1134207,-33.02381314],[-58.1132986,-33.02323318],[-58.11274917,-33.02332476],[-58.11229132,-33.02295847],[-58.11168084,-33.02201223],[-58.11131455,-33.02161542],[-58.1107346,-33.02109651],[-58.11049041,-33.0208218],[-58.11006307,-33.02039446],[-58.1094526,-33.01987556],[-58.10896422,-33.01950927],[-58.10853688,-33.01911246],[-58.10820112,-33.01938718],[-58.10810955,-33.0200587],[-58.10768221,-33.02002818],[-58.10694964,-33.01999765],[-58.10609497,-33.01993661],[-58.10563711,-33.01899037],[-58.10505716,-33.01847146],[-58.10478245,-33.0180136],[-58.10481297,-33.01743365],[-58.10487402,-33.01709789],[-58.10475192,-33.01645688],[-58.10435511,-33.01599903],[-58.10392778,-33.01581588],[-58.10346992,-33.01593798],[-58.10362254,-33.01651793],[-58.10359201,-33.01712841],[-58.10420249,-33.01712841],[-58.10435511,-33.0174947],[-58.10417197,-33.01761679],[-58.10398882,-33.01807465],[-58.10417197,-33.01856303],[-58.1040804,-33.01902089],[-58.10353097,-33.01892932],[-58.1031952,-33.01853251],[-58.10282892,-33.01828832],[-58.10258473,-33.01798308],[-58.10227949,-33.01752522],[-58.10182163,-33.01721998],[-58.10166901,-33.01691474],[-58.10136377,-33.01654846],[-58.10093644,-33.01615165],[-58.10066172,-33.01590745],[-58.10026491,-33.01551065],[-58.0999902,-33.01511384],[-58.09947129,-33.01486964],[-58.09919658,-33.01428969],[-58.09879977,-33.01398445],[-58.0987082,-33.01380131],[-58.09849453,-33.01349607],[-58.09800615,-33.01316031],[-58.09748724,-33.01291612],[-58.09690729,-33.0126414],[-58.09665666,-33.0120924],[-58.09644052,-33.01161897],[-58.09626629,-33.0112373],[-58.0966631,-33.01096259],[-58.09715148,-33.01050473],[-58.09702938,-33.0100774],[-58.09675467,-33.00965006],[-58.09629681,-33.00934482],[-58.09593052,-33.0091922],[-58.09544214,-33.00925325],[-58.09501481,-33.00910063],[-58.09437381,-33.00888697],[-58.09443485,-33.00839858],[-58.09477062,-33.00775758],[-58.09477062,-33.00736077],[-58.09412962,-33.00684187],[-58.09370228,-33.00583458],[-58.09351914,-33.0052241],[-58.09300023,-33.00494939],[-58.09275604,-33.00455258],[-58.09251185,-33.00397262],[-58.09208452,-33.00342319],[-58.09110775,-33.00339267],[-58.09058885,-33.00308743],[-58.09049728,-33.00192752],[-58.09058885,-33.00137809],[-58.09049728,-33.00098128],[-58.09025308,-33.0004929],[-58.08991732,-33.00021819],[-58.08942894,-32.99966876],[-58.08894056,-32.9990888],[-58.08817746,-32.99853938],[-58.08814694,-32.99823414],[-58.08854375,-32.9971658],[-58.08808589,-32.99744052],[-58.08768908,-32.99731842],[-58.08738384,-32.99676899],[-58.08765856,-32.99649428],[-58.08750594,-32.99582275],[-58.08726175,-32.99509018],[-58.08717017,-32.99475442],[-58.08729227,-32.99426603],[-58.08738384,-32.99368608],[-58.08717017,-32.9931977],[-58.08744489,-32.99286194],[-58.08726175,-32.99203779],[-58.08775013,-32.99154941],[-58.08759751,-32.99090841],[-58.08775013,-32.99045055],[-58.08811641,-32.98977903],[-58.08793327,-32.98938222],[-58.08793327,-32.98871069],[-58.08808589,-32.98806969],[-58.08814694,-32.98712345],[-58.0883606,-32.98666559],[-58.08872689,-32.98599407],[-58.0885657,-32.98575227],[-58.08829956,-32.98535306],[-58.08857427,-32.98465102],[-58.08900161,-32.98431525],[-58.0890184,-32.9840466],[-58.08906265,-32.98333849],[-58.08903213,-32.98239225],[-58.08945946,-32.98123234],[-58.08967313,-32.98114077],[-58.08997837,-32.98071344],[-58.08982575,-32.98034715],[-58.08982575,-32.97991982],[-58.09019204,-32.97961458],[-58.0904057,-32.97918724],[-58.09025308,-32.97860729],[-58.09037518,-32.97808838],[-58.09031413,-32.97738633],[-58.09055832,-32.97702005],[-58.09089409,-32.9761959],[-58.09074147,-32.97537176],[-58.09074147,-32.97466971],[-58.09074147,-32.97421185],[-58.09073325,-32.9740557],[-58.09071094,-32.9736319],[-58.09077199,-32.97271618],[-58.09076059,-32.97268484],[-58.09064989,-32.97238042],[-58.09031413,-32.97210571],[-58.09046675,-32.9715868],[-58.09080251,-32.97115947],[-58.09043623,-32.9708237],[-58.09043623,-32.97041008],[-58.09043623,-32.97036585],[-58.09043023,-32.97027582],[-58.09037518,-32.96945013],[-58.09016151,-32.96850389],[-58.0898868,-32.96774079],[-58.08955104,-32.96706927],[-58.08936789,-32.96624512],[-58.08939842,-32.96560412],[-58.08891003,-32.96453579],[-58.08894056,-32.96395583],[-58.08866584,-32.9628875],[-58.08863532,-32.96218545],[-58.08854375,-32.96114764],[-58.08855052,-32.96109687],[-58.0886048,-32.96068978],[-58.0886048,-32.95974354],[-58.08863532,-32.95898044],[-58.08866584,-32.9586752],[-58.08869637,-32.95836997],[-58.08891003,-32.95785106],[-58.08930684,-32.9575153],[-58.08956196,-32.95719976],[-58.09038918,-32.95617662],[-58.09046675,-32.95608068],[-58.09068042,-32.9559891],[-58.0911688,-32.95632487],[-58.09159613,-32.95571439],[-58.09199295,-32.95504286],[-58.09284761,-32.95479867],[-58.09367176,-32.9541882],[-58.09480114,-32.95366929],[-58.09509771,-32.95350321],[-58.09556424,-32.95324196],[-58.09739567,-32.95250938],[-58.09786092,-32.95246436],[-58.09834191,-32.95241781],[-58.0985836,-32.95224686],[-58.09959339,-32.95153262],[-58.09959675,-32.95155353],[-58.09972311,-32.95157459],[-58.09981468,-32.95189509],[-58.10018097,-32.95223848],[-58.10018097,-32.95224686],[-58.10018097,-32.9525132],[-58.10006651,-32.95285659],[-58.10015723,-32.95309851],[-58.10027254,-32.95340602],[-58.10027643,-32.95350321],[-58.10029544,-32.95397835],[-58.10038701,-32.95434463],[-58.10066172,-32.9547567],[-58.10077571,-32.95523165],[-58.1007949,-32.9553116],[-58.10079908,-32.95532903],[-58.10098222,-32.95583267],[-58.10116537,-32.9563821],[-58.10157744,-32.95656524],[-58.1020124,-32.95709178],[-58.10210398,-32.95752674],[-58.10315705,-32.95791592],[-58.10354623,-32.95825932],[-58.10384384,-32.95855693],[-58.10416434,-32.95880875],[-58.10475955,-32.95924371],[-58.10479515,-32.95926151],[-58.10572105,-32.95972446],[-58.10617891,-32.96004496],[-58.10656809,-32.96029679],[-58.10688859,-32.96066307],[-58.10711752,-32.96102936],[-58.10732356,-32.96144143],[-58.10734059,-32.9614982],[-58.10746091,-32.96189929],[-58.10753606,-32.96197981],[-58.10778142,-32.96224268],[-58.10791877,-32.96258608],[-58.10795472,-32.96265557],[-58.10826217,-32.96324997],[-58.10844531,-32.9634789],[-58.10865135,-32.96446329],[-58.10872002,-32.96496694],[-58.1087887,-32.96544769],[-58.1091092,-32.96602001],[-58.10911578,-32.9660858],[-58.10915499,-32.96647787],[-58.10938392,-32.96682126],[-58.10931524,-32.96750805],[-58.10940681,-32.96775987],[-58.10947549,-32.96819484],[-58.10945383,-32.96854141],[-58.1094526,-32.96856112],[-58.1096149,-32.9688136],[-58.10974478,-32.96901564],[-58.10986467,-32.96920212],[-58.10984178,-32.96963709],[-58.11007071,-32.97002627],[-58.11011649,-32.97052991],[-58.11011649,-32.97094198],[-58.11034542,-32.97133116]],[[-58.11403792,-33.02106229],[-58.11388516,-33.0206549],[-58.11370693,-33.02006929],[-58.11337593,-33.01948368],[-58.11309585,-33.01922907],[-58.11268847,-33.01798147],[-58.11235748,-33.01780324],[-58.11230655,-33.01724309],[-58.11210286,-33.01673386],[-58.11187371,-33.0159191],[-58.11184825,-33.01530803],[-58.11146633,-33.01446781],[-58.11113534,-33.01423866],[-58.11103349,-33.01378035],[-58.11080434,-33.0126346],[-58.11054972,-33.01192168],[-58.11021873,-33.01153976],[-58.11001504,-33.0108523],[-58.1095822,-33.00985931],[-58.10920028,-33.00878994],[-58.10894566,-33.00807702],[-58.10886928,-33.00693126],[-58.10874197,-33.00647296],[-58.10864013,-33.00578551],[-58.1084619,-33.00522536],[-58.10830913,-33.00479252],[-58.10807998,-33.00354491],[-58.1081309,-33.00275561],[-58.10810544,-33.00148255],[-58.10815636,-33.00087148],[-58.10821232,-33.00038184],[-58.10825821,-32.99998033],[-58.10847543,-32.99929764],[-58.10861467,-32.99886003],[-58.10864013,-32.99827442],[-58.10894566,-32.99733235],[-58.10899659,-32.99667036],[-58.10909843,-32.99605929],[-58.10948035,-32.99509176],[-58.10998958,-32.99445523],[-58.11023986,-32.99417366],[-58.1124507,-32.99235311],[-58.11266301,-32.99234194],[-58.11329955,-32.99193456],[-58.11369655,-32.99141634],[-58.11413802,-32.99089311],[-58.11456314,-32.9905007],[-58.11513541,-32.99038624],[-58.11574039,-32.99035354],[-58.1160674,-32.99051705],[-58.11668873,-32.99071326],[-58.11695749,-32.99092884],[-58.11729697,-32.99140412],[-58.11808627,-32.99226556],[-58.11846819,-32.99274932],[-58.11907926,-32.99323309],[-58.11956303,-32.993946],[-58.12024835,-32.99458979],[-58.12040325,-32.9947353],[-58.12063609,-32.99525919],[-58.12070878,-32.99542276],[-58.12139624,-32.99623752],[-58.1217527,-32.99669582],[-58.12246561,-32.99807073],[-58.12284753,-32.99852904],[-58.12302576,-32.99924195],[-58.12330584,-32.9998021],[-58.12358591,-33.00064232],[-58.12406967,-33.00232277],[-58.12404421,-33.00290838],[-58.12401875,-33.00341761],[-58.12394237,-33.00390137],[-58.12394237,-33.00469067],[-58.12399329,-33.00535266],[-58.12389145,-33.00621835],[-58.12382676,-33.00699452],[-58.12381506,-33.00713495],[-58.12389145,-33.00810248],[-58.12385449,-33.00869378],[-58.12384052,-33.00891724],[-58.12406967,-33.00929917],[-58.12425824,-33.01005471],[-58.12458637,-33.01073952],[-58.12497158,-33.01121033],[-58.12511425,-33.01159554],[-58.12535679,-33.01198074],[-58.12542812,-33.01225181],[-58.12542812,-33.01257995],[-58.12534662,-33.01296205],[-58.12518997,-33.01406043],[-58.12511359,-33.01436596],[-58.12506267,-33.0151298],[-58.12501174,-33.01571541],[-58.12501174,-33.01612279],[-58.12518997,-33.01688663],[-58.12506267,-33.01744678],[-58.12506267,-33.01798147],[-58.1250372,-33.01851616],[-58.12547005,-33.01882169],[-58.12559735,-33.01935638],[-58.12585197,-33.01976376],[-58.12623389,-33.02040029],[-58.1266158,-33.02027298],[-58.12684496,-33.02080767],[-58.12689588,-33.02141874],[-58.12717595,-33.02208074],[-58.12763426,-33.02205528],[-58.12791433,-33.0224372],[-58.12809256,-33.02345565],[-58.1283981,-33.02376118],[-58.1285254,-33.02427041],[-58.12867817,-33.02449956],[-58.12878002,-33.02508517],[-58.12875455,-33.02539071],[-58.1283981,-33.02551801],[-58.12793979,-33.02531432],[-58.1266158,-33.02516155],[-58.12595381,-33.02495786],[-58.1250372,-33.02500879],[-58.12409514,-33.0248051],[-58.1234586,-33.02465233],[-58.12294938,-33.02437225],[-58.12216008,-33.02429587],[-58.12154901,-33.02429587],[-58.12065786,-33.02432133],[-58.11989402,-33.02432133],[-58.11920657,-33.02442318],[-58.11839181,-33.02444864],[-58.11803535,-33.02475417],[-58.11844273,-33.02498333],[-58.11866349,-33.02525927],[-58.11885011,-33.02549255],[-58.11946118,-33.02554347],[-58.1198431,-33.02597631],[-58.1198431,-33.02640916],[-58.11989402,-33.02694384],[-58.1203014,-33.02707115],[-58.12086155,-33.02702023],[-58.12137078,-33.02709661],[-58.12180362,-33.02737669],[-58.12233831,-33.02747853],[-58.12277115,-33.02760584],[-58.12368776,-33.02768222],[-58.12405287,-33.0281762],[-58.12426044,-33.02824946],[-58.12401625,-33.02869714],[-58.12364996,-33.02906343],[-58.12312088,-33.02918553],[-58.12201793,-33.02881094],[-58.12198185,-33.02880252],[-58.12101432,-33.02862429],[-58.12047963,-33.02839514],[-58.12002133,-33.02806414],[-58.11961395,-33.02773314],[-58.11902834,-33.02752945],[-58.1182645,-33.02742761],[-58.11815814,-33.02731366],[-58.11790804,-33.02704569],[-58.11785242,-33.02695033],[-58.11772981,-33.02674015],[-58.11752612,-33.02630731],[-58.11688959,-33.02615454],[-58.11648221,-33.02595085],[-58.1163549,-33.02569624],[-58.11627852,-33.0252634],[-58.11623451,-33.024926],[-58.11620213,-33.02467779],[-58.11571837,-33.02467779],[-58.11528553,-33.02429587],[-58.11520914,-33.02373572],[-58.11500545,-33.02325196],[-58.11454715,-33.02297188],[-58.11416523,-33.02230989],[-58.11429254,-33.02157151],[-58.11403792,-33.02106229]],[[-58.11495453,-32.97419228],[-58.11501418,-32.9745502],[-58.11323122,-32.97303459],[-58.11252135,-32.97151859],[-58.11138593,-32.97074177],[-58.11121172,-32.97054707],[-58.11098257,-32.97003784],[-58.11103349,-32.969274],[-58.11085526,-32.96871385],[-58.11044788,-32.96825555],[-58.10968404,-32.96759356],[-58.10973496,-32.96649872],[-58.10948035,-32.96606588],[-58.10942943,-32.96553119],[-58.10940397,-32.96494558],[-58.10927666,-32.96425813],[-58.10920028,-32.96339244],[-58.10914424,-32.96322435],[-58.10897112,-32.96270499],[-58.10858921,-32.96181384],[-58.10825821,-32.96150831],[-58.10790175,-32.96122823],[-58.10751983,-32.96084631],[-58.10738812,-32.96068533],[-58.10706153,-32.96028617],[-58.10627223,-32.95942048],[-58.10507555,-32.95883487],[-58.10454086,-32.95830018],[-58.10390433,-32.95814742],[-58.10352241,-32.95807103],[-58.10350047,-32.9580299],[-58.10329901,-32.95765216],[-58.10311503,-32.95730719],[-58.10280949,-32.95692527],[-58.10250396,-32.95651789],[-58.10207111,-32.95598321],[-58.10168919,-32.95524483],[-58.10143458,-32.95435368],[-58.10140912,-32.95371715],[-58.1014855,-32.95308062],[-58.10151096,-32.95241862],[-58.10158735,-32.95175663],[-58.10176558,-32.95109464],[-58.10194381,-32.95020349],[-58.10222388,-32.94956696],[-58.10230026,-32.94880312],[-58.10273311,-32.94811566],[-58.10321687,-32.94750459],[-58.10352241,-32.94712267],[-58.10368612,-32.94652921],[-58.1037261,-32.9463843],[-58.10401033,-32.94607299],[-58.10426078,-32.94579869],[-58.10456632,-32.94541677],[-58.10494824,-32.94472931],[-58.10499047,-32.94432816],[-58.10505008,-32.94376178],[-58.10550839,-32.94307433],[-58.10578846,-32.94261602],[-58.10608481,-32.94241326],[-58.10627223,-32.94228503],[-58.10627498,-32.94227787],[-58.10639953,-32.94195403],[-58.10645046,-32.94154665],[-58.10693422,-32.94083373],[-58.10729068,-32.94060458],[-58.10716337,-32.94017174],[-58.10746891,-32.93956067],[-58.10779991,-32.93889867],[-58.10807998,-32.93869498],[-58.10836005,-32.93838945],[-58.10820729,-32.93808391],[-58.10851282,-32.93775292],[-58.10889474,-32.93760015],[-58.10914935,-32.93729461],[-58.10927666,-32.93673446],[-58.10922574,-32.93630162],[-58.10937455,-32.93602881],[-58.10937851,-32.93602155],[-58.10986227,-32.93548686],[-58.11009142,-32.93469756],[-58.11077888,-32.93403557],[-58.11093164,-32.93375549],[-58.11085526,-32.93324627],[-58.11105895,-32.93250789],[-58.11146633,-32.93212597],[-58.11179733,-32.93192228],[-58.11225563,-32.93138759],[-58.11226329,-32.93137994],[-58.11248478,-32.93115844],[-58.11288368,-32.9312815],[-58.11310023,-32.93137994],[-58.11325711,-32.93145125],[-58.11322316,-32.93213021],[-58.11281578,-32.93348815],[-58.11288368,-32.93447265],[-58.1124084,-32.93498188],[-58.11206892,-32.93538926],[-58.1120883,-32.93602881],[-58.11210286,-32.93650956],[-58.11220471,-32.93715458],[-58.11264604,-32.93790144],[-58.11274788,-32.93847856],[-58.11291763,-32.93898779],[-58.11301947,-32.93966676],[-58.11322316,-32.94014203],[-58.11342685,-32.94129628],[-58.1134608,-32.94214499],[-58.1134608,-32.94282396],[-58.1135287,-32.94326529],[-58.11349475,-32.94377451],[-58.1135287,-32.94428374],[-58.11342685,-32.94479297],[-58.11325711,-32.94537009],[-58.11329106,-32.94598116],[-58.11329106,-32.94662618],[-58.11325711,-32.9472033],[-58.11330803,-32.94764463],[-58.11335896,-32.94808596],[-58.11322316,-32.94856124],[-58.11322316,-32.94991917],[-58.11329106,-32.95059814],[-58.11341649,-32.95099954],[-58.1134608,-32.95114132],[-58.1134608,-32.95205792],[-58.1134608,-32.95270294],[-58.11330207,-32.9532585],[-58.11325711,-32.95341586],[-58.11332501,-32.9547059],[-58.11342685,-32.9556225],[-58.1133929,-32.95653911],[-58.1135287,-32.95731992],[-58.11345525,-32.9580299],[-58.11342685,-32.95830443],[-58.11342685,-32.95905129],[-58.1133929,-32.95959447],[-58.11342685,-32.96040923],[-58.11312132,-32.96057897],[-58.11295157,-32.96125794],[-58.11305342,-32.9620048],[-58.11329106,-32.96258193],[-58.11332501,-32.96322695],[-58.11325711,-32.9652978],[-58.11329106,-32.96631625],[-58.11356265,-32.96716496],[-58.11363054,-32.96801367],[-58.11386818,-32.96930371],[-58.11400397,-32.96998268],[-58.11437741,-32.97069559],[-58.1145132,-32.97174799],[-58.11481874,-32.97252881],[-58.11505638,-32.97341147],[-58.11495453,-32.97419228]],[[-58.11438328,-32.99014098],[-58.11375785,-32.99068696],[-58.11383423,-32.98992312],[-58.11375785,-32.98926112],[-58.11370693,-32.98862459],[-58.11368147,-32.98816629],[-58.11309585,-32.98658769],[-58.11291763,-32.985722],[-58.11279032,-32.98534008],[-58.11268847,-32.98498362],[-58.1127394,-32.9844744],[-58.11215379,-32.98383787],[-58.11197556,-32.9833541],[-58.11245932,-32.98279395],[-58.11238294,-32.98266665],[-58.11182279,-32.98241203],[-58.1116191,-32.98187735],[-58.11169548,-32.98129174],[-58.11184825,-32.98085889],[-58.11141541,-32.9805279],[-58.11133903,-32.98001867],[-58.11138995,-32.97958583],[-58.11159364,-32.97922937],[-58.11131356,-32.97879653],[-58.11113534,-32.9782873],[-58.11113534,-32.977829],[-58.11126264,-32.97645409],[-58.11121172,-32.97530833],[-58.1112881,-32.97428988],[-58.11146633,-32.97301681],[-58.11154272,-32.97212567],[-58.11197556,-32.97166737],[-58.11236494,-32.97174719],[-58.11266573,-32.97242097],[-58.11290636,-32.97299849],[-58.11372452,-32.97379259],[-58.1145908,-32.97450246],[-58.1149319,-32.97481472],[-58.11551712,-32.97535048],[-58.11559955,-32.97544837],[-58.11562011,-32.97551349],[-58.11580324,-32.97609339],[-58.11621062,-32.97660261],[-58.11644826,-32.97704394],[-58.1165501,-32.97745132],[-58.11702538,-32.97840188],[-58.11729697,-32.9791148],[-58.11726302,-32.97975981],[-58.11753461,-32.97999745],[-58.1177383,-32.98064247],[-58.11790804,-32.9812196],[-58.11807778,-32.98203436],[-58.11807778,-32.98276425],[-58.11807778,-32.98349414],[-58.11788953,-32.98481191],[-58.11787409,-32.98491997],[-58.11780252,-32.98522056],[-58.11770435,-32.98563289],[-58.11722907,-32.98688898],[-58.11712723,-32.98787348],[-58.11705933,-32.9885864],[-58.11692354,-32.98991039],[-58.11693827,-32.99035231],[-58.11621456,-32.99007558],[-58.11533162,-32.98994477],[-58.1148084,-32.98994477],[-58.11438328,-32.99014098]],[[-58.12553752,-33.02881159],[-58.12609907,-33.02825955],[-58.12631798,-33.0282881],[-58.12646075,-33.02820245],[-58.12649882,-33.02803112],[-58.12679388,-33.02800257],[-58.12743157,-33.02822148],[-58.1279265,-33.02831666],[-58.12814899,-33.02840754],[-58.12860227,-33.02859268],[-58.1291095,-33.02870851],[-58.12927327,-33.02874591],[-58.12983007,-33.02886013],[-58.13010955,-33.0291243],[-58.13087227,-33.02984523],[-58.13125774,-33.03077321],[-58.13150045,-33.03114441],[-58.13215718,-33.03177259],[-58.13314228,-33.03267202],[-58.13327077,-33.03312888],[-58.13328504,-33.033857],[-58.13319938,-33.03462794],[-58.13285674,-33.03452229],[-58.13217146,-33.03435097],[-58.13154328,-33.03383701],[-58.13067716,-33.03318028],[-58.12977296,-33.03224753],[-58.12886877,-33.03157176],[-58.12799589,-33.03111729],[-58.12771711,-33.03097214],[-58.12770625,-33.03096227],[-58.12687954,-33.03021071],[-58.12657496,-33.02983],[-58.12623232,-33.02969675],[-58.12586113,-33.02968723],[-58.12548993,-33.02967771],[-58.12532813,-33.02954446],[-58.12527568,-33.02943553],[-58.1252044,-33.02928748],[-58.12553752,-33.02881159]],[[-58.12447706,-33.00466521],[-58.12485898,-33.00461429],[-58.12511359,-33.00479252],[-58.12549551,-33.00540359],[-58.12590289,-33.00586189],[-58.12625935,-33.00713495],[-58.12643758,-33.00784787],[-58.12646304,-33.00871356],[-58.12639614,-33.00919518],[-58.12634481,-33.0095648],[-58.12633573,-33.00963016],[-58.1258265,-33.01108146],[-58.12574199,-33.0113958],[-58.12564212,-33.0113958],[-58.12554226,-33.0111818],[-58.12529972,-33.01076806],[-58.12498585,-33.01029725],[-58.12472904,-33.00971231],[-58.12461491,-33.0092415],[-58.1244009,-33.00855669],[-58.12433654,-33.00797775],[-58.12432304,-33.00785633],[-58.12432429,-33.00784787],[-58.12429129,-33.00757071],[-58.12422636,-33.00702529],[-58.12419698,-33.0067785],[-58.12417152,-33.00581097],[-58.12442613,-33.00509805],[-58.12447706,-33.00466521]]]]},"geometry_name":"geom","properties":{"gid":70,"entidad":0,"fna":"Provincia de Entre Ríos","gna":"Provincia","nam":"Entre Ríos","in1":"30","fdc":"Geografía","sag":"IGN"},"bbox":[-60.77618408,-34.03977485,-57.79739717,-30.15897074]}],"totalFeatures":1,"numberMatched":1,"numberReturned":1,"timeStamp":"2026-05-19T16:30:57.772Z","crs":{"type":"name","properties":{"name":"urn:ogc:def:crs:EPSG::4326"}},"bbox":[-60.77618408,-34.03977485,-57.79739717,-30.15897074]}