{"type":"FeatureCollection","features":[{"type":"Feature","id":"vial_nacional.140","geometry":{"type":"MultiLineString","coordinates":[[[-58.8034024,-33.49965641],[-58.8043984,-33.4995859],[-58.8090416,-33.4992482],[-58.8143149,-33.4988873],[-58.815971,-33.4987657],[-58.827182,-33.4979423],[-58.827439,-33.4979238],[-58.8340398,-33.4974479],[-58.8342053,-33.4974433],[-58.8353021,-33.4974445],[-58.8357933,-33.4974945],[-58.8366737,-33.4975957],[-58.8410476,-33.4986694],[-58.8426696,-33.4989816],[-58.8436453,-33.49909],[-58.8447999,-33.4991307],[-58.8458244,-33.49909],[-58.8471361,-33.4989672],[-58.8486797,-33.4987314],[-58.8509528,-33.4984395],[-58.8610395,-33.4971254],[-58.8635403,-33.4967971],[-58.8652114,-33.4965857],[-58.8710228,-33.4957941],[-58.8829773,-33.4942573],[-58.8876435,-33.4936682],[-58.8881858,-33.4935998],[-58.8912599,-33.4932117],[-58.8914969,-33.4931818],[-58.8949786,-33.4927422],[-58.9068513,-33.491226],[-58.9088234,-33.4909597],[-58.9092941,-33.4908962],[-58.9127862,-33.4904247],[-58.9139204,-33.4902237],[-58.9149374,-33.4899903],[-58.9310543,-33.4861981],[-58.9312847,-33.4861456],[-58.9347896,-33.4853213],[-58.9381411,-33.4845376],[-58.941181,-33.4838268],[-58.9433407,-33.4833218],[-58.9439587,-33.4831773],[-58.9468427,-33.482503],[-58.9475342,-33.4823413],[-58.9525402,-33.4812421],[-58.9543435,-33.4806962],[-58.9565515,-33.4799199],[-58.970681,-33.4749521],[-58.9757082,-33.4728996],[-58.9770892,-33.4722545],[-58.9856049,-33.467785],[-58.9863758,-33.4674065],[-58.9872633,-33.4670689],[-58.991064,-33.4656064],[-59.0156272,-33.4564303],[-59.0211111,-33.4543825],[-59.0254043,-33.4527136],[-59.0290257,-33.4511162],[-59.0361239,-33.4479852],[-59.0548531,-33.4394995],[-59.0589778,-33.4376149],[-59.0641442,-33.4352906],[-59.0680803,-33.4335398],[-59.0746563,-33.4305846],[-59.0767386,-33.4296445],[-59.0943012,-33.4217341],[-59.0949963,-33.4214491],[-59.0956915,-33.4212251],[-59.0964193,-33.4210453],[-59.0969884,-33.4209367],[-59.0976633,-33.4208655],[-59.0981999,-33.4208281],[-59.0987336,-33.4208328],[-59.099173,-33.4208741],[-59.0995078,-33.4209124],[-59.1001339,-33.4209938],[-59.1017032,-33.421272],[-59.1053662,-33.4218794],[-59.1062321,-33.4219609],[-59.1070574,-33.4219643],[-59.1078258,-33.4219337],[-59.1085738,-33.4218387],[-59.1093219,-33.4216758],[-59.1100659,-33.4214756],[-59.1116604,-33.4209641],[-59.1459586,-33.4106439],[-59.1467418,-33.4103931],[-59.1475572,-33.4100259],[-59.1480936,-33.4097125],[-59.1489054,-33.4091888],[-59.1503814,-33.4078658],[-59.1521691,-33.4060464],[-59.1587775,-33.3993204],[-59.1589629,-33.3991317],[-59.1634944,-33.3945735],[-59.1660229,-33.3919455],[-59.167831,-33.3901942],[-59.1680438,-33.3899754],[-59.1698761,-33.3881269],[-59.1739829,-33.3839354],[-59.1792104,-33.3786576],[-59.1795203,-33.3783447],[-59.1816759,-33.3758328],[-59.1828791,-33.3743335],[-59.1829654,-33.3742259],[-59.1945266,-33.3598174],[-59.1946209,-33.3596999],[-59.1971636,-33.3565307],[-59.1972661,-33.3564028],[-59.2095143,-33.341135],[-59.2223208,-33.3254133],[-59.2230959,-33.3242628],[-59.2236197,-33.3233756],[-59.2240728,-33.3224411],[-59.2244833,-33.3214356],[-59.2247558,-33.3205187],[-59.2323619,-33.2890412],[-59.2413039,-33.2530293],[-59.2441978,-33.2411771],[-59.2501527,-33.2167832],[-59.2509694,-33.2134407],[-59.2517392,-33.2102975],[-59.2519653,-33.2094478],[-59.2522599,-33.2086278],[-59.2529168,-33.2070545],[-59.2547973,-33.2029042],[-59.2558136,-33.2006181],[-59.2567944,-33.1983508],[-59.2676511,-33.1742082],[-59.2693588,-33.1704408],[-59.2694355,-33.170275],[-59.2709777,-33.1669095],[-59.2716043,-33.1655331]]]},"geometry_name":"geom","properties":{"gid":140,"rtn":"12","typ":40,"rst":1,"hct":1,"fdc":"Dirección Nacional de Vialidad","sag":"IGN"},"bbox":[-59.2716043,-33.49965641,-58.8034024,-33.1655331]},{"type":"Feature","id":"vial_nacional.406","geometry":{"type":"MultiLineString","coordinates":[[[-60.9247795,-33.7338942],[-60.9250275,-33.7337065],[-60.925405,-33.7334152],[-60.9264551,-33.7326048],[-60.9399012,-33.7222276],[-60.9451279,-33.7182141],[-60.9471432,-33.7166665],[-60.9597374,-33.7069948],[-60.9645905,-33.7032201],[-60.9648626,-33.7030236],[-60.9660546,-33.702098],[-60.9663529,-33.7018472],[-60.966602,-33.7016233],[-60.9669281,-33.7013075],[-60.9671676,-33.7010427],[-60.9673602,-33.7008099],[-60.967601,-33.700474],[-60.9678399,-33.7001165],[-60.9681177,-33.6996449],[-60.972562,-33.6915099],[-60.9730499,-33.6906439],[-60.9736028,-33.689778],[-60.9746435,-33.688479],[-60.9805588,-33.6808079],[-60.9806446,-33.6806965],[-60.9807139,-33.680607],[-60.9825943,-33.6782074],[-60.9826945,-33.6780778],[-60.9868483,-33.6727062]]]},"geometry_name":"geom","properties":{"gid":406,"rtn":"178","typ":40,"rst":1,"hct":1,"fdc":"Dirección Nacional de Vialidad","sag":"IGN"},"bbox":[-60.9868483,-33.7338942,-60.9247795,-33.6727062]},{"type":"Feature","id":"vial_nacional.407","geometry":{"type":"MultiLineString","coordinates":[[[-60.9227589,-33.7354561],[-60.9229285,-33.7352844],[-60.9230056,-33.7351921],[-60.9230749,-33.7350961],[-60.9231165,-33.7350051],[-60.9231504,-33.7349154],[-60.9231843,-33.7348181],[-60.9232012,-33.7347553],[-60.92322473,-33.73464597],[-60.92324449,-33.73457504],[-60.92330193,-33.73447074],[-60.9234113,-33.73436195],[-60.92353723,-33.73429878],[-60.9236935,-33.73426661],[-60.92378839,-33.73426153],[-60.9239396,-33.7342409],[-60.9240033,-33.734235],[-60.9241293,-33.7342124],[-60.9242602,-33.7341741],[-60.9244514,-33.7340947],[-60.9247795,-33.7338942],[-60.9246315,-33.7340599],[-60.9245589,-33.7341379],[-60.9244988,-33.7342115],[-60.9244563,-33.7342748],[-60.9244156,-33.7343425],[-60.9243554,-33.7344852],[-60.9243165,-33.7346],[-60.9242943,-33.7347062],[-60.92427171,-33.73481534],[-60.92424606,-33.73488419],[-60.92421347,-33.73494231],[-60.92416874,-33.73499752],[-60.92411354,-33.7350432],[-60.92403867,-33.73507722],[-60.92390965,-33.73511752],[-60.92375673,-33.73514836],[-60.92368739,-33.73515443],[-60.92359069,-33.73515672],[-60.92351683,-33.73515443],[-60.9234344,-33.7351544],[-60.9233737,-33.7351699],[-60.9232744,-33.7351981],[-60.9232125,-33.7352224],[-60.9231133,-33.7352612],[-60.9229697,-33.735335],[-60.9228623,-33.7353923],[-60.9227589,-33.7354561]]]},"geometry_name":"geom","properties":{"gid":407,"rtn":"178","typ":40,"rst":1,"hct":1,"fdc":"Dirección Nacional de Vialidad","sag":"IGN"},"bbox":[-60.9247795,-33.7354561,-60.9227589,-33.7338942]},{"type":"Feature","id":"vial_nacional.405","geometry":{"type":"MultiLineString","coordinates":[[[-60.9868483,-33.6727062],[-60.9873851,-33.6719016],[-60.9881763,-33.670872],[-60.9891711,-33.6696105],[-60.9900031,-33.6686485],[-60.9893978,-33.669498],[-60.989243,-33.6697327],[-60.9883508,-33.6709325],[-60.9873749,-33.6721462],[-60.9868483,-33.6727062]]]},"geometry_name":"geom","properties":{"gid":405,"rtn":"178","typ":40,"rst":1,"hct":1,"fdc":"Dirección Nacional de Vialidad","sag":"IGN"},"bbox":[-60.9900031,-33.6727062,-60.9868483,-33.6686485]},{"type":"Feature","id":"vial_nacional.408","geometry":{"type":"MultiLineString","coordinates":[[[-60.9227589,-33.7354561],[-60.9224602,-33.7356854],[-60.9222584,-33.7358416],[-60.9221869,-33.7358967],[-60.9221175,-33.7359501],[-60.9209427,-33.7368575],[-60.909202,-33.7458724],[-60.9088459,-33.7461384],[-60.9084757,-33.7463838],[-60.9080813,-33.7466213],[-60.9076269,-33.7468492],[-60.9071745,-33.7470373],[-60.9065226,-33.7472648],[-60.9036288,-33.7480905],[-60.9031539,-33.7482438],[-60.9027318,-33.7483921],[-60.902366,-33.7485462],[-60.9019758,-33.7487342],[-60.9016528,-33.7489253],[-60.9012305,-33.749203],[-60.9009719,-33.7493811],[-60.9006604,-33.7496134],[-60.8914543,-33.7570238],[-60.8788985,-33.7671153],[-60.876439,-33.769092],[-60.8741275,-33.7709523],[-60.8663816,-33.7771856],[-60.8614322,-33.7811708],[-60.8561407,-33.785424],[-60.850213,-33.7903631],[-60.845956,-33.7938022],[-60.8432494,-33.7959904],[-60.8236329,-33.8118435],[-60.8231602,-33.8121829],[-60.8226432,-33.8125238],[-60.8222636,-33.8127411],[-60.8218452,-33.8129496],[-60.8212304,-33.8131799],[-60.8205507,-33.8134083],[-60.8101197,-33.8162325],[-60.799853,-33.8189327],[-60.7989781,-33.8191645],[-60.7808991,-33.823917],[-60.7801472,-33.8241509],[-60.7796112,-33.8243377],[-60.7792101,-33.8245002],[-60.7788214,-33.8246722],[-60.7783706,-33.8248805],[-60.7778543,-33.8251485],[-60.7773145,-33.8254308],[-60.7664275,-33.8311593],[-60.7657916,-33.8315077],[-60.765343,-33.8317531],[-60.7651724,-33.8318464],[-60.7646713,-33.8321569],[-60.7643493,-33.8323761],[-60.7638261,-33.8327559],[-60.7582606,-33.8370347],[-60.7573337,-33.837575],[-60.7566746,-33.8378615],[-60.7562549,-33.8380154],[-60.7554836,-33.8382119],[-60.7548732,-33.8383133],[-60.7541682,-33.8384164],[-60.7464708,-33.8392094],[-60.7459736,-33.8392742],[-60.7455134,-33.8393492],[-60.7450501,-33.8394488],[-60.7446295,-33.8395497],[-60.7440364,-33.8397113],[-60.7434648,-33.8399007],[-60.742972,-33.8400843],[-60.7413453,-33.8407343],[-60.7411909,-33.840796],[-60.7177203,-33.8503096],[-60.7172576,-33.8504897],[-60.7168669,-33.8506256],[-60.716489,-33.8507346],[-60.7160152,-33.8508455],[-60.7154624,-33.8509233],[-60.7149718,-33.8509605],[-60.7145684,-33.8509665],[-60.7140459,-33.8509401],[-60.7133783,-33.8508817],[-60.6935955,-33.848712],[-60.69278,-33.8486545],[-60.6920808,-33.8486376],[-60.6915725,-33.8486366],[-60.6910544,-33.8486554],[-60.6903376,-33.848705],[-60.6896518,-33.8487974],[-60.6889359,-33.8489208],[-60.6882964,-33.8490628],[-60.6876578,-33.8492283],[-60.687005,-33.8494291],[-60.6862805,-33.8497109],[-60.6856188,-33.8499935],[-60.6847912,-33.8504201],[-60.6841087,-33.8508149],[-60.6826434,-33.8519297],[-60.6724444,-33.85987],[-60.6675334,-33.8637099],[-60.6671032,-33.8640046],[-60.6667425,-33.8642327],[-60.6664469,-33.8644007],[-60.6661797,-33.8645275],[-60.6657397,-33.8647102],[-60.6651644,-33.8649179],[-60.6648529,-33.8650043],[-60.6634894,-33.8653635],[-60.6587733,-33.8665258],[-60.6507002,-33.8685196],[-60.6462653,-33.8696185],[-60.6419611,-33.8706808],[-60.6415878,-33.8707845],[-60.6412356,-33.8708897],[-60.6407818,-33.8710511],[-60.6404409,-33.8711671],[-60.6398855,-33.8713509],[-60.6322178,-33.8739375],[-60.6309982,-33.8742885],[-60.6296244,-33.8746096],[-60.6267165,-33.8752018],[-60.6253387,-33.8754945],[-60.6241573,-33.875746],[-60.6234009,-33.875948],[-60.6229811,-33.8760707],[-60.6180849,-33.877716],[-60.6127049,-33.8795107],[-60.6109178,-33.8801056],[-60.6091012,-33.8807127],[-60.6073734,-33.8812959],[-60.6047052,-33.8821851],[-60.6020122,-33.8830977],[-60.6010061,-33.8834163],[-60.5992095,-33.8839954],[-60.5971335,-33.8846877],[-60.5966375,-33.8848531],[-60.5962052,-33.8849989],[-60.5958371,-33.885123],[-60.5953283,-33.8852946],[-60.5951921,-33.8853405],[-60.5945285,-33.8855643],[-60.5939736,-33.8857514],[-60.5935926,-33.8858799],[-60.5930246,-33.8860714],[-60.5922023,-33.8863889],[-60.5912684,-33.8867088],[-60.590384,-33.886994],[-60.5894995,-33.8872785],[-60.5886098,-33.8875884],[-60.587711,-33.8878887],[-60.5869057,-33.8881541],[-60.5858711,-33.8885035],[-60.5848728,-33.8888441],[-60.5839198,-33.8891638],[-60.5829783,-33.8894667],[-60.582024,-33.8897834],[-60.5814202,-33.8899764],[-60.581234,-33.8900359],[-60.5810963,-33.8900799],[-60.5810123,-33.8901089],[-60.5801335,-33.8904122],[-60.5794672,-33.8906425],[-60.5788742,-33.8908475],[-60.577702,-33.8912415],[-60.5776117,-33.891271],[-60.5766838,-33.8915805],[-60.5756271,-33.8919424],[-60.5751467,-33.8921054],[-60.5746061,-33.8922889],[-60.5740951,-33.8924643],[-60.573562,-33.8926473],[-60.572403,-33.8930221],[-60.5714973,-33.8933175],[-60.5712995,-33.893382],[-60.5701891,-33.8937546],[-60.5692883,-33.8940357],[-60.5682902,-33.8943567],[-60.5669733,-33.8947953],[-60.5664356,-33.8949756],[-60.5663557,-33.8950024],[-60.5657139,-33.8952251],[-60.5646691,-33.8955663],[-60.5637366,-33.8958735],[-60.5628293,-33.8961854],[-60.562511,-33.8962929],[-60.5621283,-33.8964143],[-60.5620905,-33.8964269],[-60.5616437,-33.8965741],[-60.5609034,-33.8968179],[-60.5606319,-33.8969073],[-60.559993,-33.8971178],[-60.5590291,-33.8974352],[-60.5580672,-33.897752],[-60.5571641,-33.8980495],[-60.5562115,-33.8983632],[-60.5552537,-33.8986787],[-60.5549886,-33.898766],[-60.55419262,-33.89903242]]]},"geometry_name":"geom","properties":{"gid":408,"rtn":"178","typ":40,"rst":1,"hct":1,"fdc":"Dirección Nacional de Vialidad","sag":"IGN"},"bbox":[-60.9227589,-33.89903242,-60.55419262,-33.7354561]},{"type":"Feature","id":"vial_nacional.442","geometry":{"type":"MultiLineString","coordinates":[[[-60.2241433,-33.3921727],[-60.2244678,-33.3924728],[-60.226554,-33.3943848],[-60.2284708,-33.396174],[-60.2290957,-33.396741],[-60.2305688,-33.3981104],[-60.2318036,-33.399231],[-60.2325508,-33.3999197],[-60.2332299,-33.4005755],[-60.233958,-33.4013433],[-60.2344391,-33.4018596],[-60.2349767,-33.4023661],[-60.23551,-33.402885],[-60.2360475,-33.4034564],[-60.2370843,-33.4045716],[-60.2378804,-33.4054184],[-60.2385298,-33.4061249],[-60.2388541,-33.4064661],[-60.23980325,-33.4074806],[-60.239884,-33.4075677],[-60.2416852,-33.4095297],[-60.2419285,-33.4097948],[-60.24216,-33.4100516],[-60.244044,-33.4120925],[-60.245472,-33.4136437],[-60.2462608,-33.4144972],[-60.2481139,-33.4164762],[-60.2500197,-33.4185239],[-60.251056,-33.4196373],[-60.2535003,-33.4222659],[-60.2566299,-33.4256194],[-60.2622588,-33.4317122],[-60.2649047,-33.4345511],[-60.266688,-33.4364643],[-60.2680003,-33.4378584],[-60.2691847,-33.4391635],[-60.2694915,-33.4394981],[-60.2700856,-33.4401495],[-60.2705051,-33.4406621],[-60.270929,-33.4412933],[-60.271232,-33.4417541],[-60.2714179,-33.4420368],[-60.271644,-33.4423988],[-60.2724378,-33.4438298],[-60.2747174,-33.4479386],[-60.2770763,-33.4522136],[-60.2780667,-33.4540218],[-60.2791629,-33.455918],[-60.2794927,-33.4564656],[-60.2795581,-33.4565741],[-60.2797192,-33.4568416],[-60.2810201,-33.4591894],[-60.2839438,-33.4644272],[-60.2848522,-33.4660808],[-60.2860315,-33.4682274],[-60.2863128,-33.4684838],[-60.2865233,-33.4686683],[-60.2868208,-33.4689043],[-60.2877352,-33.4696008],[-60.2881106,-33.469915],[-60.2882642,-33.4700668],[-60.2883964,-33.4702343],[-60.2885703,-33.4704933],[-60.2895025,-33.4721768],[-60.2902235,-33.4734733],[-60.2908215,-33.4745429],[-60.2916361,-33.4761741],[-60.2916926,-33.4763246],[-60.2917474,-33.4765228],[-60.2918073,-33.4768206],[-60.2918217,-33.4772283],[-60.2918095,-33.4776958],[-60.2917923,-33.4780138],[-60.2917928,-33.4783357],[-60.2918084,-33.4785239],[-60.2918414,-33.4787184],[-60.2919006,-33.4789394],[-60.2920392,-33.4792578],[-60.2933693,-33.4817187],[-60.2940201,-33.482902],[-60.2953105,-33.4852484],[-60.2959136,-33.4863361],[-60.3010229,-33.4955716],[-60.3019198,-33.4972318],[-60.3067554,-33.5058962],[-60.3069064,-33.5061842],[-60.313242,-33.5174695],[-60.3133355,-33.5176288],[-60.3151274,-33.5207874],[-60.315725,-33.521854],[-60.3163145,-33.5229194],[-60.3166277,-33.5234667],[-60.3172388,-33.5245381],[-60.3175029,-33.5250294],[-60.3180574,-33.5260827],[-60.3180779,-33.5261214],[-60.3186684,-33.5271585],[-60.3190558,-33.5279237],[-60.3197426,-33.5293091],[-60.3207423,-33.5311537],[-60.322302,-33.5340149],[-60.3223581,-33.5341019],[-60.3236873,-33.5365014],[-60.3243368,-33.537674],[-60.3255192,-33.5397676],[-60.3266169,-33.5417587],[-60.3308701,-33.5494729],[-60.334162,-33.5554166],[-60.3344639,-33.5559581],[-60.3409605,-33.5677113],[-60.3424608,-33.5704601],[-60.342523,-33.5705743],[-60.3452008,-33.5753611],[-60.3459126,-33.5766691],[-60.3486386,-33.581593],[-60.3499672,-33.5839927],[-60.3500377,-33.58412],[-60.3531436,-33.5896793],[-60.3536451,-33.5905794],[-60.3536998,-33.5906611],[-60.3551935,-33.5932703],[-60.3556898,-33.5941678],[-60.3561788,-33.5950685],[-60.3566805,-33.5959693],[-60.3571853,-33.5968756],[-60.3576745,-33.5977748],[-60.3581955,-33.598694],[-60.3585146,-33.5992871],[-60.3595154,-33.6011981],[-60.359925,-33.602145],[-60.3601285,-33.6025296],[-60.3601726,-33.6026171],[-60.3607362,-33.6036845],[-60.3619455,-33.6059549],[-60.3627987,-33.6075078],[-60.365638,-33.6126513],[-60.3733391,-33.6261308],[-60.3765098,-33.631802],[-60.3766193,-33.6320246],[-60.3768912,-33.6325774],[-60.3783488,-33.6352286],[-60.3792012,-33.6366883],[-60.3797208,-33.6375782],[-60.3815868,-33.6410278],[-60.381986,-33.6417287],[-60.3820126,-33.6417761],[-60.3827071,-33.6430134],[-60.3839756,-33.6454436],[-60.385037,-33.6475597],[-60.387303,-33.6516424],[-60.3879519,-33.6528115],[-60.3914177,-33.6591026],[-60.3933727,-33.6626512],[-60.3935836,-33.663034],[-60.3947645,-33.6651361],[-60.3948665,-33.665317],[-60.3953493,-33.6661992],[-60.3966261,-33.6685324],[-60.3970443,-33.6692771],[-60.3974574,-33.6700324],[-60.3977452,-33.6705704],[-60.3978064,-33.670665],[-60.3978647,-33.6707378],[-60.3979318,-33.6708057],[-60.3980076,-33.6708639],[-60.3981835,-33.6709676],[-60.3982685,-33.6710118],[-60.3983782,-33.6711016],[-60.3984472,-33.6711885],[-60.3985197,-33.6713034],[-60.3987356,-33.6716789],[-60.3992767,-33.6726682],[-60.3998238,-33.673647],[-60.3999697,-33.6739095],[-60.4003718,-33.6746464],[-60.4008993,-33.675607],[-60.400978,-33.6757574],[-60.401013,-33.6758884],[-60.4010218,-33.6760363],[-60.4009955,-33.6761867],[-60.4009256,-33.6763226],[-60.400883,-33.6764035],[-60.4007486,-33.6765593],[-60.4006237,-33.6767151],[-60.4005229,-33.676871],[-60.4004509,-33.6770827],[-60.4004413,-33.6772385],[-60.4004797,-33.6774223],[-60.4006534,-33.6777244],[-60.4008688,-33.6781057],[-60.401032,-33.6783615],[-60.4011875,-33.678594],[-60.4012913,-33.6787045],[-60.4017173,-33.6791244],[-60.4019185,-33.6793749],[-60.4020718,-33.6796328],[-60.4047481,-33.6845008],[-60.4099403,-33.6938643],[-60.4112235,-33.6961783],[-60.4125283,-33.6985311],[-60.4162261,-33.7051987],[-60.4181765,-33.7087154],[-60.4182962,-33.7089311],[-60.4198251,-33.7116877],[-60.4207143,-33.7132909],[-60.422558,-33.7166147],[-60.4237662,-33.7187929],[-60.4278446,-33.726145],[-60.4297827,-33.7296385],[-60.4314241,-33.7325972],[-60.4345581,-33.7382459],[-60.4352699,-33.739487],[-60.4379875,-33.7444267],[-60.4381973,-33.7448155],[-60.4394169,-33.7470032],[-60.4395154,-33.7472204],[-60.4395459,-33.7474045],[-60.4395309,-33.7475814],[-60.4395018,-33.7477003],[-60.43939,-33.7479975],[-60.4393661,-33.7481545],[-60.4393661,-33.7483539],[-60.439417,-33.7485532],[-60.4396238,-33.7489469],[-60.4398455,-33.7493304],[-60.4405021,-33.7504831],[-60.441111,-33.7516188],[-60.4412835,-33.7519456],[-60.4417441,-33.7527664],[-60.4424103,-33.7539514],[-60.4430846,-33.7551423],[-60.443708,-33.7562835],[-60.4443463,-33.7574346],[-60.444619,-33.7579379],[-60.4447478,-33.7580724],[-60.4449037,-33.7581696],[-60.4451494,-33.7582468],[-60.4454581,-33.758329],[-60.4457068,-33.7584063],[-60.4459256,-33.7585358],[-60.4460365,-33.7586455],[-60.4461144,-33.7587576],[-60.4461683,-33.7588996],[-60.4462403,-33.7591562],[-60.4463062,-33.759373],[-60.4463396,-33.7594669],[-60.446462,-33.7597168],[-60.4468786,-33.7604493],[-60.4504326,-33.7667719],[-60.4516086,-33.7689013],[-60.4529685,-33.7713634],[-60.4532419,-33.7718624],[-60.4535423,-33.7724354],[-60.4537741,-33.772994],[-60.453857,-33.7732185],[-60.4539501,-33.7733714],[-60.4541672,-33.7735316],[-60.4544063,-33.773604],[-60.4546359,-33.7736162],[-60.4549018,-33.7736312],[-60.455061,-33.7736824],[-60.4552141,-33.7738126],[-60.4553853,-33.774115],[-60.4592492,-33.7810647],[-60.4629941,-33.7878299],[-60.4656919,-33.7927434],[-60.4675877,-33.7961214],[-60.4683963,-33.7976279],[-60.4700209,-33.8006544],[-60.4781177,-33.8152591],[-60.4802116,-33.8190357],[-60.4822116,-33.8226427],[-60.4828128,-33.8235953],[-60.4832385,-33.82427],[-60.4839518,-33.8254181],[-60.4850013,-33.8271074],[-60.485516,-33.8279547],[-60.4859625,-33.8287812],[-60.4863869,-33.829548],[-60.4868139,-33.8303034],[-60.4872478,-33.8310765],[-60.4876574,-33.8318283],[-60.4880979,-33.8326197],[-60.4885158,-33.8333797],[-60.4889003,-33.834081],[-60.4893451,-33.8352203],[-60.4894967,-33.8356148],[-60.4895876,-33.8358151],[-60.4897768,-33.8362105],[-60.4921183,-33.8404315],[-60.4942063,-33.8441904],[-60.4954795,-33.8464762],[-60.4958394,-33.8471199],[-60.4974488,-33.8500296],[-60.4987406,-33.8523413],[-60.4994836,-33.8536418],[-60.4996287,-33.8538658],[-60.4998079,-33.8540523],[-60.4999889,-33.854172],[-60.5001683,-33.8542621],[-60.5003831,-33.8543161],[-60.5005864,-33.8543293],[-60.5007983,-33.8543098],[-60.5010515,-33.8542597],[-60.5019466,-33.8540194],[-60.5039615,-33.8534786],[-60.5041648,-33.8534382],[-60.5044033,-33.8534226],[-60.5045831,-33.8534288],[-60.504793,-33.8534507],[-60.5049858,-33.8534982],[-60.5052117,-33.8535753],[-60.5053824,-33.8536494],[-60.5055672,-33.8537545],[-60.5057608,-33.8538938],[-60.5088092,-33.8565911],[-60.5106467,-33.8582871],[-60.5115758,-33.8591447],[-60.5120476,-33.8595798],[-60.512531,-33.8600256],[-60.5143916,-33.8617223],[-60.5162745,-33.8634214],[-60.5172227,-33.8642772],[-60.5181439,-33.8651293],[-60.5190791,-33.8659744],[-60.5200352,-33.8668419],[-60.5211899,-33.8678658],[-60.5212929,-33.8679636],[-60.5223762,-33.8689448],[-60.5225489,-33.8691058],[-60.5238647,-33.8702982],[-60.5240227,-33.8704445],[-60.5258049,-33.8720974],[-60.5277502,-33.8738487],[-60.5283742,-33.8744105],[-60.5289856,-33.8749609],[-60.5294139,-33.8753465],[-60.5297614,-33.8756594],[-60.5305148,-33.8763376],[-60.5314076,-33.8771413],[-60.5343801,-33.8798252],[-60.5351582,-33.8805277],[-60.5367162,-33.8819344],[-60.5387528,-33.883827],[-60.54373968,-33.88834692],[-60.5460265,-33.8904539],[-60.54612,-33.8905379],[-60.55287681,-33.8966284],[-60.55335556,-33.8970567],[-60.55366013,-33.89737079],[-60.55382193,-33.89759922],[-60.55391711,-33.89786572],[-60.55406713,-33.89865485],[-60.55414803,-33.898938],[-60.55419262,-33.89903242]]]},"geometry_name":"geom","properties":{"gid":442,"rtn":"188","typ":40,"rst":1,"hct":1,"fdc":"Dirección Nacional de Vialidad","sag":"IGN"},"bbox":[-60.55419262,-33.89903242,-60.2241433,-33.3921727]},{"type":"Feature","id":"vial_nacional.443","geometry":{"type":"MultiLineString","coordinates":[[[-60.22070648,-33.389005],[-60.22060348,-33.38890294],[-60.2187669,-33.3871651],[-60.2186402,-33.3870413],[-60.2176806,-33.386186],[-60.2176435,-33.3861514],[-60.2172293,-33.385742],[-60.217706,-33.3861025],[-60.2179326,-33.386266],[-60.2186903,-33.3868438],[-60.2192684,-33.3873197],[-60.2196533,-33.3877038],[-60.2199282,-33.3879938],[-60.2206142,-33.3887683],[-60.22080708,-33.3889373]]]},"geometry_name":"geom","properties":{"gid":443,"rtn":"188","typ":40,"rst":1,"hct":1,"fdc":"Dirección Nacional de Vialidad","sag":"IGN"},"bbox":[-60.22080708,-33.389005,-60.2172293,-33.385742]},{"type":"Feature","id":"vial_nacional.444","geometry":{"type":"MultiLineString","coordinates":[[[-60.2172293,-33.385742],[-60.2169955,-33.3855384],[-60.2160968,-33.384687],[-60.2160191,-33.3846168],[-60.2144277,-33.3831272],[-60.214382,-33.3830852],[-60.2129099,-33.3817335],[-60.2121796,-33.3810542],[-60.2111378,-33.3800482],[-60.210027,-33.3790488],[-60.2099222,-33.3789545],[-60.2093589,-33.3783957],[-60.2087557,-33.3778354],[-60.2084469,-33.3775485],[-60.2081507,-33.3772733],[-60.2080795,-33.3772072],[-60.208011,-33.3771436],[-60.2078829,-33.3770246],[-60.2072575,-33.3764436],[-60.2069036,-33.3761148],[-60.2067188,-33.3759431],[-60.206166,-33.3754296],[-60.205888,-33.3751534],[-60.2056702,-33.3749493],[-60.2049041,-33.3742574],[-60.2046925,-33.3740607],[-60.2046103,-33.3739843],[-60.2036687,-33.3731097],[-60.2030801,-33.3725629],[-60.2030368,-33.3725227],[-60.2023053,-33.3718611],[-60.2019125,-33.3714935],[-60.2016033,-33.3712134],[-60.2012214,-33.3708522],[-60.2005531,-33.3702278],[-60.2001907,-33.3699018],[-60.1998636,-33.3695763],[-60.1992111,-33.3689732],[-60.1991395,-33.368907],[-60.1986925,-33.3685217],[-60.1980587,-33.3679754],[-60.1955945,-33.3657699],[-60.1954765,-33.3656563],[-60.1933368,-33.3636152],[-60.1931503,-33.363436],[-60.1926462,-33.3629372],[-60.1925919,-33.3628856],[-60.1925108,-33.3628043],[-60.1918841,-33.3621762],[-60.1916201,-33.3619025],[-60.1911247,-33.3614572],[-60.1903689,-33.3607305],[-60.1902621,-33.360628]]]},"geometry_name":"geom","properties":{"gid":444,"rtn":"188","typ":40,"rst":1,"hct":1,"fdc":"Dirección Nacional de Vialidad","sag":"IGN"},"bbox":[-60.2172293,-33.385742,-60.1902621,-33.360628]},{"type":"Feature","id":"vial_nacional.123","geometry":{"type":"MultiLineString","coordinates":[[[-59.2748661,-33.1629037],[-59.2732902,-33.1638015],[-59.2730407,-33.1639708],[-59.2728133,-33.1641479],[-59.2727394,-33.1642092],[-59.2724915,-33.1644417],[-59.2721799,-33.1647518],[-59.2719935,-33.164978],[-59.2716043,-33.1655331],[-59.2718545,-33.1650241],[-59.2720828,-33.1647116],[-59.2724714,-33.164328],[-59.2726596,-33.1641694],[-59.2727321,-33.1641083],[-59.2728767,-33.1639864],[-59.2731661,-33.163769],[-59.2736087,-33.1635175],[-59.2743034,-33.163165],[-59.2748661,-33.1629037]]]},"geometry_name":"geom","properties":{"gid":123,"rtn":"12","typ":40,"rst":1,"hct":1,"fdc":"Dirección Nacional de Vialidad","sag":"IGN"},"bbox":[-59.2748661,-33.1655331,-59.2716043,-33.1629037]},{"type":"Feature","id":"vial_nacional.131","geometry":{"type":"MultiLineString","coordinates":[[[-59.31477004,-33.1328909],[-59.3146383,-33.1328601],[-59.31481227,-33.13284322],[-59.3148591,-33.13282951],[-59.3149025,-33.13280895],[-59.31494247,-33.13277583],[-59.31498016,-33.13274043],[-59.31501443,-33.13268103],[-59.3150602,-33.1325517],[-59.31507382,-33.13263878],[-59.31508753,-33.13270045],[-59.31510694,-33.13275984],[-59.31512293,-33.13279982],[-59.31513664,-33.13283865],[-59.31514006,-33.13286949],[-59.31513321,-33.13291175],[-59.31511951,-33.13294715],[-59.31508981,-33.13296543],[-59.31505669,-33.13297799],[-59.31500872,-33.13298484],[-59.31495961,-33.13297685],[-59.31491963,-33.13295743],[-59.31477004,-33.1328909]]]},"geometry_name":"geom","properties":{"gid":131,"rtn":"12","typ":40,"rst":1,"hct":1,"fdc":"Dirección Nacional de Vialidad","sag":"IGN"},"bbox":[-59.31514006,-33.13298484,-59.3146383,-33.1325517]},{"type":"Feature","id":"vial_nacional.94","geometry":{"type":"MultiLineString","coordinates":[[[-59.2748661,-33.1629037],[-59.2753377,-33.1626553],[-59.2771863,-33.1616856],[-59.2782971,-33.1610967],[-59.2801628,-33.1601141],[-59.2806126,-33.1598772],[-59.2824109,-33.1589301],[-59.2831081,-33.158563],[-59.284991,-33.1575713],[-59.285598,-33.1572512],[-59.286617,-33.156714],[-59.2881907,-33.1558057],[-59.2887236,-33.1553734],[-59.2893711,-33.1548725],[-59.2932073,-33.1516849],[-59.2935969,-33.1513692],[-59.2938984,-33.1511872],[-59.2942115,-33.1510655],[-59.2944952,-33.1510579],[-59.2947893,-33.1511005],[-59.2950133,-33.1511693],[-59.2952942,-33.1512598],[-59.2959052,-33.1514444],[-59.2962474,-33.15151],[-59.2964739,-33.1515041],[-59.2966113,-33.1514684],[-59.2967483,-33.1514174],[-59.2970548,-33.1512587],[-59.2976755,-33.1509385],[-59.2985125,-33.1504728],[-59.2992986,-33.1500547],[-59.2998334,-33.14976],[-59.3004806,-33.1494052],[-59.3009303,-33.1491746],[-59.3012784,-33.1489838],[-59.3018031,-33.1487028],[-59.3020419,-33.148575],[-59.3029089,-33.1481195],[-59.3030611,-33.1480395],[-59.3033345,-33.1478959],[-59.3038155,-33.1476613],[-59.3039247,-33.1475794],[-59.3039785,-33.1475229],[-59.3040225,-33.1474589],[-59.3041734,-33.1467916],[-59.3042912,-33.1463658],[-59.3043375,-33.1461091],[-59.3044818,-33.1453853],[-59.3046156,-33.144689],[-59.3047412,-33.1439808],[-59.3049003,-33.1432067],[-59.3050438,-33.1424941],[-59.3052284,-33.1415871],[-59.3053731,-33.1408759],[-59.3053979,-33.1407539],[-59.3055279,-33.1401154],[-59.305671,-33.1394123],[-59.3058248,-33.1386566],[-59.3059714,-33.1379361],[-59.3061348,-33.137133],[-59.3062269,-33.1366804],[-59.3062782,-33.1364283],[-59.3064264,-33.1357],[-59.3065783,-33.1349537],[-59.3066674,-33.134516],[-59.3067175,-33.1342697],[-59.3068778,-33.1334821],[-59.3070262,-33.1327529],[-59.3071837,-33.1321177],[-59.3072213,-33.1320745],[-59.3073161,-33.1320312],[-59.3073907,-33.1320252],[-59.3079016,-33.1320803],[-59.3079835,-33.1320922],[-59.308886,-33.1321942],[-59.3097999,-33.1323016],[-59.3102498,-33.132354],[-59.3105809,-33.1323945],[-59.3113185,-33.1324738],[-59.3114893,-33.1324925],[-59.3122462,-33.1325897],[-59.3133869,-33.1327253],[-59.3134875,-33.1327363],[-59.3141566,-33.1328095],[-59.3146383,-33.1328601]]]},"geometry_name":"geom","properties":{"gid":94,"rtn":"12","typ":40,"rst":1,"hct":1,"fdc":"Dirección Nacional de Vialidad","sag":"IGN"},"bbox":[-59.3146383,-33.1629037,-59.2748661,-33.1320252]},{"type":"Feature","id":"vial_nacional.130","geometry":{"type":"MultiLineString","coordinates":[[[-59.3150602,-33.1325517],[-59.3150754,-33.1324734],[-59.3156007,-33.1299366],[-59.3158631,-33.1285194]]]},"geometry_name":"geom","properties":{"gid":130,"rtn":"12","typ":40,"rst":1,"hct":1,"fdc":"Dirección Nacional de Vialidad","sag":"IGN"},"bbox":[-59.3158631,-33.1325517,-59.3150602,-33.1285194]},{"type":"Feature","id":"vial_nacional.1595","geometry":{"type":"MultiLineString","coordinates":[[[-60.1871071,-33.36085791],[-60.18696566,-33.36095887],[-60.18518582,-33.35927421],[-60.18016516,-33.35459714],[-60.18012328,-33.35454003],[-60.18010424,-33.35444485],[-60.1801008,-33.35424733]]]},"geometry_name":"geom","properties":{"gid":1595,"rtn":"188","typ":40,"rst":1,"hct":1,"fdc":"Dirección Nacional de Vialidad","sag":"IGN"},"bbox":[-60.1871071,-33.36095887,-60.1801008,-33.35424733]},{"type":"Feature","id":"vial_nacional.1596","geometry":{"type":"MultiLineString","coordinates":[[[-60.1902621,-33.360628],[-60.19005896,-33.36039731],[-60.18994474,-33.36018792],[-60.1898686,-33.36003183],[-60.18985337,-33.35995568],[-60.18983814,-33.35985099],[-60.18982672,-33.35974248],[-60.18982482,-33.35964921],[-60.18983243,-33.35954261],[-60.18983053,-33.35941126],[-60.18982672,-33.35923614],[-60.18980007,-33.35909146],[-60.18974868,-33.35899819],[-60.18967253,-33.35891063],[-60.18957355,-33.35884971],[-60.18945743,-33.35882306],[-60.18938509,-33.35881164],[-60.18930895,-33.35881164],[-60.18921758,-33.35883258],[-60.1891224,-33.35887826],[-60.18903864,-33.35893918],[-60.18897012,-33.3590058],[-60.18894537,-33.3590572],[-60.18893205,-33.35912573],[-60.18891872,-33.35921329],[-60.18890463,-33.3593237],[-60.18889854,-33.35939071],[-60.18888331,-33.35946837],[-60.18887008,-33.35952129],[-60.1888026,-33.35961637],[-60.18870457,-33.35971774],[-60.18887161,-33.35964493],[-60.1889882,-33.3596021],[-60.18907672,-33.35959781],[-60.18915743,-33.35960238],[-60.18922748,-33.35962066],[-60.18928877,-33.35964731],[-60.18936758,-33.3596968],[-60.18944677,-33.35975924],[-60.18952291,-33.35982472],[-60.1895823,-33.35990391],[-60.18961885,-33.35998005],[-60.18967977,-33.36010645],[-60.18981206,-33.36026216],[-60.1899929,-33.36045727],[-60.1902621,-33.360628]]]},"geometry_name":"geom","properties":{"gid":1596,"rtn":"188","typ":40,"rst":1,"hct":1,"fdc":"Dirección Nacional de Vialidad","sag":"IGN"},"bbox":[-60.1902621,-33.360628,-60.18870457,-33.35881164]},{"type":"Feature","id":"vial_nacional.1825","geometry":{"type":"MultiLineString","coordinates":[[[-58.80087853,-33.49983342],[-58.80095509,-33.49961],[-58.80097961,-33.49953843],[-58.80103549,-33.49929478],[-58.80108958,-33.49897468],[-58.80111597,-33.49863117],[-58.80112461,-33.49823178],[-58.80111488,-33.49767845],[-58.80111939,-33.49695035],[-58.80113175,-33.49653608],[-58.80115449,-33.49610984],[-58.80119848,-33.49543675],[-58.80127791,-33.49475653],[-58.80139513,-33.49383146],[-58.80161782,-33.49266236],[-58.80172856,-33.49207851],[-58.80175748,-33.491926],[-58.80183438,-33.49121192],[-58.80191961,-33.49019999],[-58.80194798,-33.48948087],[-58.8020286,-33.48737429],[-58.80215847,-33.48458091],[-58.80218962,-33.48391102],[-58.8023608,-33.47970157],[-58.80239733,-33.47892537],[-58.80255182,-33.47564303],[-58.80272751,-33.47156128],[-58.80280958,-33.46930707],[-58.80285218,-33.46813702],[-58.8030957,-33.46302542],[-58.80317159,-33.46173614],[-58.80327471,-33.45998443],[-58.80349511,-33.45497204],[-58.8034903,-33.45397814],[-58.80344744,-33.45320261],[-58.80339727,-33.4526736],[-58.80322388,-33.45175109],[-58.80298848,-33.45089575],[-58.80269918,-33.45009481],[-58.80236726,-33.44934383],[-58.8021318,-33.44893286],[-58.80171623,-33.44825491],[-58.80109849,-33.44739924],[-58.80032231,-33.44647069],[-58.80005121,-33.44616777],[-58.79977044,-33.44583928],[-58.79931951,-33.44529748],[-58.79891845,-33.4448068],[-58.79848632,-33.44410723],[-58.79786642,-33.44304298],[-58.79737105,-33.44238839],[-58.79687791,-33.44183856],[-58.79572166,-33.44074408],[-58.79389517,-33.43904917],[-58.79082075,-33.43615765],[-58.79017521,-33.43559747],[-58.78968462,-33.43522117],[-58.78917406,-33.43483009],[-58.78827569,-33.43418544],[-58.78642961,-33.43287917],[-58.78554974,-33.43224482],[-58.78469561,-33.43164634],[-58.78364333,-33.4308516],[-58.78297397,-33.4302921],[-58.7821632,-33.42956457],[-58.78088832,-33.42838034],[-58.78015374,-33.42769799],[-58.77909687,-33.42683305],[-58.77844341,-33.4263514],[-58.77725353,-33.42550132],[-58.77618283,-33.42473532],[-58.77478579,-33.42374039],[-58.77416926,-33.42330131],[-58.7720944,-33.42179892],[-58.77125679,-33.42124044],[-58.77013631,-33.42054665],[-58.76878525,-33.41982078],[-58.76724751,-33.41899938],[-58.76581594,-33.41823031],[-58.76443034,-33.41748785],[-58.76049726,-33.41538784],[-58.75570249,-33.41285518],[-58.75469061,-33.41228701],[-58.75400174,-33.41182632],[-58.75345159,-33.41140672],[-58.75285818,-33.41087759],[-58.75245862,-33.4104753],[-58.75205527,-33.41000814],[-58.75152159,-33.40925866],[-58.7511554,-33.40863455],[-58.75082842,-33.40793853],[-58.75047952,-33.40703608],[-58.74978666,-33.4049803],[-58.74938521,-33.40381976],[-58.74842875,-33.40105065],[-58.74811509,-33.40013725],[-58.74778399,-33.39915926],[-58.74740925,-33.39807613],[-58.74722196,-33.39754878],[-58.74689773,-33.39660463],[-58.74665043,-33.39588699],[-58.74642132,-33.39522347],[-58.74617918,-33.39448322],[-58.74578543,-33.39333359],[-58.74485255,-33.39067922],[-58.74407094,-33.38838189],[-58.74344386,-33.38664952],[-58.74256145,-33.38465548],[-58.74189113,-33.3832508],[-58.74152578,-33.3824223],[-58.74106465,-33.38148277],[-58.73875658,-33.37657224],[-58.737938,-33.37484247],[-58.73639175,-33.37157507],[-58.73576659,-33.37024416],[-58.73417649,-33.36699892],[-58.73371584,-33.36605879],[-58.73272379,-33.36402645],[-58.7307103,-33.35994528],[-58.73008587,-33.35864632],[-58.7268833,-33.35211217],[-58.72555338,-33.34940468],[-58.72288005,-33.34398496],[-58.7197717,-33.3376342],[-58.71946516,-33.33700904],[-58.71520217,-33.32831494],[-58.71351342,-33.32490282],[-58.71315323,-33.32409015],[-58.71294703,-33.32361577],[-58.71276656,-33.32308274],[-58.71242005,-33.32203894],[-58.71228896,-33.32145993],[-58.71214076,-33.32066161],[-58.71207617,-33.32026303],[-58.71199109,-33.31957784],[-58.71193765,-33.3187943],[-58.71192053,-33.31580805],[-58.71194425,-33.3074129],[-58.71195872,-33.30385294],[-58.71196004,-33.30310172],[-58.71197338,-33.29552606],[-58.7119921,-33.28917199],[-58.71200876,-33.28351709],[-58.71201977,-33.27990279],[-58.71202939,-33.27794492],[-58.71201744,-33.27621614],[-58.71203562,-33.27262091],[-58.71204624,-33.26909227],[-58.71203903,-33.26699334],[-58.71205654,-33.26403188],[-58.71207173,-33.25498891],[-58.71206473,-33.25413252],[-58.71202366,-33.25356346],[-58.71192712,-33.25272391],[-58.71175715,-33.25178449],[-58.7116377,-33.25123989],[-58.71150238,-33.25061658],[-58.71137123,-33.25000109],[-58.71123428,-33.24945182],[-58.71103124,-33.24865003],[-58.7107945,-33.2480241],[-58.7103646,-33.24708103],[-58.70987821,-33.24626544],[-58.70940992,-33.24560126],[-58.70803279,-33.24392898],[-58.70559369,-33.24099641],[-58.70555918,-33.24095492],[-58.70364655,-33.2386617],[-58.70257413,-33.23737587],[-58.70180403,-33.23644821],[-58.6969533,-33.23060498],[-58.69209146,-33.22474836],[-58.68887692,-33.22087513],[-58.68537133,-33.21665121],[-58.68442901,-33.21550723],[-58.68389333,-33.21486169],[-58.68356247,-33.21444442],[-58.68308695,-33.21379586],[-58.68270383,-33.21315829],[-58.68237535,-33.21252536],[-58.68210432,-33.21187601],[-58.68189936,-33.21126306],[-58.68185959,-33.21114411],[-58.68169628,-33.21055782],[-58.68148789,-33.20958086],[-58.68089349,-33.20671985],[-58.68056708,-33.20521023],[-58.67938822,-33.19964504],[-58.67679518,-33.18738633],[-58.67488898,-33.17842305],[-58.67403519,-33.1743918],[-58.67363257,-33.1725125],[-58.67332231,-33.17142392],[-58.67306374,-33.1706225],[-58.67276271,-33.1698079],[-58.67241438,-33.16894396],[-58.67234116,-33.16877156],[-58.67207435,-33.16814328],[-58.67177365,-33.16736947],[-58.67100139,-33.16547879],[-58.67008216,-33.16328657],[-58.66883566,-33.16026261],[-58.66758916,-33.15723866],[-58.66694889,-33.15567709],[-58.66311764,-33.14641075],[-58.66263963,-33.14527355],[-58.66207047,-33.14393295],[-58.66165162,-33.14290984],[-58.66129876,-33.14209043],[-58.66077067,-33.14079075],[-58.65831207,-33.13481045],[-58.65602047,-33.12929453],[-58.65406055,-33.12457977],[-58.6533602,-33.1228793],[-58.65288983,-33.12173361],[-58.65062152,-33.11620873],[-58.64989823,-33.11452152],[-58.64945351,-33.11340898],[-58.64896151,-33.11227011],[-58.64843452,-33.11098203],[-58.64793652,-33.10977967],[-58.64726528,-33.1081755],[-58.64632278,-33.10588247],[-58.64530776,-33.10346795],[-58.64506424,-33.102893],[-58.64475746,-33.10211751],[-58.64387667,-33.09998731],[-58.64279321,-33.09740641],[-58.6403607,-33.09148557],[-58.63657645,-33.08239729],[-58.63563981,-33.08012312],[-58.63275965,-33.07313004],[-58.63130889,-33.06960759],[-58.6307939,-33.06844279],[-58.62986124,-33.06646702],[-58.62882848,-33.06434384],[-58.62811121,-33.06285273],[-58.6275182,-33.06161963],[-58.62654975,-33.05928595],[-58.6259354,-33.05786029],[-58.6249531,-33.0554843],[-58.62276246,-33.05020753]]]},"geometry_name":"geom","properties":{"gid":1825,"rtn":"14","typ":47,"rst":1,"hct":1,"fdc":"Dirección Nacional de Vialidad","sag":"IGN"},"bbox":[-58.80349511,-33.49983342,-58.62276246,-33.05020753]},{"type":"Feature","id":"vial_nacional.2503","geometry":{"type":"MultiLineString","coordinates":[[[-60.22100892,-33.38910958],[-60.221304,-33.3893727],[-60.2217691,-33.3897147],[-60.2221419,-33.3900107],[-60.2225952,-33.3904329],[-60.223091,-33.3909574],[-60.2236032,-33.3915341],[-60.2241433,-33.3921727]]]},"geometry_name":"geom","properties":{"gid":2503,"rtn":"188","typ":40,"rst":1,"hct":1,"fdc":"Dirección Nacional de Vialidad","sag":"IGN"},"bbox":[-60.2241433,-33.3921727,-60.22100892,-33.38910958]},{"type":"Feature","id":"vial_nacional.2504","geometry":{"type":"MultiLineString","coordinates":[[[-60.22100892,-33.38910958],[-60.22092584,-33.38916528],[-60.22089173,-33.38918857]]]},"geometry_name":"geom","properties":{"gid":2504,"rtn":"9","typ":41,"rst":1,"hct":1,"fdc":"Dirección Nacional de Vialidad","sag":"IGN"},"bbox":[-60.22100892,-33.38918857,-60.22089173,-33.38910958]},{"type":"Feature","id":"vial_nacional.2508","geometry":{"type":"MultiLineString","coordinates":[[[-60.22070648,-33.389005],[-60.22080708,-33.3889373]]]},"geometry_name":"geom","properties":{"gid":2508,"rtn":"9","typ":41,"rst":1,"hct":1,"fdc":"Dirección Nacional de Vialidad","sag":"IGN"},"bbox":[-60.22080708,-33.389005,-60.22070648,-33.3889373]},{"type":"Feature","id":"vial_nacional.2639","geometry":{"type":"MultiLineString","coordinates":[[[-58.80158979,-33.59983566],[-58.80167526,-33.60024356],[-58.80192453,-33.60117111],[-58.80158979,-33.59983566]]]},"geometry_name":"geom","properties":{"gid":2639,"rtn":"12","typ":47,"rst":1,"hct":1,"fdc":"Dirección Nacional de Vialidad","sag":"IGN"},"bbox":[-58.80192453,-33.60117111,-58.80158979,-33.59983566]},{"type":"Feature","id":"vial_nacional.1381","geometry":{"type":"MultiLineString","coordinates":[[[-61.07470044,-33.9201709],[-61.0644904,-33.9191509],[-61.0633229,-33.9190889],[-61.0622861,-33.9191121],[-61.0614829,-33.9192671],[-61.0608852,-33.9194376],[-61.0601366,-33.9196886],[-61.0422067,-33.9316173],[-61.0417496,-33.9318779],[-61.0414851,-33.9319979],[-61.0410504,-33.9321561],[-61.0406035,-33.9322882],[-61.0401151,-33.9323769],[-61.0395368,-33.9324214],[-61.0353066,-33.9324038],[-61.032191,-33.9323909],[-60.99384,-33.9322318],[-60.9929813,-33.9322282],[-60.9783313,-33.9321674],[-60.9674132,-33.9321251]]]},"geometry_name":"geom","properties":{"gid":1381,"rtn":"8","typ":40,"rst":1,"hct":1,"fdc":"Dirección Nacional de Vialidad","sag":"IGN"},"bbox":[-61.07470044,-33.9324214,-60.9674132,-33.9190889]},{"type":"Feature","id":"vial_nacional.1382","geometry":{"type":"MultiLineString","coordinates":[[[-60.9674132,-33.9321251],[-60.9669742,-33.9321419],[-60.9661866,-33.9321656],[-60.9657625,-33.9321626],[-60.9654132,-33.9321632],[-60.9644296,-33.9321648],[-60.963307,-33.9321667],[-60.9621951,-33.9321685],[-60.9611901,-33.9321596],[-60.960039,-33.932136],[-60.9595648,-33.932112],[-60.9603954,-33.9320769],[-60.9613327,-33.932068],[-60.9624909,-33.9320355],[-60.9630469,-33.9320295],[-60.9644261,-33.9320351],[-60.9660013,-33.9320414],[-60.9663327,-33.9320562],[-60.9668958,-33.9320887],[-60.9674132,-33.9321251]]]},"geometry_name":"geom","properties":{"gid":1382,"rtn":"8","typ":40,"rst":1,"hct":1,"fdc":"Dirección Nacional de Vialidad","sag":"IGN"},"bbox":[-60.9674132,-33.9321685,-60.9595648,-33.9320295]},{"type":"Feature","id":"vial_nacional.1383","geometry":{"type":"MultiLineString","coordinates":[[[-60.9595648,-33.932112],[-60.9529497,-33.9320628],[-60.9284572,-33.9319736],[-60.9112845,-33.9318864],[-60.8881072,-33.9318302],[-60.8739482,-33.9318231],[-60.8718899,-33.9318253],[-60.8426078,-33.9318569],[-60.8394246,-33.9318658],[-60.8375368,-33.9318715],[-60.8243451,-33.9319114],[-60.8086532,-33.9319726],[-60.7914215,-33.9316412],[-60.7825949,-33.9315869],[-60.7790077,-33.9315828],[-60.7749087,-33.9315736],[-60.7680197,-33.9315679],[-60.765249,-33.9315509],[-60.735738,-33.9314749],[-60.709244,-33.9314067],[-60.6953015,-33.9313708],[-60.6950774,-33.9313775],[-60.69111555,-33.93133158],[-60.68988428,-33.9313284],[-60.68911441,-33.93132825],[-60.68869769,-33.93133407],[-60.68829435,-33.93127454],[-60.68814932,-33.93124411],[-60.6879856,-33.93124453],[-60.68776184,-33.93118007],[-60.68741316,-33.93109133],[-60.68711991,-33.93096786],[-60.6867581,-33.93078938],[-60.68565915,-33.9301362],[-60.6821594,-33.92803337],[-60.68212861,-33.92801487],[-60.68138434,-33.92752306],[-60.6796701,-33.9265536],[-60.6734232,-33.9227685],[-60.6687342,-33.9199718],[-60.6591011,-33.9141623],[-60.6585461,-33.9138673],[-60.6581365,-33.9137204],[-60.6577341,-33.9136124],[-60.6573102,-33.9135535],[-60.656867,-33.9135314],[-60.6562235,-33.9135277],[-60.6525533,-33.9135064],[-60.6496048,-33.9134999],[-60.6477437,-33.9134958],[-60.6468892,-33.9134939],[-60.6429424,-33.9134879],[-60.6385419,-33.9134813],[-60.6384109,-33.9134811],[-60.6378079,-33.9134802],[-60.6372832,-33.9134794],[-60.6360939,-33.9134776],[-60.6357968,-33.9134771],[-60.6348926,-33.9134623],[-60.6343414,-33.9134574],[-60.632841,-33.9134527],[-60.6314356,-33.913453],[-60.6301329,-33.91345],[-60.6232359,-33.9134342],[-60.6224181,-33.9134326],[-60.6220675,-33.9134319],[-60.6193878,-33.9134266],[-60.6169352,-33.9134172],[-60.61507,-33.9134101],[-60.614932,-33.9134096],[-60.6122436,-33.9134036],[-60.6118749,-33.9134028],[-60.6114946,-33.9134051],[-60.6108618,-33.9133777],[-60.6102614,-33.9132956],[-60.609651,-33.9131615],[-60.60149,-33.9112227],[-60.6002276,-33.9109347],[-60.599995,-33.9108832],[-60.5997472,-33.9108368],[-60.5994238,-33.910798],[-60.5991477,-33.9107846],[-60.598961,-33.9107845],[-60.5987815,-33.9107925],[-60.5986264,-33.910808],[-60.5982022,-33.9108986],[-60.597767,-33.9110246],[-60.5964362,-33.911468],[-60.5954864,-33.9117688],[-60.594339,-33.9121466],[-60.5931884,-33.9125273],[-60.5920421,-33.9128986],[-60.5908649,-33.9132799],[-60.5897828,-33.9136295],[-60.5888931,-33.9139137],[-60.5878508,-33.9142577],[-60.5876784,-33.9143158],[-60.5874801,-33.9143763],[-60.5870232,-33.9145156],[-60.5867592,-33.9145939],[-60.5866176,-33.9146282],[-60.5864554,-33.9146639],[-60.5863792,-33.9146807],[-60.5861889,-33.9147161],[-60.5858604,-33.9147365],[-60.5856162,-33.9147423],[-60.5846511,-33.9146913],[-60.5845271,-33.9146899],[-60.5842658,-33.9146808],[-60.5829585,-33.9146203],[-60.5826812,-33.9146074],[-60.5820598,-33.9145787],[-60.5816076,-33.9145577],[-60.5801676,-33.9144845],[-60.5791748,-33.9144331],[-60.5771285,-33.9143273],[-60.5766372,-33.914303],[-60.576052,-33.9142734],[-60.5758349,-33.9142625],[-60.5750159,-33.9142226],[-60.5746431,-33.914202],[-60.5740637,-33.914173],[-60.5737337,-33.9141535],[-60.5730552,-33.9141252],[-60.5724383,-33.9140924],[-60.5718237,-33.9140598],[-60.5716302,-33.9140501],[-60.5715853,-33.9140478],[-60.570966,-33.9140165],[-60.5708542,-33.9140109],[-60.5704895,-33.9139924],[-60.5703927,-33.9139876],[-60.56993368,-33.91396944],[-60.56989981,-33.9139681]]]},"geometry_name":"geom","properties":{"gid":1383,"rtn":"8","typ":40,"rst":1,"hct":1,"fdc":"Dirección Nacional de Vialidad","sag":"IGN"},"bbox":[-60.9595648,-33.932112,-60.56989981,-33.9107845]},{"type":"Feature","id":"vial_nacional.1384","geometry":{"type":"MultiLineString","coordinates":[[[-60.17250881,-34.02460787],[-60.1834221,-34.0184045],[-60.2011522,-34.0082724],[-60.2037124,-34.0068092],[-60.2039946,-34.0066482],[-60.2187495,-33.9982311],[-60.22151,-33.9966141],[-60.2218316,-33.996389],[-60.2220382,-33.9962005],[-60.2221936,-33.9959157],[-60.2224542,-33.9950679],[-60.22252,-33.9949156],[-60.222765,-33.9946544],[-60.2232366,-33.9943867],[-60.2242836,-33.9937924],[-60.2253722,-33.9931762],[-60.2264508,-33.9925646],[-60.2266348,-33.99246],[-60.2271931,-33.9921466],[-60.227918,-33.9917398],[-60.2282565,-33.9915485],[-60.2286526,-33.9913247],[-60.2290777,-33.9910757],[-60.2294964,-33.9908478],[-60.2301481,-33.9904795],[-60.2309042,-33.9900522],[-60.2310598,-33.9899698],[-60.2311704,-33.9899018],[-60.2317144,-33.9895999],[-60.2322669,-33.9892789],[-60.2338889,-33.9883369],[-60.2341096,-33.9882361],[-60.234377,-33.9881663],[-60.2347713,-33.9880926],[-60.2359502,-33.98796],[-60.236443,-33.9878837],[-60.2369561,-33.9877389],[-60.2373347,-33.9875914],[-60.2377342,-33.9873698],[-60.2405401,-33.9857649],[-60.2407733,-33.9856316],[-60.2545766,-33.9777362],[-60.2550831,-33.9774465],[-60.2631803,-33.9728146],[-60.2706357,-33.9685613],[-60.273487,-33.9669502],[-60.2737845,-33.9667735],[-60.2889109,-33.9581232],[-60.2894285,-33.9578272],[-60.2897779,-33.9576247],[-60.2901139,-33.9573799],[-60.2904488,-33.9570711],[-60.2909406,-33.9566178],[-60.2912825,-33.9563552],[-60.2954984,-33.9539219],[-60.2989095,-33.9519671],[-60.2994401,-33.9517127],[-60.300192,-33.951406],[-60.300871,-33.9511512],[-60.3013273,-33.950964],[-60.3016957,-33.9507827],[-60.3021278,-33.9505487],[-60.3038803,-33.9495515],[-60.3068447,-33.9478559],[-60.3070254,-33.9477519],[-60.3133432,-33.9441383],[-60.3135639,-33.9440037],[-60.3157037,-33.9427855],[-60.3181388,-33.9413992],[-60.3206264,-33.9399846],[-60.3230145,-33.9385446],[-60.3243719,-33.9377653],[-60.3257171,-33.9371038],[-60.3272648,-33.9364229],[-60.3286996,-33.9359484],[-60.3303059,-33.935549],[-60.3328371,-33.935133],[-60.3406909,-33.9338341],[-60.3438835,-33.9332587],[-60.3481762,-33.9325821],[-60.3690538,-33.9291552],[-60.3717551,-33.9287118],[-60.3729952,-33.9285125],[-60.3759091,-33.9280395],[-60.377457,-33.9277992],[-60.3802452,-33.9273175],[-60.3817067,-33.9270813],[-60.3831195,-33.9268453],[-60.3839605,-33.9267171],[-60.3845331,-33.9266185],[-60.3847834,-33.9265474],[-60.384968,-33.9264764],[-60.3851335,-33.9264016],[-60.3852796,-33.9263188],[-60.3853508,-33.9262502],[-60.3856749,-33.9259617],[-60.385973,-33.925603],[-60.3862934,-33.9253751],[-60.3866485,-33.9252211],[-60.3875305,-33.9250358],[-60.3887478,-33.9248317],[-60.3897053,-33.9246712],[-60.3916153,-33.9243381],[-60.3932753,-33.924082],[-60.393924,-33.9239781],[-60.3941516,-33.9239448],[-60.3943867,-33.9239211],[-60.3945753,-33.9239054],[-60.3947973,-33.9238987],[-60.3950191,-33.9238957],[-60.3952345,-33.9239013],[-60.395529,-33.9239186],[-60.3958104,-33.9239485],[-60.39761,-33.924257],[-60.39786,-33.9242907],[-60.3980465,-33.9243078],[-60.39824,-33.9243158],[-60.3984757,-33.9243123],[-60.3986531,-33.9243006],[-60.3987954,-33.9242874],[-60.3989826,-33.9242606],[-60.4048037,-33.923314],[-60.4131167,-33.9219673],[-60.4274203,-33.9195654],[-60.4351843,-33.9183103],[-60.4353039,-33.918291],[-60.445554,-33.916634],[-60.4457451,-33.9166031],[-60.4542073,-33.915183],[-60.4549905,-33.9150628],[-60.4570984,-33.9147003],[-60.4576349,-33.9145956],[-60.4588553,-33.9143329],[-60.4594829,-33.9142061],[-60.4605389,-33.9139932],[-60.4611446,-33.91385],[-60.4617439,-33.9137094],[-60.4632499,-33.9133054],[-60.4634003,-33.9132722],[-60.4635592,-33.9132441],[-60.4637274,-33.9132201],[-60.4638581,-33.9132082],[-60.4640029,-33.9131985],[-60.4641313,-33.9131969],[-60.4642479,-33.9132035],[-60.4643518,-33.9132144],[-60.4644769,-33.9132289],[-60.4646009,-33.9132487],[-60.4647514,-33.9132782],[-60.4648812,-33.9133054],[-60.465012,-33.9133367],[-60.4651388,-33.913371],[-60.4657822,-33.9135824],[-60.4662971,-33.9137774],[-60.4664493,-33.9138315],[-60.4666722,-33.9139002],[-60.4668222,-33.9139396],[-60.4670166,-33.9139807],[-60.4672445,-33.9140226],[-60.4674324,-33.914048],[-60.4676458,-33.9140678],[-60.4678331,-33.9140741],[-60.4680184,-33.9140713],[-60.4681842,-33.9140632],[-60.4683583,-33.9140452],[-60.4685334,-33.9140181],[-60.4687049,-33.9139859],[-60.4688672,-33.9139446],[-60.4690752,-33.9138852],[-60.4692714,-33.9138207],[-60.4694691,-33.9137387],[-60.4702134,-33.9133766],[-60.4703692,-33.9133092],[-60.4705184,-33.9132464],[-60.4706678,-33.9131919],[-60.4708245,-33.9131414],[-60.471027,-33.9130842],[-60.4712211,-33.913041],[-60.4713786,-33.9130114],[-60.4723633,-33.9128453],[-60.4965193,-33.9088496],[-60.4966105,-33.9088345],[-60.5039902,-33.9076138],[-60.5144048,-33.9059027],[-60.5146839,-33.905856],[-60.5206899,-33.9048688],[-60.5213735,-33.9047565],[-60.5221096,-33.904631],[-60.5227042,-33.9045302],[-60.5249572,-33.9041522],[-60.5253787,-33.9040718],[-60.5258324,-33.9039758],[-60.5262977,-33.9038688],[-60.5266735,-33.9037762],[-60.5271105,-33.9036608],[-60.5276328,-33.9035099],[-60.5278114,-33.903459],[-60.5298364,-33.9028023],[-60.5306051,-33.9025418],[-60.5318636,-33.9021154],[-60.5324643,-33.901912],[-60.5340541,-33.9013808],[-60.5352234,-33.9009854],[-60.5364856,-33.9005608],[-60.5365924,-33.900524],[-60.5373577,-33.9002551],[-60.5375758,-33.9001855],[-60.537968,-33.900046],[-60.5386896,-33.8997454],[-60.5389214,-33.8996601],[-60.5391191,-33.8995951],[-60.5393915,-33.8995282],[-60.5396288,-33.8994974],[-60.539972,-33.8994632],[-60.54063,-33.8993985],[-60.5423484,-33.8992449],[-60.542986,-33.8991948],[-60.5433874,-33.8991707],[-60.5438263,-33.8991559],[-60.544364,-33.8991596],[-60.5452449,-33.8991677],[-60.5456216,-33.8991743],[-60.546365,-33.8991919],[-60.5474693,-33.8992109],[-60.5487422,-33.8992306],[-60.5494748,-33.8992418],[-60.5500355,-33.8992736],[-60.5506115,-33.8993283],[-60.5512819,-33.8994161],[-60.5523435,-33.8995613],[-60.5525224,-33.8995589],[-60.5526696,-33.8995327],[-60.5528595,-33.8994728],[-60.55396338,-33.89909077],[-60.55419262,-33.89903242]]]},"geometry_name":"geom","properties":{"gid":1384,"rtn":"8","typ":40,"rst":1,"hct":1,"fdc":"Dirección Nacional de Vialidad","sag":"IGN"},"bbox":[-60.55419262,-34.02460787,-60.17250881,-33.89903242]},{"type":"Feature","id":"vial_nacional.1385","geometry":{"type":"MultiLineString","coordinates":[[[-59.4633145,-34.2448189],[-59.46384,-34.2445093],[-59.4641068,-34.2443454],[-59.4645112,-34.2440476],[-59.4647995,-34.2438228],[-59.4651755,-34.243487],[-59.4653816,-34.2432866],[-59.4657213,-34.2429095],[-59.4660246,-34.2425664],[-59.4671524,-34.2412032],[-59.4678628,-34.2401977],[-59.4682549,-34.2396069],[-59.4691176,-34.2383127],[-59.4698841,-34.2371996],[-59.4701851,-34.236782],[-59.4704877,-34.2363803],[-59.4708453,-34.2359531],[-59.4711808,-34.2355976],[-59.4713894,-34.2353877],[-59.4715227,-34.2352537],[-59.4718951,-34.2349277],[-59.4721514,-34.2346926],[-59.4730808,-34.2339077],[-59.4736808,-34.2334619],[-59.4739517,-34.2332662],[-59.4742026,-34.2330978],[-59.4744588,-34.2329395],[-59.4749354,-34.232654],[-59.4754115,-34.2324088],[-59.4757614,-34.2322407],[-59.4761169,-34.2320896],[-59.4765559,-34.2319115],[-59.4770588,-34.2317221],[-59.479313,-34.2309266],[-59.4808815,-34.2303622],[-59.4842558,-34.2291858],[-59.4848618,-34.2289573],[-59.486604,-34.2283396],[-59.4870648,-34.2281683],[-59.4886794,-34.2276096],[-59.4892818,-34.2274012],[-59.4901259,-34.2270897],[-59.4991892,-34.223901],[-59.4993688,-34.2238347],[-59.508049,-34.2207473],[-59.5083981,-34.2206305],[-59.5123629,-34.2192596],[-59.5211223,-34.2161402],[-59.5223329,-34.2157432],[-59.5283385,-34.2136626],[-59.5387517,-34.2099306],[-59.5539604,-34.2046063],[-59.5692679,-34.1991484],[-59.5765288,-34.1965546],[-59.5790599,-34.1956439],[-59.5845798,-34.1936577],[-59.5854962,-34.193334],[-59.586504,-34.1929919],[-59.5868432,-34.1928923],[-59.5872292,-34.1928074],[-59.5876153,-34.1927354],[-59.5879729,-34.1926756],[-59.596199,-34.1913833],[-59.5997351,-34.1908278],[-59.6123125,-34.1888612],[-59.6125394,-34.1888257],[-59.6177565,-34.1880206],[-59.6180671,-34.1879609],[-59.6227849,-34.18722],[-59.6312714,-34.1858872],[-59.6453083,-34.1836827],[-59.6520124,-34.1826236],[-59.6648024,-34.1806032],[-59.6746081,-34.1790613],[-59.6851208,-34.1774082],[-59.6870413,-34.1771062],[-59.6945305,-34.1759242],[-59.6948782,-34.1758694],[-59.6958285,-34.1757194],[-59.7123565,-34.1731109],[-59.7173521,-34.1723224],[-59.7207403,-34.1717876],[-59.7211268,-34.1717266],[-59.724141,-34.1712509],[-59.7243615,-34.1712157],[-59.7287677,-34.1705236],[-59.7552931,-34.1663044],[-59.7629752,-34.1650749],[-59.7695914,-34.1640533],[-59.7713748,-34.1637779],[-59.7716209,-34.1637399],[-59.7737,-34.1634025],[-59.7741473,-34.1633204],[-59.7748265,-34.1631355],[-59.7751639,-34.1630436],[-59.7756065,-34.1629133],[-59.7772675,-34.1623087],[-59.7798584,-34.1613656],[-59.7802001,-34.1612411],[-59.7806421,-34.1610803],[-59.7827978,-34.1602945],[-59.7843396,-34.159714],[-59.7846974,-34.1596097],[-59.7855086,-34.1593687],[-59.7859027,-34.1592674],[-59.7864702,-34.1591712],[-59.7876702,-34.1590336],[-59.7883148,-34.1589616],[-59.7897365,-34.1587899],[-59.7904698,-34.1587127],[-59.7914129,-34.1586271],[-59.792132,-34.1585082],[-59.7927909,-34.1583675],[-59.7934797,-34.1581903],[-59.7972248,-34.1570527],[-59.8056331,-34.1543319],[-59.8178782,-34.1503832],[-59.8408154,-34.1431648],[-59.8409826,-34.1431113],[-59.8420147,-34.1427916],[-59.8421398,-34.1427499],[-59.8423777,-34.1426788],[-59.8463571,-34.1414362],[-59.8495874,-34.1404301],[-59.8546548,-34.1388517],[-59.8567608,-34.1381975],[-59.863048,-34.1363811],[-59.86992,-34.1343863],[-59.8733693,-34.1333916],[-59.8767898,-34.1324853],[-59.8913014,-34.1287313],[-59.8963398,-34.1273748],[-59.8988879,-34.1267309],[-59.9013998,-34.1260764],[-59.9017307,-34.1259917],[-59.9116353,-34.1234075],[-59.9138875,-34.1228048],[-59.9156173,-34.1223427],[-59.9176272,-34.121844],[-59.9212146,-34.1208913],[-59.9250341,-34.119892],[-59.9326515,-34.1179557],[-59.9448206,-34.1148862],[-59.9496229,-34.1136749],[-59.9558548,-34.1118281],[-59.9618695,-34.1100506],[-59.9713964,-34.107235],[-59.9732474,-34.1066901],[-59.973979,-34.1064613],[-59.9744122,-34.1062949],[-59.974936,-34.1060243],[-59.9762816,-34.1052241],[-59.9769486,-34.1048224],[-59.9816984,-34.1019795],[-59.9864866,-34.0991604],[-59.9883916,-34.0980206],[-59.9887069,-34.0978344],[-59.9904348,-34.0967956],[-59.9915454,-34.0961506],[-59.9923201,-34.0957433],[-59.9929744,-34.0954407],[-59.9936643,-34.0951422],[-59.9982101,-34.0935749],[-59.9987093,-34.093403],[-60.0028322,-34.0919614],[-60.0036475,-34.0915838],[-60.0043753,-34.0911211],[-60.0048009,-34.0907975],[-60.0051838,-34.0904652],[-60.0055409,-34.0901075],[-60.0059703,-34.0895448],[-60.0063057,-34.0890297],[-60.0066706,-34.088312],[-60.0070324,-34.0873546],[-60.0073341,-34.0865623],[-60.0075388,-34.0859514],[-60.007805,-34.0853597],[-60.0080001,-34.0849784],[-60.0082288,-34.0846311],[-60.0086365,-34.0841277],[-60.0092089,-34.0835068],[-60.0096074,-34.0831427],[-60.0100795,-34.0827606],[-60.0107017,-34.0823581],[-60.010841,-34.082268],[-60.0114903,-34.0819253],[-60.0122413,-34.0816232],[-60.0130297,-34.0813794],[-60.0136274,-34.0812419],[-60.0142316,-34.0811344],[-60.0147378,-34.0810686],[-60.0153203,-34.0810151],[-60.0194833,-34.0806368],[-60.02029,-34.0805488],[-60.0210872,-34.0804325],[-60.0220636,-34.0802325],[-60.0229991,-34.079989],[-60.0240163,-34.0797127],[-60.0259064,-34.0791732],[-60.0261165,-34.0791133],[-60.0294953,-34.0781823],[-60.0307818,-34.0776334],[-60.0315311,-34.0774219],[-60.0347117,-34.076519],[-60.0367426,-34.0759477],[-60.0405208,-34.0748572],[-60.0430896,-34.0740552],[-60.0452496,-34.0733591],[-60.0458969,-34.0731631],[-60.0463907,-34.0730135],[-60.0482754,-34.0723873],[-60.0488421,-34.0721798],[-60.049389,-34.0719601],[-60.0504467,-34.0714774]]]},"geometry_name":"geom","properties":{"gid":1385,"rtn":"8","typ":40,"rst":1,"hct":1,"fdc":"Dirección Nacional de Vialidad","sag":"IGN"},"bbox":[-60.0504467,-34.2448189,-59.4633145,-34.0714774]},{"type":"Feature","id":"vial_nacional.1597","geometry":{"type":"MultiLineString","coordinates":[[[-60.56849902,-33.9142682],[-60.56855365,-33.91431985],[-60.56913995,-33.91471198],[-60.5699917,-33.9151919],[-60.5704835,-33.9154738],[-60.5714308,-33.9160174],[-60.5727672,-33.9167896],[-60.5753598,-33.9182912],[-60.5756336,-33.918447],[-60.5758908,-33.9186303],[-60.5762446,-33.9189336],[-60.5773123,-33.9198688],[-60.5786738,-33.921082],[-60.5815363,-33.9236059],[-60.5849535,-33.9266277],[-60.5883717,-33.9296388],[-60.5898713,-33.9309627],[-60.5902449,-33.9312902],[-60.5937646,-33.9343954],[-60.5979129,-33.9380332],[-60.6007121,-33.9405021],[-60.6031682,-33.9426401],[-60.6034263,-33.9429601],[-60.6036362,-33.9432963],[-60.6037949,-33.9435844],[-60.6044966,-33.9449576],[-60.6046477,-33.9452332],[-60.6049918,-33.9458743],[-60.605704,-33.9473209],[-60.6059613,-33.9478372],[-60.6060461,-33.9480007],[-60.6069211,-33.9496891],[-60.6071412,-33.9501608],[-60.6108111,-33.9574296],[-60.6112098,-33.9582957],[-60.6121327,-33.9607867],[-60.6132241,-33.9636898],[-60.6138535,-33.9653641],[-60.6142841,-33.9664972],[-60.6147467,-33.9674711],[-60.6153363,-33.9685956],[-60.6160851,-33.9700235],[-60.617181,-33.9720403],[-60.6182183,-33.9739491],[-60.6201409,-33.9771487],[-60.6215228,-33.9794037],[-60.6231616,-33.9820778],[-60.6235642,-33.982749],[-60.625582,-33.9861127],[-60.626457,-33.9875482],[-60.6283989,-33.990734],[-60.6312624,-33.9954443],[-60.6318891,-33.9964928],[-60.6323702,-33.9972976],[-60.6325003,-33.9975727],[-60.6328131,-33.998234],[-60.6330841,-33.9990383],[-60.6333055,-34.0000968],[-60.6334108,-34.0009502],[-60.63345,-34.0012675],[-60.6334137,-34.005952],[-60.6334034,-34.0072884],[-60.6333387,-34.0127688],[-60.6333028,-34.0153481],[-60.6332778,-34.0179197],[-60.6332564,-34.0201342],[-60.6331818,-34.0278387],[-60.633083,-34.0349132],[-60.6331024,-34.0353981],[-60.6331271,-34.0357799],[-60.6332085,-34.0362832],[-60.6336207,-34.0388636],[-60.6339323,-34.0407262],[-60.6370861,-34.0601816],[-60.6381264,-34.0679431],[-60.6401604,-34.0820239],[-60.6415249,-34.0921202],[-60.6415975,-34.0924928],[-60.6416932,-34.0928336],[-60.6418219,-34.0931992],[-60.6419671,-34.0935368],[-60.6421467,-34.0938739],[-60.6423451,-34.0941776],[-60.642454,-34.094352],[-60.6468806,-34.1018105],[-60.6500387,-34.1071551],[-60.6534664,-34.1128905],[-60.663098,-34.1292519],[-60.6661148,-34.1343552],[-60.666666,-34.1352875],[-60.6799013,-34.1576728],[-60.6801354,-34.1580665],[-60.6803346,-34.1583917],[-60.6805379,-34.1587726],[-60.6807276,-34.1591579],[-60.6811017,-34.1600732],[-60.6814033,-34.1609159],[-60.6824932,-34.1634763],[-60.6828184,-34.1643878],[-60.6830904,-34.1650781],[-60.6833566,-34.1657161],[-60.683997,-34.1672622],[-60.684581,-34.1687475],[-60.6848017,-34.1692731],[-60.684939,-34.1695492],[-60.6851005,-34.1698655],[-60.6853885,-34.1703932],[-60.6857709,-34.170939],[-60.6859583,-34.1711893],[-60.6861791,-34.1714633],[-60.6863812,-34.1716837],[-60.68665,-34.1719633],[-60.6869111,-34.1722015],[-60.6873821,-34.1726068],[-60.6882476,-34.1733166],[-60.6898368,-34.1746889],[-60.6909826,-34.1756441],[-60.6912606,-34.1758758],[-60.6939314,-34.1780969],[-60.6944532,-34.1785518],[-60.6949479,-34.1789602],[-60.695966,-34.1797829],[-60.6969828,-34.1806268],[-60.6974943,-34.1810678],[-60.6979828,-34.1814785],[-60.6991531,-34.1824353],[-60.6994824,-34.182719],[-60.6998053,-34.1829887],[-60.7005079,-34.1835735],[-60.7011908,-34.1841351],[-60.7019037,-34.1847205],[-60.708406,-34.1901338]]]},"geometry_name":"geom","properties":{"gid":1597,"rtn":"188","typ":40,"rst":1,"hct":1,"fdc":"Dirección Nacional de Vialidad","sag":"IGN"},"bbox":[-60.708406,-34.1901338,-60.56849902,-33.9142682]},{"type":"Feature","id":"vial_nacional.1598","geometry":{"type":"MultiLineString","coordinates":[[[-60.55419262,-33.89903242],[-60.5542375,-33.89910409],[-60.55434065,-33.89923153],[-60.5546595,-33.89958844],[-60.55539713,-33.90036415],[-60.5567915,-33.90186321],[-60.55731498,-33.90242952],[-60.55860465,-33.90370015],[-60.56009609,-33.90505835],[-60.56346731,-33.90816497],[-60.56474651,-33.90959836],[-60.56602952,-33.91125066],[-60.56786371,-33.91356626],[-60.56821996,-33.91401601],[-60.56838456,-33.9142156],[-60.56841486,-33.91424454],[-60.56846122,-33.91426697],[-60.56849902,-33.9142682]]]},"geometry_name":"geom","properties":{"gid":1598,"rtn":"8-188","typ":40,"rst":1,"hct":1,"fdc":"Dirección Nacional de Vialidad","sag":"IGN"},"bbox":[-60.56849902,-33.9142682,-60.55419262,-33.89903242]},{"type":"Feature","id":"vial_nacional.1747","geometry":{"type":"MultiLineString","coordinates":[[[-60.0504467,-34.0714774],[-60.050904,-34.07131046],[-60.05126949,-34.07117721],[-60.05174157,-34.07093736],[-60.05233168,-34.07056045],[-60.05309311,-34.06998938],[-60.05380885,-34.06939547],[-60.05437611,-34.06884343],[-60.05493576,-34.06824571],[-60.05594846,-34.06712641],[-60.05748654,-34.06537894],[-60.05807284,-34.06475076],[-60.05844214,-34.06438147],[-60.05871244,-34.06414923],[-60.05902463,-34.06390558],[-60.05933681,-34.06363527],[-60.05978986,-34.06330405],[-60.06020865,-34.06303755],[-60.06069215,-34.06273298],[-60.06123277,-34.06240176],[-60.06340664,-34.06113017],[-60.06561478,-34.05978245],[-60.06719855,-34.05866695],[-60.06949426,-34.05689664],[-60.07188133,-34.05504637],[-60.07429506,-34.05318468],[-60.07620243,-34.05169228],[-60.07852098,-34.04989531],[-60.08070247,-34.04820875],[-60.08301721,-34.04641178],[-60.08554134,-34.04445491],[-60.0864817,-34.04374298],[-60.08698425,-34.0433813],[-60.08746014,-34.04307292],[-60.0880769,-34.0426884],[-60.08901345,-34.04222393],[-60.08983579,-34.04183941],[-60.09075331,-34.04149676],[-60.0916023,-34.04121504],[-60.09283201,-34.04086478],[-60.09596909,-34.04001959],[-60.0968295,-34.03977213],[-60.09835236,-34.03936477],[-60.09888821,-34.03921819],[-60.10288571,-34.03811888],[-60.10688796,-34.03703385],[-60.11090925,-34.03592978],[-60.11504475,-34.03480191],[-60.11913743,-34.03368357],[-60.12264951,-34.03272702],[-60.1269373,-34.03154681],[-60.13098714,-34.03043322],[-60.14778035,-34.0258522],[-60.15108018,-34.02496086],[-60.15335019,-34.02432126],[-60.15633403,-34.02350177],[-60.15733341,-34.02324765],[-60.15799871,-34.02308775],[-60.15856121,-34.02299638],[-60.15917226,-34.02294212],[-60.15974047,-34.02289644],[-60.16026871,-34.02288502],[-60.16085406,-34.02289358],[-60.16144797,-34.02293356],[-60.16191625,-34.0229821],[-60.16243021,-34.02305919],[-60.1629813,-34.02315913],[-60.16344101,-34.02327334],[-60.16407775,-34.02345894],[-60.16476304,-34.02369023],[-60.16582523,-34.02427557],[-60.16634205,-34.02461251],[-60.16657619,-34.02472672],[-60.16937443,-34.0258346],[-60.16996549,-34.02605731],[-60.17004687,-34.02607349],[-60.17017821,-34.02606588],[-60.17028291,-34.02603733],[-60.17079307,-34.02580509],[-60.17126325,-34.0254891],[-60.17181528,-34.02509316],[-60.17250881,-34.02460787],[-60.17139079,-34.02519024],[-60.17106147,-34.02531968],[-60.17086731,-34.02540153],[-60.17075309,-34.02542438],[-60.17062175,-34.0254358],[-60.17050944,-34.02542438],[-60.17036286,-34.02538821],[-60.17009446,-34.02529874],[-60.1697461,-34.02514455],[-60.16826513,-34.02457729],[-60.1671858,-34.02415089],[-60.16685839,-34.02404429],[-60.1666509,-34.02398909],[-60.16626067,-34.02390533],[-60.16580381,-34.02380634],[-60.165425,-34.02371307],[-60.16511663,-34.02361979],[-60.16395354,-34.02325241],[-60.1633958,-34.02309822],[-60.16302841,-34.02301065],[-60.16271432,-34.02294212],[-60.16229554,-34.02287312],[-60.16188151,-34.02281363],[-60.16144845,-34.02276604],[-60.16116767,-34.02273511],[-60.16083217,-34.02272797],[-60.16044194,-34.02273273],[-60.15985659,-34.02275177],[-60.15936166,-34.02278032],[-60.15900474,-34.02280649],[-60.15860499,-34.02285408],[-60.15798633,-34.0229445],[-60.15758896,-34.02302065],[-60.15711307,-34.02313486],[-60.15659387,-34.02327953],[-60.15505198,-34.02369356],[-60.15404547,-34.02397195],[-60.15301183,-34.02425368],[-60.15232274,-34.02443452],[-60.1513976,-34.02469912],[-60.14981384,-34.02512932],[-60.1482491,-34.02556334],[-60.14653399,-34.02602591],[-60.1446742,-34.02653987],[-60.14305236,-34.0269815],[-60.14149524,-34.02741551],[-60.13978584,-34.02786856],[-60.13873126,-34.02816361],[-60.13705802,-34.02861857],[-60.13506308,-34.02915918],[-60.13313667,-34.02968837],[-60.13129401,-34.03019282],[-60.12919819,-34.0307677],[-60.12732127,-34.03127976],[-60.12534727,-34.03182608],[-60.12362263,-34.03229626],[-60.12192846,-34.03275312],[-60.11998491,-34.03329373],[-60.11789479,-34.03385909],[-60.11627866,-34.03429501],[-60.11458449,-34.03476138],[-60.11293219,-34.03521824],[-60.11118471,-34.03568652],[-60.10961046,-34.03612243],[-60.10806857,-34.03653932],[-60.10625447,-34.03703995],[-60.10447844,-34.03751775],[-60.10273477,-34.03799745],[-60.10139466,-34.03837055],[-60.09980899,-34.03880647],[-60.09813765,-34.03925],[-60.09684323,-34.03960977],[-60.09611226,-34.03980965],[-60.09530324,-34.04002665],[-60.09393648,-34.04040166],[-60.09292378,-34.04068148],[-60.09233558,-34.04084138],[-60.091281,-34.04114976],[-60.0905367,-34.04139151],[-60.08980573,-34.04168085],[-60.08908618,-34.04201017],[-60.08830572,-34.0423966],[-60.08784315,-34.04265358],[-60.08726256,-34.04300384],[-60.08672957,-34.0433579],[-60.08628413,-34.04366057],[-60.08580824,-34.04404699],[-60.0848812,-34.04475512],[-60.08380378,-34.04558127],[-60.08294908,-34.04625703],[-60.0818964,-34.04707176],[-60.08112546,-34.04766568],[-60.07969778,-34.04877355],[-60.07862607,-34.04960351],[-60.0776781,-34.05034019],[-60.0764522,-34.05129007],[-60.07548328,-34.05204388],[-60.07484178,-34.05252929],[-60.07372629,-34.05340684],[-60.07264887,-34.05422918],[-60.07138299,-34.05522284],[-60.07039314,-34.05598046],[-60.0692529,-34.05687133],[-60.0680803,-34.05776601],[-60.06708093,-34.05852554],[-60.06624907,-34.05914039],[-60.06527063,-34.05980283],[-60.06430933,-34.06040626],[-60.06313293,-34.06108964],[-60.06210119,-34.0617064],[-60.06120271,-34.06223369],[-60.06016717,-34.06286187],[-60.05942668,-34.0633625],[-60.05909546,-34.06360806],[-60.05876424,-34.06388599],[-60.05837781,-34.06422292],[-60.05795141,-34.06463218],[-60.05758402,-34.06502242],[-60.05713478,-34.06551734],[-60.05668935,-34.06601608],[-60.05608782,-34.06669565],[-60.05539873,-34.0674666],[-60.05468108,-34.06827371],[-60.05395963,-34.06901991],[-60.05350468,-34.06942537],[-60.05279655,-34.07001738],[-60.05226545,-34.0704038],[-60.0517591,-34.07073693],[-60.0504467,-34.0714774]]]},"geometry_name":"geom","properties":{"gid":1747,"rtn":"8","typ":41,"rst":1,"hct":1,"fdc":"Dirección Nacional de Vialidad","sag":"IGN"},"bbox":[-60.17250881,-34.0714774,-60.0504467,-34.02272797]},{"type":"Feature","id":"vial_nacional.1786","geometry":{"type":"MultiLineString","coordinates":[[[-59.05214056,-34.13847047],[-59.05032771,-34.13758],[-59.04783373,-34.13641199],[-59.04538308,-34.1352119],[-59.03520211,-34.13017414],[-59.03109555,-34.12814213],[-59.02760814,-34.12644016],[-59.02368802,-34.12452701],[-59.02355954,-34.12446431],[-59.02191958,-34.12366396],[-59.02142759,-34.12342385],[-59.02097444,-34.1232018],[-59.01927816,-34.12242643],[-59.01893137,-34.12226443],[-59.01874438,-34.12217258],[-59.0186085,-34.12208079],[-59.01848816,-34.12199444],[-59.01840213,-34.12189894],[-59.01835275,-34.121826],[-59.01828606,-34.1217015],[-59.01818679,-34.12157528],[-59.01807181,-34.12149615],[-59.01796404,-34.12144717],[-59.01781464,-34.1214112],[-59.01765067,-34.12139092],[-59.01741677,-34.12137354],[-59.01717312,-34.12134836],[-59.01697753,-34.12131769],[-59.01686612,-34.12128008],[-59.01666919,-34.12119132],[-59.01641072,-34.12106509],[-59.01526341,-34.12045388],[-59.01406606,-34.11982478],[-59.01309582,-34.11931501],[-59.01268928,-34.11910141],[-59.0124629,-34.11896563],[-59.01223493,-34.11882889],[-59.0120253,-34.11867223],[-59.01152524,-34.11822418],[-59.01109787,-34.11784126],[-59.00994829,-34.11677412],[-59.008667,-34.1156152],[-59.0079328,-34.1149523],[-59.0077058,-34.1147308],[-59.0074263,-34.1144497],[-59.007211,-34.114203],[-59.006978,-34.1139223],[-59.0067217,-34.1136038],[-59.0063648,-34.1131244],[-59.0060068,-34.1126293],[-59.0057124,-34.1121861],[-59.0054415,-34.1117282],[-59.0052243,-34.1113385],[-59.0049919,-34.1108899],[-59.0048241,-34.110524],[-59.0046678,-34.1101608],[-59.0045057,-34.109749],[-59.0043382,-34.1092726],[-59.0042048,-34.1088315],[-59.0033575,-34.1058561],[-59.0017492,-34.1002851],[-58.999279,-34.091618],[-58.9980318,-34.0872443],[-58.9967145,-34.0828809],[-58.9962562,-34.081267],[-58.9952995,-34.0778977],[-58.991686,-34.0649227],[-58.9881068,-34.0519288],[-58.9773293,-34.0127236],[-58.9744614,-34.0023052],[-58.9716006,-33.9918826],[-58.9687173,-33.9814199],[-58.9658203,-33.970955],[-58.9656395,-33.9704393],[-58.9655179,-33.970131],[-58.9653945,-33.96982],[-58.9652627,-33.9695299],[-58.9651394,-33.9692608],[-58.9649839,-33.968961],[-58.9648606,-33.9687353],[-58.9647845,-33.968612],[-58.9646527,-33.9683878],[-58.9644922,-33.96813],[-58.9631016,-33.9660952],[-58.9616535,-33.9639833],[-58.9608949,-33.9628916],[-58.9600568,-33.9616653],[-58.9593066,-33.9605778],[-58.958509,-33.9594076],[-58.9544825,-33.953552],[-58.9493966,-33.9461358],[-58.9468324,-33.9423953],[-58.9442696,-33.9387048],[-58.9436875,-33.9380361],[-58.9431683,-33.937496],[-58.9424083,-33.936793],[-58.9418069,-33.9363082],[-58.9408862,-33.9356423],[-58.9402582,-33.9352387],[-58.939826,-33.9349941],[-58.9393566,-33.934738],[-58.9388223,-33.9344713],[-58.9353501,-33.9329143],[-58.9265621,-33.9289877],[-58.9204274,-33.9262458],[-58.9142832,-33.9234996],[-58.9111995,-33.9221186],[-58.9081107,-33.9207273],[-58.9070007,-33.9202342],[-58.9040103,-33.9188712],[-58.8897145,-33.9124386],[-58.8892951,-33.9122508],[-58.8887266,-33.9119963],[-58.8881481,-33.9117372],[-58.8876066,-33.9114948],[-58.8865205,-33.9110085],[-58.8833933,-33.9096082],[-58.8823286,-33.9091355],[-58.8813721,-33.9086783],[-58.8794125,-33.9077679],[-58.8783114,-33.9071899],[-58.877233,-33.9065181],[-58.8755952,-33.9052696],[-58.8745922,-33.9043068],[-58.8737274,-33.9033249],[-58.8729034,-33.9021787],[-58.8722233,-33.9010117],[-58.8715116,-33.8993478],[-58.8712424,-33.8984738],[-58.8710171,-33.8975333],[-58.8709085,-33.896685],[-58.8708414,-33.8959358],[-58.8708361,-33.8954482],[-58.8708414,-33.8949852],[-58.8708549,-33.8945321],[-58.8709325,-33.8936321],[-58.8716353,-33.8872536],[-58.8723351,-33.8808828],[-58.8737154,-33.8682397],[-58.8741218,-33.8646177],[-58.8774115,-33.8347282],[-58.8783134,-33.8262993],[-58.8790332,-33.8195712],[-58.8798335,-33.8125314],[-58.8802737,-33.8081154],[-58.8803924,-33.8068926],[-58.8803401,-33.8055759],[-58.8799462,-33.8034828],[-58.8791917,-33.8013819],[-58.866072,-33.7677122],[-58.8559725,-33.741754],[-58.8556848,-33.7406212],[-58.8536939,-33.7316892],[-58.8527854,-33.7278321],[-58.8527339,-33.7276134],[-58.8526981,-33.7274614],[-58.8526279,-33.7271635],[-58.8525161,-33.7266613],[-58.8480575,-33.706621],[-58.8468315,-33.7011096],[-58.8420782,-33.6801303],[-58.8398731,-33.6733656],[-58.83932918,-33.67174752],[-58.83772428,-33.66686086],[-58.83741305,-33.66601568],[-58.83704947,-33.66515146],[-58.8363756,-33.66353723],[-58.83595017,-33.66247661],[-58.83582738,-33.66217047],[-58.83570412,-33.66187925],[-58.83554401,-33.6614901],[-58.83499762,-33.66016203],[-58.83335529,-33.65617015],[-58.83326847,-33.65594261],[-58.83095039,-33.64986762],[-58.83048619,-33.64865107],[-58.82821722,-33.64270489],[-58.82749023,-33.64080663],[-58.8265543,-33.63850789],[-58.82591854,-33.63690137],[-58.82534872,-33.63540093],[-58.82519287,-33.63499054],[-58.82468824,-33.63378802],[-58.82428085,-33.63289766],[-58.82389993,-33.63224153],[-58.82335203,-33.63141165],[-58.82274908,-33.63071048],[-58.82231485,-33.63022219],[-58.82130009,-33.6290811],[-58.82057657,-33.62817442],[-58.81945877,-33.62665211],[-58.81762187,-33.62415046],[-58.81723473,-33.62362597],[-58.81633189,-33.62240286],[-58.8156855,-33.6215255],[-58.8133342,-33.6183161],[-58.8132857,-33.6182501],[-58.8121373,-33.6166858],[-58.8101363,-33.6136242],[-58.8095871,-33.6127839],[-58.8080402,-33.610417],[-58.8035262,-33.6044472],[-58.8025555,-33.6027502],[-58.8019548,-33.6012854],[-58.80192453,-33.60117111]]]},"geometry_name":"geom","properties":{"gid":1786,"rtn":"12","typ":47,"rst":1,"hct":1,"fdc":"Dirección Nacional de Vialidad","sag":"IGN"},"bbox":[-59.05214056,-34.13847047,-58.80192453,-33.60117111]},{"type":"Feature","id":"vial_nacional.1787","geometry":{"type":"MultiLineString","coordinates":[[[-59.05203894,-34.13851301],[-59.051776,-34.1383876],[-59.0517363,-34.1383691],[-59.04927979,-34.13720024],[-59.04837179,-34.1367548],[-59.04706404,-34.13612662],[-59.0431327,-34.1341694],[-59.0340796,-34.129716],[-59.0331317,-34.1292563],[-59.0230995,-34.1243381],[-59.0221378,-34.1238652],[-59.0198505,-34.1227737],[-59.0188584,-34.1223381],[-59.0186553,-34.122279],[-59.0184144,-34.1222398],[-59.0180529,-34.1222559],[-59.01793281,-34.12227733],[-59.01777291,-34.12229732],[-59.01763585,-34.12228305],[-59.01749308,-34.12223165],[-59.01732747,-34.12214313],[-59.01716186,-34.12201179],[-59.01706335,-34.12191328],[-59.01693058,-34.1217234],[-59.01688489,-34.12160918],[-59.0168166,-34.1214121],[-59.0167583,-34.1213442],[-59.0166901,-34.1212897],[-59.0164263,-34.1211262],[-59.0152187,-34.1205076],[-59.0142932,-34.1200225],[-59.0125241,-34.1191038],[-59.0121469,-34.1188571],[-59.0118165,-34.1186104],[-59.0112546,-34.1181243],[-59.009493,-34.1164764],[-59.0085956,-34.1156645],[-59.0079225,-34.1150555],[-59.007459,-34.1145886],[-59.0071673,-34.1142728],[-59.0067041,-34.1137202],[-59.0062936,-34.1131747],[-59.005912,-34.1126752],[-59.005598,-34.1121992],[-59.005378,-34.1118341],[-59.005158,-34.1114495],[-59.0049061,-34.110983],[-59.0047012,-34.1105701],[-59.0045201,-34.1101236],[-59.004383,-34.109738],[-59.0040915,-34.1088701],[-59.003242,-34.10588],[-59.0016445,-34.1003055],[-59.000916,-34.097728],[-59.0006651,-34.0968404],[-58.9998565,-34.0939792],[-58.9991878,-34.0916358],[-58.9979339,-34.0872565],[-58.9966098,-34.0828893],[-58.9961654,-34.0812995],[-58.995182,-34.0779029],[-58.9915735,-34.0649438],[-58.9894479,-34.0572378],[-58.9879953,-34.0519714],[-58.980739,-34.0255224],[-58.9797851,-34.0220445],[-58.9779023,-34.0151802],[-58.9772324,-34.0127377],[-58.9743676,-34.0023122],[-58.9715057,-33.9918964],[-58.9686252,-33.9814339],[-58.9683058,-33.98028],[-58.9657296,-33.9709705],[-58.9655481,-33.9704577],[-58.9654289,-33.9701381],[-58.9653022,-33.9698397],[-58.965166,-33.9695528],[-58.9650265,-33.969273],[-58.9648828,-33.9689905],[-58.9647051,-33.9686683],[-58.9645614,-33.9684211],[-58.9643985,-33.9681625],[-58.9630073,-33.9661188],[-58.9615533,-33.964008],[-58.960805,-33.962915],[-58.9599503,-33.961678],[-58.959212,-33.9605988],[-58.9584093,-33.9594496],[-58.9548005,-33.9541718],[-58.954396,-33.9535873],[-58.9493028,-33.9461703],[-58.946756,-33.9424387],[-58.9441868,-33.9387517],[-58.9435843,-33.9380517],[-58.9431109,-33.9375555],[-58.9423451,-33.9368545],[-58.9417577,-33.9363739],[-58.940839,-33.9357096],[-58.9401993,-33.9353035],[-58.9397675,-33.9350498],[-58.9393021,-33.9348005],[-58.9387429,-33.9345235],[-58.9353029,-33.9329799],[-58.9166533,-33.9246502],[-58.9142312,-33.9235572],[-58.9088776,-33.9211684],[-58.9067924,-33.9202366],[-58.9039741,-33.9189241],[-58.8896706,-33.9124888],[-58.8892499,-33.9123001],[-58.8886945,-33.912051],[-58.8881167,-33.9117919],[-58.8875674,-33.9115456],[-58.8864882,-33.9110616],[-58.883364,-33.9096604],[-58.8822934,-33.9091799],[-58.8813248,-33.9087459],[-58.8793626,-33.907849],[-58.8782544,-33.9072664],[-58.8771641,-33.9065966],[-58.8755239,-33.9053269],[-58.8745201,-33.9043568],[-58.873652,-33.9033724],[-58.8728207,-33.902216],[-58.8721347,-33.9010563],[-58.8715011,-33.8995621],[-58.8714176,-33.8993651],[-58.8711526,-33.8984872],[-58.8709487,-33.8975444],[-58.8707878,-33.8965548],[-58.8707623,-33.8959347],[-58.8707489,-33.8954482],[-58.8707489,-33.8949874],[-58.8707687,-33.8945314],[-58.8708465,-33.893626],[-58.8715063,-33.8872469],[-58.872211,-33.8808718],[-58.8735813,-33.8682219],[-58.873986,-33.8646264],[-58.8740968,-33.8635995],[-58.8745849,-33.8592373],[-58.8772018,-33.8354595],[-58.8772831,-33.834715],[-58.8777514,-33.8302539],[-58.8788737,-33.8195629],[-58.8796655,-33.8125296],[-58.8801413,-33.8080924],[-58.8802255,-33.8069159],[-58.8801931,-33.8055892],[-58.8797972,-33.8035142],[-58.8790714,-33.8014499],[-58.8710714,-33.7809453],[-58.8659334,-33.7677737],[-58.8558197,-33.7417844],[-58.855505,-33.7406338],[-58.8538075,-33.732873],[-58.8535479,-33.7317219],[-58.853395,-33.7310694],[-58.8525895,-33.7276312],[-58.852486,-33.7271894],[-58.8524074,-33.7268352],[-58.8480605,-33.7072344],[-58.8479262,-33.7066288],[-58.8475844,-33.7050873],[-58.846707,-33.7011302],[-58.8419448,-33.6801705],[-58.839731,-33.6734288],[-58.8395462,-33.6728661],[-58.839131,-33.6716016],[-58.8376897,-33.6671527],[-58.835995,-33.6629197],[-58.8327706,-33.6549894],[-58.8291197,-33.6455269],[-58.8264895,-33.6387123],[-58.8262541,-33.6381255],[-58.8249383,-33.6348453],[-58.8244802,-33.6338307],[-58.8242886,-33.6334066],[-58.8239931,-33.6327521],[-58.8234106,-33.6318148],[-58.8228527,-33.6310912],[-58.821956,-33.6300723],[-58.8196846,-33.6272188],[-58.8193885,-33.6268563],[-58.8157346,-33.6218844],[-58.8154971,-33.6215614],[-58.8132136,-33.6183816],[-58.8120014,-33.6167167],[-58.8100286,-33.6136957],[-58.8094412,-33.6127962],[-58.8079418,-33.6105],[-58.8034102,-33.6045018],[-58.8024139,-33.602792],[-58.8018183,-33.6013443],[-58.8014136,-33.5998495],[-58.8011982,-33.5988871],[-58.8007969,-33.5970938],[-58.79848,-33.5867404],[-58.7980124,-33.5841979],[-58.7978389,-33.583232],[-58.7976315,-33.5822883],[-58.7969639,-33.5793129],[-58.7967192,-33.5783881],[-58.7961804,-33.5764632],[-58.7957242,-33.5745063],[-58.7955598,-33.5734292],[-58.7954533,-33.57236],[-58.7952894,-33.5701629],[-58.7950086,-33.5661445],[-58.7948583,-33.5642765],[-58.7945505,-33.5623283],[-58.7942026,-33.5604766],[-58.7935185,-33.5566079],[-58.7926679,-33.5355102],[-58.7925535,-33.534378],[-58.7924426,-33.5337764],[-58.7922896,-33.5332277],[-58.7920943,-33.5326244],[-58.7918489,-33.5320387],[-58.7907856,-33.5300294],[-58.7895125,-33.5276288],[-58.7891509,-33.5268512],[-58.7889919,-33.5264497],[-58.7888452,-33.5260498],[-58.7886887,-33.5254189],[-58.7885891,-33.5248222],[-58.7885455,-33.5241022],[-58.7885453,-33.5233883],[-58.7885939,-33.5229164],[-58.7886576,-33.5224679],[-58.7898628,-33.5174487],[-58.7909221,-33.5130388],[-58.7911594,-33.5123102],[-58.7914661,-33.5116191],[-58.7919754,-33.5108242],[-58.7925466,-33.5100351],[-58.7948861,-33.5070873],[-58.7964106,-33.5052783],[-58.7981878,-33.5034361],[-58.7985584,-33.5030035],[-58.7988074,-33.50262942],[-58.79927948,-33.50170809],[-58.79956121,-33.50109133],[-58.7997468,-33.5007245],[-58.7997857,-33.500644],[-58.7998267,-33.5005682],[-58.7998699,-33.5004923],[-58.7999202,-33.5004184],[-58.7999751,-33.5003445],[-58.8000112,-33.5003015],[-58.8000497,-33.5002584],[-58.8000964,-33.5002159],[-58.800143,-33.5001733],[-58.8001918,-33.5001367],[-58.800243,-33.5001001],[-58.8003011,-33.5000606],[-58.8003593,-33.500023],[-58.8004552,-33.4999733],[-58.8005306,-33.4999391],[-58.8006224,-33.4999043],[-58.800691,-33.4998832],[-58.80075222,-33.49986532],[-58.80077937,-33.49985739],[-58.8008377,-33.499842],[-58.80087853,-33.49983342],[-58.80090621,-33.4998276],[-58.8009642,-33.4998176],[-58.8010353,-33.4998084],[-58.8017098,-33.4997694],[-58.8031639,-33.4996733],[-58.8034024,-33.49965641],[-58.80236859,-33.4997931],[-58.80198407,-33.49987686],[-58.80170996,-33.49996823],[-58.80140539,-33.50007863],[-58.80112747,-33.5002195],[-58.80088762,-33.50036036],[-58.80064396,-33.50055833],[-58.80045741,-33.50077534],[-58.80013,-33.50120555],[-58.7989779,-33.5026527],[-58.7983197,-33.5035161],[-58.7964962,-33.5053659],[-58.7950053,-33.5071551],[-58.7926758,-33.5101029],[-58.7920956,-33.5108882],[-58.791592,-33.5116897],[-58.7913045,-33.5123429],[-58.7910714,-33.5130559],[-58.789995,-33.5174809],[-58.7887967,-33.5224986],[-58.7887356,-33.5229308],[-58.7887118,-33.5233934],[-58.788708,-33.5240921],[-58.7887347,-33.5248018],[-58.7888317,-33.5254077],[-58.7889879,-33.5259974],[-58.789118,-33.5264065],[-58.789265,-33.5268094],[-58.7896241,-33.5275879],[-58.7909178,-33.5300359],[-58.7919708,-33.5319636],[-58.7922434,-33.5325459],[-58.7924511,-33.533184],[-58.7925895,-33.5337447],[-58.7927029,-33.5343592],[-58.7928568,-33.5355553],[-58.7936448,-33.5566119],[-58.7942972,-33.5604652],[-58.7946719,-33.5623393],[-58.7949872,-33.5642651],[-58.7951428,-33.5661309],[-58.7954368,-33.5701801],[-58.7955985,-33.572349],[-58.795704,-33.573417],[-58.7958526,-33.5744978],[-58.7963117,-33.5764128],[-58.796854,-33.5783581],[-58.79706657,-33.57930159],[-58.79786254,-33.58279831],[-58.79805556,-33.58382074],[-58.79824847,-33.58501567],[-58.79837068,-33.58568599],[-58.79906587,-33.58870099],[-58.79908475,-33.58878288],[-58.79986221,-33.59223918],[-58.80012228,-33.5933589],[-58.80073554,-33.5959992],[-58.80096811,-33.59700051],[-58.80112464,-33.59770965],[-58.80120784,-33.59808657],[-58.80134266,-33.59869738],[-58.80149284,-33.59938559],[-58.80158979,-33.59983566]]]},"geometry_name":"geom","properties":{"gid":1787,"rtn":"12","typ":47,"rst":1,"hct":1,"fdc":"Dirección Nacional de Vialidad","sag":"IGN"},"bbox":[-59.05203894,-34.13851301,-58.7885453,-33.49965641]},{"type":"Feature","id":"vial_nacional.1914","geometry":{"type":"MultiLineString","coordinates":[[[-61.072884,-33.5311345],[-61.0724941,-33.531629],[-61.0722789,-33.5319346],[-61.0718845,-33.5324945],[-61.0715933,-33.53306],[-61.0713227,-33.5337447],[-61.0711896,-33.5345205],[-61.0711279,-33.5354514],[-61.0707348,-33.5406453],[-61.0705921,-33.5417386],[-61.0704304,-33.5424399],[-61.0704065,-33.5425434],[-61.0700792,-33.5433634],[-61.06959,-33.5442522],[-61.0638441,-33.5517924],[-61.0611383,-33.5553429],[-61.0535014,-33.5653633],[-61.0534212,-33.565465],[-61.0514379,-33.5679789],[-61.048686,-33.5715754],[-61.0460168,-33.5750536],[-61.0455321,-33.5756926],[-61.0451507,-33.5762666],[-61.0448445,-33.5768019],[-61.0444586,-33.57766],[-61.0442981,-33.5781778],[-61.0441759,-33.5786249],[-61.0440815,-33.5790631],[-61.0440222,-33.579461],[-61.0439859,-33.5798859],[-61.0438743,-33.5818519],[-61.0429548,-33.5978525],[-61.0429036,-33.5984331],[-61.0428265,-33.5989043],[-61.0427542,-33.599295],[-61.0426473,-33.5997019],[-61.0425715,-33.5999456],[-61.0425138,-33.6001311],[-61.0423829,-33.6004829],[-61.0422434,-33.6008098],[-61.042091,-33.6011345],[-61.0419033,-33.6014871],[-61.0417089,-33.6018123],[-61.0414926,-33.6021352],[-61.04129,-33.602409],[-61.0409632,-33.6028317],[-61.0400265,-33.6040516],[-61.0326203,-33.6136302],[-61.0252111,-33.623234],[-61.0224246,-33.6268456],[-61.0178018,-33.6328394],[-61.0103144,-33.6425048],[-61.0028886,-33.65207],[-60.9954467,-33.661655],[-60.9900031,-33.6686485]]]},"geometry_name":"geom","properties":{"gid":1914,"rtn":"178","typ":40,"rst":1,"hct":1,"fdc":"Dirección Nacional de Vialidad","sag":"IGN"},"bbox":[-61.072884,-33.6686485,-60.9900031,-33.5311345]},{"type":"Feature","id":"vial_nacional.2115","geometry":{"type":"MultiLineString","coordinates":[[[-60.56786371,-33.91356626],[-60.56809065,-33.91368942],[-60.56823685,-33.91376404],[-60.56841198,-33.91382952],[-60.56856619,-33.91385921],[-60.56875157,-33.91387368],[-60.5688796,-33.9138763],[-60.5690842,-33.9138891],[-60.56989981,-33.9139681]]]},"geometry_name":"geom","properties":{"gid":2115,"rtn":"8","typ":40,"rst":1,"hct":1,"fdc":"Dirección Nacional de Vialidad","sag":"IGN"},"bbox":[-60.56989981,-33.9139681,-60.56786371,-33.91356626]},{"type":"Feature","id":"vial_nacional.2180","geometry":{"type":"MultiLineString","coordinates":[[[-60.22089173,-33.38918857],[-60.2208198,-33.3892377],[-60.2170992,-33.39178272],[-60.2151439,-33.39311811],[-60.21339475,-33.39432552],[-60.2128995,-33.3946614],[-60.20998937,-33.39663508],[-60.20814058,-33.3979066],[-60.20719933,-33.39858316],[-60.20544162,-33.39980466],[-60.20159345,-33.40243654],[-60.20100951,-33.40283591],[-60.19959123,-33.40380591],[-60.19606256,-33.40622936],[-60.19262168,-33.40856544],[-60.19010604,-33.41029894],[-60.18875842,-33.41120918],[-60.1875213,-33.41204972],[-60.18630128,-33.41287864],[-60.18442032,-33.41415888],[-60.18363974,-33.41476599],[-60.18310261,-33.41524123],[-60.18276776,-33.41555359],[-60.18228195,-33.41607011],[-60.18180323,-33.41664039],[-60.18130621,-33.41730543],[-60.18097001,-33.41784354],[-60.18064832,-33.41841973],[-60.18019668,-33.41938441],[-60.17961061,-33.42082916],[-60.17906031,-33.42215264],[-60.17820152,-33.42423543],[-60.17729056,-33.42651531],[-60.17649017,-33.42842626],[-60.17614722,-33.42914495],[-60.17598698,-33.42945321],[-60.17581808,-33.42977812],[-60.17543877,-33.43042843],[-60.17495679,-33.4312071],[-60.17445477,-33.43191435],[-60.17398716,-33.43253062],[-60.17221088,-33.43467363],[-60.1689498,-33.43858111],[-60.16766996,-33.44027115],[-60.16570858,-33.44281461],[-60.16512514,-33.44358028],[-60.16399387,-33.44506489],[-60.16303595,-33.44628141],[-60.16253828,-33.44695775],[-60.16216747,-33.44750014],[-60.1618547,-33.44796692],[-60.16163909,-33.44838379],[-60.16135459,-33.44893388],[-60.16111812,-33.44950054],[-60.16078806,-33.450386],[-60.16061067,-33.45104842],[-60.15882063,-33.45804444],[-60.15784275,-33.46211134],[-60.156603,-33.46752912],[-60.15502249,-33.4745628],[-60.15472273,-33.47587366],[-60.15413274,-33.47808011],[-60.15374972,-33.47942596],[-60.15329947,-33.48095373],[-60.1525272,-33.48357418],[-60.15084152,-33.48939644],[-60.15010113,-33.49195371],[-60.15000058,-33.49229406],[-60.14844557,-33.49755732],[-60.14812115,-33.49848737],[-60.14755429,-33.49965823],[-60.14658616,-33.50125034],[-60.14587641,-33.50216155],[-60.14546549,-33.50264499],[-60.14507976,-33.50309737],[-60.1443716,-33.50381133],[-60.14352846,-33.50455567],[-60.14197221,-33.50584405],[-60.13858122,-33.50869165],[-60.12655577,-33.51872475],[-60.11998011,-33.52421256],[-60.11949818,-33.52461459],[-60.1173655,-33.5263937],[-60.11467353,-33.52863828],[-60.11198155,-33.53088287],[-60.11086368,-33.53187242],[-60.10920529,-33.533507],[-60.10749492,-33.53520263],[-60.10645768,-33.53614332],[-60.10576554,-33.53673801],[-60.10475582,-33.5375812],[-60.09982581,-33.54153548],[-60.09791708,-33.54306912],[-60.0956863,-33.54488096],[-60.09476001,-33.54562959],[-60.09409091,-33.54623363],[-60.09190336,-33.54806004],[-60.08981197,-33.54982109],[-60.08848803,-33.55096088],[-60.07771393,-33.55970594],[-60.07111809,-33.56507915],[-60.06809997,-33.5674982],[-60.06416427,-33.57071298],[-60.0637424,-33.57104949],[-60.06340764,-33.57131652],[-60.05449269,-33.57912139],[-60.04657881,-33.58605401],[-60.04021685,-33.59163051],[-60.0316241,-33.59914732],[-60.02873362,-33.60168446],[-60.02667746,-33.60348926],[-60.02323162,-33.60650443],[-60.02001451,-33.60930164],[-60.01800422,-33.6110695],[-60.01451518,-33.61411476],[-60.01155428,-33.61671712],[-60.00926213,-33.61872427],[-60.00011844,-33.62671678],[-59.9975495,-33.62894235],[-59.99734361,-33.62912071],[-59.99562915,-33.63058855],[-59.99491578,-33.6311993],[-59.99369331,-33.63213557],[-59.98311597,-33.64013242],[-59.98042917,-33.64215987],[-59.97811115,-33.64390926],[-59.96738173,-33.65199629],[-59.96232169,-33.65582996],[-59.95861072,-33.6586272],[-59.9543156,-33.66186891],[-59.9542247,-33.66193752],[-59.95159617,-33.66392571],[-59.95047667,-33.66476355],[-59.94879359,-33.66602319],[-59.94388833,-33.66973998],[-59.9369874,-33.67492514],[-59.93400441,-33.67718214],[-59.93287405,-33.67801966],[-59.93212554,-33.67859331],[-59.92982985,-33.68033168],[-59.92953262,-33.68053888],[-59.92904891,-33.68093825],[-59.92857424,-33.6812967],[-59.9275312,-33.68203318],[-59.92677806,-33.68249914],[-59.92612652,-33.68286534],[-59.92555546,-33.6831686],[-59.92492417,-33.68346308],[-59.92437546,-33.68368108],[-59.92377884,-33.68390468],[-59.9228202,-33.68426731],[-59.91336635,-33.68770874],[-59.91175829,-33.68831202],[-59.90860488,-33.68946325],[-59.90362894,-33.69126082],[-59.90233513,-33.69174142],[-59.89920559,-33.69287157],[-59.89837678,-33.6931568],[-59.89751966,-33.69342144],[-59.89640619,-33.69375674],[-59.89209091,-33.69499465],[-59.8892394,-33.69581011],[-59.88503052,-33.69703023],[-59.88348362,-33.69746416],[-59.88267109,-33.69769912],[-59.88107849,-33.69815586],[-59.87675964,-33.69938863],[-59.87235792,-33.70065994],[-59.87165086,-33.70086051],[-59.8705562,-33.70117194],[-59.86990369,-33.70137336],[-59.86936351,-33.70150665],[-59.86855072,-33.70169221],[-59.86783618,-33.70182279],[-59.86656986,-33.70203744],[-59.8653193,-33.70220651],[-59.86454335,-33.70230993],[-59.86341748,-33.70246],[-59.86251937,-33.70259427],[-59.86069762,-33.7028479],[-59.85912556,-33.70312201],[-59.85654129,-33.70353311],[-59.85349887,-33.70404255],[-59.85334686,-33.704068],[-59.85278401,-33.70417983],[-59.85228718,-33.70429955],[-59.84886649,-33.70514617],[-59.84659771,-33.70568949],[-59.84423226,-33.70616635],[-59.8434617,-33.70637027],[-59.84260929,-33.70654608],[-59.83944348,-33.70724085],[-59.83633713,-33.70790553],[-59.83574592,-33.70803999],[-59.83496362,-33.70825624],[-59.83428504,-33.70848884],[-59.83364907,-33.70876424],[-59.83317892,-33.70898436],[-59.83246176,-33.70938826],[-59.83179841,-33.70981027],[-59.83057994,-33.71066723],[-59.8290246,-33.71179564],[-59.82721753,-33.71308102],[-59.82349912,-33.71574007],[-59.82205621,-33.71676158],[-59.82081953,-33.71766512],[-59.81899177,-33.71896495],[-59.81782789,-33.7198143],[-59.81679392,-33.72053956],[-59.81176629,-33.7241226],[-59.81011906,-33.7252944],[-59.80563681,-33.72848591],[-59.80363641,-33.72992161],[-59.79861415,-33.73349383],[-59.79669501,-33.73487742],[-59.79411236,-33.73671723],[-59.79100744,-33.73891822],[-59.78925406,-33.74009106],[-59.78686032,-33.7415863],[-59.78545256,-33.74248562],[-59.78341808,-33.74377053],[-59.78141323,-33.74500213],[-59.78083535,-33.74532969],[-59.78020565,-33.74561988],[-59.77928962,-33.74600098],[-59.77903077,-33.74610085],[-59.77753474,-33.74667802],[-59.77633912,-33.74713546],[-59.7699546,-33.74958603],[-59.76814359,-33.75030477],[-59.76652735,-33.75090266],[-59.7635075,-33.75207646],[-59.76326579,-33.75216821],[-59.76058984,-33.75318396],[-59.76005992,-33.75335288],[-59.75974544,-33.75344287],[-59.75934414,-33.75356055],[-59.75319015,-33.7550651],[-59.74516623,-33.75705737],[-59.74342413,-33.75749984],[-59.74192521,-33.75793678],[-59.73899498,-33.75884153],[-59.73766805,-33.75918371],[-59.72739473,-33.7617183],[-59.72246804,-33.76294479],[-59.72022544,-33.76349124],[-59.7184574,-33.76386874],[-59.71580678,-33.76440009],[-59.71338854,-33.76493864],[-59.70473006,-33.7670376],[-59.70242379,-33.76759684],[-59.69879255,-33.76847052],[-59.69425549,-33.76957486],[-59.69303576,-33.76987071],[-59.69006149,-33.77059213],[-59.6854197,-33.77171044],[-59.68136468,-33.77268965],[-59.67844673,-33.7734026],[-59.67779905,-33.77354977],[-59.67703038,-33.77369256],[-59.67650724,-33.77376895],[-59.67615831,-33.77380147],[-59.675811,-33.77383483],[-59.67411132,-33.77390642],[-59.66590313,-33.7742454],[-59.66319538,-33.77434891],[-59.66100898,-33.7744266],[-59.66041963,-33.77445687],[-59.65970229,-33.77452733],[-59.65884518,-33.77462225],[-59.65807176,-33.77471862],[-59.6566662,-33.77489266],[-59.65618856,-33.7749579],[-59.65547812,-33.77508302],[-59.65481339,-33.77523012],[-59.65428695,-33.77537351],[-59.65376242,-33.77552962],[-59.65303957,-33.77579877],[-59.65268302,-33.77595538],[-59.65230167,-33.77613097],[-59.65171701,-33.77641192],[-59.65102713,-33.77680774],[-59.65036017,-33.77724555],[-59.64964902,-33.77776382],[-59.6488508,-33.77841642],[-59.64824628,-33.77890827],[-59.64492507,-33.78167391],[-59.64224085,-33.78385838],[-59.64150667,-33.78449903],[-59.63843612,-33.78703499],[-59.63336771,-33.79122897],[-59.63114006,-33.79305713],[-59.62837354,-33.79536661],[-59.62736307,-33.79620992],[-59.62503093,-33.79815414],[-59.62454942,-33.79851996],[-59.62403199,-33.7989256],[-59.62319685,-33.79952868],[-59.61981145,-33.80179682],[-59.61852255,-33.80262327],[-59.61779623,-33.80306189],[-59.61633362,-33.80394269],[-59.60986356,-33.80756593],[-59.60762232,-33.80882103],[-59.60301284,-33.81141905],[-59.59908708,-33.8136143],[-59.59716351,-33.81482387],[-59.5962304,-33.81549433],[-59.59519228,-33.81624575],[-59.59408704,-33.81701452],[-59.59258218,-33.81811922],[-59.58904929,-33.82071029],[-59.58697469,-33.82237012],[-59.58322742,-33.82528725],[-59.58183759,-33.82638111],[-59.57762339,-33.82969789],[-59.57471064,-33.83198179],[-59.57146163,-33.83449899],[-59.56954314,-33.83600169],[-59.56341582,-33.84082403],[-59.55946651,-33.84388163],[-59.55428285,-33.84769512],[-59.55385168,-33.84801314],[-59.55361604,-33.84818694],[-59.54958141,-33.85113397],[-59.5470392,-33.85303113],[-59.5450614,-33.8544411],[-59.54324167,-33.85559029],[-59.54076006,-33.85709201],[-59.53586639,-33.86005154],[-59.53394941,-33.86123824],[-59.53035946,-33.86340287],[-59.52656437,-33.86572535],[-59.52634843,-33.8658575],[-59.52553282,-33.86636078],[-59.52200994,-33.86850705],[-59.51332626,-33.87378031],[-59.50670763,-33.87779923],[-59.50666899,-33.87782269],[-59.50579664,-33.87835],[-59.50299559,-33.88006048],[-59.50239243,-33.88042341],[-59.49718214,-33.88359525],[-59.49296406,-33.88616047],[-59.49077259,-33.88749371],[-59.48867507,-33.88876979],[-59.48480357,-33.89113968],[-59.48398836,-33.89161839],[-59.48303273,-33.89224943],[-59.47999282,-33.89427265],[-59.47906833,-33.89489459],[-59.47759433,-33.89583502],[-59.47535885,-33.8973682],[-59.47174286,-33.89977891],[-59.46991409,-33.90097509],[-59.4666427,-33.90315485],[-59.46288269,-33.9056736],[-59.4600311,-33.90756706],[-59.45668825,-33.90978823],[-59.45489358,-33.91098064],[-59.45446252,-33.91122924],[-59.45205544,-33.91256187],[-59.44797116,-33.91471987],[-59.44366,-33.91703252],[-59.4394975,-33.91925288],[-59.43441592,-33.92197726],[-59.43236349,-33.92309469],[-59.43159629,-33.92358479],[-59.43115364,-33.92390672],[-59.42839591,-33.92612502],[-59.42387496,-33.9297999],[-59.41993688,-33.9330098],[-59.41780709,-33.93473051],[-59.41410894,-33.93774269],[-59.41025237,-33.94088922],[-59.40898004,-33.94191552],[-59.40682851,-33.94366174],[-59.40596934,-33.94438666],[-59.4052868,-33.94502576],[-59.40480895,-33.94551127],[-59.40445989,-33.94591452],[-59.4037566,-33.9467991],[-59.39880579,-33.95335801],[-59.39540726,-33.9579395],[-59.39194549,-33.96255714],[-59.38884091,-33.9667326],[-59.38828922,-33.96746734],[-59.38626188,-33.97012991],[-59.38572255,-33.97089351],[-59.38433931,-33.9727556],[-59.38156426,-33.97632803],[-59.38112818,-33.9768317],[-59.38002002,-33.97808801],[-59.37735533,-33.9811861],[-59.37675786,-33.98188075],[-59.3744815,-33.98452244],[-59.37164352,-33.98779769],[-59.37004746,-33.98967599],[-59.36772041,-33.99249825],[-59.3656398,-33.99498226],[-59.36390156,-33.99707765],[-59.36270893,-33.99845832],[-59.36200524,-33.9993227],[-59.36124758,-34.00033524],[-59.36016174,-34.00204125],[-59.35779126,-34.00589142],[-59.35333505,-34.01299275],[-59.35122616,-34.01636817],[-59.34991451,-34.01847219],[-59.34962892,-34.01890074],[-59.34928046,-34.01934364],[-59.3486911,-34.02005357],[-59.34809648,-34.02066766],[-59.34332248,-34.02517209],[-59.34150932,-34.02694083],[-59.33759683,-34.03062784],[-59.33206143,-34.0358374],[-59.32839421,-34.03929095],[-59.32798,-34.03968103],[-59.32426838,-34.04325337],[-59.3231169,-34.04431591],[-59.31983775,-34.04744258],[-59.31804705,-34.04913725],[-59.3158781,-34.05116863],[-59.31509357,-34.05187454],[-59.31444238,-34.05235499],[-59.31387407,-34.05275817],[-59.31330345,-34.0531261],[-59.31260979,-34.05350792],[-59.31172166,-34.0539736],[-59.3108587,-34.05435649],[-59.3103657,-34.05456161],[-59.30950195,-34.05486681],[-59.30885352,-34.05504474],[-59.30803317,-34.05527737],[-59.30236218,-34.05646896],[-59.28453497,-34.06029102],[-59.27502474,-34.06233382],[-59.26973537,-34.06345776],[-59.26232423,-34.0650385],[-59.25239466,-34.06716007],[-59.24145877,-34.06952065],[-59.24057604,-34.06978747],[-59.23958385,-34.07013718],[-59.23226398,-34.07269065],[-59.22960798,-34.07361717],[-59.22751747,-34.07435192],[-59.21928452,-34.07724357],[-59.21102995,-34.08011611],[-59.20935193,-34.08071775],[-59.20507258,-34.08221866],[-59.20225074,-34.0832061],[-59.19417176,-34.08601806],[-59.18550421,-34.08908052],[-59.17583217,-34.09243731],[-59.16727733,-34.09541022],[-59.16378729,-34.09664115],[-59.15819578,-34.0986065],[-59.15307445,-34.10040148],[-59.15116992,-34.10104983],[-59.1442323,-34.10348027],[-59.13445153,-34.10691167],[-59.12670466,-34.10958447],[-59.12630463,-34.10977297],[-59.12575175,-34.10999713],[-59.12479525,-34.11041356],[-59.12389683,-34.11076651],[-59.12317607,-34.11098489],[-59.12235748,-34.11119983],[-59.12133269,-34.11148146],[-59.10869374,-34.11586368],[-59.09568701,-34.12044472],[-59.09361843,-34.12129647],[-59.08827858,-34.12351903],[-59.0848901,-34.12496881],[-59.07154079,-34.13057123],[-59.0668394,-34.13258932],[-59.05938137,-34.13574065],[-59.05283966,-34.13845799],[-59.05244279,-34.13861762]]]},"geometry_name":"geom","properties":{"gid":2180,"rtn":"9","typ":41,"rst":1,"hct":1,"fdc":"Dirección Nacional de Vialidad","sag":"IGN"},"bbox":[-60.22089173,-34.13861762,-59.05244279,-33.38918857]},{"type":"Feature","id":"vial_nacional.2181","geometry":{"type":"MultiLineString","coordinates":[[[-59.05214056,-34.13847047],[-59.0524752,-34.1383304],[-59.0569964,-34.1364075],[-59.0667173,-34.1323029],[-59.0709759,-34.1304933],[-59.0715138,-34.1302684],[-59.0756536,-34.1285315],[-59.0809219,-34.1263162],[-59.0818986,-34.1258935],[-59.0832841,-34.1253172],[-59.0867468,-34.1238477],[-59.0941677,-34.1207193],[-59.094787,-34.1204556],[-59.0950159,-34.120358],[-59.0952468,-34.1202637],[-59.0954859,-34.1201702],[-59.0957413,-34.1200768],[-59.1123681,-34.1142764],[-59.1144617,-34.1135486],[-59.1163811,-34.1128755],[-59.119439,-34.1118205],[-59.1197266,-34.111719],[-59.1204934,-34.1114468],[-59.1219618,-34.1109297],[-59.1228628,-34.1106204],[-59.1236081,-34.1103568],[-59.1248073,-34.1099408],[-59.1277986,-34.1088912],[-59.1280708,-34.1087981],[-59.1340738,-34.1067117],[-59.1376884,-34.1054431],[-59.1379227,-34.1053604],[-59.1392599,-34.1048916],[-59.1464874,-34.1023689],[-59.1482932,-34.1017441],[-59.1498255,-34.1012114],[-59.15029,-34.1010523],[-59.1531945,-34.1000282],[-59.1586086,-34.0981558],[-59.1668652,-34.0952732],[-59.1989072,-34.0840802],[-59.1995176,-34.0838663],[-59.2052529,-34.0818799],[-59.2054366,-34.0818119],[-59.2062323,-34.0815061],[-59.2126142,-34.0792806],[-59.2137803,-34.0788908],[-59.227513,-34.0740738],[-59.2343765,-34.0716588],[-59.2402848,-34.0696145],[-59.2410276,-34.0693706],[-59.2415494,-34.0692221],[-59.2419707,-34.0691259],[-59.2424264,-34.0690282],[-59.2443085,-34.0686185],[-59.2461921,-34.0682354],[-59.2610455,-34.0650428],[-59.2759396,-34.0618681],[-59.2795914,-34.0610916],[-59.2833597,-34.0602897],[-59.2864449,-34.0596292],[-59.2911502,-34.058622],[-59.2914799,-34.0585514],[-59.29435,-34.0579371],[-59.2947961,-34.0578416],[-59.296077,-34.0575674],[-59.2963005,-34.0575195],[-59.2971746,-34.0573324],[-59.297375,-34.0572895],[-59.3009225,-34.0565299],[-59.3020344,-34.0562918],[-59.3025363,-34.0561842],[-59.3030139,-34.0560821],[-59.3060417,-34.0554347],[-59.3066088,-34.0552939],[-59.3076753,-34.0550729],[-59.3084587,-34.0548698],[-59.3089485,-34.0547336],[-59.3092508,-34.0546535],[-59.3098873,-34.0544375],[-59.3104617,-34.0542274],[-59.3110626,-34.0539884],[-59.3123796,-34.05334],[-59.3128519,-34.0530882],[-59.3137902,-34.0525173],[-59.3142984,-34.0521349],[-59.3146624,-34.0518751],[-59.3150629,-34.0515495],[-59.3154568,-34.0512188],[-59.3168449,-34.0498764],[-59.3219424,-34.0450416],[-59.3304138,-34.0370683],[-59.3321018,-34.0354795],[-59.3331255,-34.0344838],[-59.3352745,-34.0324521],[-59.3360065,-34.0317746],[-59.3373007,-34.0305069],[-59.3463049,-34.0220671],[-59.347901,-34.0205018],[-59.3481346,-34.0202654],[-59.3482922,-34.0201093],[-59.3486137,-34.0197512],[-59.3489679,-34.0193202],[-59.3492873,-34.0189146],[-59.3495317,-34.0185788],[-59.3503795,-34.0172429],[-59.3511658,-34.0159804],[-59.3604352,-34.0010129],[-59.3610616,-34.0001012],[-59.3612951,-33.9997745],[-59.3626524,-33.9981111],[-59.362882,-33.9978352],[-59.3696854,-33.9896591],[-59.377604,-33.9804321],[-59.3815013,-33.9759363],[-59.3819104,-33.9754873],[-59.3834437,-33.9734875],[-59.3886876,-33.9664383],[-59.3893768,-33.9654838],[-59.3984836,-33.9532933],[-59.3988051,-33.9528599],[-59.4037763,-33.9462561],[-59.4041372,-33.945792],[-59.4045105,-33.9453558],[-59.40531,-33.9445609],[-59.406149,-33.9438499],[-59.4181875,-33.9340893],[-59.4216558,-33.931254],[-59.4303504,-33.9241944],[-59.4313056,-33.9234837],[-59.4323716,-33.9228036],[-59.439645,-33.9188911],[-59.4511637,-33.9127294],[-59.4542483,-33.9110737],[-59.457241,-33.9091398],[-59.467643,-33.9022411],[-59.4792966,-33.894392],[-59.4831587,-33.8918276],[-59.4839921,-33.8912849],[-59.4841224,-33.8912048],[-59.4859069,-33.8901463],[-59.4988162,-33.8823085],[-59.5054837,-33.8782856],[-59.5100059,-33.8754711],[-59.5253491,-33.8661337],[-59.5317295,-33.8623047],[-59.5406508,-33.8568965],[-59.5430229,-33.8554079],[-59.5451154,-33.8540647],[-59.5472823,-33.8524947],[-59.5488841,-33.85134],[-59.5496409,-33.8508489],[-59.5598798,-33.843192],[-59.5619763,-33.841624],[-59.5647282,-33.8394707],[-59.5808323,-33.8268687],[-59.5865768,-33.8223119],[-59.5901558,-33.8195623],[-59.5922977,-33.818009],[-59.593008,-33.8174966],[-59.5961366,-33.8152431],[-59.5969435,-33.8146735],[-59.5978797,-33.8140551],[-59.5997438,-33.8129587],[-59.6033286,-33.8109358],[-59.6104494,-33.8069128],[-59.6159472,-33.8038162],[-59.6174877,-33.8029098],[-59.618382,-33.8023288],[-59.6189851,-33.801937],[-59.6219074,-33.8000595],[-59.6231933,-33.7992176],[-59.6243864,-33.7983123],[-59.6299675,-33.793695],[-59.633182,-33.7910819],[-59.6350535,-33.7895365],[-59.6387645,-33.7863955],[-59.6434817,-33.7825247],[-59.649124,-33.7778373],[-59.6497032,-33.777407],[-59.6502763,-33.7770075],[-59.6511267,-33.7764492],[-59.6520695,-33.775978],[-59.6531047,-33.7755272],[-59.6541899,-33.7751655],[-59.6553245,-33.7748734],[-59.656125,-33.7747251],[-59.6579728,-33.7744823],[-59.6594196,-33.7743295],[-59.6601929,-33.7742552],[-59.6611493,-33.7742069],[-59.6628875,-33.7741214],[-59.6629921,-33.7741187],[-59.6667763,-33.7739691],[-59.6741643,-33.7736719],[-59.6757733,-33.7735753],[-59.6768593,-33.7734527],[-59.6780161,-33.7732531],[-59.6791936,-33.7729805],[-59.6851415,-33.7715578],[-59.6920794,-33.7698737],[-59.6941239,-33.7693849],[-59.6942962,-33.76934],[-59.6963999,-33.7688385],[-59.7026388,-33.7672859],[-59.7112915,-33.7652346],[-59.71425,-33.7645233],[-59.7145745,-33.7644542],[-59.7199288,-33.7633252],[-59.7204036,-33.7632072],[-59.721534,-33.7629417],[-59.7220071,-33.7628209],[-59.7226745,-33.762658],[-59.7245602,-33.7621818],[-59.7257785,-33.7618756],[-59.7309758,-33.7605927],[-59.7316149,-33.7604393],[-59.7383972,-33.7587562],[-59.7411317,-33.7579326],[-59.7431561,-33.7573228],[-59.7435926,-33.7571913],[-59.7486562,-33.7559588],[-59.7506033,-33.7554848],[-59.7519792,-33.7551499],[-59.7585106,-33.7535412],[-59.7592337,-33.7533545],[-59.759708,-33.7532197],[-59.7607407,-33.752883],[-59.7622482,-33.7522946],[-59.7638992,-33.7516608],[-59.7695875,-33.7494787],[-59.7761471,-33.7469384],[-59.7772961,-33.7464964],[-59.7791394,-33.7457872],[-59.7803104,-33.7452778],[-59.7807294,-33.7450932],[-59.7811219,-33.7448756],[-59.7818447,-33.7444383],[-59.7828367,-33.7438091],[-59.786958,-33.7411952],[-59.7893163,-33.7396995],[-59.7900876,-33.7392103],[-59.7914282,-33.738298],[-59.7960841,-33.7349319],[-59.7967432,-33.7344553],[-59.8016034,-33.7310131],[-59.8062202,-33.7277431],[-59.8099012,-33.7251359],[-59.8124661,-33.7233002],[-59.8160686,-33.7207217],[-59.8182077,-33.7191817],[-59.8219447,-33.716518],[-59.8252944,-33.7141381],[-59.8315724,-33.7096397],[-59.832147,-33.7092657],[-59.8326432,-33.7089704],[-59.8329763,-33.7087983],[-59.8334269,-33.7085803],[-59.8339737,-33.7083437],[-59.834396,-33.7081854],[-59.8348738,-33.7080274],[-59.8353733,-33.707879],[-59.8358426,-33.7077628],[-59.8364355,-33.7076248],[-59.838451,-33.7071714],[-59.8392381,-33.706993],[-59.8397135,-33.7068929],[-59.8468749,-33.7053274],[-59.8476429,-33.7051677],[-59.8491307,-33.704829],[-59.8506646,-33.7044405],[-59.8518909,-33.7041381],[-59.8531625,-33.7038384],[-59.8537256,-33.7037237],[-59.8542132,-33.7036405],[-59.8589926,-33.7028727],[-59.8623135,-33.7023319],[-59.8641151,-33.7020717],[-59.8674392,-33.7016289],[-59.8685923,-33.7014035],[-59.8692168,-33.7012727],[-59.8697725,-33.701146],[-59.8702783,-33.7010124],[-59.8708092,-33.70086],[-59.8765628,-33.6991758],[-59.8800101,-33.6981832],[-59.8827913,-33.6973904],[-59.885293,-33.696666],[-59.8960263,-33.6935923],[-59.8986218,-33.6928169],[-59.8999782,-33.692315],[-59.9041919,-33.6907664],[-59.9225987,-33.6840675],[-59.9233138,-33.6838069],[-59.9237213,-33.6836567],[-59.9241676,-33.683472],[-59.9250782,-33.6830947],[-59.9257567,-33.6827735],[-59.9262836,-33.6824989],[-59.9267542,-33.6822178],[-59.9273165,-33.6818575],[-59.9278577,-33.6814773],[-59.9284321,-33.6810856],[-59.9290553,-33.6806082],[-59.9317465,-33.6785804],[-59.9378883,-33.6739157],[-59.953774,-33.6619316],[-59.9552279,-33.6608263],[-59.9749702,-33.6459376],[-59.9769968,-33.6443922],[-59.9836032,-33.6394245],[-59.985738,-33.637804],[-59.9858826,-33.6377003],[-59.9892908,-33.6351191],[-59.9946232,-33.6310757],[-59.9946485,-33.6310552],[-59.9953036,-33.6305258],[-59.9954595,-33.6303904],[-59.9955558,-33.6303068],[-60.0018006,-33.6248835],[-60.0020258,-33.6246879],[-60.0121859,-33.6157904],[-60.0222419,-33.6069831],[-60.0229424,-33.6063689],[-60.0232466,-33.6061128],[-60.0352007,-33.5956594],[-60.035373,-33.5955069],[-60.0471974,-33.5851582],[-60.0497457,-33.5829088],[-60.0500212,-33.5826709],[-60.0585289,-33.5752441],[-60.0626529,-33.5716321],[-60.063913,-33.5705529],[-60.0706516,-33.5650934],[-60.0709532,-33.5648513],[-60.0891917,-33.5499956],[-60.0935054,-33.5463309],[-60.0949448,-33.5451164],[-60.098601,-33.5421619],[-60.1049906,-33.5370273],[-60.1064052,-33.5357901],[-60.10722,-33.5350755],[-60.1084517,-33.5338614],[-60.1109712,-33.5314181],[-60.1116644,-33.5308204],[-60.1167248,-33.5265767],[-60.1169559,-33.5263829],[-60.1176977,-33.5257608],[-60.1187389,-33.524885],[-60.1218861,-33.5222583],[-60.1298129,-33.5156422],[-60.138712,-33.5081875],[-60.1412864,-33.5060673],[-60.1436247,-33.5040838],[-60.1445683,-33.5032243],[-60.1453663,-33.50235],[-60.1456846,-33.5019511],[-60.1462034,-33.5012697],[-60.1470156,-33.5000185],[-60.147633,-33.4988096],[-60.1480648,-33.4977852],[-60.1484436,-33.4966199],[-60.1488567,-33.4951692],[-60.1492909,-33.4936749],[-60.1500023,-33.4912118],[-60.1504381,-33.4897266],[-60.1509388,-33.4880067],[-60.1513518,-33.486589],[-60.1518472,-33.4848861],[-60.1525057,-33.4826104],[-60.1532309,-33.4801279],[-60.1536195,-33.4788018],[-60.1540868,-33.4771443],[-60.1544285,-33.4758509],[-60.157436,-33.4624462],[-60.1575433,-33.4619861],[-60.1576621,-33.4614703],[-60.1586976,-33.4572172],[-60.1604393,-33.4504963],[-60.1606407,-33.449856],[-60.1608792,-33.4492321],[-60.1611231,-33.4486595],[-60.1613344,-33.4482262],[-60.1616739,-33.4476575],[-60.1619737,-33.447222],[-60.1623425,-33.4467092],[-60.1626975,-33.4462435],[-60.1643951,-33.4440493],[-60.1686057,-33.4385741],[-60.1742725,-33.4316371],[-60.1743578,-33.4315326],[-60.174848,-33.4308364],[-60.175166,-33.4303557],[-60.1762818,-33.4281339],[-60.1778179,-33.4243552],[-60.1783937,-33.4229388],[-60.1801387,-33.4187014],[-60.1804797,-33.4180048],[-60.1809376,-33.4172658],[-60.1815121,-33.4164704],[-60.1821846,-33.4156989],[-60.1827084,-33.4151742],[-60.1834299,-33.4145438],[-60.1846177,-33.4136792],[-60.1873645,-33.411824],[-60.1897514,-33.4101837],[-60.189793,-33.4101561],[-60.190306,-33.4098162],[-60.1920597,-33.4086217],[-60.1922311,-33.4085071],[-60.1937809,-33.4074563],[-60.1951604,-33.4065016],[-60.1957544,-33.4060929],[-60.1976953,-33.4047698],[-60.220483,-33.3891554],[-60.22070648,-33.389005]]]},"geometry_name":"geom","properties":{"gid":2181,"rtn":"9","typ":41,"rst":1,"hct":1,"fdc":"Dirección Nacional de Vialidad","sag":"IGN"},"bbox":[-60.22070648,-34.13847047,-59.05214056,-33.389005]},{"type":"Feature","id":"vial_nacional.2501","geometry":{"type":"MultiLineString","coordinates":[[[-60.2241433,-33.3921727],[-60.2234647,-33.3915389],[-60.222883,-33.39103494],[-60.22181225,-33.39004984],[-60.22112696,-33.38942166],[-60.22089173,-33.38918857]]]},"geometry_name":"geom","properties":{"gid":2501,"rtn":"188","typ":40,"rst":1,"hct":1,"fdc":"Dirección Nacional de Vialidad","sag":"IGN"},"bbox":[-60.2241433,-33.3921727,-60.22089173,-33.38918857]},{"type":"Feature","id":"vial_nacional.2505","geometry":{"type":"MultiLineString","coordinates":[[[-60.22089173,-33.38918857],[-60.22070648,-33.389005]]]},"geometry_name":"geom","properties":{"gid":2505,"rtn":"188","typ":40,"rst":1,"hct":1,"fdc":"Dirección Nacional de Vialidad","sag":"IGN"},"bbox":[-60.22089173,-33.38918857,-60.22070648,-33.389005]},{"type":"Feature","id":"vial_nacional.2618","geometry":{"type":"MultiLineString","coordinates":[[[-60.56989981,-33.9139681],[-60.56929066,-33.91395135],[-60.56912467,-33.91394526],[-60.56894802,-33.9139483],[-60.56884751,-33.91395287],[-60.56878508,-33.91397114],[-60.5687333,-33.91400617],[-60.56867543,-33.91406404],[-60.56860636,-33.91414136],[-60.56852495,-33.91424689],[-60.56849902,-33.9142682]]]},"geometry_name":"geom","properties":{"gid":2618,"rtn":"8","typ":40,"rst":1,"hct":1,"fdc":"Dirección Nacional de Vialidad","sag":"IGN"},"bbox":[-60.56989981,-33.9142682,-60.56849902,-33.91394526]},{"type":"Feature","id":"vial_nacional.170","geometry":{"type":"MultiLineString","coordinates":[[[-58.3999545,-32.1628885],[-58.3998763,-32.16350329],[-58.40013328,-32.16373648],[-58.40087567,-32.16373172],[-58.40115169,-32.16353184],[-58.4012061,-32.1628219],[-58.4010972,-32.1627433],[-58.4009832,-32.1626609],[-58.400192,-32.1626814],[-58.3999545,-32.1628885]]]},"geometry_name":"geom","properties":{"gid":170,"rtn":"130","typ":40,"rst":1,"hct":1,"fdc":"Dirección Nacional de Vialidad","sag":"IGN"},"bbox":[-58.4012061,-32.16373648,-58.3998763,-32.1626609]},{"type":"Feature","id":"vial_nacional.159","geometry":{"type":"MultiLineString","coordinates":[[[-59.2578783,-31.2858196],[-59.2548576,-31.2839439],[-59.2536559,-31.2830972],[-59.2410863,-31.2722212],[-59.2387498,-31.2703271],[-59.2372536,-31.2690146],[-59.2350392,-31.2670721],[-59.231205,-31.2637086],[-59.2204913,-31.2543095],[-59.2204214,-31.2542481],[-59.2159846,-31.2503554],[-59.215799,-31.2501937],[-59.2096144,-31.2448746],[-59.2087291,-31.2441065],[-59.20827,-31.2437006],[-59.2079036,-31.2434032],[-59.1991818,-31.2359013],[-59.1920707,-31.2310271],[-59.1847294,-31.226189],[-59.1689513,-31.2155665],[-59.1656692,-31.2133567],[-59.1595517,-31.2093478],[-59.1581784,-31.2083568],[-59.1572772,-31.2076043],[-59.1565476,-31.2068886],[-59.1553607,-31.2053089],[-59.1373375,-31.1820827],[-59.1334927,-31.1771598],[-59.1299549,-31.1725708],[-59.1204378,-31.1602051],[-59.1199634,-31.1595974],[-59.1129097,-31.1505618],[-59.1102532,-31.1470237],[-59.0695582,-31.0944294],[-59.0684057,-31.0933734],[-59.066718,-31.0919738],[-59.0636174,-31.0896394],[-59.0633183,-31.0894175],[-59.0619353,-31.088383],[-59.0596385,-31.0866521],[-59.0500886,-31.0794818],[-59.0488523,-31.0785282],[-59.0487531,-31.0784472],[-59.0472637,-31.077266],[-59.0456973,-31.0762552],[-59.0447317,-31.0756487],[-59.0367457,-31.072196],[-59.0309856,-31.0694738],[-58.9819895,-31.0474891],[-58.972109,-31.0427786],[-58.951422,-31.0328253],[-58.9432142,-31.0289947],[-58.8656305,-30.9916981],[-58.8497839,-30.9840784],[-58.8435619,-30.9810864],[-58.8352292,-30.9771297],[-58.8350666,-30.9770513],[-58.8059765,-30.963064],[-58.8055357,-30.962852],[-58.8044566,-30.9623331],[-58.8022653,-30.9612794],[-58.8009364,-30.9606459],[-58.7983625,-30.9594122],[-58.7964655,-30.9585029],[-58.7951607,-30.9578775]]]},"geometry_name":"geom","properties":{"gid":159,"rtn":"127","typ":40,"rst":1,"hct":1,"fdc":"Dirección Nacional de Vialidad","sag":"IGN"},"bbox":[-59.2578783,-31.2858196,-58.7951607,-30.9578775]},{"type":"Feature","id":"vial_nacional.160","geometry":{"type":"MultiLineString","coordinates":[[[-58.787441,-30.953618],[-58.7870757,-30.9532665],[-58.7859158,-30.952155],[-58.7851469,-30.9513958],[-58.7850603,-30.9513108],[-58.7848735,-30.9511278],[-58.7847851,-30.9510417],[-58.7838971,-30.950177],[-58.7821769,-30.9484904]]]},"geometry_name":"geom","properties":{"gid":160,"rtn":"127","typ":40,"rst":1,"hct":1,"fdc":"Dirección Nacional de Vialidad","sag":"IGN"},"bbox":[-58.787441,-30.953618,-58.7821769,-30.9484904]},{"type":"Feature","id":"vial_nacional.161","geometry":{"type":"MultiLineString","coordinates":[[[-58.7779262,-30.9429786],[-58.7775867,-30.9422197],[-58.776693,-30.9402371],[-58.7763382,-30.9394961],[-58.7762031,-30.9392045],[-58.7760551,-30.9389356],[-58.7759158,-30.9387045],[-58.7757854,-30.938484],[-58.7756327,-30.9382569],[-58.7754805,-30.9380283],[-58.7753234,-30.9378195],[-58.7751405,-30.9375987],[-58.7750513,-30.9374966],[-58.7749767,-30.9374112],[-58.7748209,-30.937236],[-58.7741285,-30.9364702],[-58.7738304,-30.9361485],[-58.7695134,-30.9313888],[-58.7681694,-30.9298835],[-58.7672259,-30.9289292],[-58.7665999,-30.9283879],[-58.7660938,-30.9280144],[-58.7660374,-30.9279733],[-58.7618904,-30.924904],[-58.7607317,-30.9239836],[-58.7596159,-30.9228976],[-58.747447,-30.9095563],[-58.7298206,-30.8902283],[-58.7101834,-30.8686908],[-58.7063519,-30.8644879],[-58.6964322,-30.8537669],[-58.6700798,-30.825409],[-58.6111967,-30.7614812],[-58.5940819,-30.7427699],[-58.5930171,-30.7414213],[-58.592382,-30.7404098],[-58.5921471,-30.7399285],[-58.5918963,-30.7392538],[-58.5914854,-30.737873],[-58.584181,-30.7058091],[-58.5838232,-30.7045368],[-58.5834654,-30.7036699],[-58.5829125,-30.7026771],[-58.5822621,-30.7017543],[-58.5806798,-30.6996503],[-58.5734319,-30.6904557],[-58.5729765,-30.6899383],[-58.5723911,-30.6894069],[-58.5647857,-30.6829766],[-58.5617819,-30.6804765],[-58.5330035,-30.6565196],[-58.4693577,-30.6035565],[-58.4683418,-30.6027108],[-58.4678745,-30.6022153],[-58.4674428,-30.6016507],[-58.4670376,-30.6010148],[-58.4666217,-30.6003165],[-58.4653547,-30.597593],[-58.4647033,-30.5961964],[-58.4642009,-30.5951193],[-58.4632167,-30.5930196],[-58.4627042,-30.5919541],[-58.4612992,-30.588909],[-58.4604296,-30.5870694],[-58.458914,-30.5838631],[-58.4586585,-30.5833226]]]},"geometry_name":"geom","properties":{"gid":161,"rtn":"127","typ":40,"rst":1,"hct":1,"fdc":"Dirección Nacional de Vialidad","sag":"IGN"},"bbox":[-58.7779262,-30.9429786,-58.4586585,-30.5833226]},{"type":"Feature","id":"vial_nacional.171","geometry":{"type":"MultiLineString","coordinates":[[[-58.3963637,-32.1596107],[-58.3969375,-32.1598721],[-58.3978573,-32.1606661],[-58.3987755,-32.1614587],[-58.3996626,-32.1622247],[-58.400192,-32.1626814]]]},"geometry_name":"geom","properties":{"gid":171,"rtn":"130","typ":40,"rst":1,"hct":1,"fdc":"Dirección Nacional de Vialidad","sag":"IGN"},"bbox":[-58.400192,-32.1626814,-58.3963637,-32.1596107]},{"type":"Feature","id":"vial_nacional.172","geometry":{"type":"MultiLineString","coordinates":[[[-58.3963637,-32.1596107],[-58.3965158,-32.1598396],[-58.3966816,-32.1600892],[-58.3976058,-32.1608797],[-58.3985273,-32.1616679],[-58.3999545,-32.1628885]]]},"geometry_name":"geom","properties":{"gid":172,"rtn":"130","typ":40,"rst":1,"hct":1,"fdc":"Dirección Nacional de Vialidad","sag":"IGN"},"bbox":[-58.3999545,-32.1628885,-58.3963637,-32.1596107]},{"type":"Feature","id":"vial_nacional.162","geometry":{"type":"MultiLineString","coordinates":[[[-58.4577667,-30.5814091],[-58.4576643,-30.5811813],[-58.4573915,-30.5805743],[-58.3978827,-30.4525149],[-58.3971103,-30.4512016],[-58.3962734,-30.4500547],[-58.3470026,-30.3857644],[-58.3455643,-30.3838468],[-58.3442019,-30.3818513],[-58.3280881,-30.3556486],[-58.3274121,-30.3547506],[-58.3268559,-30.3541987],[-58.3262963,-30.353672],[-58.3145308,-30.3427693],[-58.3125208,-30.3409597],[-58.3117644,-30.3402144],[-58.3098972,-30.3385144],[-58.3090916,-30.3377689],[-58.3077049,-30.3364951],[-58.3074871,-30.336279],[-58.3055033,-30.3344654],[-58.3038777,-30.3329626],[-58.3022739,-30.3314725],[-58.301306,-30.3306097],[-58.2921079,-30.3220806],[-58.2912013,-30.3212297],[-58.2841967,-30.3146378],[-58.2781328,-30.3089214],[-58.2396473,-30.2725676],[-58.2392418,-30.2721594],[-58.2175752,-30.2523462],[-58.1819284,-30.2192494],[-58.1751798,-30.2128299],[-58.1554387,-30.1913734],[-58.059575,-30.1091068],[-58.0578762,-30.1076493],[-58.0302934,-30.0835517],[-58.0290959,-30.0826469],[-58.0281921,-30.08212],[-58.0272226,-30.0816609],[-58.0261122,-30.0812693],[-58.024829,-30.0809822],[-58.0091484,-30.078132],[-58.0089243,-30.0780888],[-58.0085221,-30.0779875],[-58.0083252,-30.0779255],[-58.0081391,-30.0778588],[-58.0079554,-30.0777821],[-58.0077771,-30.0776985],[-58.0076099,-30.077618],[-58.0073446,-30.0774838],[-58.0070766,-30.0773404],[-58.0069248,-30.0772614],[-58.0068025,-30.0771987],[-58.0066922,-30.0771464],[-58.0065726,-30.0770929],[-58.0064688,-30.0770498],[-58.0063609,-30.0770102],[-58.0061817,-30.0769469]]]},"geometry_name":"geom","properties":{"gid":162,"rtn":"127","typ":40,"rst":1,"hct":1,"fdc":"Dirección Nacional de Vialidad","sag":"IGN"},"bbox":[-58.4577667,-30.5814091,-58.0061817,-30.0769469]},{"type":"Feature","id":"vial_nacional.165","geometry":{"type":"MultiLineString","coordinates":[[[-58.9983613,-31.888011],[-58.9981451,-31.8879672],[-58.9980148,-31.8879782],[-58.9979022,-31.88801],[-58.9975393,-31.8880971],[-58.9971387,-31.888205],[-58.9967349,-31.8883018],[-58.996141,-31.88845583],[-58.998106,-31.8878483],[-58.9982916,-31.8877847],[-58.998373,-31.887757]]]},"geometry_name":"geom","properties":{"gid":165,"rtn":"130","typ":40,"rst":1,"hct":1,"fdc":"Dirección Nacional de Vialidad","sag":"IGN"},"bbox":[-58.998373,-31.88845583,-58.996141,-31.887757]},{"type":"Feature","id":"vial_nacional.166","geometry":{"type":"MultiLineString","coordinates":[[[-58.4126215,-32.153014],[-58.41276,-32.1528952],[-58.413619,-32.1521581],[-58.4144882,-32.1514122],[-58.4150904,-32.150914],[-58.415538,-32.1505438],[-58.4156905,-32.1504176],[-58.4160731,-32.1500926],[-58.4165005,-32.1497296],[-58.4166772,-32.1495795],[-58.4167557,-32.1495129],[-58.4169697,-32.1493308],[-58.4173133,-32.149033],[-58.41761745,-32.14876935],[-58.4178857,-32.1485369],[-58.4188754,-32.1477052],[-58.4193883,-32.1472742],[-58.420888,-32.1459966],[-58.426887,-32.1408857],[-58.4279671,-32.1399655],[-58.4314934,-32.1370757],[-58.432122,-32.1365605],[-58.4331315,-32.1357333],[-58.4344962,-32.1346148],[-58.4386111,-32.1312375],[-58.4402405,-32.1298884],[-58.4403572,-32.1297917],[-58.4428307,-32.1277436],[-58.4447968,-32.1259914],[-58.4449232,-32.1258788],[-58.4507547,-32.1212889],[-58.4508486,-32.121215],[-58.4527029,-32.1197744],[-58.4530955,-32.1195285],[-58.4533672,-32.1193838],[-58.4539899,-32.1191238],[-58.4551488,-32.1187537],[-58.4589182,-32.117587],[-58.4632959,-32.1161322],[-58.4675402,-32.1143835],[-58.4877451,-32.1057619],[-58.4892055,-32.1051213],[-58.4895199,-32.1049839],[-58.490432,-32.1045713],[-58.4911829,-32.1042477],[-58.4920585,-32.1038569],[-58.4925088,-32.103658],[-58.4931544,-32.1033729],[-58.5178516,-32.0932976],[-58.5197105,-32.0925759],[-58.5217638,-32.0918545],[-58.5271052,-32.0899875],[-58.5303727,-32.0889229],[-58.5402822,-32.0856795],[-58.5600795,-32.0791996],[-58.589983,-32.0694108],[-58.5990278,-32.0664887],[-58.6010839,-32.0658659],[-58.6023207,-32.0654343],[-58.6032934,-32.064887],[-58.6036759,-32.0646717],[-58.628058,-32.047927],[-58.6349205,-32.0432179],[-58.6459473,-32.0356264],[-58.6488757,-32.0336156],[-58.6562337,-32.0285731],[-58.6569599,-32.0281856],[-58.6576198,-32.0278787],[-58.672316,-32.0218548],[-58.6736031,-32.0213272],[-58.6743242,-32.0210215],[-58.6749915,-32.0207893],[-58.6759849,-32.0205449],[-58.6767796,-32.0204152],[-58.6776042,-32.0203278],[-58.6917779,-32.0192643],[-58.6921939,-32.0192357],[-58.6976184,-32.0188354],[-58.7180313,-32.0173253],[-58.7187795,-32.0172363],[-58.7196367,-32.0170704],[-58.7206294,-32.016804],[-58.7214605,-32.0164949],[-58.7222389,-32.0161261],[-58.7228642,-32.0157977],[-58.7237436,-32.0152334],[-58.7245669,-32.0145626],[-58.7446387,-31.9968419],[-58.7759828,-31.969121],[-58.7864056,-31.9599002],[-58.7902041,-31.9565439],[-58.7932526,-31.9538453],[-58.7940844,-31.9531133],[-58.7959323,-31.9514793],[-58.7987276,-31.9489967],[-58.8012531,-31.9468074],[-58.8017069,-31.9464484],[-58.8023943,-31.9460139],[-58.8031009,-31.9456261],[-58.8037164,-31.945341],[-58.8045856,-31.945008],[-58.8052216,-31.9448241],[-58.8059513,-31.9446411],[-58.806513,-31.9445382],[-58.8196515,-31.9425036],[-58.8255797,-31.9415997],[-58.8257911,-31.941566],[-58.8285317,-31.9411365],[-58.828638,-31.9411182],[-58.8363976,-31.9399138],[-58.8450611,-31.9386066],[-58.8488822,-31.9380172],[-58.8568637,-31.9368205],[-58.8663899,-31.9354062],[-58.8764768,-31.9339086],[-58.888232,-31.9321086],[-58.8983333,-31.9305588],[-58.9047625,-31.9295364],[-58.912962,-31.928257],[-58.9151634,-31.9279209],[-58.9159982,-31.9277816],[-58.9166821,-31.9276252],[-58.9174826,-31.9273755],[-58.9181137,-31.9271577],[-58.9213737,-31.9258903],[-58.9301788,-31.9224441],[-58.9323978,-31.9215845],[-58.9333099,-31.9211337],[-58.9338703,-31.9208166],[-58.934473,-31.9204498],[-58.9350923,-31.9199425],[-58.9410789,-31.914378],[-58.9415401,-31.9139559],[-58.9480743,-31.9079077],[-58.9534341,-31.9029335],[-58.9563361,-31.9003735],[-58.9569345,-31.8999719],[-58.9577593,-31.8995254],[-58.9585354,-31.899175],[-58.9592877,-31.8989048],[-58.9634034,-31.8977444],[-58.9917611,-31.8896625],[-58.993261,-31.8891963],[-58.9933859,-31.8891688],[-58.9935357,-31.8891304],[-58.996141,-31.88845583]]]},"geometry_name":"geom","properties":{"gid":166,"rtn":"130","typ":40,"rst":1,"hct":1,"fdc":"Dirección Nacional de Vialidad","sag":"IGN"},"bbox":[-58.996141,-32.153014,-58.4126215,-31.88845583]},{"type":"Feature","id":"vial_nacional.167","geometry":{"type":"MultiLineString","coordinates":[[[-58.3963637,-32.1596107],[-58.3959843,-32.1592663],[-58.395891,-32.1591816],[-58.3957859,-32.1590862],[-58.3955906,-32.1589089],[-58.3951892,-32.1585445],[-58.3949753,-32.1583634],[-58.3945004,-32.1579614],[-58.3943515,-32.1578346],[-58.3941999,-32.1577055],[-58.3940879,-32.1576102],[-58.3938789,-32.1574324],[-58.3932168,-32.1568684],[-58.3926951,-32.1564242],[-58.3923368,-32.1561271],[-58.3921838,-32.1560002],[-58.391829,-32.1557174],[-58.3914235,-32.1554642],[-58.3909725,-32.1552309],[-58.3904722,-32.1550167],[-58.3898936,-32.1548389],[-58.3892361,-32.1547291],[-58.3885624,-32.1546977],[-58.3879889,-32.1546986],[-58.3832426,-32.1547306],[-58.3819119,-32.154736],[-58.3806992,-32.154741],[-58.3683656,-32.1547912],[-58.3561658,-32.1548409],[-58.3554028,-32.1548569],[-58.3546459,-32.1549081],[-58.3530424,-32.155084],[-58.3521626,-32.1551339],[-58.351417,-32.1551657],[-58.3495673,-32.155144],[-58.3253961,-32.1541615],[-58.3156292,-32.1537645],[-58.3120823,-32.1536203],[-58.2849504,-32.1525016],[-58.270795,-32.1519236],[-58.2693788,-32.1518884],[-58.2682697,-32.1519475],[-58.2629995,-32.1527397],[-58.2510444,-32.1545626],[-58.2435338,-32.155722],[-58.2432762,-32.1557601],[-58.2431563,-32.1557802],[-58.2430405,-32.1558003],[-58.2428862,-32.15583175],[-58.24276675,-32.1558569],[-58.2425618,-32.1559087],[-58.2424453,-32.1559408],[-58.2422926,-32.1559874],[-58.2421168,-32.1560448],[-58.2420048,-32.1560855],[-58.2418958,-32.1561271],[-58.2417879,-32.1561704],[-58.241683,-32.1562146],[-58.2415791,-32.1562616],[-58.2407693,-32.1566421],[-58.2399446,-32.1570239],[-58.23979159,-32.15709538]]]},"geometry_name":"geom","properties":{"gid":167,"rtn":"130","typ":40,"rst":1,"hct":1,"fdc":"Dirección Nacional de Vialidad","sag":"IGN"},"bbox":[-58.3963637,-32.1596107,-58.23979159,-32.1518884]},{"type":"Feature","id":"vial_nacional.168","geometry":{"type":"MultiLineString","coordinates":[[[-58.4012061,-32.1628219],[-58.4080388,-32.15698832],[-58.4119,-32.1537016],[-58.4126215,-32.153014]]]},"geometry_name":"geom","properties":{"gid":168,"rtn":"130","typ":40,"rst":1,"hct":1,"fdc":"Dirección Nacional de Vialidad","sag":"IGN"},"bbox":[-58.4126215,-32.1628219,-58.4012061,-32.153014]},{"type":"Feature","id":"vial_nacional.169","geometry":{"type":"MultiLineString","coordinates":[[[-58.4009832,-32.1626609],[-58.4014814,-32.1622401],[-58.4024191,-32.1614478],[-58.4032971,-32.1607061],[-58.4041298,-32.1600026],[-58.4042438,-32.1599063],[-58.4045357,-32.1596598],[-58.4046178,-32.1595904],[-58.4051322,-32.1591559],[-58.405206,-32.1590934],[-58.4056534,-32.1587154],[-58.4061226,-32.1583189],[-58.4069812,-32.1575937],[-58.4079954,-32.1567367],[-58.4085453,-32.1562723],[-58.408641,-32.1561915],[-58.4089934,-32.1558938],[-58.4091045,-32.1557999],[-58.4092947,-32.1556392],[-58.4094838,-32.1554795],[-58.4098877,-32.1551382],[-58.4108518,-32.1543236],[-58.4112913,-32.1539523],[-58.4113556,-32.153898],[-58.4117448,-32.1535692],[-58.4126215,-32.153014]]]},"geometry_name":"geom","properties":{"gid":169,"rtn":"130","typ":40,"rst":1,"hct":1,"fdc":"Dirección Nacional de Vialidad","sag":"IGN"},"bbox":[-58.4126215,-32.1626609,-58.4009832,-32.153014]},{"type":"Feature","id":"vial_nacional.178","geometry":{"type":"MultiLineString","coordinates":[[[-58.2380906,-32.26035133],[-58.2378995,-32.2603931],[-58.2377252,-32.2604295],[-58.2375445,-32.2604658],[-58.2374378,-32.2604839],[-58.2373465,-32.2604969],[-58.2372692,-32.2605029],[-58.2371971,-32.2605054],[-58.2371005,-32.2605053],[-58.2370009,-32.2604999],[-58.2368912,-32.2604892],[-58.2367533,-32.260472],[-58.2366661,-32.260457],[-58.2365992,-32.2604443],[-58.2365105,-32.2604216]]]},"geometry_name":"geom","properties":{"gid":178,"rtn":"135","typ":40,"rst":1,"hct":1,"fdc":"Dirección Nacional de Vialidad","sag":"IGN"},"bbox":[-58.2380906,-32.2605054,-58.2365105,-32.26035133]},{"type":"Feature","id":"vial_nacional.179","geometry":{"type":"MultiLineString","coordinates":[[[-58.2339511,-32.259597],[-58.2338089,-32.2595507],[-58.2333873,-32.2594133],[-58.2275405,-32.2574774],[-58.2223727,-32.2557987],[-58.2220058,-32.2556768],[-58.2116189,-32.2522227],[-58.2062323,-32.2504278],[-58.2010598,-32.2487043],[-58.1956785,-32.2469065],[-58.1904368,-32.2451554],[-58.1848309,-32.2432883],[-58.1835519,-32.2428562],[-58.1834477,-32.242821],[-58.1822774,-32.2424257],[-58.1821767,-32.2423916],[-58.1783429,-32.2410965],[-58.1738867,-32.2395684],[-58.1696445,-32.2381383],[-58.168615,-32.2378371],[-58.1683888,-32.2377883],[-58.1678187,-32.2376652],[-58.1667381,-32.2374661],[-58.165603,-32.237343],[-58.1650521,-32.237292],[-58.1638932,-32.2372817],[-58.1629933,-32.2373143]]]},"geometry_name":"geom","properties":{"gid":179,"rtn":"135","typ":40,"rst":1,"hct":1,"fdc":"Dirección Nacional de Vialidad","sag":"IGN"},"bbox":[-58.2339511,-32.259597,-58.1629933,-32.2372817]},{"type":"Feature","id":"vial_nacional.180","geometry":{"type":"MultiLineString","coordinates":[[[-58.1585866,-32.2381431],[-58.1593674,-32.2378797],[-58.1602836,-32.2376744],[-58.1605721,-32.2376106],[-58.1606964,-32.2375866],[-58.1618287,-32.2374024],[-58.1626397,-32.2373287],[-58.1629933,-32.2373143],[-58.1626296,-32.2373726],[-58.1621683,-32.2374542],[-58.1616506,-32.2375314],[-58.1607181,-32.2376703],[-58.1605935,-32.2376928],[-58.1598723,-32.2378422],[-58.1591699,-32.2380102],[-58.1585866,-32.2381431]]]},"geometry_name":"geom","properties":{"gid":180,"rtn":"135","typ":40,"rst":1,"hct":1,"fdc":"Dirección Nacional de Vialidad","sag":"IGN"},"bbox":[-58.1629933,-32.2381431,-58.1585866,-32.2373143]},{"type":"Feature","id":"vial_nacional.181","geometry":{"type":"MultiLineString","coordinates":[[[-58.1585866,-32.2381431],[-58.1580164,-32.2383424],[-58.157292,-32.2386205],[-58.15651,-32.2389566],[-58.1560027,-32.2392043],[-58.1550851,-32.2397133],[-58.1547025,-32.2399406],[-58.1544958,-32.2400634],[-58.1538655,-32.240488],[-58.1531624,-32.2410523],[-58.1524936,-32.2416126],[-58.149497,-32.244614],[-58.1490633,-32.2450366],[-58.1481154,-32.2459878],[-58.1464489,-32.2476594],[-58.138986,-32.2551449],[-58.1374539,-32.2566795],[-58.1360395,-32.2580962],[-58.1350144,-32.259123],[-58.1347658,-32.259372],[-58.1344068,-32.2597018],[-58.133996,-32.2600792],[-58.1330598,-32.2608163],[-58.1328192,-32.2609795]]]},"geometry_name":"geom","properties":{"gid":181,"rtn":"135","typ":40,"rst":1,"hct":1,"fdc":"Dirección Nacional de Vialidad","sag":"IGN"},"bbox":[-58.1585866,-32.2609795,-58.1328192,-32.2381431]},{"type":"Feature","id":"vial_nacional.182","geometry":{"type":"MultiLineString","coordinates":[[[-58.1304188,-32.2623505],[-58.1305557,-32.2622596],[-58.1312942,-32.261887],[-58.1320235,-32.2614831],[-58.1326317,-32.2610734],[-58.1328192,-32.2609795],[-58.1327004,-32.2611128],[-58.1325139,-32.261322],[-58.1324227,-32.2613892],[-58.1323,-32.2614798],[-58.1316903,-32.2618284],[-58.1312746,-32.2620711],[-58.1309686,-32.2622566],[-58.1308419,-32.2623036],[-58.1306839,-32.262326],[-58.1304188,-32.2623505]]]},"geometry_name":"geom","properties":{"gid":182,"rtn":"135","typ":40,"rst":1,"hct":1,"fdc":"Dirección Nacional de Vialidad","sag":"IGN"},"bbox":[-58.1328192,-32.2623505,-58.1304188,-32.2609795]},{"type":"Feature","id":"vial_nacional.183","geometry":{"type":"MultiLineString","coordinates":[[[-58.1304188,-32.2623505],[-58.1298237,-32.2626088],[-58.1294496,-32.2627712],[-58.1282072,-32.2632006],[-58.126879,-32.2635451],[-58.1254912,-32.2638065],[-58.1239208,-32.2639657],[-58.1186785,-32.2641655],[-58.1047607,-32.26465939],[-58.09949216,-32.26483345]]]},"geometry_name":"geom","properties":{"gid":183,"rtn":"135","typ":40,"rst":1,"hct":1,"fdc":"Dirección Nacional de Vialidad","sag":"IGN"},"bbox":[-58.1304188,-32.26483345,-58.09949216,-32.2623505]},{"type":"Feature","id":"vial_nacional.184","geometry":{"type":"MultiLineString","coordinates":[[[-58.52214,-32.9895706],[-58.5220908,-32.9895694],[-58.5219958,-32.9895666],[-58.5215587,-32.9895549],[-58.5211355,-32.9895493],[-58.520364,-32.9895164],[-58.5193058,-32.9894625]]]},"geometry_name":"geom","properties":{"gid":184,"rtn":"136","typ":40,"rst":1,"hct":1,"fdc":"Dirección Nacional de Vialidad","sag":"IGN"},"bbox":[-58.52214,-32.9895706,-58.5193058,-32.9894625]},{"type":"Feature","id":"vial_nacional.185","geometry":{"type":"MultiLineString","coordinates":[[[-58.5193058,-32.9894625],[-58.5203795,-32.9894387],[-58.5210236,-32.9894342],[-58.5219435,-32.989454],[-58.521998,-32.9894528],[-58.5220946,-32.9894578],[-58.5221358,-32.9894589]]]},"geometry_name":"geom","properties":{"gid":185,"rtn":"136","typ":40,"rst":1,"hct":1,"fdc":"Dirección Nacional de Vialidad","sag":"IGN"},"bbox":[-58.5221358,-32.9894625,-58.5193058,-32.9894342]},{"type":"Feature","id":"vial_nacional.186","geometry":{"type":"MultiLineString","coordinates":[[[-58.5193058,-32.9894625],[-58.5188752,-32.9894581],[-58.5188044,-32.9894518],[-58.518155,-32.9894258],[-58.5175166,-32.9893375],[-58.5167071,-32.9891605],[-58.5160612,-32.9889854],[-58.515164,-32.9886835],[-58.5145612,-32.9883891],[-58.5138725,-32.9880142],[-58.5089912,-32.9844007],[-58.5081367,-32.9838299],[-58.5044159,-32.9815533],[-58.5012062,-32.9796728],[-58.4998207,-32.978873],[-58.4990799,-32.9784858],[-58.4983535,-32.978194],[-58.4972208,-32.9778459],[-58.4959559,-32.9776076],[-58.4946738,-32.9775075],[-58.4935682,-32.9775172],[-58.4899979,-32.9779627],[-58.4799501,-32.9793278],[-58.4654875,-32.9813018],[-58.4650097,-32.9813649],[-58.4639411,-32.9815147],[-58.459119,-32.9821523],[-58.4558867,-32.9824694],[-58.4544267,-32.9825539],[-58.4531421,-32.9825829],[-58.4523239,-32.9825945],[-58.4513427,-32.9826156],[-58.4444078,-32.9826424],[-58.4374604,-32.9826692],[-58.4363162,-32.9826278],[-58.4357555,-32.9825531],[-58.4355455,-32.9825293],[-58.4349182,-32.9824579],[-58.4342219,-32.9823852],[-58.4326744,-32.9822147],[-58.4311865,-32.9821915],[-58.4199902,-32.9822334],[-58.4016768,-32.982317],[-58.3967206,-32.9823303],[-58.3729728,-32.9824432],[-58.352882,-32.9825228],[-58.3509299,-32.9825269],[-58.3491332,-32.9825729],[-58.3484389,-32.9826539],[-58.3474241,-32.9828479],[-58.3470568,-32.9829181],[-58.3455871,-32.9833259],[-58.3447596,-32.9836098],[-58.3439413,-32.9839386],[-58.3430511,-32.9843905],[-58.3421697,-32.9848817],[-58.3397533,-32.9865068],[-58.3036995,-33.0114307],[-58.3018272,-33.0127612],[-58.2836884,-33.0256503],[-58.2719305,-33.0340199],[-58.2667734,-33.0376105],[-58.2655756,-33.0385706],[-58.264516,-33.039609],[-58.2637543,-33.0404519],[-58.2631233,-33.0413082],[-58.2625184,-33.0421831],[-58.2619687,-33.0429832],[-58.26138,-33.044037],[-58.2609413,-33.044919],[-58.2604198,-33.046121],[-58.2601995,-33.0468441],[-58.2590191,-33.0526327]]]},"geometry_name":"geom","properties":{"gid":186,"rtn":"136","typ":40,"rst":1,"hct":1,"fdc":"Dirección Nacional de Vialidad","sag":"IGN"},"bbox":[-58.5193058,-33.0526327,-58.2590191,-32.9775075]},{"type":"Feature","id":"vial_nacional.187","geometry":{"type":"MultiLineString","coordinates":[[[-58.2579303,-33.0577331],[-58.257844,-33.0571631],[-58.2578295,-33.0569933],[-58.2583722,-33.0544947],[-58.2586761,-33.0533],[-58.2589076,-33.0528997],[-58.2590191,-33.0526327],[-58.2590963,-33.0533773],[-58.258301,-33.0571318],[-58.258119,-33.0574083],[-58.2579303,-33.0577331]]]},"geometry_name":"geom","properties":{"gid":187,"rtn":"136","typ":40,"rst":1,"hct":1,"fdc":"Dirección Nacional de Vialidad","sag":"IGN"},"bbox":[-58.2590963,-33.0577331,-58.2578295,-33.0526327]},{"type":"Feature","id":"vial_nacional.188","geometry":{"type":"MultiLineString","coordinates":[[[-58.2579303,-33.0577331],[-58.2564828,-33.0643913],[-58.2552898,-33.0697518],[-58.2535326,-33.0772833],[-58.24842496,-33.10032347]]]},"geometry_name":"geom","properties":{"gid":188,"rtn":"136","typ":40,"rst":1,"hct":1,"fdc":"Dirección Nacional de Vialidad","sag":"IGN"},"bbox":[-58.2579303,-33.10032347,-58.24842496,-33.0577331]},{"type":"Feature","id":"vial_nacional.414","geometry":{"type":"MultiLineString","coordinates":[[[-59.1752569,-31.8077476],[-59.1744304,-31.8075862],[-59.1736225,-31.8073713],[-59.1728462,-31.8071649],[-59.1727092,-31.8071285],[-59.1719174,-31.8069067],[-59.1699637,-31.8063108],[-59.1719524,-31.8068125],[-59.1727449,-31.8070289],[-59.1728819,-31.8070663],[-59.1736502,-31.8072761],[-59.1744605,-31.8074974],[-59.1752569,-31.8077476]]]},"geometry_name":"geom","properties":{"gid":414,"rtn":"18","typ":40,"rst":1,"hct":1,"fdc":"Dirección Nacional de Vialidad","sag":"IGN"},"bbox":[-59.1752569,-31.8077476,-59.1699637,-31.8063108]},{"type":"Feature","id":"vial_nacional.415","geometry":{"type":"MultiLineString","coordinates":[[[-59.0281696,-31.8078434],[-59.0290989,-31.8078374],[-59.0305455,-31.8078279],[-59.0317051,-31.8078484],[-59.03199,-31.8078534],[-59.0334225,-31.8079247],[-59.0356701,-31.807996],[-59.0400514,-31.8080011],[-59.0444328,-31.8079885],[-59.0501604,-31.807876],[-59.0502358,-31.8078758],[-59.0503983,-31.8078753],[-59.0557778,-31.8078593],[-59.0565328,-31.8078418],[-59.0578825,-31.8078104],[-59.0586111,-31.8077935],[-59.0592689,-31.8077782],[-59.0593912,-31.8077754],[-59.062665,-31.8077282],[-59.0628841,-31.807725],[-59.071258,-31.8075992],[-59.0813748,-31.8074559],[-59.0940973,-31.8073082],[-59.1006741,-31.8072261],[-59.1043863,-31.8071806],[-59.1066416,-31.807115],[-59.1073166,-31.8070715],[-59.1079571,-31.8069368],[-59.1084669,-31.8067925],[-59.1090598,-31.8065715],[-59.1154412,-31.8032504],[-59.116274,-31.8029348],[-59.1173363,-31.8026404],[-59.1182769,-31.8024687],[-59.1194895,-31.8023036],[-59.1226027,-31.8019425],[-59.1259687,-31.8015435],[-59.130653,-31.8009909],[-59.1334481,-31.8006996],[-59.1377168,-31.8003063],[-59.1392859,-31.8001655],[-59.1396324,-31.8001328],[-59.1466725,-31.7994602],[-59.1475329,-31.799401],[-59.1484313,-31.799409],[-59.1491973,-31.7994532],[-59.1498255,-31.7995495],[-59.1505366,-31.7997454],[-59.1512973,-31.8000525],[-59.1525402,-31.8005958],[-59.1576471,-31.8027867],[-59.1586743,-31.8032002],[-59.1598116,-31.8035596],[-59.1615348,-31.8040195],[-59.1620501,-31.8041618],[-59.1629433,-31.8044146],[-59.1642087,-31.8047567],[-59.1654815,-31.8050963],[-59.1656072,-31.8051359],[-59.165865,-31.8052249],[-59.1663088,-31.8053545],[-59.1668965,-31.8055042],[-59.1674166,-31.8056366],[-59.1699637,-31.8063108]]]},"geometry_name":"geom","properties":{"gid":415,"rtn":"18","typ":40,"rst":1,"hct":1,"fdc":"Dirección Nacional de Vialidad","sag":"IGN"},"bbox":[-59.1699637,-31.8080011,-59.0281696,-31.799401]},{"type":"Feature","id":"vial_nacional.416","geometry":{"type":"MultiLineString","coordinates":[[[-59.0253119,-31.8078615],[-59.0254393,-31.8078706],[-59.0256378,-31.8078877],[-59.0258604,-31.8079378],[-59.0259777,-31.8079749],[-59.0261138,-31.8080301],[-59.02634681,-31.80809168],[-59.0265245,-31.80813611],[-59.0266839,-31.80815178],[-59.02687466,-31.80814656],[-59.02700793,-31.80810736],[-59.02713858,-31.80806817],[-59.02722743,-31.80802636],[-59.02751902,-31.80792236],[-59.02768211,-31.80788525],[-59.02785718,-31.80786434],[-59.0281696,-31.8078434],[-59.02785196,-31.80781208],[-59.02767688,-31.80780163],[-59.0275018,-31.80777811],[-59.02705235,-31.80766052],[-59.02694521,-31.80763178],[-59.02685114,-31.80760826],[-59.02671265,-31.80759258],[-59.02659767,-31.80759258],[-59.02647224,-31.80760042],[-59.02633636,-31.80762133],[-59.0262278,-31.8076449],[-59.0260897,-31.8076848],[-59.0259516,-31.8077361],[-59.0257732,-31.8077794],[-59.0255989,-31.8078159],[-59.0254487,-31.8078341],[-59.0253119,-31.8078615]]]},"geometry_name":"geom","properties":{"gid":416,"rtn":"18","typ":40,"rst":1,"hct":1,"fdc":"Dirección Nacional de Vialidad","sag":"IGN"},"bbox":[-59.0281696,-31.80815178,-59.0253119,-31.80759258]},{"type":"Feature","id":"vial_nacional.417","geometry":{"type":"MultiLineString","coordinates":[[[-58.42170889,-31.55221442],[-58.42177519,-31.55223203],[-58.4218681,-31.552252],[-58.4231982,-31.5525304],[-58.4233112,-31.5525263],[-58.4234154,-31.5524961],[-58.4235898,-31.5524138],[-58.4237212,-31.5523612],[-58.4237963,-31.5523361],[-58.4239143,-31.5523269],[-58.4240457,-31.5523338],[-58.4264383,-31.5527452],[-58.4268513,-31.5528595],[-58.4271035,-31.5529447],[-58.427244,-31.5530173],[-58.4273483,-31.553108],[-58.4274211,-31.5532315],[-58.427574,-31.5535742],[-58.427723,-31.5538972],[-58.4278188,-31.5540495],[-58.4279698,-31.5541966],[-58.4281338,-31.5543108],[-58.4284106,-31.5544559],[-58.4288619,-31.5546282],[-58.4292898,-31.554757],[-58.4295952,-31.5548229],[-58.4299136,-31.5548514],[-58.4302648,-31.5548514],[-58.4305437,-31.5548223],[-58.4307332,-31.554806],[-58.4308503,-31.5548006],[-58.4309674,-31.5548314],[-58.4310589,-31.5548913],[-58.4312475,-31.5550743],[-58.4316337,-31.5555879],[-58.4319609,-31.5561897],[-58.4321594,-31.5568342],[-58.4323401,-31.5578355],[-58.4325354,-31.5589174],[-58.4332969,-31.5634753],[-58.4336893,-31.5657028],[-58.4339254,-31.5665256],[-58.4342687,-31.5672752],[-58.4347622,-31.5681527],[-58.4353838,-31.5690313],[-58.4380075,-31.5714568],[-58.4385077,-31.5719331],[-58.4409374,-31.574166],[-58.4452613,-31.5779337],[-58.4456359,-31.5782394],[-58.4460393,-31.5785368],[-58.4466927,-31.5789021],[-58.4476946,-31.5793816],[-58.4571269,-31.5830611],[-58.4582624,-31.5835678],[-58.4591004,-31.5840514],[-58.4600061,-31.5847654],[-58.4613038,-31.5858996],[-58.4792145,-31.6014607],[-58.4865444,-31.6078432],[-58.4940464,-31.6143091],[-58.4948626,-31.6150163],[-58.4962877,-31.616251],[-58.4969044,-31.6167854],[-58.497585,-31.617375],[-58.4978726,-31.6176283],[-58.4983084,-31.6180018],[-58.4987414,-31.6183686],[-58.4996055,-31.6191256],[-58.5005306,-31.6199412],[-58.5014069,-31.6206862],[-58.501496,-31.6207634],[-58.5023435,-31.6214977],[-58.5032412,-31.6222754],[-58.5041209,-31.6230376],[-58.5050275,-31.6238229],[-58.5052645,-31.6240283],[-58.5061389,-31.6247858],[-58.5070249,-31.6255534],[-58.5079271,-31.6263349],[-58.5088053,-31.6270957],[-58.5089154,-31.6271912],[-58.5097957,-31.6279538],[-58.5106625,-31.6287046],[-58.5115898,-31.629508],[-58.5116868,-31.629592],[-58.5119946,-31.6298587],[-58.5124634,-31.6302648],[-58.5163154,-31.6336016],[-58.5236862,-31.6400114],[-58.5310564,-31.6464202],[-58.5385041,-31.652896],[-58.5389173,-31.6532553],[-58.5427681,-31.6565934],[-58.5429681,-31.6567668],[-58.5774863,-31.6867166],[-58.5793396,-31.6883244],[-58.5849343,-31.6931776],[-58.5948757,-31.7017534],[-58.5964612,-31.7030903],[-58.5971691,-31.7036564],[-58.5979618,-31.7041864],[-58.628661,-31.723171],[-58.6343577,-31.7266934],[-58.6378766,-31.7288695],[-58.6387822,-31.7294405],[-58.6409674,-31.7307914],[-58.6477105,-31.7349673],[-58.6543151,-31.7390557],[-58.6623137,-31.7439956],[-58.6628892,-31.7443524],[-58.6636245,-31.7448002],[-58.6646828,-31.7453602],[-58.7112183,-31.7693398],[-58.7134961,-31.7705139],[-58.7138926,-31.7707212],[-58.7272311,-31.7775875],[-58.7406191,-31.7843915],[-58.7410729,-31.7846157],[-58.7414414,-31.7848044],[-58.742283,-31.7851363],[-58.7425807,-31.7852398],[-58.7430383,-31.7853556],[-58.7456005,-31.7859046],[-58.7556184,-31.7879079],[-58.7571238,-31.7882089],[-58.7698213,-31.7907362],[-58.7756561,-31.7918992],[-58.7936768,-31.7954923],[-58.8020959,-31.7971536],[-58.8040015,-31.7975127],[-58.8075949,-31.7981638],[-58.8131527,-31.7991867],[-58.8202156,-31.800482],[-58.8272688,-31.8017812],[-58.8600594,-31.8077207],[-58.8648352,-31.8085821],[-58.8714679,-31.8098212],[-58.8726224,-31.8100367],[-58.8727199,-31.8100549],[-58.8742185,-31.8103729],[-58.8751339,-31.8105316],[-58.8760212,-31.8106268],[-58.8775156,-31.8106983],[-58.8831021,-31.8107323],[-58.8941631,-31.8107055],[-58.9212489,-31.8105958],[-58.9624908,-31.8104288],[-58.9628623,-31.8104404],[-58.9650959,-31.8103829],[-58.9661688,-31.8102917],[-58.9672631,-31.8101276],[-58.9713157,-31.8094745],[-58.9730045,-31.8091784],[-58.9771765,-31.808523],[-58.9787644,-31.8083589],[-58.9803377,-31.8083176],[-58.9907409,-31.8081936],[-58.9966294,-31.8081235],[-58.9997485,-31.8080863],[-59.00876,-31.8080119],[-59.0097722,-31.8080035],[-59.0238894,-31.8078745],[-59.0253119,-31.8078615]]]},"geometry_name":"geom","properties":{"gid":417,"rtn":"18","typ":40,"rst":1,"hct":1,"fdc":"Dirección Nacional de Vialidad","sag":"IGN"},"bbox":[-59.0253119,-31.8107323,-58.42170889,-31.55221442]},{"type":"Feature","id":"vial_nacional.1523","geometry":{"type":"MultiLineString","coordinates":[[[-58.0053675,-31.2920785],[-58.0052789,-31.2921878],[-58.005148,-31.2922597],[-58.0049949,-31.2922834],[-58.0048429,-31.2922553],[-58.004715,-31.2921795]]]},"geometry_name":"geom","properties":{"gid":1523,"rtn":"A015","typ":40,"rst":1,"hct":1,"fdc":"Dirección Nacional de Vialidad","sag":"IGN"},"bbox":[-58.0053675,-31.2922834,-58.004715,-31.2920785]},{"type":"Feature","id":"vial_nacional.1524","geometry":{"type":"MultiLineString","coordinates":[[[-58.0046361,-31.2918069],[-58.0047247,-31.2916977],[-58.0048556,-31.2916257],[-58.0050087,-31.291602],[-58.0051607,-31.2916302],[-58.0052886,-31.291706]]]},"geometry_name":"geom","properties":{"gid":1524,"rtn":"A015","typ":40,"rst":1,"hct":1,"fdc":"Dirección Nacional de Vialidad","sag":"IGN"},"bbox":[-58.0052886,-31.2918069,-58.0046361,-31.291602]},{"type":"Feature","id":"vial_nacional.1525","geometry":{"type":"MultiLineString","coordinates":[[[-58.004715,-31.2921795],[-58.0044832,-31.2921142],[-58.0041404,-31.29207]]]},"geometry_name":"geom","properties":{"gid":1525,"rtn":"A015","typ":40,"rst":1,"hct":1,"fdc":"Dirección Nacional de Vialidad","sag":"IGN"},"bbox":[-58.004715,-31.2921795,-58.0041404,-31.29207]},{"type":"Feature","id":"vial_nacional.1526","geometry":{"type":"MultiLineString","coordinates":[[[-58.004715,-31.2921795],[-58.0046308,-31.2920677],[-58.0046031,-31.2919369],[-58.0046361,-31.2918069]]]},"geometry_name":"geom","properties":{"gid":1526,"rtn":"A015","typ":40,"rst":1,"hct":1,"fdc":"Dirección Nacional de Vialidad","sag":"IGN"},"bbox":[-58.004715,-31.2921795,-58.0046031,-31.2918069]},{"type":"Feature","id":"vial_nacional.1527","geometry":{"type":"MultiLineString","coordinates":[[[-58.0041404,-31.29207],[-58.0044586,-31.291913],[-58.0046361,-31.2918069]]]},"geometry_name":"geom","properties":{"gid":1527,"rtn":"A015","typ":40,"rst":1,"hct":1,"fdc":"Dirección Nacional de Vialidad","sag":"IGN"},"bbox":[-58.0046361,-31.29207,-58.0041404,-31.2918069]},{"type":"Feature","id":"vial_nacional.2515","geometry":{"type":"MultiLineString","coordinates":[[[-58.62276246,-33.05020753],[-58.62038785,-33.04449728],[-58.62007653,-33.04373788]]]},"geometry_name":"geom","properties":{"gid":2515,"rtn":"14","typ":47,"rst":1,"hct":1,"fdc":"Dirección Nacional de Vialidad","sag":"IGN"},"bbox":[-58.62276246,-33.05020753,-58.62007653,-33.04373788]},{"type":"Feature","id":"vial_nacional.2516","geometry":{"type":"MultiLineString","coordinates":[[[-58.62276246,-33.05020753],[-58.6237235,-33.0524024],[-58.6249531,-33.0554843]]]},"geometry_name":"geom","properties":{"gid":2516,"rtn":"14","typ":47,"rst":1,"hct":1,"fdc":"Dirección Nacional de Vialidad","sag":"IGN"},"bbox":[-58.6249531,-33.0554843,-58.62276246,-33.05020753]},{"type":"Feature","id":"vial_nacional.1519","geometry":{"type":"MultiLineString","coordinates":[[[-58.0764964,-31.2800671],[-58.07538679,-31.28023356],[-58.07508374,-31.28026706],[-58.0747818,-31.2802978],[-58.07414,-31.2803993],[-58.0739061,-31.2804316],[-58.0727727,-31.2806138],[-58.0722631,-31.2807216],[-58.0663168,-31.2816772],[-58.0558584,-31.2834276],[-58.0455807,-31.2851812],[-58.0352203,-31.2868803],[-58.0249605,-31.2886215],[-58.0146432,-31.2903375],[-58.006303,-31.2917247],[-58.0059808,-31.2917783]]]},"geometry_name":"geom","properties":{"gid":1519,"rtn":"A015","typ":40,"rst":1,"hct":1,"fdc":"Dirección Nacional de Vialidad","sag":"IGN"},"bbox":[-58.0764964,-31.2917783,-58.0059808,-31.2800671]},{"type":"Feature","id":"vial_nacional.1520","geometry":{"type":"MultiLineString","coordinates":[[[-58.0052886,-31.291706],[-58.0055234,-31.2917617],[-58.0059808,-31.2917783]]]},"geometry_name":"geom","properties":{"gid":1520,"rtn":"A015","typ":40,"rst":1,"hct":1,"fdc":"Dirección Nacional de Vialidad","sag":"IGN"},"bbox":[-58.0059808,-31.2917783,-58.0052886,-31.291706]},{"type":"Feature","id":"vial_nacional.1521","geometry":{"type":"MultiLineString","coordinates":[[[-58.0059808,-31.2917783],[-58.0056086,-31.2919149],[-58.0053675,-31.2920785]]]},"geometry_name":"geom","properties":{"gid":1521,"rtn":"A015","typ":40,"rst":1,"hct":1,"fdc":"Dirección Nacional de Vialidad","sag":"IGN"},"bbox":[-58.0059808,-31.2920785,-58.0053675,-31.2917783]},{"type":"Feature","id":"vial_nacional.1522","geometry":{"type":"MultiLineString","coordinates":[[[-58.0052886,-31.291706],[-58.0053728,-31.2918178],[-58.0054005,-31.2919486],[-58.0053675,-31.2920785]]]},"geometry_name":"geom","properties":{"gid":1522,"rtn":"A015","typ":40,"rst":1,"hct":1,"fdc":"Dirección Nacional de Vialidad","sag":"IGN"},"bbox":[-58.0054005,-31.2920785,-58.0052886,-31.291706]},{"type":"Feature","id":"vial_nacional.1528","geometry":{"type":"MultiLineString","coordinates":[[[-58.0041404,-31.29207],[-58.0036592,-31.2921082],[-58.0029585,-31.2921007],[-58.0024741,-31.2920434],[-58.0020053,-31.2919558],[-58.0012837,-31.2917418],[-58.0006155,-31.2914528],[-58.0000005,-31.2910636],[-57.9994343,-31.2906004],[-57.9989622,-31.2900882],[-57.9985809,-31.2894625],[-57.9956661,-31.2831135],[-57.9950113,-31.28184],[-57.9912521,-31.2736796],[-57.9903806,-31.2717457],[-57.989216,-31.2692117],[-57.9887725,-31.2683237],[-57.9882204,-31.2674868],[-57.9869249,-31.2661061],[-57.9817397,-31.2610366],[-57.9781066,-31.2574844],[-57.9769181,-31.2564285],[-57.9760389,-31.2559046],[-57.9747868,-31.2555169]]]},"geometry_name":"geom","properties":{"gid":1528,"rtn":"A015","typ":40,"rst":1,"hct":1,"fdc":"Dirección Nacional de Vialidad","sag":"IGN"},"bbox":[-58.0041404,-31.2921082,-57.9747868,-31.2555169]},{"type":"Feature","id":"vial_nacional.1529","geometry":{"type":"MultiLineString","coordinates":[[[-57.9570045,-31.2638926],[-57.9559831,-31.2650255],[-57.9553525,-31.2656268],[-57.9549971,-31.2659375],[-57.9548509,-31.2660727],[-57.9542716,-31.2665198],[-57.953266,-31.2672138],[-57.9526188,-31.2676067],[-57.9520214,-31.2679177],[-57.9460833,-31.2709178],[-57.9456666,-31.2711239],[-57.93813345,-31.2749641]]]},"geometry_name":"geom","properties":{"gid":1529,"rtn":"A015","typ":40,"rst":1,"hct":1,"fdc":"Dirección Nacional de Vialidad","sag":"IGN"},"bbox":[-57.9570045,-31.2749641,-57.93813345,-31.2638926]},{"type":"Feature","id":"vial_nacional.1530","geometry":{"type":"MultiLineString","coordinates":[[[-57.9570045,-31.2638926],[-57.9570839,-31.2637617],[-57.9574594,-31.2633398],[-57.9579881,-31.2628198],[-57.958256,-31.2625878],[-57.9585441,-31.2624002],[-57.9587872,-31.2622623],[-57.9591232,-31.2620809],[-57.9604571,-31.2614381],[-57.9615452,-31.2608592],[-57.9625211,-31.2603384],[-57.9629385,-31.2601355],[-57.9639292,-31.2596154],[-57.9676706,-31.2576515],[-57.9696006,-31.2567033],[-57.9700086,-31.2564828],[-57.9706567,-31.2561933],[-57.9716993,-31.2556979],[-57.9724557,-31.2554709],[-57.9735045,-31.255354],[-57.9740277,-31.2553592],[-57.9745104,-31.2554226],[-57.9747868,-31.2555169],[-57.9745299,-31.2554846],[-57.9739784,-31.2554864],[-57.9733772,-31.2556233],[-57.9729736,-31.255768],[-57.9710615,-31.2567285],[-57.9710018,-31.2567561],[-57.9704006,-31.257042],[-57.9700592,-31.2572142],[-57.9689616,-31.2577791],[-57.9671681,-31.2586925],[-57.9642108,-31.2600618],[-57.9627916,-31.2607438],[-57.961808,-31.2612464],[-57.9606868,-31.2618089],[-57.9593557,-31.2624674],[-57.9581822,-31.2630681],[-57.9575948,-31.2633971],[-57.9573548,-31.2635783],[-57.9571322,-31.26378],[-57.9570045,-31.2638926]]]},"geometry_name":"geom","properties":{"gid":1530,"rtn":"A015","typ":40,"rst":1,"hct":1,"fdc":"Dirección Nacional de Vialidad","sag":"IGN"},"bbox":[-57.9747868,-31.2638926,-57.9570045,-31.255354]},{"type":"Feature","id":"vial_nacional.1823","geometry":{"type":"MultiLineString","coordinates":[[[-58.234882,-32.2597327],[-58.2349415,-32.2597208],[-58.2350057,-32.2597218],[-58.2350863,-32.2597347],[-58.2351517,-32.2597524],[-58.2352147,-32.2597811],[-58.2352742,-32.2598127],[-58.2353163,-32.2598443],[-58.2353466,-32.2598808],[-58.2353665,-32.2599203],[-58.23538222,-32.25995346]]]},"geometry_name":"geom","properties":{"gid":1823,"rtn":"135","typ":40,"rst":1,"hct":1,"fdc":"Dirección Nacional de Vialidad","sag":"IGN"},"bbox":[-58.23538222,-32.25995346,-58.234882,-32.2597208]},{"type":"Feature","id":"vial_nacional.1824","geometry":{"type":"MultiLineString","coordinates":[[[-58.23475,-32.2600141],[-58.2346789,-32.2599407],[-58.2346322,-32.2599032],[-58.2345797,-32.2598677],[-58.2345245,-32.2598391],[-58.2339511,-32.259597],[-58.2345672,-32.2597356],[-58.2346287,-32.2597472],[-58.2346882,-32.2597502],[-58.2347559,-32.2597492],[-58.234882,-32.2597327]]]},"geometry_name":"geom","properties":{"gid":1824,"rtn":"135","typ":40,"rst":1,"hct":1,"fdc":"Dirección Nacional de Vialidad","sag":"IGN"},"bbox":[-58.234882,-32.2600141,-58.2339511,-32.259597]},{"type":"Feature","id":"vial_nacional.1803","geometry":{"type":"MultiLineString","coordinates":[[[-58.7893855,-30.9551138],[-58.7893819,-30.9550731],[-58.7893898,-30.9550329],[-58.7894088,-30.9549955],[-58.7894377,-30.9549631],[-58.7894748,-30.9549376],[-58.789518,-30.9549204]]]},"geometry_name":"geom","properties":{"gid":1803,"rtn":"127","typ":40,"rst":1,"hct":1,"fdc":"Dirección Nacional de Vialidad","sag":"IGN"},"bbox":[-58.789518,-30.9551138,-58.7893819,-30.9549204]},{"type":"Feature","id":"vial_nacional.1804","geometry":{"type":"MultiLineString","coordinates":[[[-58.789518,-30.9549204],[-58.7895467,-30.9549145],[-58.7895985,-30.9549132],[-58.789649,-30.9549236],[-58.7896945,-30.9549449],[-58.7897319,-30.9549757],[-58.7897586,-30.9550138],[-58.7897714,-30.9550497]]]},"geometry_name":"geom","properties":{"gid":1804,"rtn":"127","typ":40,"rst":1,"hct":1,"fdc":"Dirección Nacional de Vialidad","sag":"IGN"},"bbox":[-58.7897714,-30.9550497,-58.789518,-30.9549132]},{"type":"Feature","id":"vial_nacional.1819","geometry":{"type":"MultiLineString","coordinates":[[[-58.23525176,-32.26016349],[-58.235196,-32.260178],[-58.2351283,-32.2601829],[-58.2350501,-32.260175],[-58.2349672,-32.2601552],[-58.2348831,-32.2601217],[-58.2348224,-32.2600871],[-58.2347722,-32.2600466],[-58.23475,-32.2600141]]]},"geometry_name":"geom","properties":{"gid":1819,"rtn":"135","typ":40,"rst":1,"hct":1,"fdc":"Dirección Nacional de Vialidad","sag":"IGN"},"bbox":[-58.23525176,-32.2601829,-58.23475,-32.2600141]},{"type":"Feature","id":"vial_nacional.1820","geometry":{"type":"MultiLineString","coordinates":[[[-58.23538222,-32.25995346],[-58.2354143,-32.2599864],[-58.2354447,-32.2600111],[-58.2355054,-32.2600486],[-58.2355743,-32.2600812],[-58.2360031,-32.2602275],[-58.2360915,-32.2602607],[-58.2362472,-32.2603215],[-58.236362,-32.2603576],[-58.2364452,-32.2603913],[-58.2365105,-32.2604216],[-58.2363675,-32.260397],[-58.2362914,-32.2603799],[-58.2362154,-32.2603603],[-58.2361101,-32.26034],[-58.2359618,-32.2603056],[-58.2355642,-32.2601667],[-58.2354968,-32.2601554],[-58.2354318,-32.26015],[-58.2353747,-32.2601504],[-58.2353208,-32.2601577],[-58.23525176,-32.26016349]]]},"geometry_name":"geom","properties":{"gid":1820,"rtn":"135","typ":40,"rst":1,"hct":1,"fdc":"Dirección Nacional de Vialidad","sag":"IGN"},"bbox":[-58.2365105,-32.2604216,-58.23525176,-32.25995346]},{"type":"Feature","id":"vial_nacional.1821","geometry":{"type":"MultiLineString","coordinates":[[[-58.23538222,-32.25995346],[-58.2353782,-32.2599864],[-58.2353688,-32.2600289],[-58.2353513,-32.2600664],[-58.2353256,-32.2601009],[-58.2352918,-32.2601315],[-58.23525176,-32.26016349]]]},"geometry_name":"geom","properties":{"gid":1821,"rtn":"135","typ":40,"rst":1,"hct":1,"fdc":"Dirección Nacional de Vialidad","sag":"IGN"},"bbox":[-58.23538222,-32.26016349,-58.23525176,-32.25995346]},{"type":"Feature","id":"vial_nacional.1800","geometry":{"type":"MultiLineString","coordinates":[[[-58.789702,-30.95522455],[-58.7896545,-30.9552362],[-58.789623,-30.955245],[-58.7895649,-30.955249],[-58.789508,-30.9552383],[-58.7894573,-30.9552137],[-58.7894172,-30.9551775],[-58.78939376,-30.95514085],[-58.7893855,-30.9551138]]]},"geometry_name":"geom","properties":{"gid":1800,"rtn":"127","typ":40,"rst":1,"hct":1,"fdc":"Dirección Nacional de Vialidad","sag":"IGN"},"bbox":[-58.789702,-30.955249,-58.7893855,-30.9551138]},{"type":"Feature","id":"vial_nacional.1801","geometry":{"type":"MultiLineString","coordinates":[[[-58.7897714,-30.9550497],[-58.7898386,-30.9551314],[-58.7898787,-30.9551836],[-58.7899313,-30.9552311],[-58.7899974,-30.9552775],[-58.7901459,-30.9553585],[-58.7914814,-30.9560649],[-58.7918806,-30.9562745],[-58.7924147,-30.9565459],[-58.7925874,-30.9566298],[-58.7927781,-30.9567184],[-58.7929829,-30.9568114],[-58.7931985,-30.956913],[-58.7933499,-30.9569841],[-58.7935407,-30.957077],[-58.7937047,-30.9571552],[-58.7938671,-30.9572316],[-58.7940226,-30.9573073],[-58.7942067,-30.957398],[-58.7943309,-30.9574606],[-58.7945811,-30.9575807],[-58.7947212,-30.9576459],[-58.794838,-30.9577063],[-58.7951607,-30.9578775],[-58.7948149,-30.9577325],[-58.7947009,-30.9576786],[-58.7945618,-30.9576132],[-58.7944574,-30.9575661],[-58.7943558,-30.9575237],[-58.7942449,-30.9574821],[-58.7941585,-30.9574514],[-58.7940458,-30.9574145],[-58.7939489,-30.9573831],[-58.7938681,-30.957355],[-58.7937777,-30.9573215],[-58.793688,-30.9572837],[-58.7936201,-30.9572526],[-58.7935259,-30.9572081],[-58.7934502,-30.9571674],[-58.7933651,-30.9571184],[-58.7932556,-30.957053],[-58.7930956,-30.9569501],[-58.7929628,-30.9568679],[-58.7928972,-30.9568279],[-58.7928171,-30.9567826],[-58.7927211,-30.9567346],[-58.7924033,-30.9565818],[-58.791967,-30.9563601],[-58.7918441,-30.9562977],[-58.791456,-30.9560939],[-58.7901322,-30.9553933],[-58.7899684,-30.9553071],[-58.7898899,-30.9552726],[-58.7898076,-30.9552499],[-58.789745,-30.9552383],[-58.789702,-30.95522455]]]},"geometry_name":"geom","properties":{"gid":1801,"rtn":"127","typ":40,"rst":1,"hct":1,"fdc":"Dirección Nacional de Vialidad","sag":"IGN"},"bbox":[-58.7951607,-30.9578775,-58.789702,-30.9550497]},{"type":"Feature","id":"vial_nacional.1802","geometry":{"type":"MultiLineString","coordinates":[[[-58.7897714,-30.9550497],[-58.7897741,-30.9550953],[-58.7897624,-30.9551398],[-58.7897372,-30.9551801],[-58.789702,-30.95522455]]]},"geometry_name":"geom","properties":{"gid":1802,"rtn":"127","typ":40,"rst":1,"hct":1,"fdc":"Dirección Nacional de Vialidad","sag":"IGN"},"bbox":[-58.7897741,-30.95522455,-58.789702,-30.9550497]},{"type":"Feature","id":"vial_nacional.1805","geometry":{"type":"MultiLineString","coordinates":[[[-58.7893855,-30.9551138],[-58.7893554,-30.9550604],[-58.7892912,-30.9549769],[-58.7892182,-30.9549171],[-58.7890872,-30.9548325],[-58.7888823,-30.9547142],[-58.788447,-30.9544497],[-58.7882057,-30.9542938],[-58.7880101,-30.9541488],[-58.7879015,-30.9540581],[-58.7877636,-30.9539377],[-58.7875817,-30.9537734],[-58.787441,-30.953618],[-58.7876187,-30.9537625],[-58.7877885,-30.9539115],[-58.78795,-30.9540463],[-58.788054,-30.9541295],[-58.7882286,-30.9542626],[-58.7884535,-30.9544105],[-58.7889095,-30.9546864],[-58.7890449,-30.9547624],[-58.7891221,-30.9548057],[-58.7892033,-30.9548439],[-58.7892925,-30.9548743],[-58.789518,-30.9549204]]]},"geometry_name":"geom","properties":{"gid":1805,"rtn":"127","typ":40,"rst":1,"hct":1,"fdc":"Dirección Nacional de Vialidad","sag":"IGN"},"bbox":[-58.789518,-30.9551138,-58.787441,-30.953618]},{"type":"Feature","id":"vial_nacional.1806","geometry":{"type":"MultiLineString","coordinates":[[[-58.7809386,-30.9470578],[-58.7809845,-30.9472232],[-58.7810076,-30.9472656],[-58.7810348,-30.947309],[-58.7810632,-30.9473423],[-58.7815404,-30.9478226],[-58.7819722,-30.9482629],[-58.7821769,-30.9484904],[-58.7819406,-30.9482869],[-58.7810025,-30.9473526],[-58.7809679,-30.9473231],[-58.7809341,-30.9473013],[-58.780872,-30.9472685],[-58.78079965,-30.94723165]]]},"geometry_name":"geom","properties":{"gid":1806,"rtn":"127","typ":40,"rst":1,"hct":1,"fdc":"Dirección Nacional de Vialidad","sag":"IGN"},"bbox":[-58.7821769,-30.9484904,-58.78079965,-30.9470578]},{"type":"Feature","id":"vial_nacional.1807","geometry":{"type":"MultiLineString","coordinates":[[[-58.7807537,-30.9468975],[-58.7807855,-30.9469007],[-58.7808361,-30.9469161],[-58.7808797,-30.946943],[-58.7809129,-30.9469792],[-58.780933,-30.9470219],[-58.7809386,-30.9470578]]]},"geometry_name":"geom","properties":{"gid":1807,"rtn":"127","typ":40,"rst":1,"hct":1,"fdc":"Dirección Nacional de Vialidad","sag":"IGN"},"bbox":[-58.7809386,-30.9470578,-58.7807537,-30.9468975]},{"type":"Feature","id":"vial_nacional.1808","geometry":{"type":"MultiLineString","coordinates":[[[-58.7805578,-30.9470392],[-58.780524,-30.9469477],[-58.7804959,-30.9468713],[-58.7804735,-30.9468365],[-58.780419,-30.9467691],[-58.7803679,-30.946717],[-58.780043,-30.9463863],[-58.7797791,-30.9461118],[-58.7796468,-30.9459712],[-58.7795724,-30.9458887],[-58.7794659,-30.9457548],[-58.7793785,-30.9456438],[-58.7792308,-30.9454497],[-58.7791097,-30.9452786],[-58.7790199,-30.945139],[-58.7789068,-30.9449633],[-58.7787792,-30.9447553],[-58.7786864,-30.9445919],[-58.7786298,-30.9444914],[-58.7783878,-30.944016],[-58.778263,-30.943759],[-58.7780571,-30.9433052],[-58.7779262,-30.9429786],[-58.7780955,-30.9433126],[-58.7786052,-30.9443561],[-58.7788122,-30.9447331],[-58.7789192,-30.9449051],[-58.7790766,-30.9451519],[-58.7791268,-30.9452296],[-58.7791865,-30.9453052],[-58.7792755,-30.9454077],[-58.7794094,-30.945544],[-58.7795657,-30.9456887],[-58.7796653,-30.9457752],[-58.7797852,-30.9458759],[-58.7798676,-30.9459584],[-58.7799729,-30.9460718],[-58.7800231,-30.946136],[-58.7800668,-30.9461978],[-58.7801102,-30.9462682],[-58.7801524,-30.9463433],[-58.7802099,-30.9464547],[-58.7802589,-30.9465291],[-58.7803126,-30.9465985],[-58.780403,-30.9466934],[-58.7805029,-30.9467811],[-58.7805616,-30.9468208],[-58.7806335,-30.9468597],[-58.7807537,-30.9468975]]]},"geometry_name":"geom","properties":{"gid":1808,"rtn":"127","typ":40,"rst":1,"hct":1,"fdc":"Dirección Nacional de Vialidad","sag":"IGN"},"bbox":[-58.7807537,-30.9470392,-58.7779262,-30.9429786]},{"type":"Feature","id":"vial_nacional.1809","geometry":{"type":"MultiLineString","coordinates":[[[-58.4580855,-30.5827737],[-58.457998,-30.5827238],[-58.4578728,-30.5825852],[-58.4578052,-30.5824732],[-58.4577808,-30.5823659],[-58.4578021,-30.5821708]]]},"geometry_name":"geom","properties":{"gid":1809,"rtn":"127","typ":40,"rst":1,"hct":1,"fdc":"Dirección Nacional de Vialidad","sag":"IGN"},"bbox":[-58.4580855,-30.5827737,-58.4577808,-30.5821708]},{"type":"Feature","id":"vial_nacional.1810","geometry":{"type":"MultiLineString","coordinates":[[[-58.4585382,-30.582573],[-58.4585292,-30.5827642],[-58.4585311,-30.5828716],[-58.4585739,-30.5830983],[-58.4586004,-30.5831687],[-58.4586585,-30.5833226],[-58.4585182,-30.5831132],[-58.4584044,-30.5829944],[-58.4582905,-30.5829082],[-58.4580855,-30.5827737]]]},"geometry_name":"geom","properties":{"gid":1810,"rtn":"127","typ":40,"rst":1,"hct":1,"fdc":"Dirección Nacional de Vialidad","sag":"IGN"},"bbox":[-58.4586585,-30.5833226,-58.4580855,-30.582573]},{"type":"Feature","id":"vial_nacional.1811","geometry":{"type":"MultiLineString","coordinates":[[[-58.4585382,-30.582573],[-58.4584957,-30.5826705],[-58.4584112,-30.5827482],[-58.4583032,-30.582792],[-58.4581843,-30.5827985],[-58.4580855,-30.5827737]]]},"geometry_name":"geom","properties":{"gid":1811,"rtn":"127","typ":40,"rst":1,"hct":1,"fdc":"Dirección Nacional de Vialidad","sag":"IGN"},"bbox":[-58.4585382,-30.5827985,-58.4580855,-30.582573]},{"type":"Feature","id":"vial_nacional.1812","geometry":{"type":"MultiLineString","coordinates":[[[-58.4578021,-30.5821708],[-58.4578796,-30.5820307],[-58.4579589,-30.5819558],[-58.4580707,-30.5819251],[-58.4581581,-30.5819191],[-58.4582834,-30.5819271]]]},"geometry_name":"geom","properties":{"gid":1812,"rtn":"127","typ":40,"rst":1,"hct":1,"fdc":"Dirección Nacional de Vialidad","sag":"IGN"},"bbox":[-58.4582834,-30.5821708,-58.4578021,-30.5819191]},{"type":"Feature","id":"vial_nacional.1813","geometry":{"type":"MultiLineString","coordinates":[[[-58.4578021,-30.5821708],[-58.4578162,-30.5818783],[-58.4578091,-30.581659],[-58.4577667,-30.5814091],[-58.4578941,-30.5816224],[-58.4579785,-30.581709],[-58.4581277,-30.5818235],[-58.4582834,-30.5819271]]]},"geometry_name":"geom","properties":{"gid":1813,"rtn":"127","typ":40,"rst":1,"hct":1,"fdc":"Dirección Nacional de Vialidad","sag":"IGN"},"bbox":[-58.4582834,-30.5821708,-58.4577667,-30.5814091]},{"type":"Feature","id":"vial_nacional.1814","geometry":{"type":"MultiLineString","coordinates":[[[-58.4582834,-30.5819271],[-58.4583659,-30.581969],[-58.4584786,-30.582056],[-58.4585352,-30.5821326],[-58.4585594,-30.5821952],[-58.4585844,-30.5823067],[-58.4585878,-30.5823902],[-58.4585382,-30.582573]]]},"geometry_name":"geom","properties":{"gid":1814,"rtn":"127","typ":40,"rst":1,"hct":1,"fdc":"Dirección Nacional de Vialidad","sag":"IGN"},"bbox":[-58.4585878,-30.582573,-58.4582834,-30.5819271]},{"type":"Feature","id":"vial_nacional.1822","geometry":{"type":"MultiLineString","coordinates":[[[-58.23475,-32.2600141],[-58.2347337,-32.2599696],[-58.234729,-32.2599193],[-58.2347384,-32.2598679],[-58.2347582,-32.2598285],[-58.2347909,-32.259787],[-58.2348341,-32.2597544],[-58.234882,-32.2597327]]]},"geometry_name":"geom","properties":{"gid":1822,"rtn":"135","typ":40,"rst":1,"hct":1,"fdc":"Dirección Nacional de Vialidad","sag":"IGN"},"bbox":[-58.234882,-32.2600141,-58.234729,-32.2597327]},{"type":"Feature","id":"vial_nacional.1826","geometry":{"type":"MultiLineString","coordinates":[[[-58.80075222,-33.49986532],[-58.8007698,-33.4998229],[-58.8008324,-33.4996365],[-58.8008778,-33.499467],[-58.8009139,-33.4993107],[-58.8009426,-33.4991554],[-58.8009647,-33.4989967],[-58.8009829,-33.4987933],[-58.8009996,-33.4985655],[-58.8010105,-33.4983571],[-58.8010136,-33.4978211],[-58.80101,-33.4974663],[-58.8010141,-33.4957788],[-58.8010652,-33.4936768],[-58.8012099,-33.4918837],[-58.8012768,-33.490875],[-58.801287,-33.4906437],[-58.8023189,-33.4672208],[-58.8027359,-33.4573548],[-58.8027646,-33.4566565],[-58.8028082,-33.4556339],[-58.8028318,-33.4550134],[-58.8028353,-33.4549218],[-58.8028742,-33.4540233],[-58.8028757,-33.4537772],[-58.8028719,-33.4535412],[-58.802859,-33.4532839],[-58.802833,-33.4530111],[-58.8028091,-33.4527682],[-58.8027925,-33.4526448],[-58.8027775,-33.4525279],[-58.8027539,-33.4523575],[-58.8027241,-33.4521923],[-58.8026983,-33.4520495],[-58.8026675,-33.4519056],[-58.8026336,-33.4517592],[-58.8025904,-33.4515769],[-58.802536,-33.4513653],[-58.8024786,-33.4511624],[-58.8024135,-33.4509556],[-58.8023361,-33.4507334],[-58.8022424,-33.4504803],[-58.8021703,-33.4503096],[-58.8020921,-33.4501221],[-58.8020118,-33.4499443],[-58.8018881,-33.4496787],[-58.8017575,-33.4494229],[-58.8015914,-33.4491232],[-58.8007963,-33.4478298],[-58.7998631,-33.4463232],[-58.7997602,-33.4461655],[-58.7996466,-33.4460049],[-58.7995643,-33.4458871],[-58.7994728,-33.4457653],[-58.7993432,-33.4456008],[-58.7992363,-33.445469],[-58.7991292,-33.4453442],[-58.7989968,-33.44519],[-58.7989094,-33.4450936],[-58.7988056,-33.4449835],[-58.7987,-33.444877],[-58.7985873,-33.444766],[-58.7984715,-33.4446539],[-58.7983531,-33.4445396],[-58.7974759,-33.4437267],[-58.7959112,-33.442286],[-58.7893169,-33.4362301],[-58.7868338,-33.4339017],[-58.7841515,-33.4316432],[-58.7807742,-33.4288891],[-58.7796111,-33.4279512],[-58.7784012,-33.4270192],[-58.7760504,-33.4251861],[-58.7716024,-33.422395],[-58.7694171,-33.4210132],[-58.7672097,-33.4196958],[-58.7559565,-33.4136683],[-58.7535672,-33.4122769],[-58.7522614,-33.4111869],[-58.7511235,-33.409778],[-58.7506028,-33.4089109],[-58.7501794,-33.4080145],[-58.7497218,-33.4067274],[-58.7487611,-33.4039684],[-58.747677,-33.4007575],[-58.747189,-33.399004],[-58.7465547,-33.3964923],[-58.7461561,-33.3952804],[-58.7457061,-33.3941586],[-58.7447867,-33.3920411],[-58.7436314,-33.3892658],[-58.7429049,-33.3873696],[-58.7416691,-33.3842655],[-58.7414612,-33.3837656],[-58.7367066,-33.3739656],[-58.7271933,-33.3545293],[-58.7172633,-33.334216],[-58.7165243,-33.3327393],[-58.7122671,-33.3241137],[-58.7115058,-33.3221655],[-58.7111727,-33.3206547],[-58.7110299,-33.3191438],[-58.7113164,-33.3041219],[-58.7113842,-33.2965812],[-58.7113825,-33.2958402],[-58.711363,-33.2873696],[-58.7113229,-33.28321],[-58.7112033,-33.2707877],[-58.7113605,-33.2527393],[-58.7113667,-33.2517725],[-58.7113132,-33.2509734],[-58.7110802,-33.2497205],[-58.7108517,-33.249034],[-58.7106143,-33.2484981],[-58.710076,-33.2474912],[-58.7094261,-33.2464736],[-58.7073042,-33.2438297],[-58.7050741,-33.2411469],[-58.6992153,-33.2340985],[-58.6867981,-33.2192588],[-58.6841921,-33.2160542],[-58.6833571,-33.2148835],[-58.6824016,-33.2133565],[-58.6819132,-33.2124082],[-58.6815476,-33.2115389],[-58.6812047,-33.2105365],[-58.6807697,-33.2089616],[-58.6802359,-33.2064133],[-58.6746849,-33.179972],[-58.6743144,-33.1781997],[-58.6733941,-33.1738662],[-58.6733674,-33.1737404],[-58.6731043,-33.1725012],[-58.672794,-33.1711947],[-58.6724933,-33.1700493],[-58.6720454,-33.1687779],[-58.6697241,-33.163143],[-58.6648572,-33.1514023],[-58.663856,-33.1489766],[-58.6636459,-33.1484708],[-58.662579,-33.1459984],[-58.661814,-33.1441161],[-58.6608371,-33.1421892],[-58.6601091,-33.140618],[-58.6558519,-33.130219],[-58.6511092,-33.1187924],[-58.6492704,-33.1143653],[-58.6450904,-33.104295],[-58.6441656,-33.1020575],[-58.6439045,-33.1014257],[-58.6427558,-33.0986465],[-58.6423431,-33.0976479],[-58.6414188,-33.0955994],[-58.6308936,-33.070037],[-58.630841,-33.0699135],[-58.6303672,-33.0688002],[-58.6302486,-33.0686315],[-58.6298054,-33.0675645],[-58.6287471,-33.0650169],[-58.6286181,-33.0647065],[-58.6281554,-33.063592],[-58.6275284,-33.0621091],[-58.6263926,-33.059331],[-58.624441,-33.0545844],[-58.6240706,-33.0536857],[-58.6238529,-33.0531575],[-58.6230716,-33.0513296],[-58.6224194,-33.0498348],[-58.6208596,-33.0459746],[-58.6194612,-33.0426921],[-58.6187368,-33.0408632],[-58.6186693,-33.0406987],[-58.6175118,-33.0378768],[-58.6165453,-33.0355721],[-58.6157679,-33.0336563],[-58.6148517,-33.0314709],[-58.6091026,-33.0176111],[-58.6085723,-33.0163361],[-58.6084065,-33.0159583],[-58.6083053,-33.0157128],[-58.6082073,-33.0154776],[-58.6081329,-33.0152858],[-58.6080615,-33.0150888],[-58.6080113,-33.0149634],[-58.6071602,-33.01283],[-58.6070431,-33.0125511],[-58.6060863,-33.0103122],[-58.6052167,-33.0082351],[-58.6044262,-33.0063899],[-58.6035658,-33.0045671],[-58.6014158,-32.9994823],[-58.5992878,-32.9943218],[-58.5975238,-32.9898656],[-58.5958387,-32.9855696],[-58.5942261,-32.9816379],[-58.5932076,-32.9790071],[-58.5931028,-32.9787487],[-58.5928526,-32.9781315],[-58.5925446,-32.9773386],[-58.5908707,-32.9730298],[-58.5907197,-32.9726604],[-58.5901218,-32.9711768],[-58.589967,-32.9708155],[-58.5898052,-32.9704543],[-58.5896291,-32.97009],[-58.5894531,-32.9697317],[-58.5893313,-32.9694946],[-58.5892059,-32.9692514],[-58.588941,-32.9687741],[-58.5875484,-32.966314],[-58.5861127,-32.963835],[-58.5847156,-32.9613326],[-58.5845245,-32.9609867],[-58.5841022,-32.9601642],[-58.5839023,-32.9597567],[-58.5837426,-32.9594135],[-58.5836027,-32.9590872],[-58.5834411,-32.9587012],[-58.5825173,-32.9564039],[-58.5818082,-32.9546093],[-58.5790827,-32.94798],[-58.5772624,-32.9436203],[-58.5764557,-32.9418639],[-58.575205,-32.9391405],[-58.5710871,-32.9302976],[-58.569271,-32.9264261],[-58.5657636,-32.9188968],[-58.5647383,-32.9169755],[-58.5636565,-32.9154315],[-58.5624253,-32.9138669],[-58.5570535,-32.9070895],[-58.5553679,-32.9049396],[-58.5545136,-32.9037755],[-58.554169,-32.9032463],[-58.5540432,-32.9030462],[-58.5539448,-32.9028697],[-58.5538518,-32.9026887],[-58.5537841,-32.902546],[-58.5537455,-32.9024629],[-58.5537074,-32.9023707],[-58.5536707,-32.9022773],[-58.5536209,-32.9021485],[-58.5535818,-32.9020441],[-58.5535459,-32.9019402],[-58.5535167,-32.9018544],[-58.5534814,-32.9017452],[-58.5534457,-32.9016281],[-58.5534211,-32.9015436],[-58.5533846,-32.9014074],[-58.5533451,-32.901261],[-58.5528988,-32.8994652],[-58.5520551,-32.8960475],[-58.5515501,-32.8942286],[-58.5506635,-32.8904151],[-58.5498528,-32.8872412],[-58.5492918,-32.8848506],[-58.5489323,-32.8834392],[-58.5484582,-32.8816579],[-58.5479131,-32.8794716],[-58.5474249,-32.87803],[-58.5461589,-32.8744604],[-58.5453382,-32.8722032],[-58.5450807,-32.8715139],[-58.5442599,-32.8692431],[-58.5431763,-32.8662706],[-58.542141,-32.8634004],[-58.5411325,-32.8605977],[-58.5405313,-32.8589511],[-58.5399952,-32.8574826],[-58.5389062,-32.8545683],[-58.537887,-32.8516333],[-58.5371673,-32.8497497],[-58.5362782,-32.8477867],[-58.5356617,-32.8464788],[-58.5351421,-32.8452616],[-58.5348982,-32.8445831],[-58.5345976,-32.8437471],[-58.5342448,-32.8427977],[-58.5339022,-32.8417462],[-58.5332137,-32.8391624],[-58.5329338,-32.8380635],[-58.5324582,-32.8365815],[-58.5312834,-32.8333903],[-58.5301623,-32.8303974],[-58.5300191,-32.829983],[-58.5292342,-32.8276837],[-58.5275043,-32.8230486],[-58.5272014,-32.822317],[-58.526441,-32.8208031],[-58.526027,-32.8199885],[-58.5253849,-32.8182863],[-58.5251871,-32.8177473],[-58.5249563,-32.8171185],[-58.5247788,-32.8166349],[-58.5244792,-32.8157442],[-58.5241737,-32.8146693],[-58.5236867,-32.812585],[-58.5232621,-32.8113213],[-58.5192765,-32.8003375],[-58.5190077,-32.7995978],[-58.5181398,-32.7978007],[-58.5178372,-32.7972168],[-58.5175444,-32.7965093],[-58.5170273,-32.795098],[-58.5167411,-32.7942976],[-58.5164418,-32.7934606],[-58.5160002,-32.792209],[-58.5156032,-32.7908672],[-58.5151387,-32.7891916],[-58.5147727,-32.78818],[-58.5141153,-32.7868563],[-58.5136325,-32.7860547],[-58.5129871,-32.7851349],[-58.5069864,-32.7781708],[-58.4994159,-32.7691424],[-58.4978868,-32.767346],[-58.4833333,-32.7503182],[-58.4825414,-32.7494946],[-58.4818878,-32.7489038],[-58.4804508,-32.7475716],[-58.4793528,-32.7463212],[-58.4786046,-32.7454257],[-58.4780407,-32.7447507],[-58.4768101,-32.7432386],[-58.4755631,-32.7414079],[-58.4750932,-32.7407822],[-58.4670404,-32.7313156],[-58.4666163,-32.7307071],[-58.4660302,-32.7296789],[-58.4655188,-32.7284723],[-58.4465669,-32.6797893],[-58.4460355,-32.6786059],[-58.4449421,-32.6765866],[-58.4443747,-32.675228],[-58.4440304,-32.6743303],[-58.4436723,-32.6733964],[-58.4432194,-32.6721161],[-58.4426072,-32.6696835],[-58.4422633,-32.6687798],[-58.4419605,-32.6679755],[-58.4417308,-32.6672737],[-58.4416362,-32.667024],[-58.4411156,-32.665711],[-58.4406999,-32.6651676],[-58.4404694,-32.6649078],[-58.4402743,-32.6645467],[-58.4402176,-32.6642267],[-58.4402062,-32.6638827],[-58.440154,-32.6634495],[-58.4399963,-32.6629561],[-58.4397532,-32.6623631],[-58.439579,-32.6619376],[-58.4393368,-32.6613111],[-58.4383043,-32.6586404],[-58.4364629,-32.6540765],[-58.4346279,-32.6492131],[-58.4345823,-32.6490782],[-58.4342015,-32.6479509],[-58.4338526,-32.6467214],[-58.4334622,-32.6455555],[-58.4332215,-32.6449379],[-58.4330182,-32.644421],[-58.4314714,-32.6409564],[-58.4306458,-32.6390043],[-58.4299946,-32.6374727],[-58.429469,-32.6362321],[-58.4268837,-32.631031],[-58.4262391,-32.6299163],[-58.4252888,-32.6285542],[-58.4246972,-32.6275965],[-58.4243958,-32.6270351],[-58.4241432,-32.6265626],[-58.4237903,-32.6258146],[-58.4236758,-32.6255844],[-58.42354,-32.6253112],[-58.4233466,-32.6249086],[-58.4228034,-32.6234828],[-58.4224745,-32.6225901],[-58.4221821,-32.6219206],[-58.4204586,-32.6185643],[-58.4189018,-32.6155327],[-58.4170743,-32.6119846],[-58.4141777,-32.6062734],[-58.4128373,-32.6037162],[-58.4123061,-32.6027716],[-58.4113817,-32.6012084],[-58.4099654,-32.5990915],[-58.4086862,-32.5974211],[-58.4073247,-32.5957968],[-58.4056983,-32.5940954],[-58.4037246,-32.5922016],[-58.3981142,-32.5872822],[-58.3943944,-32.5839979],[-58.3939285,-32.5835946],[-58.3936821,-32.5833964],[-58.3934277,-32.5831981],[-58.3930418,-32.5829099],[-58.3928475,-32.5827659],[-58.3926478,-32.582624],[-58.3922746,-32.5823653],[-58.3918934,-32.5821065],[-58.3915024,-32.5818313],[-58.3913129,-32.5816949],[-58.3911262,-32.5815539],[-58.3907546,-32.5812527],[-58.3903804,-32.5809493],[-58.3901683,-32.580768],[-58.3895151,-32.5802095],[-58.3891393,-32.5798787],[-58.3888069,-32.5795824],[-58.3873869,-32.5780661],[-58.3861808,-32.5768418],[-58.3836132,-32.5745473],[-58.3780538,-32.5696189],[-58.3679691,-32.5607675],[-58.3675705,-32.5604242],[-58.3666488,-32.5596144],[-58.3639228,-32.5572115],[-58.3611655,-32.5547821],[-58.3593456,-32.5531691],[-58.356987,-32.5510919],[-58.3562334,-32.5504185],[-58.3552558,-32.5495894],[-58.3527123,-32.5471602],[-58.3498049,-32.5443487],[-58.3494912,-32.5440416],[-58.3492017,-32.5437401],[-58.3485992,-32.5431012],[-58.3483395,-32.5428374],[-58.3481586,-32.5426346],[-58.3476072,-32.5420442],[-58.346956,-32.5413971],[-58.3464846,-32.5409235],[-58.3461179,-32.5405624],[-58.3457496,-32.540217],[-58.3455747,-32.5400425],[-58.3450838,-32.5395931],[-58.3446524,-32.5391922],[-58.3444056,-32.5389718],[-58.344146,-32.5387406],[-58.3436374,-32.5382976],[-58.3433553,-32.5380469],[-58.3430748,-32.5377919],[-58.3427994,-32.5375455],[-58.3425155,-32.5372976],[-58.3421252,-32.5369415],[-58.3415017,-32.5363603],[-58.339917,-32.5347988],[-58.3390297,-32.5339982],[-58.3349726,-32.5302602],[-58.3292757,-32.524956],[-58.3285754,-32.5242037],[-58.3279458,-32.5234514],[-58.3268471,-32.5218841],[-58.3248469,-32.5189365],[-58.3224153,-32.5153211],[-58.3217482,-32.5142912],[-58.3213934,-32.5136927],[-58.3209891,-32.5129987],[-58.320774,-32.5125804],[-58.3197871,-32.5104544],[-58.3188938,-32.5084317],[-58.318497,-32.5075142],[-58.3182266,-32.5068966],[-58.318133,-32.5066776],[-58.3180244,-32.5064478],[-58.3179031,-32.5061893],[-58.3176497,-32.5056776],[-58.317473,-32.5053203],[-58.3172985,-32.5049738],[-58.3170813,-32.5046004],[-58.3169046,-32.5043077],[-58.3166853,-32.5039612],[-58.3164767,-32.5036057],[-58.3162681,-32.5032394],[-58.3160914,-32.5028965],[-58.3159615,-32.502638],[-58.3158861,-32.502452],[-58.3158151,-32.5022914],[-58.3157475,-32.5021589],[-58.3156563,-32.5019323],[-58.3155667,-32.5016901],[-58.3154704,-32.5014193],[-58.3153944,-32.5011927],[-58.3153183,-32.500959],[-58.3152457,-32.5007339],[-58.3151983,-32.5005557],[-58.3151814,-32.5004702],[-58.3151568,-32.500347],[-58.3150972,-32.5001262],[-58.315061,-32.4999861],[-58.3150248,-32.4998317],[-58.3149886,-32.4997258],[-58.3149603,-32.499621],[-58.3149281,-32.4995238],[-58.3148906,-32.4994152],[-58.314794,-32.4991957],[-58.3147028,-32.4990193],[-58.3127649,-32.4945695],[-58.3123384,-32.4935729],[-58.3115727,-32.4916262],[-58.3114493,-32.4913366],[-58.3112535,-32.4908909],[-58.3110949,-32.4905181],[-58.3097559,-32.4874727],[-58.3095852,-32.4871278],[-58.3094913,-32.4868764],[-58.3091757,-32.4861895],[-58.3080273,-32.4835845],[-58.3074233,-32.4822301],[-58.3067715,-32.4807504],[-58.3059669,-32.4788972],[-58.3052969,-32.4774151],[-58.3051362,-32.4770532],[-58.3049921,-32.476748],[-58.3046445,-32.4759376],[-58.3042549,-32.4750238],[-58.3040793,-32.4746617],[-58.3032649,-32.4728362],[-58.3027919,-32.471762],[-58.3018214,-32.4695578],[-58.2985512,-32.4622066],[-58.2976767,-32.4602214],[-58.2957896,-32.455937],[-58.2936909,-32.4512488],[-58.2931185,-32.4499226],[-58.2926591,-32.4488582],[-58.2912321,-32.4456479],[-58.2908747,-32.4449271],[-58.2905408,-32.4444673],[-58.2901794,-32.4440708],[-58.2899795,-32.4438516],[-58.2897157,-32.4435018],[-58.2894975,-32.4430867],[-58.2893816,-32.4426996],[-58.2892983,-32.4423192],[-58.2892623,-32.4420773],[-58.2892092,-32.441343],[-58.2890918,-32.4408384],[-58.2889297,-32.4404095],[-58.2876589,-32.437556],[-58.2856395,-32.4329837],[-58.28443,-32.430245],[-58.2843343,-32.4300279],[-58.2839226,-32.429094],[-58.2836087,-32.428067],[-58.2833671,-32.4272105],[-58.2831025,-32.4261664],[-58.2825128,-32.4236544],[-58.2803401,-32.4143291],[-58.2801621,-32.4135706],[-58.2787189,-32.4077032],[-58.2785241,-32.4070674],[-58.2784005,-32.4066618],[-58.2783154,-32.406276],[-58.2782836,-32.4060909],[-58.2782052,-32.4056336],[-58.2780983,-32.4048197],[-58.2780712,-32.4042696],[-58.2780553,-32.4039482],[-58.2781003,-32.4026879],[-58.2781561,-32.4022358],[-58.2783204,-32.4009977],[-58.2783983,-32.4002805],[-58.2784381,-32.3989801],[-58.2785338,-32.3935788],[-58.2785413,-32.393152],[-58.2785523,-32.3917555],[-58.2785642,-32.3901509],[-58.2785457,-32.3898511],[-58.278507,-32.3894625],[-58.2779291,-32.3847018],[-58.2776954,-32.3827817],[-58.2772304,-32.3789603],[-58.2768765,-32.3758396],[-58.2763686,-32.3712195],[-58.2762011,-32.3704228],[-58.2759263,-32.3694903],[-58.275567,-32.3685226],[-58.2752988,-32.3679187],[-58.2749448,-32.3672241],[-58.274199,-32.3658636],[-58.2735599,-32.3647018],[-58.2712144,-32.3605479],[-58.2709562,-32.3601293],[-58.2706336,-32.3596473],[-58.269079,-32.3574632],[-58.268981,-32.3572859],[-58.2687388,-32.3568482],[-58.2682835,-32.3560253],[-58.2680286,-32.3555646],[-58.2679386,-32.3554018],[-58.2666921,-32.3525845],[-58.2662242,-32.351632],[-58.2650435,-32.3494515],[-58.2645915,-32.3485553],[-58.2641851,-32.3476294],[-58.2637644,-32.3465271],[-58.2634312,-32.3455439],[-58.2618664,-32.3394406],[-58.261678,-32.3386539],[-58.2614356,-32.3377605],[-58.2612218,-32.3371395],[-58.2608685,-32.3362828],[-58.2604121,-32.33525],[-58.2600015,-32.3340214],[-58.2598413,-32.3333654],[-58.2596382,-32.3325164],[-58.2594647,-32.3317278],[-58.2593765,-32.3311693],[-58.2592882,-32.330493],[-58.2589846,-32.3285159],[-58.2588911,-32.3279936],[-58.2569581,-32.3204924],[-58.2555707,-32.3149769],[-58.2549016,-32.3122855],[-58.2545097,-32.3107277],[-58.2542146,-32.3097318],[-58.2538812,-32.3087212],[-58.2536592,-32.3081998],[-58.2533905,-32.3076548],[-58.253049,-32.3070256],[-58.2527169,-32.3064516],[-58.2511389,-32.3042637],[-58.250687,-32.3036635],[-58.2503986,-32.3032772],[-58.2496615,-32.3023092],[-58.2490282,-32.301381],[-58.2480091,-32.299345],[-58.2477299,-32.2986582],[-58.2474772,-32.2978476],[-58.2472689,-32.2970309],[-58.2464464,-32.2936825],[-58.2448431,-32.2872781],[-58.2440406,-32.2840186],[-58.2428665,-32.2793046],[-58.2421332,-32.27636],[-58.2409537,-32.2715999],[-58.2403511,-32.2691677],[-58.2400599,-32.2679968],[-58.2394561,-32.2655322],[-58.2386857,-32.2624939],[-58.2385725,-32.2620001],[-58.2384604,-32.2615833],[-58.2383425,-32.2611645],[-58.2382176,-32.2607457],[-58.2380906,-32.26035133],[-58.2380496,-32.260224],[-58.2379073,-32.2597455],[-58.2377696,-32.2592689],[-58.2374732,-32.2581526],[-58.2374235,-32.2579506],[-58.2370546,-32.255947],[-58.2368471,-32.2544978],[-58.2367142,-32.2531152],[-58.2363818,-32.2499327],[-58.2361156,-32.247384],[-58.2358893,-32.2452175],[-58.2354193,-32.2404638],[-58.2347954,-32.2341539],[-58.2344669,-32.2310372],[-58.234461,-32.2306369],[-58.2344572,-32.2305454],[-58.2344891,-32.2296049],[-58.2345617,-32.2289689],[-58.2346755,-32.2283181],[-58.2348104,-32.2277086],[-58.2349673,-32.2271501],[-58.235151,-32.2265871],[-58.2374549,-32.2211939],[-58.237846,-32.2203193],[-58.2381444,-32.2196404],[-58.2382704,-32.2193539],[-58.2383965,-32.2190674],[-58.2386766,-32.2184312],[-58.2420605,-32.2107266],[-58.2432602,-32.2080203],[-58.2441402,-32.2060463],[-58.2442147,-32.2058838],[-58.2442924,-32.2057059],[-58.2443907,-32.2054859],[-58.2444431,-32.2053555],[-58.2445012,-32.2052126],[-58.2445603,-32.2050584],[-58.244636,-32.2048582],[-58.244733,-32.2045807],[-58.244835,-32.204242],[-58.2448967,-32.2040005],[-58.2449266,-32.2038806],[-58.2449523,-32.2037607],[-58.2449968,-32.2035192],[-58.2450151,-32.2033987],[-58.2450357,-32.2032782],[-58.245057,-32.2031083],[-58.245076,-32.2029404],[-58.2450915,-32.2027646],[-58.2451,-32.2025947],[-58.2451125,-32.2024203],[-58.245117,-32.2023125],[-58.2451189,-32.2022059],[-58.2451159,-32.201987],[-58.2451091,-32.2017384],[-58.2451016,-32.2015478],[-58.2450876,-32.2013583],[-58.2449873,-32.2007223],[-58.2447849,-32.1998682],[-58.2447274,-32.199672],[-58.2446593,-32.1994758],[-58.2445256,-32.1991424],[-58.2444299,-32.1989159],[-58.2442948,-32.1986219],[-58.2428613,-32.1958565],[-58.242431,-32.1950263],[-58.2393863,-32.1891359],[-58.2364294,-32.1833677],[-58.2362441,-32.1829925],[-58.2353858,-32.1813143],[-58.2353032,-32.1811439],[-58.2352233,-32.1809689],[-58.2351489,-32.1808039],[-58.2350798,-32.180632],[-58.2350141,-32.1804568],[-58.2349511,-32.1802759],[-58.2348915,-32.1800746],[-58.2348372,-32.179871],[-58.2347869,-32.1796698],[-58.2347394,-32.1794662],[-58.2346931,-32.1792309],[-58.2346539,-32.1789691],[-58.2346214,-32.1787027],[-58.234597,-32.1784452],[-58.2345813,-32.1781342],[-58.234575,-32.1779525],[-58.234574,-32.1777342],[-58.2345802,-32.1775059],[-58.2345967,-32.177226],[-58.2346184,-32.1770043],[-58.2346364,-32.1768747],[-58.2346508,-32.1767713],[-58.2347309,-32.1763452],[-58.2348417,-32.1758487],[-58.2349769,-32.1752372],[-58.2350227,-32.1750221],[-58.2350609,-32.1748659],[-58.2351131,-32.1746757],[-58.2352143,-32.1743424],[-58.2352687,-32.1741453],[-58.2353192,-32.1739778],[-58.2353696,-32.1737995],[-58.2354261,-32.1736211],[-58.2354842,-32.1734533],[-58.2355484,-32.1732645],[-58.2356464,-32.1730022],[-58.2357326,-32.172785],[-58.2358107,-32.1725858],[-58.2361113,-32.1719191],[-58.2362436,-32.1716356],[-58.2363955,-32.1713101],[-58.2370971,-32.169982],[-58.2374728,-32.1692981],[-58.2376622,-32.1689588],[-58.2377461,-32.1687943],[-58.2378331,-32.1686194],[-58.2381241,-32.1680255],[-58.2383873,-32.1674225],[-58.2386741,-32.1667575],[-58.2396681,-32.1642978],[-58.2398704,-32.1635724],[-58.2399527,-32.1630814],[-58.2400034,-32.1625666],[-58.2400236,-32.161963],[-58.240025,-32.1618227],[-58.2400251,-32.1617214],[-58.2400132,-32.1615423],[-58.2399991,-32.1613598],[-58.2399296,-32.160769],[-58.2397443,-32.1588645],[-58.2396551,-32.1578084],[-58.2394534,-32.1558411],[-58.2392558,-32.1538492],[-58.2388242,-32.149189],[-58.2388096,-32.1473565],[-58.2388947,-32.1462623],[-58.2390097,-32.1452373],[-58.2392999,-32.1423746],[-58.2393204,-32.1418137],[-58.2393285,-32.1411172],[-58.2392889,-32.1393745],[-58.2393335,-32.1386688],[-58.2393476,-32.1385179],[-58.239494,-32.1370706],[-58.2395379,-32.1367035],[-58.2401653,-32.1337653],[-58.2403627,-32.1326584],[-58.2412432,-32.1243743],[-58.2418655,-32.1184317],[-58.2422837,-32.114969],[-58.2423661,-32.1143722],[-58.2425806,-32.1133549],[-58.2428723,-32.1121186],[-58.2433767,-32.1103794],[-58.2447978,-32.1046902],[-58.2450412,-32.1038554],[-58.2451485,-32.1031691],[-58.2451364,-32.1025006],[-58.2450921,-32.1020691],[-58.2450885,-32.1016919],[-58.2451216,-32.1013231],[-58.2451859,-32.1010846],[-58.2453304,-32.1007116],[-58.2455452,-32.1002676],[-58.2460779,-32.099362],[-58.2465529,-32.0981248],[-58.2466022,-32.0978929],[-58.2475893,-32.09388],[-58.2496372,-32.085663],[-58.2506845,-32.0814555],[-58.2511745,-32.0801899],[-58.2519568,-32.0786895],[-58.253493,-32.0758852],[-58.2535917,-32.0757112],[-58.2547586,-32.0735073],[-58.2552334,-32.0724123],[-58.2553449,-32.0721061],[-58.2559182,-32.0706287],[-58.256514,-32.0695316],[-58.2566082,-32.0693573],[-58.2570179,-32.0685988],[-58.2572488,-32.0681714],[-58.2576653,-32.0674003],[-58.2577589,-32.0672057],[-58.2591928,-32.0649494],[-58.2609827,-32.0620666],[-58.2613645,-32.0613764],[-58.2620747,-32.0600782],[-58.2659709,-32.0528853],[-58.2677172,-32.0497527],[-58.2705416,-32.0443381],[-58.2712644,-32.0424088],[-58.2719375,-32.0411008],[-58.2720098,-32.0409741],[-58.2724666,-32.0401771],[-58.272658,-32.0398405],[-58.2732469,-32.038805],[-58.2756258,-32.0350345],[-58.2794156,-32.0281213],[-58.2824579,-32.0225712],[-58.2839554,-32.0197823],[-58.2865995,-32.0149923],[-58.2872536,-32.0136976],[-58.2882642,-32.0119248],[-58.2896477,-32.0093247],[-58.2908947,-32.0063034],[-58.2912854,-32.005628],[-58.2917793,-32.0047301],[-58.2918234,-32.0046468],[-58.2924003,-32.0035571],[-58.2952818,-31.9991129],[-58.3006004,-31.9892344],[-58.3025587,-31.98569],[-58.3028755,-31.9851161],[-58.3042559,-31.9825539],[-58.3048718,-31.9811298],[-58.3049994,-31.980796],[-58.3051273,-31.9803554],[-58.3053436,-31.9794513],[-58.3055002,-31.9784989],[-58.3055459,-31.9776694],[-58.3055498,-31.976865],[-58.3048756,-31.9707712],[-58.3048091,-31.9701547],[-58.3042611,-31.9655367],[-58.3041283,-31.9648441],[-58.3039864,-31.9641401],[-58.3033896,-31.961531],[-58.3033346,-31.9608378],[-58.303167,-31.9591567],[-58.3030831,-31.9584319],[-58.3030359,-31.9576512],[-58.3030339,-31.9568773],[-58.3032845,-31.9553977],[-58.3036768,-31.9539316],[-58.3043289,-31.9523807],[-58.3073899,-31.9451193],[-58.3087409,-31.9419261],[-58.3130523,-31.9317348],[-58.3163994,-31.924112],[-58.3199697,-31.915727],[-58.3201159,-31.9153432],[-58.320281,-31.914886],[-58.3204355,-31.9144043],[-58.3205626,-31.9139938],[-58.3206928,-31.913496],[-58.3208195,-31.9130428],[-58.3210156,-31.9124612],[-58.3212173,-31.9118868],[-58.3213729,-31.9114804],[-58.3216007,-31.9109986],[-58.32205,-31.9099311],[-58.3225125,-31.9088436],[-58.3227241,-31.9083367],[-58.3230883,-31.9075625],[-58.3234944,-31.9067759],[-58.323828,-31.9061736],[-58.3242464,-31.9054529],[-58.3244959,-31.9049876],[-58.3248032,-31.9043387],[-58.3251899,-31.9034175],[-58.3254242,-31.9028328],[-58.3258241,-31.9014284],[-58.3260711,-31.9001598],[-58.3262479,-31.8987122],[-58.3262806,-31.8972336],[-58.3261528,-31.8955963],[-58.3256071,-31.889913],[-58.3254012,-31.886446],[-58.3253311,-31.8858485],[-58.3252884,-31.8853242],[-58.3252206,-31.884209],[-58.3251861,-31.8836437],[-58.3244534,-31.8754026],[-58.3243688,-31.8741622],[-58.3242487,-31.8724471],[-58.324026,-31.8697423],[-58.3240114,-31.8694539],[-58.3239786,-31.8690544],[-58.3236372,-31.8648822],[-58.3234761,-31.8627513],[-58.3233667,-31.8613643],[-58.3232711,-31.8602214],[-58.3228129,-31.8545673],[-58.3227889,-31.8542695],[-58.3227225,-31.8535294],[-58.3226503,-31.8529752],[-58.3226024,-31.8527188],[-58.3224569,-31.8520624],[-58.3223114,-31.8513426],[-58.3215873,-31.8481969],[-58.3203373,-31.8428684],[-58.3202628,-31.8425513],[-58.3187098,-31.8359722],[-58.3185231,-31.8352059],[-58.3164732,-31.8266734],[-58.316376,-31.8262857],[-58.3162393,-31.8257826],[-58.3160064,-31.8250923],[-58.3153011,-31.8232059],[-58.3151202,-31.8225772],[-58.3149131,-31.8217756],[-58.3146982,-31.8208631],[-58.3145968,-31.8204566],[-58.3143984,-31.8195226],[-58.3141356,-31.818409],[-58.3140629,-31.8179847],[-58.3138621,-31.8164119],[-58.3137407,-31.8154084],[-58.3136717,-31.8149887],[-58.3129931,-31.8120636],[-58.3126062,-31.8104535],[-58.3125038,-31.8098828],[-58.3124008,-31.8092773],[-58.3123566,-31.8085323],[-58.3123374,-31.807771],[-58.3124033,-31.8066714],[-58.3124903,-31.8060812],[-58.3126212,-31.8054162],[-58.312712,-31.805013],[-58.3128422,-31.8045719],[-58.3130587,-31.803941],[-58.3133445,-31.8032091],[-58.313704,-31.802449],[-58.3141412,-31.8016657],[-58.3152158,-31.8000053],[-58.3154952,-31.7995752],[-58.3157064,-31.7992337],[-58.3158672,-31.7989806],[-58.3163068,-31.7982594],[-58.3166015,-31.7977145],[-58.3168213,-31.7972299],[-58.3170226,-31.7966981],[-58.3171034,-31.7964148],[-58.3171891,-31.7960749],[-58.3172665,-31.7957216],[-58.3173449,-31.7952208],[-58.3173879,-31.7946829],[-58.3173917,-31.7941644],[-58.3173569,-31.793633],[-58.3173016,-31.7931579],[-58.3172549,-31.7929009],[-58.3171937,-31.7926494],[-58.3171357,-31.7923972],[-58.3170498,-31.7920932],[-58.3169913,-31.7919065],[-58.3169257,-31.791722],[-58.316416,-31.7904522],[-58.3161673,-31.7898243],[-58.3159103,-31.7892023],[-58.3154951,-31.7881554],[-58.3145234,-31.7857723],[-58.3137592,-31.7838422],[-58.3134462,-31.783017],[-58.31332,-31.7826358],[-58.3131108,-31.7819009],[-58.3130616,-31.7817151],[-58.3126408,-31.7801262],[-58.310808,-31.7731441],[-58.3098172,-31.7693442],[-58.3090352,-31.7663736],[-58.30885,-31.7655409],[-58.3082957,-31.7628557],[-58.3081,-31.7619015],[-58.3078905,-31.7609544],[-58.3076049,-31.7599103],[-58.3074461,-31.7593931],[-58.30727,-31.7588813],[-58.3069848,-31.7579909],[-58.306737,-31.7571],[-58.3065944,-31.7564478],[-58.3063823,-31.7554661],[-58.3062942,-31.7550584],[-58.3061801,-31.7544988],[-58.3061133,-31.754125],[-58.305895,-31.7528858],[-58.305776,-31.7518703],[-58.3056248,-31.7502189],[-58.3055498,-31.7496357],[-58.3054507,-31.7490559],[-58.3053234,-31.7484203],[-58.3041138,-31.7425951],[-58.3038089,-31.7410964],[-58.3037124,-31.7406334],[-58.302877,-31.73652],[-58.3027106,-31.7357794],[-58.3026102,-31.7354089],[-58.3025022,-31.7350402],[-58.3022635,-31.7343411],[-58.3020027,-31.7337141],[-58.3018059,-31.7333079],[-58.301648,-31.733],[-58.3014494,-31.732644],[-58.3011715,-31.7321703],[-58.3009148,-31.7317863],[-58.3006738,-31.7314368],[-58.3004111,-31.7310966],[-58.3002244,-31.7308677],[-58.300048,-31.730662],[-58.2996246,-31.7301799],[-58.2991699,-31.729712],[-58.2985474,-31.7291261],[-58.2979172,-31.7285521],[-58.2913723,-31.7225653],[-58.2906662,-31.7219708],[-58.2880018,-31.7199162],[-58.2875263,-31.7195198],[-58.2870388,-31.7190945],[-58.2863564,-31.7184738],[-58.2861712,-31.7183053],[-58.2860339,-31.7181799],[-58.2852868,-31.7174975],[-58.2849548,-31.717165],[-58.2839923,-31.7161769],[-58.2826979,-31.7147227],[-58.2820252,-31.7140146],[-58.2813065,-31.7133276],[-58.2785189,-31.710762],[-58.2777024,-31.7100197],[-58.2765348,-31.7089454],[-58.2759771,-31.7083894],[-58.275432,-31.7078171],[-58.2738503,-31.7059806],[-58.2718789,-31.7036889],[-58.271141,-31.7028274],[-58.2699555,-31.7014418],[-58.2667972,-31.6977459],[-58.264726,-31.6953377],[-58.2636914,-31.6941332],[-58.2629361,-31.6932448],[-58.2621458,-31.6923018],[-58.2616945,-31.6917349],[-58.2615857,-31.6915805],[-58.2612843,-31.6911528],[-58.2607599,-31.6903527],[-58.2602596,-31.6895521],[-58.2592643,-31.6879654],[-58.2573278,-31.6849043],[-58.2570507,-31.6845277],[-58.2567609,-31.6841421],[-58.2563638,-31.6836284],[-58.2559412,-31.6831191],[-58.2554596,-31.68249],[-58.2549546,-31.6817755],[-58.2544173,-31.6809907],[-58.2541894,-31.6806495],[-58.2535973,-31.6797889],[-58.2524403,-31.6780767],[-58.251827,-31.6772345],[-58.251415,-31.6767233],[-58.2466835,-31.6712865],[-58.2410799,-31.6649043],[-58.2402974,-31.6640085],[-58.2396621,-31.6632627],[-58.2394483,-31.6630127],[-58.2386645,-31.6620959],[-58.2383097,-31.6616853],[-58.2368718,-31.6600077],[-58.2362736,-31.6592992],[-58.235454,-31.6583261],[-58.2277169,-31.649425],[-58.2268033,-31.6483518],[-58.226253,-31.6476469],[-58.2258379,-31.6471032],[-58.225453,-31.6465616],[-58.2250885,-31.6460176],[-58.2247096,-31.6454178],[-58.2243498,-31.6448215],[-58.2236472,-31.6436221],[-58.2223247,-31.6413191],[-58.2214099,-31.6397106],[-58.2196942,-31.6367414],[-58.2192683,-31.6359981],[-58.2180037,-31.6337909],[-58.2173842,-31.6327034],[-58.2170648,-31.6321632],[-58.2167327,-31.6316285],[-58.2162028,-31.6308579],[-58.2153639,-31.6296981],[-58.2149679,-31.6291253],[-58.2145952,-31.6285564],[-58.2142408,-31.6279711],[-58.2137453,-31.6271072],[-58.2134963,-31.6266786],[-58.2130317,-31.6258775],[-58.2125827,-31.6250599],[-58.212187,-31.6242625],[-58.2118491,-31.623515],[-58.2115311,-31.6227618],[-58.2111657,-31.6218164],[-58.2107699,-31.6208531],[-58.2101503,-31.6192875],[-58.2095129,-31.6177266],[-58.2087984,-31.615921],[-58.208064,-31.6140755],[-58.2067228,-31.6107233],[-58.2060905,-31.6091423],[-58.2053743,-31.6073536],[-58.2046173,-31.6054491],[-58.203854,-31.6035435],[-58.2026582,-31.6005664],[-58.1989054,-31.5912239],[-58.1982607,-31.5896043],[-58.197778,-31.5883359],[-58.1975052,-31.5875542],[-58.1972768,-31.5868117],[-58.1970203,-31.585908],[-58.1968354,-31.5852035],[-58.1966442,-31.5844188],[-58.196346,-31.5834428],[-58.1958851,-31.582128],[-58.1956122,-31.5812119],[-58.195404,-31.5804518],[-58.1953197,-31.580061],[-58.1951626,-31.5792712],[-58.1950202,-31.5785886],[-58.1948842,-31.577951],[-58.194767,-31.5773144],[-58.1946542,-31.5766887],[-58.1945627,-31.5759959],[-58.1944967,-31.5753085],[-58.1943626,-31.5739083],[-58.1942561,-31.5731665],[-58.1941859,-31.5727856],[-58.1941049,-31.5724188],[-58.193692,-31.5704204],[-58.1932699,-31.5684287],[-58.1927255,-31.5658587],[-58.1921911,-31.5633174],[-58.1914822,-31.5600014],[-58.1910969,-31.5581892],[-58.1907979,-31.5568077],[-58.1905112,-31.5557485],[-58.1901652,-31.5547177],[-58.1898217,-31.5536976],[-58.1896769,-31.553157],[-58.1895423,-31.5526183],[-58.1894417,-31.5521972],[-58.1892821,-31.5513986],[-58.1891598,-31.5507947],[-58.1889954,-31.5499825],[-58.1888787,-31.5493662],[-58.1888041,-31.548803],[-58.1887496,-31.548299],[-58.1887307,-31.5473896],[-58.188753,-31.5467783],[-58.1887956,-31.5461796],[-58.1888424,-31.5453559],[-58.1888509,-31.5449622],[-58.1888434,-31.5445594],[-58.1887884,-31.543182],[-58.1887594,-31.5426399],[-58.1887169,-31.5418791],[-58.1886761,-31.5411144],[-58.1884433,-31.5367138],[-58.18833,-31.5346325],[-58.1882438,-31.5332096],[-58.1881498,-31.531418],[-58.18809,-31.5302543],[-58.1880157,-31.5289534],[-58.1879245,-31.5272009],[-58.187867,-31.5261236],[-58.1878009,-31.5249918],[-58.187704,-31.5232849],[-58.1876254,-31.5223615],[-58.18752,-31.5214382],[-58.1873821,-31.520502],[-58.1872229,-31.5195691],[-58.1870543,-31.518726],[-58.1868616,-31.517879],[-58.1866251,-31.5168088],[-58.186485,-31.5161962],[-58.1859099,-31.5134808],[-58.1855547,-31.511813],[-58.185439,-31.5112688],[-58.1852852,-31.5106275],[-58.1851667,-31.5101393],[-58.1850856,-31.5098827],[-58.1850043,-31.5096526],[-58.1849116,-31.5094466],[-58.18482,-31.5092514],[-58.1847597,-31.5091286],[-58.1846944,-31.5089899],[-58.1846091,-31.5088378],[-58.1845291,-31.5086941],[-58.184434,-31.5085322],[-58.1843226,-31.5083462],[-58.1840548,-31.5079279],[-58.1839385,-31.5077364],[-58.183914,-31.5076961],[-58.1838851,-31.5076485],[-58.1838528,-31.5076014],[-58.1838291,-31.5075668],[-58.183757,-31.5074747],[-58.1836673,-31.5073691],[-58.1836254,-31.5073141],[-58.1835747,-31.5072493],[-58.183483,-31.5071329],[-58.1834058,-31.5070293],[-58.183328,-31.5069258],[-58.1832545,-31.5068207],[-58.1822877,-31.5053667],[-58.1817132,-31.5045122],[-58.1814014,-31.5040464],[-58.1800404,-31.5020353],[-58.1796498,-31.5014753],[-58.1793037,-31.501003],[-58.1789843,-31.5005967],[-58.1782527,-31.4996631],[-58.177499,-31.4987248],[-58.1770207,-31.4981302],[-58.1763653,-31.4973119],[-58.1759919,-31.4968509],[-58.1755954,-31.4964099],[-58.1752332,-31.4960325],[-58.1744881,-31.495315],[-58.1737863,-31.4946317],[-58.172729,-31.4934392],[-58.1722509,-31.4928902],[-58.1717759,-31.4923521],[-58.1714558,-31.4919805],[-58.1711606,-31.4916457],[-58.1707285,-31.4911425],[-58.1701167,-31.4904462],[-58.169397,-31.4896325],[-58.1690355,-31.4892074],[-58.1686645,-31.4887429],[-58.1681433,-31.4880144],[-58.1677665,-31.4874841],[-58.1673646,-31.4869547],[-58.1670241,-31.4865305],[-58.1669707,-31.486464],[-58.1665465,-31.4859798],[-58.1660143,-31.4853818],[-58.1654562,-31.4847565],[-58.1649357,-31.4841725],[-58.1643695,-31.4835234],[-58.1621635,-31.4809941],[-58.1609185,-31.4796015],[-58.1604806,-31.4791698],[-58.159803,-31.4785401],[-58.1591527,-31.4779088],[-58.1582191,-31.4768664],[-58.1568344,-31.4753038],[-58.1560125,-31.4743708],[-58.1556652,-31.4739771],[-58.1551598,-31.4734056],[-58.1546871,-31.4728404],[-58.1543115,-31.4723435],[-58.1539483,-31.4718305],[-58.1535934,-31.4713261],[-58.1532091,-31.4708346],[-58.1529463,-31.4705334],[-58.1526607,-31.4702294],[-58.152057,-31.4696627],[-58.1500011,-31.4677577],[-58.1487964,-31.4666581],[-58.1476205,-31.4655664],[-58.1447428,-31.4629051],[-58.1436192,-31.4618689],[-58.1428842,-31.4612015],[-58.1420253,-31.4603993],[-58.1411168,-31.4595743],[-58.1402868,-31.4587998],[-58.1395606,-31.4581359],[-58.1383461,-31.4570156],[-58.1371122,-31.4558758],[-58.1355103,-31.4543987],[-58.1328733,-31.4519521],[-58.1315008,-31.4506781],[-58.1275119,-31.4470399],[-58.1267916,-31.446443],[-58.1260414,-31.4458649],[-58.1252861,-31.4452797],[-58.124572,-31.4446914],[-58.1239242,-31.4441036],[-58.1229099,-31.4432116],[-58.1225292,-31.4428768],[-58.1221214,-31.442512],[-58.1217913,-31.4422004],[-58.1206712,-31.4412074],[-58.1193797,-31.4400639],[-58.1179596,-31.4387089],[-58.1168864,-31.4376941],[-58.1160763,-31.4369185],[-58.1156093,-31.43647],[-58.1152071,-31.4360721],[-58.1148229,-31.4356743],[-58.1143091,-31.4351056],[-58.113771,-31.4344553],[-58.1132927,-31.4338303],[-58.1128087,-31.4332104],[-58.1118473,-31.4319679],[-58.1109247,-31.4307664],[-58.110106,-31.4297184],[-58.1069505,-31.425658],[-58.1057301,-31.4240879],[-58.1049592,-31.4230788],[-58.1045199,-31.4225107],[-58.104307,-31.4222238],[-58.1041659,-31.4220365],[-58.1039403,-31.4217004],[-58.1037395,-31.4213652],[-58.1035787,-31.4210703],[-58.1034094,-31.4207114],[-58.1032323,-31.42027],[-58.1030992,-31.4198569],[-58.1030172,-31.4195468],[-58.102956,-31.419249],[-58.1029045,-31.4189391],[-58.1028638,-31.4186215],[-58.1028032,-31.4179932],[-58.1027391,-31.4173744],[-58.1023841,-31.4138201],[-58.1020445,-31.4103404],[-58.1018688,-31.4084816],[-58.1015721,-31.4057854],[-58.1011993,-31.4024835],[-58.1010466,-31.4009356],[-58.1008978,-31.3996172],[-58.1007607,-31.3983447],[-58.1006539,-31.3973806],[-58.1003909,-31.3953225],[-58.1002899,-31.3944531],[-58.1001962,-31.3937171],[-58.100065,-31.3928557],[-58.0998934,-31.3914467],[-58.0997631,-31.3905589],[-58.0996141,-31.3894126],[-58.0993447,-31.3872367],[-58.0991824,-31.385956],[-58.09907,-31.3850177],[-58.0987855,-31.3828021],[-58.0985686,-31.3810795],[-58.0982611,-31.3787784],[-58.0980689,-31.3771666],[-58.0979576,-31.3757629],[-58.0977577,-31.3741852],[-58.0977027,-31.3737235],[-58.0974266,-31.3714642],[-58.0971293,-31.3692034],[-58.0970092,-31.3684936],[-58.0968559,-31.3677869],[-58.0964087,-31.3658659],[-58.0959744,-31.3639826],[-58.0951776,-31.3604617],[-58.0947738,-31.3587014],[-58.094636,-31.3581286],[-58.094036,-31.3554783],[-58.0935258,-31.3532429],[-58.0932331,-31.3522256],[-58.092925,-31.3513019],[-58.0926385,-31.3504604],[-58.0924931,-31.3500088],[-58.0923549,-31.3495142],[-58.0920026,-31.3482064],[-58.0916936,-31.3469047],[-58.0915001,-31.3460422],[-58.0909305,-31.3435599],[-58.0897642,-31.3384772],[-58.0887428,-31.3340257],[-58.0877747,-31.3296873],[-58.0857738,-31.3208041],[-58.084111,-31.3137766],[-58.0840515,-31.3134446],[-58.0837322,-31.3119181],[-58.0833238,-31.3102661],[-58.0803204,-31.297065],[-58.0795612,-31.2934607],[-58.0789694,-31.2910549],[-58.0774351,-31.2841947],[-58.0773338,-31.2837838],[-58.0771134,-31.2827366],[-58.0764964,-31.2800671],[-58.0758706,-31.277395],[-58.074284,-31.2701042],[-58.0741658,-31.2695615],[-58.0740791,-31.2687118],[-58.0740584,-31.2678063],[-58.0742,-31.2656273],[-58.0749882,-31.2534944],[-58.0752298,-31.2512885],[-58.0755191,-31.2491333],[-58.0761074,-31.245032],[-58.0763343,-31.2434128],[-58.0778956,-31.2318737],[-58.0780073,-31.2303997],[-58.0784155,-31.2275441],[-58.0785367,-31.2266154],[-58.0786779,-31.2256391],[-58.0790471,-31.2232192],[-58.0791058,-31.2228105],[-58.0791965,-31.2221788],[-58.0793523,-31.2209103],[-58.0831402,-31.1933812],[-58.0831967,-31.1925563],[-58.083199,-31.1918626],[-58.0831658,-31.1913827],[-58.0830661,-31.1906335],[-58.0826014,-31.1884618],[-58.0781958,-31.1732716],[-58.0781107,-31.1729785],[-58.0778642,-31.1721284],[-58.0776878,-31.1715657],[-58.0774654,-31.1708565],[-58.0771384,-31.1698549],[-58.0763654,-31.1670887],[-58.0763293,-31.1669013],[-58.0762074,-31.1662586],[-58.076003,-31.1647667],[-58.0742625,-31.1523295],[-58.0703012,-31.1229653],[-58.0700378,-31.1210576],[-58.0689438,-31.113347],[-58.0685969,-31.1108035],[-58.066819,-31.0976008],[-58.0661432,-31.0928136],[-58.0656802,-31.0889154],[-58.0655515,-31.0772872],[-58.0655631,-31.0765458],[-58.0655879,-31.0756902],[-58.065658,-31.0739304],[-58.0656782,-31.0735132],[-58.0657002,-31.0726337],[-58.0657263,-31.0720497],[-58.0665576,-31.051281],[-58.0666047,-31.0503147],[-58.0667113,-31.0493437],[-58.0668783,-31.0485289],[-58.0670464,-31.0478138],[-58.0684778,-31.0433119],[-58.0711725,-31.0358353],[-58.0716856,-31.0342501],[-58.0717255,-31.0339815],[-58.0717124,-31.0337268],[-58.0716477,-31.0333731],[-58.0715843,-31.0330263],[-58.0714237,-31.0321535],[-58.071439,-31.031969],[-58.0714866,-31.0317775],[-58.0715703,-31.0315352],[-58.0718004,-31.0312319],[-58.072013,-31.0310175],[-58.0721167,-31.0309375],[-58.072734,-31.0303275],[-58.0729949,-31.0299713],[-58.0732237,-31.0296242],[-58.0735403,-31.0289706],[-58.0738787,-31.0281264],[-58.0753049,-31.0241402],[-58.0759098,-31.0221239],[-58.0760622,-31.0213157],[-58.0761496,-31.0204959],[-58.0761965,-31.0195425],[-58.0761208,-31.0185484],[-58.0759746,-31.0177364],[-58.0738426,-31.0073891],[-58.0737468,-31.006873],[-58.072569,-31.0012256],[-58.0710577,-30.9939788],[-58.0681269,-30.9799138],[-58.0680289,-30.9794355],[-58.0678312,-30.9784705],[-58.067735,-30.9779985],[-58.0637399,-30.9588031],[-58.0628304,-30.954534],[-58.0626614,-30.9536456],[-58.0624507,-30.9529226],[-58.0620991,-30.9519415],[-58.0554551,-30.9376209],[-58.0548536,-30.9363303],[-58.0516094,-30.9293006],[-58.0507623,-30.9275272],[-58.0478616,-30.9214054],[-58.0454883,-30.9161897],[-58.0439061,-30.9127734],[-58.0431367,-30.9110463],[-58.0428205,-30.9101307],[-58.0425769,-30.9093128],[-58.0424244,-30.9085072],[-58.0423028,-30.9076576],[-58.0422616,-30.906778],[-58.0423237,-30.9056082],[-58.042796,-30.9003373],[-58.0429022,-30.8993433],[-58.042995,-30.8984749],[-58.0461169,-30.8670497],[-58.0477978,-30.8500328],[-58.0479867,-30.8481203],[-58.0487805,-30.8400838],[-58.0488904,-30.8389705],[-58.0493484,-30.834333],[-58.0492672,-30.831719],[-58.0490778,-30.8306896],[-58.0486362,-30.829325],[-58.0481052,-30.8280389],[-58.0369816,-30.8053616],[-58.0367149,-30.8048184],[-58.0362221,-30.8038294],[-58.0360749,-30.8035148],[-58.0303675,-30.7918842],[-58.0303425,-30.7918335],[-58.0297804,-30.7906934],[-58.0260893,-30.7831725],[-58.0256036,-30.7820157],[-58.0252805,-30.7809883],[-58.0250594,-30.7802229],[-58.023325,-30.772912],[-58.021437,-30.7649539],[-58.0208366,-30.762423],[-58.0206502,-30.761967],[-58.0204752,-30.7617008],[-58.0203064,-30.7614579],[-58.0200746,-30.7612158],[-58.0199023,-30.7610766],[-58.0197537,-30.7608814],[-58.0196719,-30.7607178],[-58.0196131,-30.7605446],[-58.0196004,-30.7603734],[-58.019599,-30.7601584],[-58.0196549,-30.7599864],[-58.0197222,-30.7598192],[-58.0197671,-30.7594628],[-58.0197859,-30.7592138],[-58.0197838,-30.7590416],[-58.0197761,-30.7588353],[-58.0196631,-30.758213],[-58.0191824,-30.7562798],[-58.0186537,-30.7541531],[-58.0183744,-30.7529879],[-58.0179107,-30.7510059],[-58.0173723,-30.7485125],[-58.0170952,-30.7474772],[-58.0168341,-30.7468009],[-58.0165323,-30.7460716],[-58.0163807,-30.7457053],[-58.0162654,-30.7453994],[-58.0161551,-30.7450948],[-58.0160063,-30.7446456],[-58.0159904,-30.7445975],[-58.0158739,-30.7441577],[-58.0157986,-30.7438835],[-58.0157463,-30.7436138],[-58.0156459,-30.7430187],[-58.0156041,-30.7427238],[-58.0155769,-30.7424056],[-58.0155601,-30.7420424],[-58.0155058,-30.7414364],[-58.015461,-30.7410533],[-58.0154418,-30.7409188],[-58.0153541,-30.7403029],[-58.0152908,-30.7399572],[-58.0152076,-30.7395936],[-58.0130595,-30.730536],[-58.0128045,-30.7296153],[-58.0104812,-30.7212246],[-58.0101972,-30.7199954],[-58.0101492,-30.7196949],[-58.01001,-30.7187135],[-58.0099476,-30.7177963],[-58.0099418,-30.717195],[-58.0099837,-30.7155939],[-58.0100172,-30.7150015],[-58.0102632,-30.7106523],[-58.0106681,-30.705798],[-58.0112144,-30.6998524],[-58.0113253,-30.6986448],[-58.0119155,-30.6920713],[-58.0120264,-30.6909871],[-58.0119787,-30.6893759],[-58.0118233,-30.6873344],[-58.0114051,-30.6811845],[-58.0112111,-30.6776317],[-58.0111805,-30.6770195],[-58.01109,-30.6755991],[-58.0110249,-30.6750377],[-58.0108463,-30.67435],[-58.0105982,-30.6736934],[-58.0097154,-30.6713407],[-58.0079104,-30.66653],[-58.0066767,-30.6642264],[-58.0063027,-30.6633606],[-58.0060068,-30.6624009],[-58.0058977,-30.6620213],[-58.0056003,-30.6606026],[-58.0048073,-30.6581403],[-58.0039141,-30.655787],[-58.0034938,-30.6550305],[-58.0030499,-30.6542852],[-58.0002252,-30.6505002],[-57.9976126,-30.6471029],[-57.9974,-30.6468265],[-57.9882938,-30.6349845],[-57.9875544,-30.634021],[-57.9850058,-30.6307166],[-57.9846227,-30.630218],[-57.9829889,-30.6280918],[-57.982245,-30.6271241],[-57.9799602,-30.6240726],[-57.9792822,-30.6230128],[-57.9789883,-30.6223493],[-57.9788177,-30.6218893],[-57.9786472,-30.621344],[-57.978564,-30.6208865],[-57.9784962,-30.620187],[-57.9784036,-30.6184217],[-57.9780965,-30.6100001],[-57.9780712,-30.6092208],[-57.9780568,-30.6087762],[-57.9779092,-30.6058908],[-57.9777288,-30.6018131],[-57.9774724,-30.5960198],[-57.9773845,-30.5935591],[-57.9772901,-30.5918828],[-57.9771441,-30.5902329],[-57.9770303,-30.5891283],[-57.976867,-30.5878957],[-57.9762457,-30.584188],[-57.9760454,-30.582892],[-57.9757146,-30.5804854],[-57.9756321,-30.5788874],[-57.9756705,-30.576363],[-57.9757871,-30.5711164],[-57.9758638,-30.5704581],[-57.9759629,-30.5698023],[-57.976571,-30.5670356],[-57.9774977,-30.5628426],[-57.9776185,-30.5619092],[-57.9777393,-30.5605937],[-57.9778892,-30.5597613],[-57.9782763,-30.5581275],[-57.9790185,-30.5557808],[-57.9799719,-30.5516851],[-57.9800488,-30.5513165],[-57.9803958,-30.5493887],[-57.9805087,-30.5482996],[-57.9806216,-30.5470399],[-57.9807146,-30.5461726],[-57.9808142,-30.5456505],[-57.9809421,-30.5450553],[-57.9816344,-30.5422362],[-57.981728,-30.5418769],[-57.9823802,-30.5391379],[-57.9858035,-30.5261541],[-57.9863769,-30.523931],[-57.9871484,-30.5210713],[-57.9875675,-30.5194335],[-57.9877144,-30.5188469],[-57.9879197,-30.5181092],[-57.9881296,-30.51726],[-57.9882551,-30.5165861],[-57.9883572,-30.5158553],[-57.9884225,-30.5149846],[-57.9884937,-30.5132567],[-57.9885639,-30.5104601],[-57.9886734,-30.5070899],[-57.9887511,-30.5040861],[-57.9887407,-30.5033749],[-57.9886762,-30.5024208],[-57.9880411,-30.4966001],[-57.9866287,-30.4835329],[-57.9864072,-30.4813329],[-57.9863801,-30.4810184],[-57.98617,-30.4792739],[-57.9858265,-30.4779427],[-57.9855356,-30.4766737],[-57.9854595,-30.4759776],[-57.9853572,-30.4751091],[-57.9852888,-30.474417],[-57.985086,-30.472451],[-57.9850156,-30.4712374],[-57.98493,-30.4690315],[-57.9848539,-30.4557493],[-57.9848126,-30.4524132],[-57.9849113,-30.4473017],[-57.9849294,-30.4469569],[-57.9851498,-30.4421815],[-57.9853161,-30.4390996],[-57.9852558,-30.4380004],[-57.9850794,-30.4369065],[-57.9842912,-30.434201],[-57.9819649,-30.4262835],[-57.9815859,-30.4249589],[-57.9813061,-30.4239685],[-57.9808827,-30.4229571],[-57.9808166,-30.4228241],[-57.9804798,-30.422146],[-57.9801466,-30.4214144],[-57.9784271,-30.4176393],[-57.9753157,-30.4102076],[-57.9739208,-30.4068709],[-57.9728391,-30.4043281],[-57.9726863,-30.4039565],[-57.972115,-30.4025997],[-57.9719671,-30.4022795],[-57.9710329,-30.4000639],[-57.9706688,-30.3992356],[-57.9678611,-30.3924573],[-57.967026,-30.3904702],[-57.9665992,-30.3891525],[-57.9640435,-30.3799348],[-57.962803,-30.3754276],[-57.9615304,-30.3709495],[-57.961258,-30.3699325],[-57.9611198,-30.3694568],[-57.9603199,-30.3666895],[-57.9594103,-30.3633146],[-57.9590399,-30.3619405],[-57.9578709,-30.3577646],[-57.9562607,-30.3519776],[-57.955456,-30.349404],[-57.9548726,-30.3477294],[-57.9520422,-30.3397076],[-57.9517958,-30.3387818],[-57.9516006,-30.3378119],[-57.9512385,-30.3358442],[-57.9507356,-30.3331954],[-57.9506364,-30.3326519],[-57.9497826,-30.3281807],[-57.9495084,-30.326492],[-57.9494606,-30.3255349],[-57.9494653,-30.3247658],[-57.9494663,-30.3246092],[-57.9496676,-30.3220749],[-57.9499574,-30.3192825],[-57.9538584,-30.2835041],[-57.954002,-30.2823394],[-57.9541691,-30.281493],[-57.9545347,-30.2802094],[-57.9549984,-30.2789393],[-57.955881,-30.2769198],[-57.9561401,-30.2762487],[-57.956288,-30.2757519],[-57.9563442,-30.2755633],[-57.9564448,-30.2750598],[-57.9565048,-30.2746054],[-57.9566865,-30.2729408],[-57.9567809,-30.2723101],[-57.9569613,-30.2716052],[-57.9572131,-30.2709776],[-57.9575136,-30.2703079],[-57.9577935,-30.2697881],[-57.9583718,-30.2690016],[-57.9589299,-30.2683559],[-57.9597338,-30.267323],[-57.9599233,-30.2670062],[-57.9604779,-30.2658444],[-57.9638969,-30.2577298],[-57.9641217,-30.2571469],[-57.9655988,-30.2536175],[-57.9660413,-30.2525858],[-57.9661713,-30.2521375],[-57.9663239,-30.2515186],[-57.9664116,-30.2509277],[-57.9664894,-30.2497799],[-57.9665593,-30.2473147],[-57.9665889,-30.2468205],[-57.9669557,-30.243569],[-57.9670196,-30.2427095],[-57.9671024,-30.2404117],[-57.9671535,-30.239243],[-57.9672256,-30.237101],[-57.9674918,-30.2316675],[-57.9678199,-30.2232883],[-57.9678009,-30.2225577],[-57.9677389,-30.2217344],[-57.9673104,-30.2186188],[-57.9673014,-30.2174083],[-57.967535,-30.2113133],[-57.9675898,-30.2099205],[-57.9676717,-30.2066195],[-57.9677408,-30.2051235],[-57.9678089,-30.2019643],[-57.9678234,-30.2012928],[-57.9680428,-30.197278],[-57.9681369,-30.1955686],[-57.9686037,-30.1870843],[-57.9690473,-30.1790203],[-57.969069,-30.1786259],[-57.9691545,-30.1770725],[-57.9692943,-30.1742236],[-57.9693644,-30.1735547],[-57.9695813,-30.1726331],[-57.9700128,-30.1712849],[-57.9703852,-30.1703361],[-57.9704569,-30.17017],[-57.971371,-30.1674219],[-57.979908,-30.1439744],[-57.9805759,-30.1422554],[-57.9806943,-30.1419883],[-57.981265,-30.1405176],[-57.981437,-30.1401319],[-57.9921297,-30.1169037],[-57.9933235,-30.1143284],[-57.9935861,-30.1136928],[-57.9938486,-30.1130261],[-57.9945726,-30.110573],[-57.9977936,-30.0986846],[-57.9981003,-30.0972033],[-57.9983842,-30.0956618],[-57.998668,-30.094439],[-57.9988914,-30.0935386],[-57.9998079,-30.0902124],[-58.0009756,-30.0858768],[-58.0011964,-30.0850797],[-58.0013123,-30.0846648],[-58.0013706,-30.0844587],[-58.001434,-30.084255],[-58.0015076,-30.0840482],[-58.001593,-30.0838408],[-58.0016841,-30.0836507],[-58.0017875,-30.0834484],[-58.001902,-30.0832605],[-58.002025,-30.0830788],[-58.0021602,-30.0828993],[-58.0027041,-30.0821764],[-58.0028012,-30.0820376],[-58.0028356,-30.0819885],[-58.0029654,-30.0817973],[-58.0030719,-30.0816083],[-58.003177,-30.081414],[-58.0032648,-30.0812116],[-58.0033426,-30.081011],[-58.0034148,-30.0808055],[-58.00347,-30.0805916],[-58.0035142,-30.0803794],[-58.0035461,-30.0801703],[-58.0035654,-30.0800007],[-58.0035708,-30.0799536],[-58.0035778,-30.0797392],[-58.0035737,-30.0795209],[-58.0035555,-30.0793086],[-58.0035292,-30.0790976],[-58.0034876,-30.0788972],[-58.0034332,-30.0786912],[-58.0033857,-30.0785459],[-58.0033067,-30.0783242],[-58.0032103,-30.0780945],[-58.0031142,-30.0778884],[-58.0030075,-30.0776891],[-58.0028997,-30.0775053],[-58.0027725,-30.0773269],[-58.0026352,-30.0771525],[-58.0024969,-30.0769899],[-58.0023417,-30.0768292],[-58.0021769,-30.0766744],[-58.0019924,-30.0765157],[-58.0018083,-30.0763693],[-58.0016399,-30.0762475],[-58.0014443,-30.0761269],[-58.0012492,-30.076017],[-58.0010446,-30.0759143],[-58.000831,-30.075816],[-58.0006174,-30.0757295],[-58.0003872,-30.0756462],[-58.0001669,-30.0755788],[-57.9999233,-30.075514],[-57.9996767,-30.0754625],[-57.9994373,-30.0754202],[-57.9991941,-30.0753918],[-57.998939,-30.0753732],[-57.9986867,-30.0753633],[-57.9984405,-30.0753665],[-57.9981923,-30.0753785],[-57.9979562,-30.0753978],[-57.9977017,-30.075426],[-57.9970841,-30.0755079],[-57.9968448,-30.0755378],[-57.996606,-30.0755644],[-57.9963639,-30.0755811],[-57.9961126,-30.0755917],[-57.9958749,-30.0755932],[-57.9956288,-30.0755871],[-57.9953867,-30.0755672],[-57.9951418,-30.0755386],[-57.9948977,-30.0755042],[-57.9934066,-30.0752527],[-57.9896544,-30.07455],[-57.9893569,-30.0744944],[-57.9534449,-30.0678103],[-57.9463411,-30.0664306],[-57.9450089,-30.0661713],[-57.9140565,-30.0603742],[-57.9122589,-30.060085],[-57.9106927,-30.0599282],[-57.9092255,-30.0598572],[-57.907674,-30.0598486],[-57.9058747,-30.0599136],[-57.9043539,-30.0600369],[-57.8904674,-30.0616415],[-57.8814405,-30.0626928],[-57.8802278,-30.0628341],[-57.8735971,-30.0636063],[-57.87298,-30.0636786],[-57.8693116,-30.0641085],[-57.861732,-30.0648837],[-57.8602171,-30.0649702],[-57.8586283,-30.0650141],[-57.8568795,-30.0649668],[-57.8553463,-30.0648416],[-57.8544138,-30.0647296],[-57.8480132,-30.0636843],[-57.8200806,-30.0592402],[-57.8194542,-30.0591405],[-57.8179953,-30.0589113],[-57.8171909,-30.0587913],[-57.815972,-30.0586033],[-57.8138512,-30.0582632],[-57.8132267,-30.058163],[-57.8123957,-30.0580313],[-57.8078407,-30.0572726],[-57.804936,-30.0568132],[-57.8037245,-30.0566232],[-57.8014989,-30.0562513],[-57.8004655,-30.056017],[-57.799572,-30.0557708],[-57.7986279,-30.0554599],[-57.7909233,-30.0524784],[-57.7741929,-30.0439856],[-57.7696646,-30.0406643],[-57.7684963,-30.0397953],[-57.7640152,-30.0365058],[-57.758107,-30.0318406],[-57.7560473,-30.030126],[-57.7516196,-30.02644],[-57.7505997,-30.0255908],[-57.746343,-30.022047],[-57.7375013,-30.0146857],[-57.7243595,-30.0037432],[-57.7179886,-29.9985166],[-57.7157767,-29.9966662],[-57.710656,-29.9923248],[-57.7099904,-29.9918775],[-57.706364,-29.9888526],[-57.7058363,-29.9884125],[-57.7052697,-29.9879237],[-57.7039501,-29.9867853],[-57.6988217,-29.9824827],[-57.6932427,-29.9779568],[-57.6871702,-29.9729196],[-57.6831747,-29.969604],[-57.6814069,-29.9681264],[-57.6802899,-29.9672015],[-57.674881,-29.9627321],[-57.668663,-29.9575834],[-57.6616141,-29.9516713],[-57.6552734,-29.9463818],[-57.6488039,-29.940999],[-57.6413464,-29.9347704],[-57.6402101,-29.9337843],[-57.6366481,-29.9308276],[-57.6297066,-29.9250813],[-57.6223358,-29.9189348],[-57.6163384,-29.9138946],[-57.6140612,-29.9119887],[-57.6115715,-29.9098989],[-57.6109507,-29.909278],[-57.6104484,-29.9086925],[-57.6093266,-29.9070613],[-57.6082116,-29.9054084],[-57.6060771,-29.9021861],[-57.6053032,-29.9009809],[-57.6022622,-29.8965124],[-57.6017794,-29.8958634],[-57.6010298,-29.8950488],[-57.6002168,-29.8943802],[-57.5996592,-29.8940112],[-57.5991471,-29.8937335],[-57.5983689,-29.8934034],[-57.5978582,-29.8932168],[-57.5972955,-29.8930515],[-57.5930526,-29.8922317],[-57.5874478,-29.8911459],[-57.5871338,-29.8910862],[-57.5840232,-29.8904944],[-57.5793361,-29.8895988],[-57.5789218,-29.8895191],[-57.5782568,-29.8893912],[-57.5780621,-29.8893553],[-57.5777279,-29.8892914],[-57.5735089,-29.8884852],[-57.5691745,-29.8876945],[-57.5584456,-29.8856388],[-57.5512769,-29.8842796],[-57.5506679,-29.8841596],[-57.5448205,-29.8830806],[-57.5390484,-29.8819364],[-57.536967,-29.8812667],[-57.5305512,-29.8778991],[-57.5257983,-29.8753129],[-57.5197258,-29.8720846],[-57.5173225,-29.870838],[-57.5146832,-29.8693959],[-57.5136794,-29.8688422],[-57.5125964,-29.8680258],[-57.5115397,-29.8670048],[-57.5075605,-29.8628479],[-57.5071556,-29.8624342],[-57.5064847,-29.8616956],[-57.5006499,-29.8555883],[-57.4935682,-29.8480868],[-57.4888589,-29.8432213],[-57.482486,-29.8365672],[-57.4801364,-29.8341568],[-57.4774542,-29.8313367],[-57.4764242,-29.8305084],[-57.4747612,-29.8293729],[-57.4711625,-29.8268586],[-57.4705368,-29.8264189],[-57.4677875,-29.8244887],[-57.4666572,-29.8237551],[-57.4649596,-29.8225627],[-57.464199,-29.8221601],[-57.4633932,-29.8217985],[-57.4624624,-29.8214784],[-57.4611515,-29.821159],[-57.4596419,-29.8207917],[-57.4591629,-29.8206752],[-57.4562108,-29.8199908],[-57.4529796,-29.8192137],[-57.4522217,-29.8189176],[-57.4518335,-29.8187296],[-57.450215,-29.8176547],[-57.4484185,-29.8164566],[-57.4450689,-29.8141544],[-57.4442448,-29.8135798],[-57.4435811,-29.8131171],[-57.4433542,-29.8129693],[-57.4408847,-29.8112593],[-57.4372905,-29.8088296],[-57.4334496,-29.8061671],[-57.4319959,-29.8051943],[-57.4296784,-29.8035977],[-57.4257839,-29.8009676],[-57.4221039,-29.7984073],[-57.4180376,-29.7956002],[-57.4138427,-29.7927977],[-57.4095619,-29.7898182],[-57.4052918,-29.7869178],[-57.4010921,-29.7840373],[-57.3989526,-29.7825687],[-57.3973541,-29.7814754],[-57.3954427,-29.7801669],[-57.3945469,-29.7795569],[-57.3940319,-29.7791984],[-57.3902756,-29.7766443],[-57.3894185,-29.7760574],[-57.3881887,-29.7752253],[-57.3878016,-29.7750041],[-57.3873185,-29.7747559],[-57.3861743,-29.7742043],[-57.3840419,-29.7732077],[-57.3816751,-29.7721272],[-57.3781264,-29.7704866],[-57.3743659,-29.768787],[-57.3703372,-29.7669151],[-57.3681233,-29.7659102],[-57.3637567,-29.7638326],[-57.3597388,-29.7620025],[-57.3560518,-29.7602745],[-57.3525113,-29.75864],[-57.3498951,-29.7574294],[-57.3471576,-29.7561345],[-57.3437029,-29.7546023],[-57.3411763,-29.7533821],[-57.3389608,-29.7523715],[-57.3370296,-29.7514866],[-57.3361541,-29.7510665],[-57.3332047,-29.7497121],[-57.3319135,-29.7490836],[-57.33061,-29.7484642],[-57.3294781,-29.7480031],[-57.3275147,-29.7473836],[-57.3240638,-29.746396],[-57.3223632,-29.745907],[-57.318981,-29.7449359],[-57.3174226,-29.7445284],[-57.3161781,-29.7441976],[-57.3132652,-29.7433499],[-57.3106098,-29.7425581],[-57.3080939,-29.7418129],[-57.3054814,-29.7410769],[-57.3048055,-29.7408813],[-57.3025364,-29.7402059],[-57.3011523,-29.739796],[-57.2984165,-29.7390368],[-57.2968125,-29.7385897],[-57.2938406,-29.7377186],[-57.2892396,-29.736382],[-57.2865236,-29.7355992],[-57.2842115,-29.7349238],[-57.2818243,-29.7342065],[-57.2806281,-29.7338757],[-57.2797269,-29.7337034],[-57.2783536,-29.7335077],[-57.2775006,-29.7333309],[-57.2765108,-29.7330373],[-57.2755158,-29.7327368],[-57.2744778,-29.7324272],[-57.2735406,-29.7320709],[-57.272509,-29.7316074],[-57.2714898,-29.7312206],[-57.2692716,-29.7305498],[-57.2658491,-29.7295576],[-57.2644886,-29.7292059],[-57.2614342,-29.7284163],[-57.2566507,-29.7272193],[-57.2535541,-29.7263666],[-57.2476694,-29.7246196],[-57.2459219,-29.7241027],[-57.2406527,-29.7225419],[-57.2366187,-29.7213399],[-57.2357174,-29.7210371],[-57.2251328,-29.7178633],[-57.2245578,-29.7176921],[-57.2195626,-29.7161856],[-57.2192889,-29.7161029],[-57.219011,-29.7160193],[-57.2169378,-29.71542],[-57.2162551,-29.7151904],[-57.2154179,-29.7149302],[-57.2130145,-29.7142467],[-57.2126278,-29.7141565],[-57.2122157,-29.7140816],[-57.2115666,-29.7139884],[-57.2112145,-29.7139459],[-57.2109846,-29.7139294],[-57.21077,-29.7139014],[-57.2102121,-29.7137803],[-57.20996,-29.7136943],[-57.2095845,-29.7135427],[-57.2094044,-29.7134528],[-57.2091178,-29.7132725],[-57.2089246,-29.7131141],[-57.208782,-29.7129902],[-57.2086457,-29.7128347],[-57.2085116,-29.7126833],[-57.2083936,-29.7125459],[-57.2082354,-29.712265],[-57.2081146,-29.7120008],[-57.208061,-29.7118051],[-57.2080006,-29.7115751],[-57.2079754,-29.7113984],[-57.2079574,-29.7112587],[-57.2079511,-29.710866],[-57.2079982,-29.7106016],[-57.2080369,-29.710456],[-57.2081242,-29.7101999],[-57.2082102,-29.7099961],[-57.2084017,-29.7096378],[-57.208787,-29.7090917],[-57.2091849,-29.7085382],[-57.2097213,-29.7077442],[-57.2099998,-29.7071183],[-57.2101402,-29.7067301],[-57.2103132,-29.7060981],[-57.2104485,-29.7055413],[-57.2105549,-29.7052475],[-57.2105206,-29.7055784],[-57.2103531,-29.7063893],[-57.2102823,-29.7067149],[-57.2102093,-29.7069448],[-57.2101023,-29.7072354],[-57.2099327,-29.7076468],[-57.209706,-29.7080033],[-57.2093494,-29.7085162],[-57.2089554,-29.7090708],[-57.2084849,-29.7097345],[-57.208333,-29.7099926],[-57.2082177,-29.7102433],[-57.2081018,-29.7106296],[-57.2080685,-29.7108627],[-57.2080636,-29.7112401],[-57.2080997,-29.7115496],[-57.2081548,-29.7117864],[-57.2082087,-29.7119588],[-57.2083148,-29.7122197],[-57.2084539,-29.7124607],[-57.2086213,-29.7126833],[-57.208865,-29.7129372],[-57.2090269,-29.7130766],[-57.2092808,-29.713259],[-57.2096381,-29.7134653],[-57.2098124,-29.7135549],[-57.2102508,-29.7136988],[-57.2107351,-29.7138065],[-57.2113183,-29.7138771],[-57.2119847,-29.7139514],[-57.2126536,-29.7140672],[-57.2136477,-29.7143192],[-57.2144481,-29.7145581],[-57.2161904,-29.7150693],[-57.2173599,-29.7154187],[-57.2181246,-29.7156356],[-57.2190397,-29.715916],[-57.2196527,-29.7160982],[-57.2245894,-29.7175693],[-57.2263891,-29.7181068],[-57.2302028,-29.7192528],[-57.2345158,-29.7205666],[-57.2386893,-29.7218058],[-57.2424873,-29.7229285],[-57.2461029,-29.7239721],[-57.2496971,-29.7250389],[-57.2538063,-29.726292],[-57.2579473,-29.7274007],[-57.2621047,-29.7284442],[-57.2664231,-29.7295622],[-57.270661,-29.7307827],[-57.2734558,-29.7316165],[-57.2757236,-29.7322862],[-57.2767577,-29.7325947],[-57.2811967,-29.7338804],[-57.2857152,-29.7352128],[-57.2899783,-29.736461],[-57.2940069,-29.7376115],[-57.2982341,-29.7388691],[-57.3024237,-29.7400848],[-57.3048451,-29.7407856],[-57.3055239,-29.7409821],[-57.3061734,-29.7411701],[-57.3107493,-29.7424929],[-57.3151052,-29.7437971],[-57.3166501,-29.7442209],[-57.3174226,-29.7444165],[-57.3190104,-29.7447845],[-57.3199868,-29.74505],[-57.3228798,-29.7459072],[-57.3262042,-29.7468618],[-57.3286825,-29.7475883],[-57.3306191,-29.7483289],[-57.3332117,-29.7495028],[-57.3346102,-29.7499077],[-57.3364877,-29.7506715],[-57.3374023,-29.7510911],[-57.3382113,-29.7515008],[-57.3402981,-29.7527909],[-57.3449866,-29.7549891],[-57.3489386,-29.7568284],[-57.3507963,-29.7576576],[-57.3531282,-29.7587564],[-57.3573677,-29.7607312],[-57.3598139,-29.7618395],[-57.3646295,-29.7640931],[-57.3665891,-29.7649968],[-57.368163,-29.7658268],[-57.3686904,-29.7660769],[-57.3699993,-29.7665984],[-57.3724202,-29.7676976],[-57.3752189,-29.7689965],[-57.378997,-29.770743],[-57.3817428,-29.7719805],[-57.3829889,-29.7725485],[-57.3862479,-29.7740666],[-57.3873956,-29.7746139],[-57.3878942,-29.7748762],[-57.3882802,-29.775105],[-57.389515,-29.7759112],[-57.3910854,-29.7769944],[-57.3917375,-29.7773874],[-57.3922512,-29.7776691],[-57.3928563,-29.7779588],[-57.3935779,-29.7783314],[-57.3941862,-29.7786947],[-57.3949847,-29.7792368],[-57.3957592,-29.7797664],[-57.3965019,-29.7802768],[-57.3971885,-29.7808219],[-57.3979396,-29.7815167],[-57.3986882,-29.7821596],[-57.3990575,-29.7824418],[-57.4003887,-29.7833562],[-57.4032533,-29.7853209],[-57.406826,-29.7877558],[-57.4100731,-29.7899721],[-57.4140589,-29.7927281],[-57.4170146,-29.7947253],[-57.4200278,-29.7967827],[-57.4229675,-29.7988123],[-57.4259893,-29.8008794],[-57.4290776,-29.8030065],[-57.4325071,-29.8053528],[-57.434957,-29.807019],[-57.4387067,-29.8095697],[-57.4401117,-29.8105461],[-57.4407399,-29.8109335],[-57.441547,-29.8113743],[-57.4423776,-29.8117622],[-57.4431462,-29.8121945],[-57.4437916,-29.8126194],[-57.445467,-29.8137721],[-57.4460821,-29.814234],[-57.4466781,-29.8147356],[-57.4471441,-29.8151548],[-57.4476989,-29.8156668],[-57.4481964,-29.8160813],[-57.4509644,-29.817957],[-57.4524091,-29.8187391],[-57.4538398,-29.8192462],[-57.4554083,-29.8196301],[-57.4609637,-29.820931],[-57.4625245,-29.8212966],[-57.4634572,-29.8216278],[-57.4642995,-29.821988],[-57.4650843,-29.8224247],[-57.4668326,-29.8235835],[-57.4685385,-29.8247715],[-57.4717786,-29.827046],[-57.4727,-29.8276863],[-57.4744344,-29.8288916],[-57.4756303,-29.8297173],[-57.4777117,-29.8313274],[-57.481853,-29.8356645],[-57.4877002,-29.8417975],[-57.4932148,-29.8475299],[-57.4981501,-29.8527596],[-57.5044372,-29.8592265],[-57.5058856,-29.8603803],[-57.5069521,-29.8614687],[-57.5079881,-29.8625519],[-57.5086322,-29.8632088],[-57.5097694,-29.8645858],[-57.5109818,-29.8661024],[-57.5125114,-29.8677128],[-57.5129291,-29.8680626],[-57.5133679,-29.8684002],[-57.5140824,-29.868847],[-57.5162856,-29.8700309],[-57.5236525,-29.8740011],[-57.529253,-29.8769874],[-57.5371923,-29.8811736],[-57.5389841,-29.8817411],[-57.54654062,-29.88318178],[-57.55001985,-29.88384363],[-57.5521501,-29.88424096],[-57.55303645,-29.88441183],[-57.55956693,-29.88567077],[-57.56393069,-29.88650346],[-57.57220182,-29.88808176],[-57.57293659,-29.88820395],[-57.57373691,-29.88830388],[-57.57455553,-29.88836376],[-57.57481617,-29.88838282],[-57.57579565,-29.8884749],[-57.57669946,-29.88859176],[-57.57782267,-29.88879424],[-57.57868923,-29.88896316],[-57.57920885,-29.88906444],[-57.58052358,-29.88932672],[-57.58136156,-29.88952365],[-57.58208061,-29.88973925],[-57.58270782,-29.88993522],[-57.58342079,-29.89013596],[-57.58461597,-29.89042443],[-57.58783718,-29.89103237],[-57.58861444,-29.89118348],[-57.58968633,-29.89139012],[-57.5920256,-29.89183409],[-57.59702877,-29.89278674],[-57.59769347,-29.89294712],[-57.59827121,-29.89313728],[-57.59877905,-29.89333503],[-57.59936108,-29.8936048],[-57.59978344,-29.89382878],[-57.60010763,-29.89402843],[-57.60064275,-29.89439893],[-57.60107101,-29.89475598],[-57.60151983,-29.89518899],[-57.60203936,-29.89580355],[-57.60244679,-29.89636108],[-57.60288889,-29.89699341],[-57.60318118,-29.89740016],[-57.60375023,-29.89810161],[-57.60427875,-29.89871311],[-57.60479588,-29.89933617],[-57.60516975,-29.89982894],[-57.60560801,-29.90046138],[-57.6063531,-29.90158601],[-57.60697058,-29.902557],[-57.60724719,-29.90297097],[-57.607509,-29.90341367],[-57.60800407,-29.9043754],[-57.60834312,-29.90505402],[-57.60879146,-29.90582778],[-57.60908945,-29.9063052],[-57.60958977,-29.90706292],[-57.61024859,-29.90801224],[-57.61040409,-29.90821813],[-57.61072638,-29.90864485],[-57.61111902,-29.9090741],[-57.6116784,-29.90966269],[-57.61244304,-29.91037885],[-57.61248537,-29.91041423],[-57.61714097,-29.91430548],[-57.62209326,-29.91842126],[-57.62413309,-29.92011653],[-57.63026405,-29.92522343],[-57.63283444,-29.92736265],[-57.63645107,-29.93037773],[-57.63692152,-29.93077059],[-57.63710412,-29.93090118],[-57.63752262,-29.93120049],[-57.63903504,-29.93215967],[-57.63959392,-29.93256514],[-57.64055434,-29.93338115],[-57.64254323,-29.93502824],[-57.64317378,-29.9356193],[-57.64412692,-29.93662811],[-57.64484246,-29.93733554],[-57.64497579,-29.93745694],[-57.64554699,-29.93797706],[-57.64957136,-29.94133022],[-57.65313833,-29.94430227],[-57.66600818,-29.95504592],[-57.66611362,-29.95513393],[-57.66770062,-29.95645875],[-57.67182639,-29.95989048],[-57.67308513,-29.96093747],[-57.67564785,-29.96306907],[-57.68003158,-29.96670512],[-57.68068575,-29.96724771],[-57.68503045,-29.97085982],[-57.68897602,-29.9741401],[-57.69009628,-29.97507146],[-57.69204248,-29.9766895],[-57.70189378,-29.9848797],[-57.70272445,-29.98547759],[-57.70301025,-29.98566211],[-57.70400859,-29.98630664],[-57.70443195,-29.98657709],[-57.70491047,-29.98696336],[-57.70566613,-29.98757222],[-57.70738492,-29.989019],[-57.70754931,-29.98916047],[-57.70791567,-29.98947577],[-57.70847313,-29.99001448],[-57.70856321,-29.99010152],[-57.7095022,-29.99110545],[-57.71021473,-29.99178924],[-57.71044745,-29.99198562],[-57.71110936,-29.99254418],[-57.71428296,-29.99517791],[-57.7148445,-29.99564393],[-57.71574867,-29.99639429],[-57.71789306,-29.9981739],[-57.7181639,-29.9984041],[-57.71963032,-29.99961926],[-57.7244734,-30.0036325],[-57.7287402,-30.0072034],[-57.732296,-30.0101159],[-57.7375942,-30.0145283],[-57.7425885,-30.0187387],[-57.7468737,-30.022221],[-57.7493253,-30.0239051],[-57.7509626,-30.0251996],[-57.7521213,-30.0261592],[-57.7534585,-30.0272907],[-57.7553023,-30.0292466],[-57.7561534,-30.0299582],[-57.7600433,-30.0332108],[-57.7634674,-30.035877],[-57.765686,-30.0373766],[-57.7679046,-30.0386921],[-57.7687859,-30.0393937],[-57.7691941,-30.0396837],[-57.7697058,-30.0400472],[-57.7700954,-30.040324],[-57.7702548,-30.0404373],[-57.7716934,-30.0415949],[-57.7733996,-30.0431274],[-57.7742361,-30.0437609],[-57.7749959,-30.0441468],[-57.7786327,-30.0460146],[-57.784397,-30.0489435],[-57.7908501,-30.0522318],[-57.792785,-30.0530122],[-57.7973538,-30.0547659],[-57.7987917,-30.0552755],[-57.7995319,-30.0555375],[-57.8012642,-30.0559671],[-57.8030674,-30.0563179],[-57.8065144,-30.0568965],[-57.8083696,-30.0572203],[-57.8124846,-30.0578938],[-57.8133653,-30.0580364],[-57.8151696,-30.0583196],[-57.8161233,-30.0584539],[-57.8171862,-30.0586036],[-57.8173118,-30.0586213],[-57.8180988,-30.0587445],[-57.8203478,-30.0591261],[-57.8211962,-30.0592547],[-57.8252165,-30.0598881],[-57.8302576,-30.0606756],[-57.8361333,-30.0616225],[-57.8410263,-30.0624379],[-57.8464968,-30.0633059],[-57.851263,-30.0640733],[-57.8546417,-30.0645422],[-57.8567557,-30.0647512],[-57.8587096,-30.0648322],[-57.8602342,-30.0648183],[-57.8616849,-30.0647298],[-57.8638199,-30.0645071],[-57.8706216,-30.0637591],[-57.8729603,-30.063511],[-57.8748116,-30.0632799],[-57.8755772,-30.0631235],[-57.8777256,-30.0626492],[-57.8793579,-30.0624031],[-57.8799532,-30.0623366],[-57.8814634,-30.0621679],[-57.8829661,-30.062],[-57.8835239,-30.0619553],[-57.8841803,-30.0619533],[-57.8859614,-30.0619493],[-57.8867013,-30.061888],[-57.8885575,-30.061686],[-57.8904737,-30.0614672],[-57.8961462,-30.0607633],[-57.9029306,-30.060004],[-57.9050023,-30.0598128],[-57.9071519,-30.059683],[-57.9087,-30.0596562],[-57.9104533,-30.0597275],[-57.9114511,-30.0597969],[-57.9124418,-30.0599398],[-57.9142447,-30.0602134],[-57.917066,-30.0607485],[-57.9255144,-30.0623766],[-57.9331731,-30.0637794],[-57.9385901,-30.0647856],[-57.9401784,-30.0650338],[-57.9438345,-30.0654043],[-57.9451609,-30.0656628],[-57.9466176,-30.0659466],[-57.947638,-30.0661455],[-57.9484578,-30.0663345],[-57.9492379,-30.0665395],[-57.9507578,-30.0670212],[-57.9519624,-30.0673077],[-57.9542217,-30.0677678],[-57.9579873,-30.0684386],[-57.9648308,-30.0696973],[-57.970433,-30.0707669],[-57.9791857,-30.07238],[-57.9863905,-30.0737596],[-57.9897186,-30.0743877],[-57.9943768,-30.075258],[-57.9949687,-30.0753555],[-57.9951978,-30.0753883],[-57.9954496,-30.0754166],[-57.9956975,-30.0754327],[-57.9958216,-30.0754349],[-57.9959488,-30.0754372],[-57.9961936,-30.0754353],[-57.9964629,-30.0754158],[-57.9967134,-30.0753924],[-57.997726,-30.0752551],[-57.997968,-30.0752295],[-57.9982089,-30.0752068],[-57.9984601,-30.0751923],[-57.9987146,-30.0751913],[-57.9989558,-30.0752012],[-57.9992026,-30.0752231],[-57.999455,-30.0752512],[-57.9996934,-30.0752902],[-57.9999321,-30.0753408],[-58.0001645,-30.0753939],[-58.0003967,-30.075466],[-58.0006331,-30.0755471],[-58.00086,-30.0756358],[-58.0010783,-30.0757363],[-58.0012859,-30.0758424],[-58.0015001,-30.0759525],[-58.0016973,-30.0760828],[-58.0018898,-30.0762106],[-58.0020696,-30.0763477],[-58.00219242,-30.07646585],[-58.00231524,-30.076584],[-58.00255318,-30.07684098],[-58.00282444,-30.07714555],[-58.00308618,-30.07751675],[-58.00333365,-30.07792602],[-58.00349813,-30.07825087],[-58.003524,-30.07830197],[-58.00362394,-30.07865413],[-58.0037096,-30.07901581],[-58.00377623,-30.07944411],[-58.00379579,-30.07976897],[-58.00377609,-30.08000655],[-58.0037515,-30.08030304],[-58.00367457,-30.08071234],[-58.00357601,-30.08097287],[-58.00347745,-30.08123339],[-58.00324547,-30.08172486],[-58.00293241,-30.0821893],[-58.00242933,-30.08287577],[-58.0020591,-30.08341693],[-58.00181898,-30.08385364],[-58.0016598,-30.08428473],[-58.00150685,-30.08481481],[-58.00087809,-30.08711266],[-58.0004341,-30.08873525],[-57.99999986,-30.09034427],[-57.99881648,-30.09469261],[-57.99855837,-30.09594365],[-57.99854088,-30.0960428],[-57.99830355,-30.09738784],[-57.99810844,-30.09845058],[-57.99795268,-30.0991633],[-57.99756569,-30.10051551],[-57.99691037,-30.10290013],[-57.9949034,-30.11020329],[-57.9942762,-30.11239598],[-57.99405994,-30.1130933],[-57.99386047,-30.11362572],[-57.99363365,-30.11415559],[-57.99342792,-30.11462492],[-57.99292732,-30.11570876],[-57.9901215,-30.12178354],[-57.98953831,-30.12304616],[-57.98612138,-30.13044837],[-57.98442714,-30.13411866],[-57.98417346,-30.13466822],[-57.98303763,-30.13719085],[-57.98264149,-30.13818957],[-57.98227934,-30.13927077],[-57.98190269,-30.14043587],[-57.98153259,-30.14141859],[-57.98109755,-30.14242389],[-57.98048763,-30.14358849],[-57.98025461,-30.14403625],[-57.9799165,-30.14478248],[-57.97941196,-30.14598992],[-57.97864761,-30.14816608],[-57.97793003,-30.15015437],[-57.97698646,-30.15277364],[-57.97597115,-30.15559203],[-57.97384388,-30.16145698],[-57.97173158,-30.16728768],[-57.97070005,-30.17013239],[-57.97025983,-30.17132442],[-57.97000479,-30.17206406],[-57.96984604,-30.17273276],[-57.96968341,-30.17345602],[-57.96955902,-30.17429195],[-57.96949926,-30.17500732],[-57.96947676,-30.1752766],[-57.96943361,-30.17619096],[-57.9692266,-30.17997125],[-57.96906013,-30.18303038],[-57.96877336,-30.18840091],[-57.96849428,-30.1936276],[-57.96826353,-30.19794604],[-57.96814342,-30.2003345],[-57.96813978,-30.20158245],[-57.96819182,-30.20239944],[-57.96828525,-30.20360031],[-57.96835545,-30.20494505],[-57.96834982,-30.20583401],[-57.96827183,-30.20690452],[-57.96817457,-30.20788399],[-57.96800764,-30.20887331],[-57.96788788,-30.20970815],[-57.96778453,-30.21020325],[-57.9677205,-30.21090952],[-57.96769954,-30.21177185],[-57.96759422,-30.21610526],[-57.96755534,-30.21746862],[-57.96755035,-30.2185664],[-57.96762986,-30.21945133],[-57.96773429,-30.22022456],[-57.96793427,-30.22163744],[-57.96799996,-30.22247967],[-57.96802897,-30.22316052],[-57.96801319,-30.22448627],[-57.96791191,-30.22693668],[-57.9677877,-30.22994181],[-57.96774595,-30.23132927],[-57.96735024,-30.24056817],[-57.96728186,-30.24280878],[-57.96727527,-30.24302477],[-57.96680433,-30.24700305],[-57.96675174,-30.24766293],[-57.96671811,-30.24818646],[-57.96663544,-30.25025076],[-57.96656318,-30.25122596],[-57.96640824,-30.25198026],[-57.96615103,-30.25266793],[-57.96583406,-30.25351146],[-57.96553095,-30.25425587],[-57.96536424,-30.25465264],[-57.96519218,-30.25506215],[-57.96339004,-30.25938808],[-57.96254887,-30.2614743],[-57.96066532,-30.265995],[-57.96056512,-30.2662355],[-57.96034359,-30.26676132],[-57.96012821,-30.26726224],[-57.95954711,-30.26866603],[-57.95915356,-30.26958524],[-57.95844054,-30.27128578],[-57.95783024,-30.27275244],[-57.95714877,-30.27439144],[-57.95684142,-30.27518348],[-57.95655396,-30.27587489],[-57.95635312,-30.27637018],[-57.95607558,-30.27702616],[-57.95582348,-30.27764775],[-57.95495182,-30.27979699],[-57.95471899,-30.28045362],[-57.95445214,-30.28136107],[-57.95427309,-30.28207044],[-57.95417944,-30.28266542],[-57.95404486,-30.28402716],[-57.95357381,-30.28823692],[-57.95348123,-30.28909606],[-57.95222182,-30.30078295],[-57.9518636,-30.30414543],[-57.95108645,-30.31144028],[-57.95068165,-30.31520539],[-57.95027684,-30.3189705],[-57.95006015,-30.32102559],[-57.95001306,-30.32159124],[-57.94999567,-30.32223639],[-57.95002425,-30.32386963],[-57.950068,-30.32543174],[-57.95014403,-30.32724682],[-57.9501662,-30.32806261],[-57.95021379,-30.32878409],[-57.95039144,-30.32999123],[-57.95122586,-30.33446294],[-57.95158201,-30.33626813],[-57.95189168,-30.33793809],[-57.95197189,-30.33838938],[-57.9520521,-30.33884066],[-57.95223547,-30.33953739],[-57.95247345,-30.34021219],[-57.95301696,-30.34174377],[-57.95412833,-30.34487553],[-57.95438799,-30.34559891],[-57.95570853,-30.34927774],[-57.95602227,-30.35026058],[-57.95640338,-30.35155087],[-57.95741142,-30.35516609],[-57.95802814,-30.35737791],[-57.95836741,-30.35842347],[-57.9585989,-30.35907034],[-57.95899006,-30.35997443],[-57.95930755,-30.36084348],[-57.95954732,-30.36146255],[-57.95983402,-30.36239956],[-57.95999594,-30.36301178],[-57.96016439,-30.36384578],[-57.96033602,-30.3648113],[-57.96047109,-30.36572096],[-57.96063045,-30.36662414],[-57.96167197,-30.37050688],[-57.96246154,-30.3733176],[-57.9636748,-30.37767363],[-57.96486637,-30.38195177],[-57.9660549,-30.38622181],[-57.96665307,-30.38836866],[-57.96700256,-30.38961239],[-57.96717192,-30.39012994],[-57.96754239,-30.39112679],[-57.96808775,-30.39242853],[-57.96959858,-30.39599284],[-57.97048902,-30.39811575],[-57.97082364,-30.39889152],[-57.971116,-30.3994723],[-57.97149921,-30.40016007],[-57.97210468,-30.40122734],[-57.97245199,-30.40191225],[-57.97278997,-30.40263674],[-57.97304328,-30.40319471],[-57.97324343,-30.40371743],[-57.97346372,-30.40433652],[-57.97367743,-30.40499245],[-57.97390121,-30.40569334],[-57.97408449,-30.40633515],[-57.97430456,-30.40697318],[-57.97457032,-30.40778326],[-57.97483083,-30.4084274],[-57.97490649,-30.40860662],[-57.97620166,-30.41167448],[-57.97737866,-30.41442541],[-57.97847252,-30.41707273],[-57.97878154,-30.41776642],[-57.97934027,-30.4188175],[-57.97975604,-30.4196052],[-57.9804459,-30.42073878],[-57.98072532,-30.42125648],[-57.98098453,-30.42175874],[-57.98126465,-30.42234676],[-57.98154013,-30.42304702],[-57.98180798,-30.42381556],[-57.98199394,-30.42449783],[-57.98213949,-30.42522716],[-57.98228677,-30.4260204],[-57.98255134,-30.42731106],[-57.98406693,-30.43264006],[-57.98470096,-30.43477575],[-57.98485556,-30.43540877],[-57.98492824,-30.43570635],[-57.98519564,-30.43652172],[-57.98533276,-30.43715644],[-57.98544466,-30.43777437],[-57.98549592,-30.4383478],[-57.98551028,-30.43897946],[-57.98551038,-30.43943156],[-57.98549256,-30.43989647],[-57.98546318,-30.44098923],[-57.98528838,-30.44443667],[-57.98523024,-30.44552443],[-57.98513261,-30.4474494],[-57.98510785,-30.44786773],[-57.98504849,-30.44887031],[-57.98502357,-30.45022333],[-57.98502678,-30.45235352],[-57.98509827,-30.45801917],[-57.9851776,-30.46542097],[-57.9851652,-30.46656656],[-57.98517067,-30.46720613],[-57.98523005,-30.46808589],[-57.98537673,-30.46955874],[-57.98545766,-30.47049954],[-57.98561216,-30.47188842],[-57.98577293,-30.4732279],[-57.98591784,-30.474542],[-57.98602924,-30.47547794],[-57.98619907,-30.47702359],[-57.986307,-30.47781228],[-57.98644347,-30.47938173],[-57.98713713,-30.48597353],[-57.98779648,-30.49188776],[-57.98800828,-30.49378757],[-57.98829607,-30.49669167],[-57.98849,-30.49805393],[-57.98875736,-30.49924642],[-57.98891673,-30.50003719],[-57.98908386,-30.50099426],[-57.98919266,-30.501646],[-57.98927292,-30.50251715],[-57.98934008,-30.50344016],[-57.98934415,-30.50433213],[-57.98926276,-30.50584339],[-57.98910945,-30.50705206],[-57.98896942,-30.50826349],[-57.98883272,-30.50931447],[-57.98868048,-30.51446426],[-57.98863564,-30.51529268],[-57.98856514,-30.51595799],[-57.98846886,-30.51649739],[-57.98837745,-30.51704486],[-57.98825273,-30.51768391],[-57.98802457,-30.5185683],[-57.98776554,-30.51960591],[-57.98668714,-30.52350613],[-57.98574884,-30.52710378],[-57.98498148,-30.53004602],[-57.98473512,-30.53104267],[-57.98401326,-30.53376518],[-57.9833226,-30.53648501],[-57.98291839,-30.53824484],[-57.98263762,-30.53950298],[-57.98183689,-30.54343343],[-57.9816153,-30.54460356],[-57.98140862,-30.54554082],[-57.98125339,-30.54637712],[-57.98104591,-30.54731225],[-57.98092544,-30.54799829],[-57.98047913,-30.5502781],[-57.97966515,-30.55438346],[-57.97949353,-30.55521696],[-57.97927051,-30.55628111],[-57.97911522,-30.55696895],[-57.97897732,-30.55764725],[-57.97856304,-30.55944912],[-57.97827883,-30.56067259],[-57.97807597,-30.56156244],[-57.97783622,-30.56260172],[-57.97763022,-30.56346427],[-57.97747972,-30.56412728],[-57.97731476,-30.5648493],[-57.97654504,-30.5680781],[-57.97639576,-30.5687043],[-57.97627084,-30.56925761],[-57.97613988,-30.56993504],[-57.9760764,-30.57048816],[-57.97602715,-30.57095044],[-57.97597005,-30.57168225],[-57.97595016,-30.57272858],[-57.9759128,-30.57578755],[-57.97589623,-30.57714521],[-57.97588172,-30.57811775],[-57.97587595,-30.57880184],[-57.97588206,-30.57947005],[-57.97594867,-30.58026508],[-57.97603828,-30.58092242],[-57.97618358,-30.58193977],[-57.9763709,-30.58318768],[-57.97666927,-30.58517552],[-57.97691174,-30.58672049],[-57.97695204,-30.58697727],[-57.97710707,-30.58794392],[-57.97724196,-30.58856231],[-57.97760166,-30.59003864],[-57.97772479,-30.59061851],[-57.97784845,-30.59130616],[-57.97790168,-30.59165856],[-57.97796874,-30.59210259],[-57.97801344,-30.59288877],[-57.97798727,-30.59375765],[-57.9779152,-30.59474789],[-57.977834,-30.59558306],[-57.97779196,-30.5965118],[-57.97780274,-30.59723953],[-57.97787519,-30.59901109],[-57.97797212,-30.60138104],[-57.97800648,-30.60222097],[-57.97808928,-30.60424548],[-57.97819908,-30.60672739],[-57.9782541,-30.6099895],[-57.9782894,-30.6120729],[-57.9783558,-30.6135029],[-57.9784034,-30.6149679],[-57.9785674,-30.6181851],[-57.9787084,-30.6201278],[-57.978781,-30.6208958],[-57.97883687,-30.62127811],[-57.97891682,-30.62160934],[-57.97918699,-30.6222688],[-57.97945288,-30.62287443],[-57.97958141,-30.62314409],[-57.97975184,-30.62344321],[-57.98000714,-30.6238077],[-57.98028422,-30.62417587],[-57.98061633,-30.62461982],[-57.98226316,-30.62683012],[-57.98283638,-30.62757906],[-57.98314093,-30.62797696],[-57.98457908,-30.62986686],[-57.98741682,-30.63356091],[-57.98824494,-30.63468097],[-57.99015081,-30.63711363],[-57.99019872,-30.63717583],[-57.99106706,-30.63830339],[-57.99750817,-30.64663746],[-57.99765825,-30.64683164],[-57.99858294,-30.64803771],[-58.00103273,-30.65121104],[-58.0019701,-30.65243025],[-58.00235363,-30.65293512],[-58.00260316,-30.6532661],[-58.0029521,-30.65373089],[-58.0032876,-30.65424615],[-58.00359797,-30.65476184],[-58.00383657,-30.65522013],[-58.00408202,-30.65567415],[-58.00429225,-30.65615988],[-58.00447317,-30.6566691],[-58.00484174,-30.65765849],[-58.00516388,-30.65846273],[-58.00548077,-30.65931254],[-58.00562673,-30.65968938],[-58.00578718,-30.66013017],[-58.00598675,-30.66063915],[-58.00620538,-30.66122064],[-58.00644634,-30.66189184],[-58.00661867,-30.66235107],[-58.00689683,-30.6630942],[-58.00705404,-30.66351574],[-58.00727382,-30.66406853],[-58.00748308,-30.66465594],[-58.00763418,-30.66506467],[-58.00795577,-30.66593705],[-58.00812189,-30.66639241],[-58.0082964,-30.66682519],[-58.00848978,-30.66734982],[-58.00865809,-30.66779799],[-58.01073776,-30.67333581],[-58.01094461,-30.67392071],[-58.01114672,-30.67456494],[-58.01127984,-30.67518735],[-58.01134029,-30.67577776],[-58.0114582,-30.67808017],[-58.01157068,-30.68014027],[-58.01161183,-30.68089389],[-58.01188803,-30.68543001],[-58.01207506,-30.68788495],[-58.01218036,-30.6890632],[-58.01223179,-30.68982215],[-58.01226444,-30.69045223],[-58.01224666,-30.69094935],[-58.01223035,-30.69133845],[-58.01213734,-30.69214188],[-58.01179098,-30.69576784],[-58.01123613,-30.70181365],[-58.01072327,-30.70770586],[-58.01062914,-30.70878732],[-58.01047888,-30.71126362],[-58.01036591,-30.71312538],[-58.01029995,-30.71450877],[-58.01026994,-30.71536304],[-58.01036728,-30.71638981],[-58.01045099,-30.71717807],[-58.01053006,-30.71788777],[-58.01061462,-30.71867099],[-58.01069845,-30.7194857],[-58.01079785,-30.72026363],[-58.01092933,-30.72143755],[-58.01102545,-30.72219594],[-58.01130596,-30.72322329],[-58.0126296,-30.72804513],[-58.01309134,-30.72975122],[-58.01368017,-30.732181],[-58.0144969,-30.73557728],[-58.01522824,-30.73867341],[-58.01544599,-30.7396092],[-58.01560583,-30.74023901],[-58.01591038,-30.74143898],[-58.01613743,-30.74239635],[-58.0166651,-30.7446755],[-58.01675335,-30.74505197],[-58.01678645,-30.74519321],[-58.01721551,-30.74693205],[-58.01738012,-30.74763914],[-58.01755457,-30.74834687],[-58.01772663,-30.74923295],[-58.01877275,-30.7536136],[-58.01973609,-30.75750968],[-58.01988637,-30.7581634],[-58.02002379,-30.75859958],[-58.02022322,-30.759035],[-58.02054006,-30.75942935],[-58.02080366,-30.75968355],[-58.02101939,-30.75994979],[-58.02113257,-30.76019419],[-58.02116926,-30.76040936],[-58.02116738,-30.76062013],[-58.02108198,-30.76102803],[-58.02100344,-30.76140141],[-58.02097663,-30.76183485],[-58.02099718,-30.76207828],[-58.02104582,-30.76233539],[-58.02132836,-30.76348979],[-58.02192903,-30.7659933],[-58.02283161,-30.7697939],[-58.02362203,-30.77312055],[-58.0241121,-30.77517218],[-58.02424934,-30.7757467],[-58.02514053,-30.7794894],[-58.02529383,-30.78015334],[-58.02547116,-30.78085128],[-58.02566372,-30.78149538],[-58.02589204,-30.78215008],[-58.02598467,-30.78236191],[-58.02620738,-30.7828712],[-58.02714514,-30.78479557],[-58.02887776,-30.78833034],[-58.03101548,-30.79268967],[-58.0330346,-30.79681594],[-58.03412895,-30.79902486],[-58.03489006,-30.80056114],[-58.03532253,-30.80132106],[-58.03603002,-30.8024014],[-58.0365008,-30.8031044],[-58.03683592,-30.8036802],[-58.03720588,-30.80441193],[-58.03753725,-30.80515631],[-58.03784333,-30.80603652],[-58.03810791,-30.80690611],[-58.03850629,-30.80793046],[-58.03873578,-30.80843101],[-58.03962369,-30.8102492],[-58.0403409,-30.81171785],[-58.04393877,-30.81908124],[-58.04508827,-30.82143086],[-58.04627919,-30.82386514],[-58.04775636,-30.82691172],[-58.04808775,-30.82759518],[-58.0483375,-30.82812182],[-58.04866387,-30.82881835],[-58.04895712,-30.82961149],[-58.04914885,-30.83026835],[-58.04933253,-30.83099995],[-58.04947197,-30.83171133],[-58.04953378,-30.83224651],[-58.04958353,-30.832924],[-58.04959783,-30.83364925],[-58.04954559,-30.83441413],[-58.04913048,-30.83863454],[-58.0489826,-30.840187],[-58.0489034,-30.8410777],[-58.0486724,-30.8432485],[-58.0484877,-30.8454853],[-58.0485009,-30.8464553],[-58.0485603,-30.8481378],[-58.0485188,-30.8487636],[-58.0483824,-30.8497801],[-58.0483403,-30.8501311],[-58.0482304,-30.8506583],[-58.0479994,-30.8515425],[-58.0478477,-30.8522155],[-58.0475046,-30.8549933],[-58.046648,-30.8637505],[-58.0463314,-30.8670338],[-58.0459606,-30.8707061],[-58.0454812,-30.8757442],[-58.0445134,-30.8849791],[-58.0439978,-30.8902343],[-58.0434732,-30.8951095],[-58.0434823,-30.8959959],[-58.0435184,-30.8970994],[-58.0435831,-30.8981924],[-58.0435781,-30.8984547],[-58.0435637,-30.8991979],[-58.0435337,-30.8994531],[-58.0434732,-30.8999667],[-58.0433565,-30.9004894],[-58.0432833,-30.9008169],[-58.043021,-30.901839],[-58.042808,-30.9029501],[-58.0426682,-30.9040279],[-58.0425432,-30.9056246],[-58.0424961,-30.9067894],[-58.0424979,-30.9068305],[-58.042532,-30.9076271],[-58.0426365,-30.9084848],[-58.0427775,-30.909265],[-58.0429983,-30.910079],[-58.0433284,-30.9109722],[-58.0440826,-30.9127202],[-58.0448845,-30.9144129],[-58.0456582,-30.9161059],[-58.0467236,-30.9184676],[-58.0497197,-30.9247828],[-58.0502234,-30.9256659],[-58.0507427,-30.9265153],[-58.0512783,-30.9273005],[-58.0517351,-30.9282445],[-58.0521278,-30.9291477],[-58.0522539,-30.929485],[-58.0524719,-30.9302519],[-58.0525795,-30.9307599],[-58.0534021,-30.9327378],[-58.0545695,-30.935244],[-58.05505596,-30.93630611],[-58.05549137,-30.93721812],[-58.05582347,-30.93791373],[-58.0565187,-30.93941191],[-58.05832917,-30.94331338],[-58.05885039,-30.9444684],[-58.05971517,-30.94638471],[-58.06161219,-30.95044402],[-58.06207848,-30.95143267],[-58.06232812,-30.95201781],[-58.06256251,-30.95263372],[-58.06276978,-30.95333743],[-58.06296024,-30.95420144],[-58.06368761,-30.95763664],[-58.06401811,-30.95919752],[-58.06500049,-30.96405043],[-58.06509863,-30.96453524],[-58.06646005,-30.97099636],[-58.06722354,-30.97468936],[-58.06744028,-30.97560534],[-58.06771992,-30.97639658],[-58.0680692,-30.97731684],[-58.06825029,-30.97794615],[-58.0684551,-30.97876467],[-58.06858852,-30.97940713],[-58.06867407,-30.9800426],[-58.06875102,-30.98079301],[-58.06877235,-30.98133809],[-58.06884612,-30.98234226],[-58.06895651,-30.98310707],[-58.06933342,-30.98496097],[-58.06990095,-30.98775242],[-58.07225284,-30.99898092],[-58.07264859,-31.00087031],[-58.07307066,-31.00279126],[-58.07405685,-31.00764777],[-58.07431859,-31.00890153],[-58.07507486,-31.01252331],[-58.07526923,-31.01341747],[-58.07601484,-31.01684753],[-58.07618662,-31.01777559],[-58.0762933,-31.01857273],[-58.0763325,-31.01943595],[-58.07632237,-31.02000993],[-58.07627746,-31.02070547],[-58.07614066,-31.0217599],[-58.07595389,-31.02262694],[-58.07569666,-31.02351609],[-58.07442395,-31.0272657],[-58.07391668,-31.02863515],[-58.07369095,-31.02913887],[-58.07346762,-31.02958558],[-58.07321898,-31.0299981],[-58.07294395,-31.03044369],[-58.07284322,-31.03072366],[-58.07278101,-31.03102129],[-58.07281698,-31.03134701],[-58.07280094,-31.03173742],[-58.07211072,-31.03380196],[-58.07038245,-31.03859561],[-58.06837311,-31.04439215],[-58.06833217,-31.04451024],[-58.06766217,-31.04640467],[-58.067234,-31.04766538],[-58.06702377,-31.04846947],[-58.06685851,-31.04929227],[-58.06674334,-31.05016576],[-58.06672644,-31.05047666],[-58.06670513,-31.05086859],[-58.06665056,-31.0524529],[-58.06657729,-31.05458013],[-58.06634383,-31.06079458],[-58.0661969,-31.06476064],[-58.06618344,-31.06512384],[-58.06607851,-31.06795629],[-58.06603775,-31.06889601],[-58.06604689,-31.06951674],[-58.06609057,-31.07020111],[-58.06620996,-31.07108521],[-58.06628349,-31.07176338],[-58.06629809,-31.07251787],[-58.06628349,-31.07326416],[-58.06619465,-31.07437727],[-58.06600916,-31.07526441],[-58.06587598,-31.07602873],[-58.06584463,-31.07653887],[-58.06578652,-31.07727264],[-58.06580823,-31.08238908],[-58.06581002,-31.08315023],[-58.0658128,-31.08432933],[-58.06581841,-31.08671158],[-58.06582577,-31.08820661],[-58.06582799,-31.08890642],[-58.06587442,-31.08958023],[-58.06598973,-31.09038302],[-58.06639882,-31.09335583],[-58.06660514,-31.09502311],[-58.0668573,-31.09684105],[-58.06763207,-31.10236238],[-58.06785671,-31.10396327],[-58.06882424,-31.110827],[-58.06919494,-31.11345682],[-58.0698029,-31.11814705],[-58.06988838,-31.1186592],[-58.07003452,-31.11927119],[-58.07029457,-31.12007925],[-58.07043813,-31.12057945],[-58.0706245,-31.12146948],[-58.07073027,-31.12217252],[-58.07078966,-31.12279094],[-58.0707984,-31.12333473],[-58.07080232,-31.12357886],[-58.07079826,-31.12424019],[-58.07078454,-31.1246059],[-58.07077842,-31.12501682],[-58.07079942,-31.12550344],[-58.07087061,-31.12624227],[-58.07096613,-31.12694361],[-58.07149785,-31.13084767],[-58.07197197,-31.13432889],[-58.07296553,-31.14157378],[-58.07320053,-31.14328743],[-58.07345005,-31.14510686],[-58.07364531,-31.14648465],[-58.0738504,-31.14793181],[-58.07455292,-31.15306816],[-58.07510894,-31.15718158],[-58.07576441,-31.16190981],[-58.07608124,-31.16425558],[-58.07621358,-31.16520335],[-58.07633274,-31.16608627],[-58.07647061,-31.16686619],[-58.07661649,-31.16744649],[-58.07681035,-31.168104],[-58.07710339,-31.16888156],[-58.07753451,-31.1698131],[-58.07781265,-31.17042097],[-58.07791045,-31.17065998],[-58.07804774,-31.1709955],[-58.07834156,-31.17188026],[-58.07854438,-31.17265502],[-58.0786851,-31.17337957],[-58.0788485,-31.17463467],[-58.07896013,-31.17535964],[-58.07902471,-31.17565658],[-58.08117801,-31.18312864],[-58.08248112,-31.18748099],[-58.08278289,-31.18847377],[-58.08299041,-31.1891709],[-58.08313268,-31.18975674],[-58.08324522,-31.19033085],[-58.08332676,-31.19090132],[-58.08334481,-31.19102758],[-58.08340757,-31.19172843],[-58.08343223,-31.19231444],[-58.08343554,-31.19278818],[-58.08341291,-31.19328226],[-58.08337823,-31.19382277],[-58.08325217,-31.19474012],[-58.08314988,-31.19548454],[-58.08261616,-31.19928946],[-58.08192697,-31.20426782],[-58.08174825,-31.20558684],[-58.08131688,-31.20863037],[-58.08105061,-31.2104255],[-58.0809132,-31.21147873],[-58.08077574,-31.21250941],[-58.08027751,-31.21600647],[-58.08012276,-31.21714187],[-58.08008034,-31.21745312],[-58.07985161,-31.21913745],[-58.0797364,-31.21996241],[-58.07943572,-31.22211536],[-58.07934879,-31.22280836],[-58.07926723,-31.22369332],[-58.07930641,-31.22459569],[-58.07929587,-31.22545454],[-58.07929875,-31.22598291],[-58.0792336,-31.22660822],[-58.07911511,-31.22739327],[-58.07894413,-31.22806811],[-58.07872277,-31.22883243],[-58.07853383,-31.22943901],[-58.07833824,-31.23029444],[-58.07785504,-31.23368703],[-58.07720527,-31.23834876],[-58.07695344,-31.24008601],[-58.07694434,-31.24014881],[-58.07653006,-31.24270768],[-58.076234,-31.2450571],[-58.0753934,-31.2513076],[-58.0751666,-31.2534968],[-58.0747276,-31.2611031],[-58.074411,-31.2656011],[-58.0742572,-31.2677859],[-58.0742971,-31.2686817],[-58.0743861,-31.26955],[-58.0759165,-31.2767509],[-58.0766257,-31.279891],[-58.0772276,-31.2828077],[-58.0774383,-31.2837364],[-58.077551,-31.284178],[-58.0777913,-31.2851782],[-58.079773,-31.2934261],[-58.0804994,-31.2968006],[-58.0816553,-31.3017635],[-58.0825644,-31.3057228],[-58.0827017,-31.306216],[-58.0829557,-31.3071192],[-58.0832833,-31.3081291],[-58.0834193,-31.3085682],[-58.0838058,-31.3101968],[-58.0841752,-31.3117893],[-58.0845215,-31.3133752],[-58.0845964,-31.313669],[-58.0849314,-31.3152225],[-58.0850429,-31.3159546],[-58.0851792,-31.3170483],[-58.0852602,-31.3176479],[-58.0853584,-31.3181097],[-58.0859798,-31.3208057],[-58.088006,-31.3295951],[-58.0891951,-31.3348436],[-58.0906904,-31.3415922],[-58.0913918,-31.3446016],[-58.0916574,-31.3458891],[-58.0918135,-31.3467345],[-58.0921844,-31.3482883],[-58.0924755,-31.3494705],[-58.0927663,-31.3503575],[-58.0933331,-31.3519726],[-58.0936514,-31.3532103],[-58.094159,-31.3554636],[-58.0947694,-31.3581132],[-58.0949005,-31.3586798],[-58.0952959,-31.3604444],[-58.0961074,-31.3639611],[-58.0965395,-31.3658246],[-58.0969681,-31.3677761],[-58.0971089,-31.3684879],[-58.097225,-31.369197],[-58.0975246,-31.3714541],[-58.097829,-31.3738478],[-58.0978806,-31.374278],[-58.0980812,-31.3757596],[-58.0982618,-31.3771486],[-58.0984527,-31.3787656],[-58.0986556,-31.3803726],[-58.0987463,-31.3810774],[-58.0989647,-31.3827919],[-58.0992425,-31.3850049],[-58.0995125,-31.3872267],[-58.0997939,-31.3894066],[-58.0999409,-31.3905541],[-58.1000676,-31.391445],[-58.1001214,-31.3919194],[-58.1002427,-31.3928442],[-58.1004733,-31.3944463],[-58.1005618,-31.395222],[-58.1008232,-31.397376],[-58.1009281,-31.3983375],[-58.1010554,-31.3996206],[-58.1011944,-31.4009176],[-58.1013799,-31.4024812],[-58.1017466,-31.4057591],[-58.1020589,-31.4084662],[-58.1022236,-31.4103151],[-58.102564,-31.4137616],[-58.10292,-31.4173562],[-58.1029806,-31.4179889],[-58.1030407,-31.4186142],[-58.1030786,-31.4189348],[-58.1031197,-31.4192323],[-58.1031715,-31.419526],[-58.1032398,-31.4198152],[-58.1033675,-31.4202412],[-58.1035351,-31.420687],[-58.1036936,-31.4210328],[-58.1038562,-31.4213332],[-58.1040417,-31.4216557],[-58.1042717,-31.4220014],[-58.1043965,-31.4221777],[-58.1046077,-31.4224502],[-58.105056,-31.4230304],[-58.10590864,-31.42410802],[-58.10612047,-31.42437889],[-58.10659699,-31.4249882],[-58.10667958,-31.42509514],[-58.10727226,-31.42586251],[-58.10810199,-31.42693681],[-58.10952613,-31.42878073],[-58.11011698,-31.42954613],[-58.11153997,-31.43138951],[-58.11216418,-31.43219813],[-58.11266559,-31.43285159],[-58.11335582,-31.43377422],[-58.11381966,-31.43434932],[-58.11436954,-31.43499341],[-58.11467299,-31.43531673],[-58.11505202,-31.43573379],[-58.11567725,-31.43632009],[-58.11724809,-31.43769402],[-58.1193837,-31.43954676],[-58.12019844,-31.44026939],[-58.12093197,-31.44090088],[-58.121603,-31.44149248],[-58.12218991,-31.44200993],[-58.12267692,-31.44244252],[-58.12501916,-31.44450543],[-58.12574895,-31.44516979],[-58.12732555,-31.44664852],[-58.12786394,-31.44715349],[-58.12933761,-31.44849867],[-58.13470905,-31.45347759],[-58.13737286,-31.45591635],[-58.14139484,-31.45959854],[-58.14393437,-31.46195321],[-58.14864863,-31.46632432],[-58.15178998,-31.4691959],[-58.15247382,-31.46982477],[-58.15283128,-31.47020233],[-58.15287999,-31.47025378],[-58.15321701,-31.47057441],[-58.15352449,-31.47090013],[-58.15387042,-31.47129039],[-58.15456979,-31.47209279],[-58.15505684,-31.47264366],[-58.15513701,-31.47273433],[-58.15581408,-31.47351062],[-58.15646181,-31.47424357],[-58.15772204,-31.47566827],[-58.15863018,-31.47672451],[-58.159057,-31.47722053],[-58.15953759,-31.47775252],[-58.16008722,-31.47838634],[-58.16077791,-31.47918887],[-58.1610725,-31.4795285],[-58.16164717,-31.48014587],[-58.16714308,-31.48640854],[-58.16758322,-31.48691597],[-58.16808827,-31.48749877],[-58.16858999,-31.4880941],[-58.16926069,-31.48885509],[-58.16992051,-31.48959529],[-58.17314304,-31.49326537],[-58.17372693,-31.49393076],[-58.17410415,-31.49436517],[-58.17455787,-31.49488827],[-58.17505326,-31.49546453],[-58.17512966,-31.49555341],[-58.17564146,-31.49620058],[-58.17610175,-31.49676166],[-58.17647044,-31.49717893],[-58.17687426,-31.49768607],[-58.17900486,-31.50034421],[-58.18014784,-31.50189377],[-58.18345508,-31.50676374],[-58.18372903,-31.50715793],[-58.18423956,-31.50791439],[-58.18429534,-31.50800231],[-58.18444087,-31.5082317],[-58.18468503,-31.50863311],[-58.18493062,-31.50903434],[-58.18511341,-31.50941811],[-58.18526203,-31.50981648],[-58.18539529,-31.51020918],[-58.18552905,-31.51084319],[-58.1858707,-31.51241395],[-58.18589143,-31.51250832],[-58.18592756,-31.51267281],[-58.18607208,-31.51333073],[-58.18705942,-31.51782556],[-58.18718105,-31.51837929],[-58.18744944,-31.51966527],[-58.18757864,-31.5206857],[-58.18771982,-31.52135475],[-58.18778035,-31.52185029],[-58.1878274,-31.52241377],[-58.18789171,-31.52310341],[-58.18794982,-31.52380393],[-58.18801171,-31.52498071],[-58.18836262,-31.53165363],[-58.18839186,-31.53217847],[-58.18864393,-31.53670262],[-58.18886604,-31.54068904],[-58.18904668,-31.54375033],[-58.18907527,-31.54444486],[-58.18912868,-31.54535517],[-58.18916458,-31.54609916],[-58.1892054,-31.54683595],[-58.1892185,-31.54707244],[-58.189248,-31.54781853],[-58.1894126,-31.54901053],[-58.18953588,-31.54970289],[-58.18977469,-31.55086022],[-58.19040143,-31.55389759],[-58.19070086,-31.5552552],[-58.19086508,-31.55605579],[-58.19099119,-31.55665836],[-58.19108776,-31.55711978],[-58.19139164,-31.55856906],[-58.19233169,-31.56299991],[-58.19366791,-31.56929806],[-58.19434714,-31.57249955],[-58.19452445,-31.57334083],[-58.19466951,-31.57405837],[-58.19482893,-31.57482643],[-58.19491739,-31.57520313],[-58.19502087,-31.57564382],[-58.19521885,-31.57658154],[-58.19542172,-31.57755598],[-58.19598091,-31.58020273],[-58.19619675,-31.58114104],[-58.19638295,-31.58211125],[-58.1964029,-31.58220425],[-58.19664152,-31.58331691],[-58.19681144,-31.58414466],[-58.19705271,-31.58519993],[-58.19724358,-31.58592328],[-58.19755176,-31.58700255],[-58.19760354,-31.58716953],[-58.19780518,-31.58781974],[-58.19807047,-31.58853116],[-58.19831692,-31.58915336],[-58.20159981,-31.59742559],[-58.20161817,-31.59747088],[-58.20265002,-31.60001611],[-58.20398446,-31.60330774],[-58.205663,-31.6075686],[-58.20715924,-31.61123392],[-58.20784553,-31.61296593],[-58.20844465,-31.61447793],[-58.20968213,-31.6175748],[-58.21028453,-31.61908236],[-58.2108591,-31.62056402],[-58.21117119,-31.6213315],[-58.21155987,-31.62209509],[-58.21221779,-31.62336404],[-58.21267056,-31.62412764],[-58.21307497,-31.62483338],[-58.21338275,-31.62537719],[-58.21418477,-31.62679431],[-58.21480248,-31.62783897],[-58.2152081,-31.62854026],[-58.21586264,-31.62968372],[-58.21645754,-31.63071076],[-58.21654439,-31.6308607],[-58.21713893,-31.63189423],[-58.2176664,-31.6328124],[-58.21915972,-31.63541892],[-58.21944991,-31.63592297],[-58.22110316,-31.63879456],[-58.22290957,-31.64192975],[-58.22353536,-31.64301707],[-58.22416116,-31.64410438],[-58.22459221,-31.64483898],[-58.22519592,-31.64582445],[-58.22597969,-31.64696159],[-58.22687576,-31.64815504],[-58.22763481,-31.64905702],[-58.22859086,-31.65014848],[-58.22865365,-31.65022016],[-58.23060884,-31.65246507],[-58.23233087,-31.65443777],[-58.23517772,-31.65769903],[-58.23561104,-31.65817244],[-58.23616946,-31.65878556],[-58.23658585,-31.65916883],[-58.23685726,-31.65941866],[-58.23757613,-31.66004178],[-58.23834946,-31.66077933],[-58.23888038,-31.66134535],[-58.23958599,-31.66214692],[-58.24048085,-31.66319662],[-58.2410794,-31.66388271],[-58.24117428,-31.6640036],[-58.24184003,-31.66485183],[-58.24255466,-31.66589121],[-58.24313865,-31.66674366],[-58.24368854,-31.66749825],[-58.24419142,-31.66809643],[-58.24526612,-31.66933256],[-58.24671207,-31.67099569],[-58.25045294,-31.67531354],[-58.25118497,-31.67614568],[-58.25193739,-31.67700075],[-58.25233796,-31.67745689],[-58.25288194,-31.67808306],[-58.25334216,-31.67860098],[-58.25359038,-31.67888032],[-58.2540764,-31.67947816],[-58.25453512,-31.68009975],[-58.25505595,-31.68092025],[-58.25543079,-31.68146137],[-58.25606174,-31.68252302],[-58.25654605,-31.6832622],[-58.25700273,-31.68399361],[-58.25738982,-31.68465576],[-58.25768178,-31.68512518],[-58.25774576,-31.68522804],[-58.25994852,-31.68867458],[-58.26046708,-31.68956642],[-58.26103903,-31.69041949],[-58.26112576,-31.69055539],[-58.26147614,-31.69110447],[-58.26190003,-31.69169415],[-58.26269382,-31.6926599],[-58.26562811,-31.69613838],[-58.26775231,-31.6986124],[-58.2685137,-31.69949918],[-58.26918829,-31.70029305],[-58.27001864,-31.7012582],[-58.27008866,-31.70133985],[-58.27147701,-31.70295884],[-58.27289027,-31.7045748],[-58.27370206,-31.70555024],[-58.27441779,-31.70637467],[-58.27514898,-31.70723092],[-58.27568784,-31.70784165],[-58.27603317,-31.70819719],[-58.27612543,-31.70829219],[-58.27655427,-31.70872786],[-58.27974645,-31.71165766],[-58.2812055,-31.71299497],[-58.28386468,-31.71543224],[-58.28467655,-31.71618501],[-58.2852954,-31.71674955],[-58.28607082,-31.71743748],[-58.28728673,-31.71857396],[-58.2873459,-31.71862782],[-58.28805987,-31.71927764],[-58.28872566,-31.71989581],[-58.28951165,-31.72060599],[-58.29024994,-31.72129647],[-58.29095495,-31.72193436],[-58.29150111,-31.72243843],[-58.29194163,-31.72284283],[-58.29295729,-31.7237752],[-58.29712941,-31.72758585],[-58.29791355,-31.72830205],[-58.29848082,-31.72883104],[-58.29912206,-31.7294163],[-58.29952345,-31.72983332],[-58.29997147,-31.73029937],[-58.30003933,-31.73037805],[-58.30052564,-31.73094186],[-58.30108814,-31.73169195],[-58.30148869,-31.7323192],[-58.30180381,-31.73287631],[-58.30207149,-31.73339934],[-58.30231486,-31.73393393],[-58.30253189,-31.73449017],[-58.30269931,-31.73491973],[-58.30282114,-31.73532869],[-58.30299472,-31.73598469],[-58.30312484,-31.73669718],[-58.3033496,-31.73777621],[-58.30359288,-31.73894411],[-58.30388164,-31.74033041],[-58.3041096,-31.74145291],[-58.3046621,-31.7442545],[-58.3056521,-31.7490535],[-58.3059034,-31.7502971],[-58.3061687,-31.7515413],[-58.3066865,-31.7540303],[-58.3068534,-31.7547817],[-58.3069434,-31.7551906],[-58.3071603,-31.756365],[-58.3076802,-31.7588585],[-58.3084937,-31.7628678],[-58.309049,-31.7655401],[-58.3092559,-31.7664274],[-58.3097135,-31.7682035],[-58.3101143,-31.7697462],[-58.3113892,-31.7746135],[-58.3123199,-31.778106],[-58.31275,-31.7797472],[-58.3131849,-31.7813885],[-58.3133933,-31.7821399],[-58.3134477,-31.78231],[-58.313654,-31.7829991],[-58.3142308,-31.7845216],[-58.3147987,-31.7859438],[-58.3150293,-31.7865103],[-58.3155786,-31.7878542],[-58.3158165,-31.788451],[-58.3165683,-31.7903039],[-58.3169519,-31.7912831],[-58.3171194,-31.7917296],[-58.3172435,-31.7921428],[-58.3173407,-31.7925023],[-58.3174071,-31.7928164],[-58.3174739,-31.7932193],[-58.3175293,-31.7937771],[-58.3175418,-31.7940818],[-58.3175346,-31.7947942],[-58.3175081,-31.7950979],[-58.3174606,-31.7954021],[-58.3174169,-31.7956374],[-58.3173661,-31.7959103],[-58.3172881,-31.7962718],[-58.3171389,-31.7967899],[-58.3169892,-31.7971808],[-58.3168262,-31.7975698],[-58.3166329,-31.7979514],[-58.3152973,-31.8000963],[-58.3149903,-31.8005634],[-58.3143941,-31.8015257],[-58.3140984,-31.8020212],[-58.3136905,-31.8027901],[-58.3134469,-31.8033144],[-58.3132473,-31.803783],[-58.3129851,-31.8045874],[-58.3127592,-31.8054443],[-58.3125616,-31.8066804],[-58.3125302,-31.8077729],[-58.3125229,-31.8085177],[-58.3125686,-31.8092647],[-58.3126706,-31.8098601],[-58.3127915,-31.8104175],[-58.3131866,-31.812043],[-58.3136669,-31.8140736],[-58.3140996,-31.8158902],[-58.3147528,-31.8185573],[-58.3148888,-31.819173],[-58.3149585,-31.8194352],[-58.3151688,-31.8203152],[-58.31523,-31.8205715],[-58.3152817,-31.8207803],[-58.3154863,-31.82166],[-58.315669,-31.8224065],[-58.3166012,-31.8262795],[-58.317799,-31.8313021],[-58.3179292,-31.8317854],[-58.3185292,-31.8343496],[-58.3189036,-31.8358988],[-58.3194882,-31.8383757],[-58.3201102,-31.8409967],[-58.32056409,-31.84289597],[-58.32068412,-31.84341234],[-58.32106181,-31.84503723],[-58.32125645,-31.8458602],[-58.32149332,-31.84686172],[-58.3217745,-31.84788521],[-58.32190112,-31.84830871],[-58.32195496,-31.84848876],[-58.32232987,-31.84943811],[-58.32258439,-31.85004357],[-58.32286646,-31.85085092],[-58.32298219,-31.85118877],[-58.3231476,-31.8517672],[-58.32323708,-31.85216888],[-58.32338741,-31.85286849],[-58.3234526,-31.85347558],[-58.32349912,-31.85421027],[-58.32349852,-31.85487527],[-58.32349844,-31.85496235],[-58.32339628,-31.8564069],[-58.32335424,-31.85764423],[-58.32336235,-31.85850412],[-58.32338066,-31.85873075],[-58.3234907,-31.8600924],[-58.32362509,-31.86179183],[-58.3239907,-31.86641511],[-58.32432771,-31.8704377],[-58.32433203,-31.87048933],[-58.32449666,-31.87260962],[-58.32467549,-31.87491277],[-58.32495289,-31.87829387],[-58.32507903,-31.87975542],[-58.3251577,-31.88083119],[-58.32533404,-31.8832426],[-58.32545275,-31.88456118],[-58.32548319,-31.8848992],[-58.32572681,-31.88775307],[-58.32603024,-31.89176719],[-58.32604807,-31.89200304],[-58.32610446,-31.89327771],[-58.32630506,-31.89556133],[-58.32634954,-31.89606772],[-58.32643842,-31.89729942],[-58.32643772,-31.89736368],[-58.32643364,-31.89773591],[-58.3264165,-31.89827739],[-58.32640927,-31.89850572],[-58.32633386,-31.89943281],[-58.32621177,-31.90024776],[-58.32605183,-31.9010624],[-58.32589631,-31.90170184],[-58.32572373,-31.90228928],[-58.32556531,-31.90279573],[-58.3253822,-31.90331375],[-58.32529624,-31.90352922],[-58.32516278,-31.90386372],[-58.32485703,-31.90454964],[-58.32455429,-31.90523179],[-58.32419923,-31.90611005],[-58.32385722,-31.90692216],[-58.32355703,-31.90764504],[-58.32321126,-31.90847162],[-58.32290807,-31.90916507],[-58.32235424,-31.9104863],[-58.32206059,-31.91117275],[-58.32189274,-31.9116031],[-58.32172489,-31.91203346],[-58.32135468,-31.91289736],[-58.32095629,-31.91384388],[-58.320697,-31.91445249],[-58.32034383,-31.91529112],[-58.31992977,-31.91622843],[-58.31960582,-31.91699236],[-58.31953815,-31.91715128],[-58.31857054,-31.91942357],[-58.31796076,-31.92085553],[-58.31693235,-31.92327201],[-58.31622707,-31.92494639],[-58.31532086,-31.92709779],[-58.31368938,-31.93089727],[-58.31274986,-31.93311516],[-58.31263351,-31.93338982],[-58.31205869,-31.93474026],[-58.3106866,-31.93796377],[-58.30991012,-31.93981149],[-58.30961578,-31.94051191],[-58.30862746,-31.9428209],[-58.30828656,-31.94361735],[-58.30684478,-31.94704695],[-58.30610487,-31.94877938],[-58.30468337,-31.95210769],[-58.30456139,-31.95238634],[-58.30429068,-31.95300473],[-58.30407674,-31.95368266],[-58.30391369,-31.95433368],[-58.30374957,-31.95514277],[-58.30366147,-31.95576234],[-58.30360568,-31.95643323],[-58.30358114,-31.95692314],[-58.30360501,-31.95770306],[-58.30363148,-31.95796647],[-58.30367307,-31.9583802],[-58.30379039,-31.95933319],[-58.30390545,-31.96054119],[-58.30400179,-31.96140915],[-58.30411175,-31.9621802],[-58.30412648,-31.96228348],[-58.3042574,-31.96343752],[-58.30436688,-31.96446748],[-58.30447277,-31.96531102],[-58.30467268,-31.9671587],[-58.30473801,-31.9677625],[-58.30495489,-31.96958714],[-58.30508167,-31.97077481],[-58.30522823,-31.97214778],[-58.30541825,-31.97371479],[-58.30560052,-31.97532901],[-58.30567255,-31.97597818],[-58.30568881,-31.97616609],[-58.30572617,-31.97659796],[-58.30573058,-31.97764058],[-58.3057048,-31.97816397],[-58.3056607,-31.97857952],[-58.30561196,-31.97901293],[-58.30552271,-31.97955479],[-58.30543335,-31.97999094],[-58.30534033,-31.98035395],[-58.30528456,-31.98054012],[-58.30518718,-31.9808652],[-58.30503325,-31.9813281],[-58.30476117,-31.98198021],[-58.30454814,-31.98241704],[-58.30429538,-31.98292396],[-58.30384035,-31.98374112],[-58.30311616,-31.98504163],[-58.3020419,-31.98702177],[-58.29950837,-31.99169171],[-58.29710317,-31.99612509],[-58.29672486,-31.99681628],[-58.29643021,-31.99735815],[-58.29620996,-31.99776322],[-58.29567463,-31.99873052],[-58.2953039,-31.99941754],[-58.29490483,-32.00017919],[-58.29453747,-32.00081467],[-58.2941488,-32.00153691],[-58.29403008,-32.00175239],[-58.2936139,-32.00250777],[-58.29317651,-32.00331514],[-58.29249665,-32.00454907],[-58.29208748,-32.00530951],[-58.29201768,-32.0054388],[-58.29170284,-32.00602202],[-58.29141583,-32.00654033],[-58.29102516,-32.00726503],[-58.29068768,-32.00787246],[-58.29027539,-32.0086315],[-58.29002759,-32.0090854],[-58.28983165,-32.00945017],[-58.28962019,-32.00987143],[-58.28956456,-32.0099713],[-58.28935973,-32.01033899],[-58.28743996,-32.01386209],[-58.28742475,-32.01389],[-58.28683857,-32.0149747],[-58.28523212,-32.01791743],[-58.28518271,-32.01800668],[-58.28452487,-32.01919484],[-58.28296816,-32.02205658],[-58.28227097,-32.02334187],[-58.28015646,-32.02724004],[-58.27737739,-32.03236336],[-58.27664592,-32.0337068],[-58.27574101,-32.03536879],[-58.27508972,-32.0365638],[-58.27466664,-32.0373506],[-58.27459553,-32.03747977],[-58.27376331,-32.03899147],[-58.27340263,-32.03967145],[-58.27314226,-32.04017505],[-58.27254028,-32.041253],[-58.27213636,-32.04201005],[-58.27161993,-32.04294027],[-58.27151615,-32.04312946],[-58.27121444,-32.04367947],[-58.27083621,-32.04439116],[-58.27011266,-32.04571992],[-58.26977779,-32.04633491],[-58.26707647,-32.05129577],[-58.26549389,-32.05420212],[-58.26302851,-32.05872969],[-58.26084704,-32.06278605],[-58.26018199,-32.06398069],[-58.259799,-32.0646839],[-58.25912656,-32.06593625],[-58.25847146,-32.06713862],[-58.257895,-32.06819946],[-58.25730047,-32.06929355],[-58.25682335,-32.07011503],[-58.2564478,-32.07079626],[-58.25591294,-32.07178767],[-58.25558181,-32.07245226],[-58.25534637,-32.07287317],[-58.25504971,-32.07341534],[-58.25497575,-32.07355052],[-58.25467935,-32.07410246],[-58.25407128,-32.07520567],[-58.25329335,-32.07657878],[-58.25251932,-32.07804047],[-58.25164494,-32.07966471],[-58.25159571,-32.07976364],[-58.25134825,-32.08026086],[-58.25104452,-32.08102415],[-58.25087266,-32.0815296],[-58.25075256,-32.08196266],[-58.2507315,-32.08203859],[-58.25038808,-32.08336562],[-58.24950765,-32.08684492],[-58.24878194,-32.08971282],[-58.24815612,-32.09218881],[-58.24734169,-32.09541098],[-58.24700324,-32.09675003],[-58.24656016,-32.0985488],[-58.24644934,-32.09901034],[-58.24641288,-32.09933012],[-58.24640357,-32.09972802],[-58.24643628,-32.10011946],[-58.24646725,-32.10049838],[-58.24644264,-32.10086053],[-58.24634216,-32.10140361],[-58.24615158,-32.10193757],[-58.24594321,-32.10230718],[-58.24571614,-32.10266968],[-58.2455735,-32.1029199],[-58.24540177,-32.10327364],[-58.24524653,-32.10369566],[-58.24415463,-32.10802694],[-58.24388896,-32.10907655],[-58.24362329,-32.11012616],[-58.24310845,-32.11214335],[-58.24305015,-32.11237178],[-58.24286629,-32.11309217],[-58.24268823,-32.11387107],[-58.2425658,-32.11445043],[-58.2424515,-32.11527938],[-58.24239224,-32.11582136],[-58.24235148,-32.11619421],[-58.24179979,-32.12118768],[-58.24159857,-32.1230089],[-58.24132858,-32.12552961],[-58.24070012,-32.13139711],[-58.24055562,-32.13274614],[-58.24040581,-32.13430126],[-58.24030067,-32.13514959],[-58.24012827,-32.1367278],[-58.24003876,-32.13756671],[-58.23993343,-32.13856085],[-58.23984752,-32.13943791],[-58.23975007,-32.14030057],[-58.23966631,-32.14111064],[-58.23959419,-32.14168249],[-58.23941961,-32.14341673],[-58.23920736,-32.14553188],[-58.23915651,-32.14608222],[-58.23905264,-32.14692133],[-58.23902042,-32.1478434],[-58.23901724,-32.14852519],[-58.23903081,-32.14914097],[-58.23906416,-32.1496218],[-58.23932928,-32.15239279],[-58.23979159,-32.15709538],[-58.23985721,-32.15776285],[-58.23996922,-32.1588264],[-58.23997214,-32.15885577],[-58.24019644,-32.16111068],[-58.24020813,-32.16122829],[-58.24024093,-32.16178689],[-58.24022376,-32.16236364],[-58.24018636,-32.16279291],[-58.24012195,-32.16326996],[-58.23998773,-32.1638397],[-58.23979227,-32.16449136],[-58.23961113,-32.16494922],[-58.2394467,-32.1653487],[-58.2386166,-32.16730125],[-58.23828722,-32.16807503],[-58.23817523,-32.16833908],[-58.23797022,-32.16882249],[-58.23777684,-32.16929363],[-58.23748296,-32.17001686],[-58.23706139,-32.17119855],[-58.23671337,-32.17208577],[-58.23654673,-32.17245856],[-58.23615072,-32.17334446],[-58.23562103,-32.17443379],[-58.23535274,-32.17502897],[-58.23521575,-32.17541825],[-58.23507647,-32.17585444],[-58.23495774,-32.17629182],[-58.23486779,-32.17678402],[-58.23484399,-32.17701935],[-58.23481999,-32.17725662],[-58.2347704,-32.1778752],[-58.23481682,-32.17861025],[-58.23494274,-32.17937638],[-58.23512112,-32.18009248],[-58.23535127,-32.18076835],[-58.23556433,-32.18123231],[-58.23562621,-32.18136706],[-58.2371208,-32.18427551],[-58.23985809,-32.18958291],[-58.24009515,-32.19004255],[-58.24024915,-32.19034115],[-58.24452805,-32.19861372],[-58.24472014,-32.199045],[-58.24490245,-32.19951954],[-58.24502018,-32.19982599],[-58.24517749,-32.20043407],[-58.24528175,-32.20099793],[-58.24532632,-32.20148952],[-58.24535441,-32.2017993],[-58.24533502,-32.20252435],[-58.24527905,-32.20308272],[-58.2452017,-32.20364942],[-58.24503192,-32.20433704],[-58.24483546,-32.20492255],[-58.24457893,-32.20552972],[-58.24320869,-32.20865667],[-58.24305032,-32.20901807],[-58.24096846,-32.21375035],[-58.2403141,-32.2152378],[-58.23967114,-32.21671244],[-58.2396185,-32.21690864],[-58.23952504,-32.21725704],[-58.23943871,-32.21784622],[-58.23943521,-32.21846201],[-58.23944725,-32.2189072],[-58.239408,-32.21927176],[-58.23933534,-32.21964412],[-58.23920165,-32.21999944],[-58.23902601,-32.22036014],[-58.23879698,-32.22072837],[-58.23853789,-32.22110435],[-58.23825076,-32.22140439],[-58.23796182,-32.22170607],[-58.2376267,-32.22210823],[-58.23744838,-32.22232371],[-58.23727999,-32.22252719],[-58.23698648,-32.2229289],[-58.23682053,-32.22320316],[-58.23657122,-32.22374563],[-58.23640363,-32.22412455],[-58.23634946,-32.2242469],[-58.23550922,-32.22614494],[-58.23534815,-32.22657731],[-58.23520609,-32.22701182],[-58.23510012,-32.22734138],[-58.23494938,-32.22791301],[-58.23482296,-32.22851731],[-58.23474953,-32.22914164],[-58.2346901,-32.22983409],[-58.23466535,-32.23052372],[-58.23472175,-32.23148396],[-58.23496233,-32.23384088],[-58.23545786,-32.2386956],[-58.23597554,-32.24372041],[-58.23603084,-32.2442571],[-58.23641362,-32.24800116],[-58.2366084,-32.24990635],[-58.23683252,-32.25208659],[-58.23696936,-32.25341777],[-58.23708363,-32.2546314],[-58.23723409,-32.25583917],[-58.23739585,-32.25672482],[-58.23740918,-32.25678975],[-58.23759933,-32.2577158],[-58.23781679,-32.25878409],[-58.23815926,-32.25993372],[-58.2384986,-32.26095567],[-58.23868107,-32.26156655],[-58.23885774,-32.26235641],[-58.23906943,-32.26330277],[-58.23945427,-32.2648559],[-58.23971762,-32.26591422],[-58.2399111,-32.26670202],[-58.23998845,-32.26701481],[-58.2400658,-32.2673276],[-58.24027723,-32.26817572],[-58.24203975,-32.27524588],[-58.24215465,-32.2757068],[-58.24340449,-32.28070963],[-58.24447612,-32.28500088],[-58.24478777,-32.28624883],[-58.2455508,-32.28929422],[-58.24557594,-32.28939455],[-58.24601418,-32.29122426],[-58.24634323,-32.29251207],[-58.2465712,-32.29342497],[-58.24680872,-32.2942952],[-58.24710313,-32.2951653],[-58.24753643,-32.2961499],[-58.24780717,-32.29678848],[-58.24802638,-32.29735693],[-58.24835042,-32.29832143],[-58.24856092,-32.29917067],[-58.24882087,-32.30010356],[-58.24907927,-32.30077231],[-58.24931218,-32.30130818],[-58.24964506,-32.30191962],[-58.24996467,-32.30248516],[-58.2502965,-32.30297805],[-58.2504794,-32.30321477],[-58.25115207,-32.30408536],[-58.25219805,-32.3054485],[-58.25246806,-32.30582857],[-58.25283576,-32.30636923],[-58.25304432,-32.30667589],[-58.25349295,-32.3074222],[-58.25383125,-32.30810016],[-58.25413336,-32.30884603],[-58.25444315,-32.309741],[-58.25477216,-32.31100161],[-58.25538457,-32.31338795],[-58.25584599,-32.31521613],[-58.25631772,-32.31707684],[-58.25733841,-32.32110286],[-58.25810645,-32.32413233],[-58.25903835,-32.32776273],[-58.25923342,-32.328573],[-58.2594185,-32.32929793],[-58.25960626,-32.33013002],[-58.25987913,-32.33105975],[-58.26008325,-32.33182471],[-58.26024373,-32.33255322],[-58.2603978,-32.33317346],[-58.26054053,-32.33377018],[-58.26078045,-32.33466698],[-58.26093557,-32.3352083],[-58.26100426,-32.33544799],[-58.26119917,-32.33625178],[-58.26138195,-32.33700793],[-58.26159282,-32.33783561],[-58.26173599,-32.33838283],[-58.26206451,-32.3396679],[-58.263252,-32.34430877],[-58.26345129,-32.34506087],[-58.26367704,-32.34586597],[-58.26393742,-32.34665649],[-58.26424241,-32.34740471],[-58.26461054,-32.34823678],[-58.26499086,-32.34896657],[-58.26538622,-32.34967297],[-58.26626332,-32.35120336],[-58.26632422,-32.35131249],[-58.26661616,-32.35183562],[-58.26700531,-32.35254381],[-58.26740374,-32.35326694],[-58.26787294,-32.35410791],[-58.26832126,-32.35491036],[-58.2688037,-32.35578603],[-58.26931114,-32.356701],[-58.26970836,-32.35740184],[-58.27016905,-32.35823204],[-58.27066433,-32.35912766],[-58.27110472,-32.35994179],[-58.27148535,-32.36062118],[-58.27213077,-32.36176415],[-58.27273171,-32.36282836],[-58.27348892,-32.36419718],[-58.27490053,-32.3667594],[-58.27527231,-32.3674418],[-58.27556964,-32.36803021],[-58.27584809,-32.3686995],[-58.27610932,-32.36941578],[-58.27633024,-32.37021655],[-58.27637783,-32.37044336],[-58.27650792,-32.37106327],[-58.27662482,-32.37191544],[-58.2774217,-32.37877536],[-58.27823966,-32.38581672],[-58.27840407,-32.3870372],[-58.27843982,-32.38734705],[-58.27855669,-32.38835988],[-58.27865494,-32.38934042],[-58.27871975,-32.39007537],[-58.27873444,-32.39080872],[-58.278736,-32.39149211],[-58.27870445,-32.39355975],[-58.27857926,-32.39924458],[-58.2785615,-32.4000509],[-58.27852311,-32.40109979],[-58.27849378,-32.40217071],[-58.27853492,-32.40276596],[-58.27855409,-32.40304345],[-58.27863563,-32.40386684],[-58.27870765,-32.40451015],[-58.27880554,-32.40525124],[-58.27887395,-32.40600874],[-58.2789199,-32.40655161],[-58.2789901,-32.40719407],[-58.2790748,-32.4078716],[-58.27926258,-32.4088136],[-58.2794379,-32.40969112],[-58.28034101,-32.41352849],[-58.28087238,-32.41578637],[-58.28357163,-32.42725572],[-58.28373144,-32.42785112],[-58.28393059,-32.42848276],[-58.28419184,-32.42919986],[-58.28455721,-32.43002856],[-58.28461651,-32.43016231],[-58.28593978,-32.43314692],[-58.2875171,-32.43670451],[-58.28923421,-32.44056724],[-58.28959488,-32.44115729],[-58.29017892,-32.44176751],[-58.29055262,-32.44228272],[-58.29078424,-32.44273693],[-58.29094896,-32.44326283],[-58.29102568,-32.44371477],[-58.29105546,-32.44432864],[-58.29109424,-32.44458444],[-58.29117456,-32.44497869],[-58.29364347,-32.45057073],[-58.2946856,-32.45294934],[-58.29491792,-32.45347703],[-58.29847742,-32.46156193],[-58.29964439,-32.46421254],[-58.30059668,-32.46629761],[-58.30101541,-32.46723983],[-58.30206415,-32.46959969],[-58.30237115,-32.47029777],[-58.30266548,-32.4709315],[-58.30353237,-32.47253855],[-58.30383554,-32.47302775],[-58.30438137,-32.47399127],[-58.30464054,-32.47449558],[-58.30508143,-32.47540304],[-58.30542455,-32.47623591],[-58.30572207,-32.47704827],[-58.30607563,-32.47815602],[-58.30628652,-32.47886112],[-58.3063731,-32.4791706],[-58.3066294,-32.4799426],[-58.3067742,-32.4803159],[-58.3069512,-32.4807504],[-58.3075567,-32.4822289],[-58.3081327,-32.4836035],[-58.3093571,-32.486294],[-58.3098961,-32.4875255],[-58.3108728,-32.489746],[-58.3115015,-32.4911915],[-58.3121466,-32.4928363],[-58.3122701,-32.4931236],[-58.3124127,-32.4934486],[-58.3125936,-32.493858],[-58.3127022,-32.4941255],[-58.3128044,-32.4943805],[-58.313013,-32.4948473],[-58.3154719,-32.5003937],[-58.3155059,-32.5004709],[-58.3163021,-32.5022538],[-58.3165911,-32.5029056],[-58.3183586,-32.5068876],[-58.31869317,-32.50763568],[-58.31932318,-32.50906188],[-58.31985553,-32.51026701],[-58.32035872,-32.51140613],[-58.32071061,-32.51218024],[-58.32121512,-32.51311272],[-58.32166351,-32.51383135],[-58.32221524,-32.5146655],[-58.32397738,-32.51726626],[-58.32569312,-32.51979855],[-58.32646707,-32.52096738],[-58.32700832,-32.52177043],[-58.32736236,-32.52229573],[-58.32779703,-32.52291647],[-58.32805956,-32.52327339],[-58.32839173,-32.52368673],[-58.32904827,-32.5244311],[-58.32965627,-32.52509827],[-58.32984542,-32.52527404],[-58.33227762,-32.52753416],[-58.33536772,-32.53035755],[-58.33654616,-32.53143427],[-58.33912628,-32.53381725],[-58.34003903,-32.53469164],[-58.34274156,-32.53728057],[-58.3435497,-32.53806508],[-58.34389738,-32.53835218],[-58.3443899,-32.53870322],[-58.34503378,-32.53904009],[-58.34564205,-32.53927298],[-58.34610021,-32.53949926],[-58.34625229,-32.53957437],[-58.34674177,-32.53992685],[-58.34721728,-32.54039121],[-58.34751547,-32.54079437],[-58.3475517,-32.54084335],[-58.34779671,-32.54131667],[-58.34800894,-32.54185462],[-58.3481512,-32.54220217],[-58.34837259,-32.54259281],[-58.34869094,-32.54298998],[-58.34947669,-32.54382544],[-58.35065792,-32.54497873],[-58.35363756,-32.54788789],[-58.35516502,-32.54924622],[-58.35685162,-32.55074605],[-58.36033501,-32.553813],[-58.36254623,-32.55575987],[-58.36420369,-32.55721393],[-58.367222,-32.55987562],[-58.36784109,-32.56042157],[-58.37002668,-32.56233869],[-58.37411097,-32.56592129],[-58.37533599,-32.56701618],[-58.37755837,-32.56897019],[-58.37944048,-32.57062501],[-58.38072586,-32.57175224],[-58.38115381,-32.57212946],[-58.38158176,-32.57250667],[-58.38431145,-32.57489517],[-58.38648728,-32.57682007],[-58.38714011,-32.57739851],[-58.38818952,-32.57830946],[-58.38887438,-32.57891736],[-58.3893611,-32.57935344],[-58.39010918,-32.58000377],[-58.39052137,-32.58036404],[-58.3909394,-32.58072941],[-58.39164166,-32.58134364],[-58.39258459,-32.58219114],[-58.39345301,-32.5829454],[-58.39429142,-32.58367806],[-58.39543092,-32.58468115],[-58.39674275,-32.58583594],[-58.39902609,-32.58784205],[-58.40220437,-32.59063445],[-58.40326785,-32.59156466],[-58.40393508,-32.59216217],[-58.40444777,-32.59262128],[-58.4050463,-32.59319147],[-58.40581846,-32.59392945],[-58.40673112,-32.59487687],[-58.40753364,-32.59574364],[-58.40809054,-32.59638408],[-58.40892974,-32.59740235],[-58.40896745,-32.59745054],[-58.40951325,-32.5981481],[-58.41004651,-32.59887777],[-58.41057441,-32.5996317],[-58.4112766,-32.60066127],[-58.41148277,-32.60098522],[-58.41177732,-32.60144803],[-58.41220052,-32.60212547],[-58.41255306,-32.60274658],[-58.41288404,-32.6033474],[-58.41372651,-32.60497806],[-58.4138877,-32.60529206],[-58.41565801,-32.60874077],[-58.416845,-32.61103606],[-58.41727507,-32.61186767],[-58.41783429,-32.61295936],[-58.41960453,-32.61641514],[-58.4216315,-32.62035118],[-58.42208008,-32.62123326],[-58.42223896,-32.62154376],[-58.42244761,-32.62195153],[-58.42275903,-32.6225488],[-58.423164,-32.62334],[-58.4236197,-32.62423591],[-58.42401661,-32.62499956],[-58.42437125,-32.62568615],[-58.42474362,-32.62644833],[-58.42533234,-32.62757668],[-58.42563739,-32.62814799],[-58.42633096,-32.62950716],[-58.42676442,-32.63035258],[-58.42722054,-32.63124105],[-58.42734591,-32.63148039],[-58.42777413,-32.63229786],[-58.42832735,-32.63338297],[-58.42836638,-32.63345882],[-58.42876868,-32.63424081],[-58.42930276,-32.63535648],[-58.4296871,-32.63619207],[-58.42999348,-32.63689225],[-58.43046732,-32.63806178],[-58.43115661,-32.63975989],[-58.43141232,-32.64033198],[-58.43263024,-32.64305675],[-58.432903,-32.64371976],[-58.43323322,-32.64456596],[-58.43354928,-32.64537609],[-58.43377319,-32.64597332],[-58.43424736,-32.64753131],[-58.43432364,-32.6477559],[-58.43465324,-32.64872636],[-58.43539312,-32.65065995],[-58.43635783,-32.65312717],[-58.43766284,-32.65646473],[-58.43894359,-32.65974022],[-58.43978373,-32.66188886],[-58.44010167,-32.66267336],[-58.44029646,-32.66316973],[-58.44044353,-32.66342929],[-58.44066867,-32.6637352],[-58.44089421,-32.66399152],[-58.44107404,-32.6642539],[-58.44117932,-32.66453552],[-58.44118353,-32.66457393],[-58.44120988,-32.66481424],[-58.44120318,-32.66517867],[-58.4412398,-32.66549029],[-58.44130979,-32.665743],[-58.44155246,-32.6663728],[-58.44172928,-32.66683173],[-58.44196475,-32.66746574],[-58.4419812,-32.66751003],[-58.44235491,-32.66845362],[-58.44254899,-32.6689766],[-58.44275945,-32.66950713],[-58.44304132,-32.67022127],[-58.4435348,-32.67154464],[-58.44375137,-32.67206415],[-58.44423087,-32.67328197],[-58.4449195,-32.6750001],[-58.4536418,-32.6973481],[-58.4657439,-32.7284812],[-58.4663175,-32.7297087],[-58.4668643,-32.7306511],[-58.4672391,-32.7312095],[-58.4689089,-32.7332281],[-58.4745431,-32.7398302],[-58.4784965,-32.7444921],[-58.4798495,-32.7460681],[-58.49809656,-32.767395],[-58.49818073,-32.76749395],[-58.49840964,-32.76776304],[-58.49845543,-32.76781686],[-58.49920828,-32.76870184],[-58.49946002,-32.76899777],[-58.5001472,-32.76980557],[-58.50019844,-32.76986579],[-58.50105914,-32.77087756],[-58.50115548,-32.7709908],[-58.50143429,-32.77131855],[-58.50247099,-32.77254221],[-58.5025567,-32.77264338],[-58.50277277,-32.77289841],[-58.50319268,-32.77339406],[-58.50511839,-32.77566705],[-58.50520298,-32.77576686],[-58.50627433,-32.77703083],[-58.5078497,-32.77888945],[-58.50848346,-32.77963717],[-58.51057818,-32.78210851],[-58.51181299,-32.78356535],[-58.51192119,-32.783693],[-58.51227522,-32.78411069],[-58.51307143,-32.78505346],[-58.51364893,-32.78575957],[-58.514153,-32.78648208],[-58.51437253,-32.78683801],[-58.51453581,-32.78710274],[-58.51489297,-32.78777768],[-58.5152449,-32.78855883],[-58.51554384,-32.78935955],[-58.51616492,-32.79106492],[-58.51638601,-32.79167917],[-58.51657418,-32.79220197],[-58.51722288,-32.79401213],[-58.51732797,-32.79430357],[-58.51768957,-32.79530631],[-58.51783712,-32.7957134],[-58.51804598,-32.79628964],[-58.51842748,-32.79733024],[-58.51863997,-32.79791551],[-58.5187857,-32.79831686],[-58.52110266,-32.80470777],[-58.52236306,-32.80818436],[-58.52318359,-32.81044763],[-58.52357014,-32.81153087],[-58.52363407,-32.81171002],[-58.52385984,-32.81235797],[-58.52410742,-32.81303493],[-58.52412877,-32.8130941],[-58.52437193,-32.81376794],[-58.52457291,-32.81432546],[-58.52479796,-32.81494686],[-58.52512023,-32.81580265],[-58.52558242,-32.81711092],[-58.52600552,-32.81829402],[-58.52628022,-32.81907192],[-58.52656703,-32.8198252],[-58.52691498,-32.82077759],[-58.52732261,-32.82192005],[-58.52753443,-32.82251555],[-58.52777752,-32.82317762],[-58.52967225,-32.82840356],[-58.53004645,-32.82943563],[-58.5303629,-32.8303424],[-58.534846,-32.8427027],[-58.5350047,-32.8431401],[-58.5354757,-32.8444404],[-58.5370422,-32.8487646],[-58.5391618,-32.8546683],[-58.5420754,-32.8626713],[-58.5477401,-32.8782729],[-58.548637,-32.8814914],[-58.548969,-32.8828178],[-58.5500387,-32.8872117],[-58.5506436,-32.8896169],[-58.5508204,-32.8903835],[-58.5509932,-32.8910533],[-58.5510985,-32.8915362],[-58.5515082,-32.8931891],[-58.5522242,-32.8960851],[-58.5530511,-32.8994323],[-58.553538,-32.9014109],[-58.5535882,-32.9015927],[-58.5536441,-32.9017778],[-58.553696,-32.9019313],[-58.5537648,-32.9021236],[-58.553833,-32.9022869],[-58.5539012,-32.9024427],[-58.5539929,-32.9026329],[-58.5542953,-32.9031609],[-58.5546426,-32.9036871],[-58.5555367,-32.9048813],[-58.5572276,-32.9070233],[-58.5625321,-32.9137907],[-58.5637655,-32.9153644],[-58.5648545,-32.9169297],[-58.5658989,-32.9188148],[-58.5694516,-32.9263702],[-58.5712713,-32.9302521],[-58.5774644,-32.943538],[-58.5792327,-32.947965],[-58.58194315,-32.95468664],[-58.58205585,-32.95497024],[-58.58229635,-32.95557544],[-58.58303855,-32.9574431],[-58.58313738,-32.95769177],[-58.58326821,-32.95801457],[-58.58366986,-32.95900555],[-58.58414038,-32.96003864],[-58.5844036,-32.96054389],[-58.5846713,-32.96105776],[-58.58560986,-32.9627135],[-58.58567681,-32.96283091],[-58.58621582,-32.9637762],[-58.58656544,-32.96438935],[-58.58776135,-32.96649653],[-58.58846276,-32.9677324],[-58.58854847,-32.96788314],[-58.58892082,-32.96853803],[-58.58934796,-32.9693199],[-58.58970465,-32.97003912],[-58.59004807,-32.97077297],[-58.59033321,-32.9714013],[-58.59035771,-32.97146276],[-58.59100593,-32.97308822],[-58.59235573,-32.97647295],[-58.59292829,-32.97790869],[-58.59320657,-32.97860453],[-58.59389126,-32.98031657],[-58.59407807,-32.98078263],[-58.59482688,-32.98265078],[-58.59508241,-32.98328786],[-58.59557084,-32.98450557],[-58.59589907,-32.98532074],[-58.59643441,-32.98665028],[-58.59699072,-32.98803188],[-58.59716804,-32.98847226],[-58.59768382,-32.9897827],[-58.59786095,-32.99023274],[-58.59869522,-32.99230213],[-58.59906338,-32.99321534],[-58.59989042,-32.99523452],[-58.6008838,-32.99765982],[-58.6025204,-33.00165551],[-58.6027296,-33.00216351],[-58.6032351,-33.00339103],[-58.60341599,-33.00383029],[-58.60380063,-33.00477772],[-58.604592,-33.0065087],[-58.6049574,-33.0073156],[-58.6050846,-33.0076196],[-58.6052088,-33.0079245],[-58.6054546,-33.0085441],[-58.6062769,-33.0104637],[-58.6064268,-33.0108136],[-58.60676006,-33.01161375],[-58.607155,-33.012562],[-58.60726943,-33.01285651]]]},"geometry_name":"geom","properties":{"gid":1826,"rtn":"14","typ":47,"rst":1,"hct":1,"fdc":"Dirección Nacional de Vialidad","sag":"IGN"},"bbox":[-58.8028757,-33.49986532,-57.2079511,-29.7052475]},{"type":"Feature","id":"vial_nacional.2453","geometry":{"type":"MultiLineString","coordinates":[[[-58.42170889,-31.55221442],[-58.421633,-31.5521753],[-58.4215779,-31.5521441],[-58.4215483,-31.5521216],[-58.4215187,-31.5521008],[-58.4214731,-31.5520757],[-58.4214235,-31.552048],[-58.4213728,-31.5520261],[-58.4213098,-31.5520041],[-58.4212382,-31.551987],[-58.4211625,-31.5519733],[-58.4145769,-31.5508003],[-58.4139764,-31.550674],[-58.4134061,-31.5505453],[-58.4127659,-31.5503722],[-58.4112033,-31.5499218],[-58.4107942,-31.549813],[-58.4103821,-31.54972],[-58.4090495,-31.5494876],[-58.4070454,-31.5491381],[-58.4065597,-31.5490629],[-58.4060374,-31.5489951],[-58.4054605,-31.5489451],[-58.4047432,-31.5488925],[-58.4040773,-31.5488494],[-58.4034851,-31.5487883],[-58.4028668,-31.5486987],[-58.4022665,-31.5486008],[-58.4008049,-31.5483332],[-58.399245,-31.5480475],[-58.3978769,-31.547797],[-58.3970827,-31.5476476],[-58.3964182,-31.5475064],[-58.3959026,-31.5473837],[-58.3952395,-31.5472027],[-58.3940259,-31.5468465],[-58.3934291,-31.546685],[-58.3927162,-31.5465287],[-58.3885136,-31.545778],[-58.3877081,-31.5456341],[-58.387227,-31.545558],[-58.3868319,-31.5455014],[-58.38645,-31.5454609],[-58.38547,-31.5453934],[-58.3844333,-31.5453381],[-58.383876,-31.545294],[-58.3833524,-31.5452389],[-58.3827609,-31.5451553],[-58.3820537,-31.5450416],[-58.3686144,-31.5426416],[-58.3684167,-31.5426104],[-58.3553539,-31.5402612],[-58.3547577,-31.5401533],[-58.3542535,-31.5400439],[-58.3537394,-31.5399133],[-58.3532472,-31.5397722],[-58.3526029,-31.5395744],[-58.3513015,-31.5391865],[-58.3506307,-31.5390166],[-58.3500698,-31.5388983],[-58.3490481,-31.5387137],[-58.3464433,-31.5382529],[-58.3456349,-31.538097],[-58.3451699,-31.5380257],[-58.3447695,-31.5379698],[-58.3443356,-31.537914],[-58.3439424,-31.5378772],[-58.343498,-31.5378457],[-58.3423052,-31.5377766],[-58.341795,-31.5377464],[-58.3413626,-31.5377108],[-58.3409828,-31.5376613],[-58.3405685,-31.5376059],[-58.3398511,-31.5374827],[-58.3262306,-31.5350443],[-58.3185247,-31.5336603],[-58.3108488,-31.5322751],[-58.3105542,-31.5322069],[-58.3102766,-31.532135],[-58.3096487,-31.5319427],[-58.3090858,-31.5317722],[-58.3086031,-31.5316212],[-58.3080337,-31.5314369],[-58.3074152,-31.5312702],[-58.3069076,-31.5311519],[-58.3065464,-31.5310724],[-58.3061358,-31.5309971],[-58.3055343,-31.530902],[-58.3054025,-31.530878],[-58.3028416,-31.5304121],[-58.3023306,-31.5303191],[-58.3018632,-31.5302377],[-58.3014916,-31.5301798],[-58.301201,-31.5301372],[-58.3008577,-31.5300911],[-58.3005668,-31.5300582],[-58.3002697,-31.5300301],[-58.2999659,-31.5300115],[-58.2995278,-31.529993],[-58.2991225,-31.5299749],[-58.2987907,-31.5299527],[-58.2983349,-31.5299125],[-58.2978004,-31.529864],[-58.2974554,-31.5298303],[-58.2970782,-31.5297815],[-58.2967561,-31.5297355],[-58.2963769,-31.5296925],[-58.2580536,-31.5227704],[-58.2576466,-31.5226837],[-58.2572922,-31.5225991],[-58.256919,-31.5225058],[-58.2565971,-31.5224174],[-58.2562113,-31.5223046],[-58.2557152,-31.5221454],[-58.2552525,-31.5219978],[-58.2547888,-31.5218496],[-58.2543636,-31.5217278],[-58.2539696,-31.5216285],[-58.2535814,-31.5215384],[-58.253123,-31.5214523],[-58.2525025,-31.5213431],[-58.2522476,-31.5213013],[-58.2474828,-31.520439],[-58.2462853,-31.5202144],[-58.2459736,-31.5201558],[-58.2455345,-31.520073],[-58.245281,-31.52003],[-58.2449807,-31.5199832],[-58.2445918,-31.5199303],[-58.2442854,-31.5198982],[-58.2439159,-31.5198587],[-58.2433641,-31.5198172],[-58.2421712,-31.5197487],[-58.241641,-31.5197113],[-58.2413089,-31.5196761],[-58.2409822,-31.5196358],[-58.2406528,-31.5195907],[-58.24039,-31.5195499],[-58.2401106,-31.5194956],[-58.2398279,-31.5194456],[-58.2340852,-31.5184063],[-58.2283415,-31.5173719],[-58.2168456,-31.5152776],[-58.193865,-31.5110941],[-58.1932889,-31.5109956],[-58.1930075,-31.5109536],[-58.1927447,-31.5109171],[-58.1924872,-31.5108908],[-58.192223,-31.5108759],[-58.1919467,-31.5108713],[-58.1916731,-31.510877],[-58.1913995,-31.510893],[-58.1911394,-31.5109205],[-58.1908698,-31.5109605],[-58.1906137,-31.5110074],[-58.1903562,-31.5110657],[-58.1901201,-31.5111297],[-58.1898948,-31.5111983],[-58.1887361,-31.511571],[-58.1858707,-31.51241395]]]},"geometry_name":"geom","properties":{"gid":2453,"rtn":"18","typ":47,"rst":1,"hct":1,"fdc":"Dirección Nacional de Vialidad","sag":"IGN"},"bbox":[-58.42170889,-31.55221442,-58.1858707,-31.5108713]},{"type":"Feature","id":"vial_nacional.2454","geometry":{"type":"MultiLineString","coordinates":[[[-58.18589143,-31.51250832],[-58.1887643,-31.5116396],[-58.1899933,-31.5112522],[-58.1901389,-31.5112063],[-58.1903924,-31.5111389],[-58.1906365,-31.5110817],[-58.1908939,-31.5110337],[-58.1911608,-31.5109948],[-58.1914518,-31.5109662],[-58.1916919,-31.5109548],[-58.191944,-31.5109514],[-58.1922082,-31.5109594],[-58.1924764,-31.5109708],[-58.1927366,-31.5109959],[-58.1929847,-31.5110302],[-58.1932564,-31.5110727],[-58.193841,-31.5111814],[-58.2199963,-31.51594],[-58.2330825,-31.5183102],[-58.2461541,-31.5207073],[-58.249084,-31.5212141],[-58.2506169,-31.521506],[-58.2521018,-31.5217704],[-58.2583464,-31.5228974],[-58.2757702,-31.5260417],[-58.289207,-31.5284797],[-58.3026606,-31.5308736],[-58.3052793,-31.5313441],[-58.3104925,-31.5323158],[-58.3157167,-31.5332484],[-58.3261625,-31.5351168],[-58.3462142,-31.5387168],[-58.3488799,-31.5391851],[-58.3503321,-31.5394648],[-58.3517649,-31.5397188],[-58.3546628,-31.5402425],[-58.3606983,-31.5413025],[-58.3745417,-31.5437956],[-58.3883623,-31.5462619],[-58.3904888,-31.5466167],[-58.3980579,-31.5480066],[-58.3982256,-31.5480378],[-58.3992312,-31.5482247],[-58.3997993,-31.5483303],[-58.4020693,-31.5487507],[-58.4026576,-31.5488596],[-58.4088479,-31.5499515],[-58.4139943,-31.5508592],[-58.42170889,-31.55221442]]]},"geometry_name":"geom","properties":{"gid":2454,"rtn":"18","typ":47,"rst":1,"hct":1,"fdc":"Dirección Nacional de Vialidad","sag":"IGN"},"bbox":[-58.42170889,-31.55221442,-58.18589143,-31.5109514]},{"type":"Feature","id":"vial_nacional.2621","geometry":{"type":"MultiLineString","coordinates":[[[-58.7805578,-30.9470392],[-58.7805734,-30.9469931],[-58.7806039,-30.9469529],[-58.7806467,-30.9469219],[-58.7806981,-30.9469029],[-58.7807537,-30.9468975]]]},"geometry_name":"geom","properties":{"gid":2621,"rtn":"127","typ":40,"rst":1,"hct":1,"fdc":"Dirección Nacional de Vialidad","sag":"IGN"},"bbox":[-58.7807537,-30.9470392,-58.7805578,-30.9468975]},{"type":"Feature","id":"vial_nacional.2622","geometry":{"type":"MultiLineString","coordinates":[[[-58.7809386,-30.9470578],[-58.78092753,-30.94712222],[-58.78091373,-30.94715512],[-58.78088089,-30.94719224],[-58.78083806,-30.94722127],[-58.78079965,-30.94723165]]]},"geometry_name":"geom","properties":{"gid":2622,"rtn":"127","typ":40,"rst":1,"hct":1,"fdc":"Dirección Nacional de Vialidad","sag":"IGN"},"bbox":[-58.7809386,-30.94723165,-58.78079965,-30.9470578]},{"type":"Feature","id":"vial_nacional.2620","geometry":{"type":"MultiLineString","coordinates":[[[-58.78079965,-30.94723165],[-58.780744,-30.9472254],[-58.7807105,-30.9472224],[-58.7806574,-30.9472062],[-58.7806122,-30.9471775],[-58.7805786,-30.9471387],[-58.7805597,-30.9470932],[-58.7805578,-30.9470392]]]},"geometry_name":"geom","properties":{"gid":2620,"rtn":"127","typ":40,"rst":1,"hct":1,"fdc":"Dirección Nacional de Vialidad","sag":"IGN"},"bbox":[-58.78079965,-30.94723165,-58.7805578,-30.9470392]},{"type":"Feature","id":"vial_nacional.2640","geometry":{"type":"MultiLineString","coordinates":[[[-58.61399352,-33.02897879],[-58.6149973,-33.0314391],[-58.6156877,-33.0332043],[-58.6162875,-33.0345954],[-58.6168454,-33.0359636],[-58.6168919,-33.036076],[-58.6175276,-33.0376364],[-58.6181825,-33.0391941],[-58.6189274,-33.0410055],[-58.6196038,-33.0426621],[-58.62007653,-33.04373788]]]},"geometry_name":"geom","properties":{"gid":2640,"rtn":"14","typ":47,"rst":1,"hct":1,"fdc":"Dirección Nacional de Vialidad","sag":"IGN"},"bbox":[-58.62007653,-33.04373788,-58.61399352,-33.02897879]},{"type":"Feature","id":"vial_nacional.2641","geometry":{"type":"MultiLineString","coordinates":[[[-58.61399352,-33.02897879],[-58.61340986,-33.02757395],[-58.61261853,-33.02566305],[-58.612177,-33.02459392],[-58.61130811,-33.02248975],[-58.609964,-33.0192286],[-58.60938868,-33.01791989],[-58.60923346,-33.01756016]]]},"geometry_name":"geom","properties":{"gid":2641,"rtn":"14","typ":47,"rst":1,"hct":1,"fdc":"Dirección Nacional de Vialidad","sag":"IGN"},"bbox":[-58.61399352,-33.02897879,-58.60923346,-33.01756016]},{"type":"Feature","id":"vial_nacional.2642","geometry":{"type":"MultiLineString","coordinates":[[[-58.60923346,-33.01756016],[-58.6085455,-33.01592841],[-58.60807781,-33.01477745],[-58.60785409,-33.01425502],[-58.60765301,-33.01377291],[-58.60726943,-33.01285651],[-58.6075641,-33.0136149],[-58.6077684,-33.0141147],[-58.6078555,-33.0143334],[-58.6079678,-33.0145982],[-58.6080828,-33.0148607],[-58.6082151,-33.0151863],[-58.6083569,-33.0155543],[-58.608508,-33.0159222],[-58.60923346,-33.01756016]]]},"geometry_name":"geom","properties":{"gid":2642,"rtn":"14","typ":47,"rst":1,"hct":1,"fdc":"Dirección Nacional de Vialidad","sag":"IGN"},"bbox":[-58.60923346,-33.01756016,-58.60726943,-33.01285651]},{"type":"Feature","id":"vial_nacional.17","geometry":{"type":"MultiLineString","coordinates":[[[-60.8870974,-32.4685971],[-60.8871605,-32.4680527],[-60.8872785,-32.4673195],[-60.8873368,-32.4669838],[-60.887359,-32.4668556],[-60.8874519,-32.4663711],[-60.8875086,-32.4661082],[-60.8875202,-32.4660543],[-60.8876012,-32.465592],[-60.887815,-32.464588],[-60.8880752,-32.4635606],[-60.8879947,-32.4641354],[-60.8878847,-32.4647057],[-60.8876621,-32.4657648],[-60.8875955,-32.466083],[-60.8875865,-32.4661413],[-60.887536,-32.4664867],[-60.8874663,-32.4668805],[-60.887359,-32.4673715],[-60.8872464,-32.4680459],[-60.8870974,-32.4685971]]]},"geometry_name":"geom","properties":{"gid":17,"rtn":"11","typ":40,"rst":1,"hct":1,"fdc":"Dirección Nacional de Vialidad","sag":"IGN"},"bbox":[-60.8880752,-32.4685971,-60.8870974,-32.4635606]},{"type":"Feature","id":"vial_nacional.13","geometry":{"type":"MultiLineString","coordinates":[[[-60.9814759,-32.2297998],[-60.9811294,-32.2292326],[-60.981069,-32.2289797],[-60.9810742,-32.2279728],[-60.9810691,-32.213013],[-60.9810763,-32.2127849],[-60.9810587,-32.2032708],[-60.9810614,-32.1984116],[-60.9810437,-32.1910322],[-60.9810697,-32.1896083],[-60.9810549,-32.1881403],[-60.9810677,-32.1776601],[-60.981066,-32.1656602],[-60.9810539,-32.1580894],[-60.9810195,-32.1540342],[-60.9810664,-32.1417496],[-60.9810888,-32.1413692],[-60.9811346,-32.1410312],[-60.9812227,-32.1404679],[-60.981242,-32.140041],[-60.9812346,-32.1396165],[-60.981229,-32.1381985],[-60.9812219,-32.1367871],[-60.9812273,-32.1353802],[-60.9812078,-32.1339677],[-60.9811836,-32.1323143],[-60.9811706,-32.132065],[-60.9810403,-32.129367],[-60.9810475,-32.1257713],[-60.9810466,-32.1134335],[-60.9810463,-32.1098007],[-60.9810427,-32.103981],[-60.9810858,-32.0938135],[-60.9810226,-32.0930269],[-60.9809495,-32.0923923],[-60.9808358,-32.0919191],[-60.9806995,-32.0915128],[-60.9805275,-32.0910487],[-60.980294,-32.0906135],[-60.9796963,-32.0895294],[-60.9785475,-32.0872425],[-60.978342,-32.0867677],[-60.9781552,-32.0862375],[-60.9779385,-32.0854016],[-60.9778283,-32.0850524],[-60.9777291,-32.0847641],[-60.9776008,-32.0844569],[-60.9774017,-32.0840553],[-60.9768623,-32.0830014],[-60.9763282,-32.0820381],[-60.9757886,-32.0810331],[-60.9752603,-32.0800247],[-60.9751493,-32.0798129],[-60.9746612,-32.0787714],[-60.9746143,-32.0786758],[-60.9740558,-32.0776625],[-60.973527,-32.0766644],[-60.9728884,-32.0755627],[-60.9728483,-32.0754872],[-60.9727395,-32.0752862],[-60.9722954,-32.0743946],[-60.9719608,-32.0737546],[-60.9716614,-32.0731756],[-60.9715796,-32.0730291],[-60.9688144,-32.0677574],[-60.9685599,-32.0672901],[-60.9682643,-32.0668252],[-60.9679919,-32.0664593],[-60.967652,-32.0660269],[-60.9673564,-32.0657064],[-60.9669756,-32.065319],[-60.9666178,-32.065004],[-60.9662447,-32.0646986],[-60.9641592,-32.0631534],[-60.9590119,-32.0593819],[-60.9490877,-32.0520293],[-60.9463823,-32.0500341],[-60.9457661,-32.0495692],[-60.9452054,-32.0490208],[-60.9447432,-32.0484254],[-60.9444721,-32.0480023],[-60.9442235,-32.0475274],[-60.9440637,-32.0472061],[-60.9438289,-32.0467339],[-60.9430943,-32.0451612],[-60.9391531,-32.0368697],[-60.9373904,-32.0332791],[-60.9372877,-32.0330546],[-60.9343652,-32.0268089],[-60.9331446,-32.0242881],[-60.932451,-32.0228469],[-60.9311759,-32.0200699],[-60.9308567,-32.0194353],[-60.9301793,-32.0179692],[-60.929931,-32.0171925],[-60.929785,-32.0164781],[-60.9297192,-32.015816],[-60.9297158,-32.0147277],[-60.9299011,-32.0080329],[-60.9300318,-32.003876],[-60.9300439,-32.003371],[-60.9300714,-32.0022216],[-60.9301744,-31.999379],[-60.9302485,-31.9962613],[-60.930326,-31.9928916],[-60.9303629,-31.9912843],[-60.9303467,-31.9907943],[-60.9302872,-31.9902957],[-60.9302061,-31.9898484],[-60.930083,-31.9892704],[-60.9299915,-31.9888467],[-60.9295192,-31.9865858],[-60.9292347,-31.9849791],[-60.9291906,-31.9847898],[-60.9287239,-31.982656],[-60.9285032,-31.9816209],[-60.928317,-31.9806355],[-60.9282835,-31.9803888],[-60.928087,-31.9793602],[-60.9280746,-31.9792952],[-60.9278986,-31.9783737],[-60.9276931,-31.9772979],[-60.9275926,-31.9767719],[-60.9275357,-31.9764933],[-60.9274061,-31.9758596],[-60.9272703,-31.9751953],[-60.9271132,-31.9744266],[-60.9270358,-31.9740478],[-60.9269715,-31.9737269]]]},"geometry_name":"geom","properties":{"gid":13,"rtn":"11","typ":40,"rst":1,"hct":1,"fdc":"Dirección Nacional de Vialidad","sag":"IGN"},"bbox":[-60.9814759,-32.2297998,-60.9269715,-31.9737269]},{"type":"Feature","id":"vial_nacional.22","geometry":{"type":"MultiLineString","coordinates":[[[-60.7542946,-32.7167557],[-60.7538685,-32.7174248],[-60.7533253,-32.7182446],[-60.7527433,-32.7190466],[-60.7523932,-32.7194545],[-60.7526508,-32.7190259],[-60.7529274,-32.7186473],[-60.7532224,-32.7182524],[-60.7534872,-32.7178368],[-60.753512,-32.7177979],[-60.7536205,-32.7176275],[-60.7540786,-32.7169826],[-60.7542946,-32.7167557]]]},"geometry_name":"geom","properties":{"gid":22,"rtn":"11","typ":40,"rst":1,"hct":1,"fdc":"Dirección Nacional de Vialidad","sag":"IGN"},"bbox":[-60.7542946,-32.7194545,-60.7523932,-32.7167557]},{"type":"Feature","id":"vial_nacional.2523","geometry":{"type":"MultiLineString","coordinates":[[[-60.72191438,-32.94926467],[-60.72192285,-32.94912114],[-60.72193126,-32.94878682]]]},"geometry_name":"geom","properties":{"gid":2523,"rtn":"A008","typ":41,"rst":1,"hct":1,"fdc":"Dirección Nacional de Vialidad","sag":"IGN"},"bbox":[-60.72193126,-32.94926467,-60.72191438,-32.94878682]},{"type":"Feature","id":"vial_nacional.14","geometry":{"type":"MultiLineString","coordinates":[[[-60.8899632,-32.4527534],[-60.8901026,-32.4525238],[-60.890155,-32.4524346],[-60.8909161,-32.4512626],[-60.8917171,-32.4500366],[-60.8925768,-32.4487222],[-60.8941108,-32.4463756],[-60.8945143,-32.4457584],[-60.8951347,-32.4448093],[-60.8957205,-32.4438923],[-60.8963361,-32.4429077],[-60.8967509,-32.4422903],[-60.8969439,-32.4419691],[-60.897568,-32.4409958],[-60.9089835,-32.4233071],[-60.9154555,-32.4133766],[-60.9230279,-32.4016024],[-60.9241845,-32.3998138],[-60.9244227,-32.3994221],[-60.9245998,-32.3990883],[-60.924781,-32.398668],[-60.9275704,-32.3914748],[-60.9281239,-32.390073],[-60.933395,-32.3765961],[-60.9363255,-32.3690215],[-60.9371071,-32.3669218],[-60.937292,-32.3663707],[-60.9375888,-32.3654375],[-60.9378806,-32.3644536],[-60.9380159,-32.3640844],[-60.9383901,-32.3631259],[-60.9387758,-32.3620733],[-60.9391955,-32.3610577],[-60.9395896,-32.360033],[-60.9399634,-32.359089],[-60.940026,-32.3589256],[-60.9400944,-32.3587517],[-60.9405477,-32.3576212],[-60.9409231,-32.3565883],[-60.941341,-32.3555817],[-60.9417306,-32.3545437],[-60.9421385,-32.3535228],[-60.9423025,-32.3530942],[-60.9423184,-32.3530528],[-60.9424341,-32.3527505],[-60.9425595,-32.3524049],[-60.942913,-32.3516593],[-60.942992,-32.3514874],[-60.9435327,-32.3503641],[-60.9454856,-32.3453382],[-60.9498314,-32.3342656],[-60.9519014,-32.3288957],[-60.9527834,-32.3267147],[-60.9582531,-32.3125799],[-60.9607861,-32.3060098],[-60.9614139,-32.3043954],[-60.9645667,-32.2962869],[-60.9685524,-32.2860162],[-60.9686227,-32.2858335],[-60.9747642,-32.2698621],[-60.9748489,-32.2696418],[-60.97720283,-32.2635737],[-60.9772289,-32.2635065],[-60.9787921,-32.2594765],[-60.9800894,-32.2561319],[-60.9803733,-32.2552203],[-60.980545,-32.2543556],[-60.9805001,-32.2426833],[-60.980494,-32.241084],[-60.9804803,-32.2401678],[-60.9804643,-32.239949],[-60.9803559,-32.2390562],[-60.9803023,-32.2380024],[-60.9802977,-32.2369267],[-60.9802987,-32.2357601],[-60.9802842,-32.2345826],[-60.9802867,-32.2334098],[-60.9802816,-32.2322307],[-60.9802879,-32.2311396],[-60.9807964,-32.2311418],[-60.9814985,-32.2311321],[-60.9815651,-32.2311326]]]},"geometry_name":"geom","properties":{"gid":14,"rtn":"11","typ":40,"rst":1,"hct":1,"fdc":"Dirección Nacional de Vialidad","sag":"IGN"},"bbox":[-60.9815651,-32.4527534,-60.8899632,-32.2311321]},{"type":"Feature","id":"vial_nacional.15","geometry":{"type":"MultiLineString","coordinates":[[[-60.925689,-31.9673095],[-60.9255787,-31.966677],[-60.9255614,-31.9662514],[-60.9255925,-31.9658181],[-60.9256633,-31.9655055],[-60.9257715,-31.9651929],[-60.9260261,-31.9646953],[-60.9261059,-31.9645358],[-60.9264496,-31.9638388],[-60.9265414,-31.9636532],[-60.9272889,-31.9621415],[-60.9276339,-31.9612284],[-60.9278064,-31.9604651],[-60.9278616,-31.9597279],[-60.9278487,-31.9592617],[-60.9278093,-31.9586393],[-60.9276944,-31.9579214],[-60.9275276,-31.9573472],[-60.9272637,-31.9564573],[-60.9270755,-31.9558227],[-60.9263093,-31.9532394],[-60.9256376,-31.9510488],[-60.9256012,-31.95093],[-60.9250155,-31.9490202],[-60.9243374,-31.94667],[-60.9241666,-31.9462315],[-60.9238735,-31.9455856],[-60.9237457,-31.9452944],[-60.9235686,-31.9449203],[-60.923196,-31.9443006],[-60.9227012,-31.9436551],[-60.9213054,-31.9422116],[-60.9201828,-31.9410287],[-60.9190799,-31.9398365],[-60.9156377,-31.9361929],[-60.9149119,-31.9354318],[-60.913998,-31.9344497],[-60.9136035,-31.933982],[-60.9131047,-31.933216],[-60.912492,-31.9318027],[-60.9111003,-31.9284812],[-60.9092379,-31.9240468],[-60.9091369,-31.9238332],[-60.9088834,-31.9230156],[-60.908693,-31.922262],[-60.9085567,-31.921868],[-60.908373,-31.9214181],[-60.9073562,-31.9190633],[-60.9066624,-31.917919],[-60.9058004,-31.9160493],[-60.9047172,-31.9136471],[-60.9035535,-31.9111293],[-60.9033447,-31.9106784],[-60.9032151,-31.9103765],[-60.9029509,-31.9097136],[-60.9016051,-31.9068305],[-60.9009464,-31.9054254],[-60.899124,-31.9013809],[-60.8977511,-31.8983492],[-60.8974136,-31.8975842],[-60.892716,-31.8871143],[-60.8926563,-31.8869983],[-60.8919943,-31.885617],[-60.8916364,-31.8845959],[-60.8894559,-31.8773567],[-60.8882962,-31.873496],[-60.8879609,-31.8723792],[-60.8877331,-31.8715377],[-60.8876452,-31.8712191],[-60.8876321,-31.8711865],[-60.8872979,-31.8700626],[-60.8869541,-31.8689123],[-60.8867782,-31.8683024],[-60.8867091,-31.8680533],[-60.8866088,-31.8677349],[-60.8843146,-31.8600152],[-60.8817844,-31.8517622],[-60.8783741,-31.8405074],[-60.8769562,-31.8357113],[-60.8758218,-31.831969],[-60.8757658,-31.8318091],[-60.8731126,-31.8229911],[-60.8730843,-31.8228786],[-60.8719228,-31.8189581],[-60.8716414,-31.8179972],[-60.8713246,-31.8169446],[-60.8711388,-31.8163462],[-60.8700101,-31.8125394],[-60.8698666,-31.8120239],[-60.8697884,-31.8116119],[-60.8686617,-31.8041208],[-60.8684039,-31.8024712],[-60.868283,-31.8016628],[-60.8680852,-31.8008889],[-60.8678838,-31.8003291],[-60.8676263,-31.7997692],[-60.8672927,-31.7991991],[-60.8668647,-31.7986331],[-60.86624,-31.797995],[-60.8659647,-31.7977188],[-60.8609419,-31.7924316],[-60.8583661,-31.7897698],[-60.8558128,-31.7871444],[-60.8556826,-31.787067],[-60.8555499,-31.7870182],[-60.8554425,-31.7869984],[-60.8552596,-31.7869855],[-60.8550966,-31.7869778],[-60.8549525,-31.7869615],[-60.8548558,-31.7869313],[-60.8547206,-31.7868502],[-60.8538625,-31.7859651],[-60.8529707,-31.7850484],[-60.8529272,-31.7850036],[-60.8509751,-31.7829741],[-60.8495436,-31.781484],[-60.8481217,-31.7800125],[-60.8477189,-31.7795957],[-60.8467089,-31.7785621],[-60.8457929,-31.777612],[-60.8457148,-31.7775264],[-60.8448431,-31.7766287],[-60.8448002,-31.7765831],[-60.8437408,-31.7754814],[-60.8430529,-31.7747715],[-60.8423793,-31.7740553],[-60.841939,-31.7736621],[-60.8413706,-31.7732205],[-60.8409728,-31.7728692],[-60.8408754,-31.7727764],[-60.8401724,-31.7720204],[-60.8399909,-31.771831],[-60.8394249,-31.7712513],[-60.8387128,-31.7705253],[-60.8381515,-31.7699468],[-60.8379495,-31.7697407],[-60.8374281,-31.7692005],[-60.8364772,-31.7682371],[-60.8360702,-31.7678194],[-60.8357088,-31.7674008],[-60.8356643,-31.767354],[-60.8353383,-31.7669536],[-60.8349302,-31.7664907],[-60.8342145,-31.7655848],[-60.8338805,-31.7651739],[-60.8335762,-31.7647536],[-60.8333294,-31.7643586],[-60.8330809,-31.7638724],[-60.8326976,-31.7631091],[-60.8324387,-31.7626099],[-60.8320217,-31.7619516],[-60.8317872,-31.7616243],[-60.8315775,-31.7613798],[-60.8312719,-31.7610647],[-60.8308397,-31.7606636],[-60.8305124,-31.7603994],[-60.8300463,-31.7600821],[-60.829223,-31.7595996],[-60.8287382,-31.7593233],[-60.8282001,-31.7590221],[-60.8271667,-31.758433],[-60.8267978,-31.7581791],[-60.8263737,-31.7578565],[-60.8261127,-31.7576152],[-60.8259189,-31.7574027],[-60.8256746,-31.7571391],[-60.8254068,-31.7568009],[-60.825144,-31.7563903],[-60.8249582,-31.756096],[-60.8246461,-31.7555916],[-60.824431,-31.7551791],[-60.8242546,-31.7548076],[-60.8236739,-31.7533856],[-60.8229017,-31.7514828],[-60.8222746,-31.7499033],[-60.8218775,-31.7489401],[-60.8208242,-31.7462884],[-60.8204835,-31.7454185],[-60.8204354,-31.7452954],[-60.8202599,-31.7448864],[-60.8202081,-31.7447336],[-60.819984,-31.7441896],[-60.8197649,-31.7436119],[-60.8192707,-31.7423833],[-60.8189642,-31.7416079],[-60.8185142,-31.7404429],[-60.8177781,-31.7385816],[-60.8173386,-31.7374653],[-60.8169208,-31.736389],[-60.8165248,-31.7353924],[-60.8161728,-31.73449],[-60.8158958,-31.7337927],[-60.8157195,-31.733337],[-60.8154832,-31.7327641],[-60.8152897,-31.7322509],[-60.8151394,-31.7318634],[-60.8149339,-31.7313608],[-60.814894,-31.7312577],[-60.8147464,-31.7308748],[-60.8145886,-31.730476],[-60.8143852,-31.7299692],[-60.8141866,-31.7294568],[-60.8140799,-31.7291741],[-60.8138071,-31.7284652],[-60.8135541,-31.7278362],[-60.8132793,-31.727156],[-60.8129505,-31.7263068],[-60.812635,-31.7255061],[-60.8123171,-31.7247511],[-60.8120629,-31.724216],[-60.8113522,-31.7228619],[-60.8109621,-31.7221179],[-60.8104998,-31.7212497],[-60.8100363,-31.720356],[-60.8096116,-31.7195326],[-60.809564,-31.7194359],[-60.8091151,-31.7185596],[-60.8076342,-31.7157479],[-60.8073039,-31.7150711],[-60.8061116,-31.712792],[-60.8056049,-31.7118392]]]},"geometry_name":"geom","properties":{"gid":15,"rtn":"11","typ":40,"rst":1,"hct":1,"fdc":"Dirección Nacional de Vialidad","sag":"IGN"},"bbox":[-60.9278616,-31.9673095,-60.8056049,-31.7118392]},{"type":"Feature","id":"vial_nacional.16","geometry":{"type":"MultiLineString","coordinates":[[[-60.8880752,-32.4635606],[-60.8880954,-32.4634748],[-60.8881409,-32.4631631],[-60.8882754,-32.4623721],[-60.8883851,-32.4616657],[-60.8883874,-32.4615894],[-60.8883915,-32.4613744]]]},"geometry_name":"geom","properties":{"gid":16,"rtn":"11","typ":40,"rst":1,"hct":1,"fdc":"Dirección Nacional de Vialidad","sag":"IGN"},"bbox":[-60.8883915,-32.4635606,-60.8880752,-32.4613744]},{"type":"Feature","id":"vial_nacional.18","geometry":{"type":"MultiLineString","coordinates":[[[-60.8056049,-31.7118392],[-60.8051712,-31.7112653],[-60.8050036,-31.7109679],[-60.8049201,-31.7107984],[-60.8048661,-31.7106688],[-60.8047522,-31.7103974],[-60.8047099,-31.7103112],[-60.8045617,-31.7100281],[-60.8045243,-31.7099551],[-60.8041784,-31.7092714],[-60.8041634,-31.7092328],[-60.8038476,-31.7084862],[-60.8043047,-31.7092061],[-60.8047614,-31.7101268],[-60.8048431,-31.7102791],[-60.8048721,-31.7103332],[-60.8049766,-31.7105209],[-60.8056049,-31.7118392]]]},"geometry_name":"geom","properties":{"gid":18,"rtn":"11","typ":40,"rst":1,"hct":1,"fdc":"Dirección Nacional de Vialidad","sag":"IGN"},"bbox":[-60.8056049,-31.7118392,-60.8038476,-31.7084862]},{"type":"Feature","id":"vial_nacional.19","geometry":{"type":"MultiLineString","coordinates":[[[-60.8038476,-31.7084862],[-60.8034141,-31.7076531],[-60.8021857,-31.7052357],[-60.8018164,-31.7045462],[-60.8014682,-31.7038846],[-60.8011297,-31.7032143],[-60.8005381,-31.7021194],[-60.7989113,-31.698979],[-60.796933,-31.695178],[-60.7964831,-31.6943275],[-60.796142,-31.6936827],[-60.79608,-31.6935619],[-60.7952126,-31.6918814],[-60.7943809,-31.6902765],[-60.7935212,-31.6885878],[-60.7931895,-31.687971],[-60.7928815,-31.6873777],[-60.7923333,-31.6862722],[-60.7921322,-31.6859343],[-60.7919413,-31.6856786],[-60.7917682,-31.6854851],[-60.7914937,-31.6852417],[-60.7912898,-31.6850902],[-60.7911085,-31.6849708],[-60.7909144,-31.6848774],[-60.7906827,-31.684784],[-60.7902387,-31.6846479],[-60.7898552,-31.6845543],[-60.7894784,-31.6845148],[-60.7890353,-31.6845236],[-60.7883956,-31.6846297],[-60.7882454,-31.6846582],[-60.7867889,-31.6849241],[-60.7847437,-31.6852939],[-60.7832929,-31.6855389],[-60.7830532,-31.6855849],[-60.7824735,-31.6856834],[-60.7818357,-31.6858018],[-60.7807831,-31.6859883],[-60.7807093,-31.6860071]]]},"geometry_name":"geom","properties":{"gid":19,"rtn":"11","typ":40,"rst":1,"hct":1,"fdc":"Dirección Nacional de Vialidad","sag":"IGN"},"bbox":[-60.8038476,-31.7084862,-60.7807093,-31.6845148]},{"type":"Feature","id":"vial_nacional.20","geometry":{"type":"MultiLineString","coordinates":[[[-60.7559993,-32.7144093],[-60.7563408,-32.7139444],[-60.75668991,-32.71350716],[-60.7567445,-32.7134388],[-60.75715995,-32.71290793],[-60.7572866,-32.7127461],[-60.7575695,-32.7124094],[-60.7571658,-32.7130173],[-60.7568287,-32.7134321],[-60.7567618,-32.7135145],[-60.7563801,-32.7139842],[-60.7559993,-32.7144093]]]},"geometry_name":"geom","properties":{"gid":20,"rtn":"11","typ":40,"rst":1,"hct":1,"fdc":"Dirección Nacional de Vialidad","sag":"IGN"},"bbox":[-60.7575695,-32.7144093,-60.7559993,-32.7124094]},{"type":"Feature","id":"vial_nacional.21","geometry":{"type":"MultiLineString","coordinates":[[[-60.7542946,-32.7167557],[-60.7545817,-32.716336],[-60.7547968,-32.7160379],[-60.7559993,-32.7144093]]]},"geometry_name":"geom","properties":{"gid":21,"rtn":"11","typ":40,"rst":1,"hct":1,"fdc":"Dirección Nacional de Vialidad","sag":"IGN"},"bbox":[-60.7559993,-32.7167557,-60.7542946,-32.7144093]},{"type":"Feature","id":"vial_nacional.23","geometry":{"type":"MultiLineString","coordinates":[[[-60.7346686,-31.6642012],[-60.7377923,-31.6651524],[-60.7382493,-31.6652474],[-60.7388786,-31.6653443],[-60.7389893,-31.6653635],[-60.7392214,-31.6654031],[-60.752892,-31.6677369],[-60.7530247,-31.6677566],[-60.7531529,-31.6677675],[-60.7532717,-31.667774],[-60.7534469,-31.6677688],[-60.7535239,-31.6677636],[-60.7535934,-31.6677571],[-60.7543743,-31.6676671],[-60.7544938,-31.6676527],[-60.7552727,-31.667569],[-60.7555041,-31.6675446],[-60.7565362,-31.6674274],[-60.7575483,-31.6673211],[-60.7585134,-31.6672074],[-60.7590982,-31.6671418],[-60.7598924,-31.6670524],[-60.7609535,-31.6669332],[-60.7620405,-31.6667985],[-60.7621099,-31.6667929],[-60.762824,-31.6667239],[-60.7636108,-31.6666248],[-60.7637621,-31.6666051],[-60.7638513,-31.6666065],[-60.763962,-31.6666179],[-60.7640183,-31.6666327],[-60.7640761,-31.6666604],[-60.7641216,-31.6666921],[-60.7641788,-31.6667456],[-60.7647735,-31.6675295],[-60.7650824,-31.6679271],[-60.7653507,-31.6682724],[-60.7661657,-31.6693214],[-60.7667341,-31.670053],[-60.7671652,-31.6706079],[-60.7674011,-31.6709115],[-60.7679382,-31.6716027],[-60.7681399,-31.6718541],[-60.7689,-31.6728034],[-60.76893612,-31.67285108],[-60.7691999,-31.6731993],[-60.769537,-31.6736443],[-60.7697455,-31.6739072],[-60.7701175,-31.6743762],[-60.7706137,-31.6750018],[-60.7710584,-31.6755623],[-60.7711612,-31.675692],[-60.7716835,-31.6763546],[-60.7718687,-31.6765896],[-60.7719332,-31.6766714],[-60.7722719,-31.677099],[-60.7725013,-31.6773922],[-60.7728082,-31.6777459],[-60.7735049,-31.6786143],[-60.7735862,-31.6787177],[-60.7741705,-31.6794541],[-60.7743938,-31.6797306],[-60.7748132,-31.6802792],[-60.7750121,-31.6805378],[-60.7755171,-31.6811944],[-60.7757865,-31.6815472],[-60.7763316,-31.6822534],[-60.776447,-31.6824034],[-60.7768526,-31.6829308],[-60.7771581,-31.683328],[-60.7772894,-31.6834936],[-60.7774415,-31.6836854],[-60.7780928,-31.6845069],[-60.7783575,-31.6848767],[-60.778643,-31.6852292],[-60.7788828,-31.6855396]]]},"geometry_name":"geom","properties":{"gid":23,"rtn":"11","typ":40,"rst":1,"hct":1,"fdc":"Dirección Nacional de Vialidad","sag":"IGN"},"bbox":[-60.7788828,-31.6855396,-60.7346686,-31.6642012]},{"type":"Feature","id":"vial_nacional.24","geometry":{"type":"MultiLineString","coordinates":[[[-60.74216279,-31.43589272],[-60.74223775,-31.43550868],[-60.7423292,-31.4347803],[-60.7437524,-31.4278017],[-60.7441082,-31.4244229],[-60.7447989,-31.4176537],[-60.7452584,-31.4132076],[-60.7457003,-31.408696],[-60.7457784,-31.4079797],[-60.7458198,-31.4077607],[-60.7459072,-31.4075224],[-60.7459836,-31.4073961],[-60.7461122,-31.407251],[-60.746416,-31.4069544],[-60.7465275,-31.4067877],[-60.7466068,-31.4065751],[-60.7467255,-31.4055186],[-60.7468501,-31.4044091],[-60.746906,-31.4039262],[-60.7470076,-31.4028039],[-60.7471035,-31.4017436],[-60.7472018,-31.400657],[-60.7473216,-31.3995801],[-60.747441,-31.3985066],[-60.7475651,-31.3973914],[-60.7476786,-31.3963711],[-60.7476788,-31.3961977],[-60.7476572,-31.3960149],[-60.7475873,-31.3957675],[-60.7473131,-31.3948266],[-60.7472681,-31.3946489],[-60.7472233,-31.3945098],[-60.7472114,-31.3942867],[-60.7472065,-31.3940971],[-60.7472199,-31.3938867],[-60.7474142,-31.3919691],[-60.7477188,-31.3893653],[-60.7479497,-31.3870353],[-60.7488004,-31.3788221],[-60.7512778,-31.3546439],[-60.7521433,-31.346626],[-60.7532601,-31.3357013],[-60.7539799,-31.3288843],[-60.7549419,-31.319238],[-60.7549962,-31.3189213],[-60.7551074,-31.318612],[-60.7555034,-31.3178403],[-60.7556322,-31.3175562],[-60.7556853,-31.3173598],[-60.7560001,-31.3147654],[-60.7560195,-31.3145981],[-60.7561471,-31.3130008],[-60.7561491,-31.3126341],[-60.7561364,-31.3125241],[-60.7560935,-31.3121025],[-60.7558789,-31.3114242],[-60.7557985,-31.3111126],[-60.7558091,-31.3106679],[-60.7576138,-31.2927748],[-60.7578609,-31.2908145],[-60.7583685,-31.2858843],[-60.7586562,-31.282872],[-60.75869,-31.2825965],[-60.7587423,-31.2821969],[-60.7587718,-31.2818428],[-60.758912,-31.2803761],[-60.7589527,-31.280021],[-60.759037,-31.2793427],[-60.7590859,-31.2791414],[-60.7591573,-31.2789594],[-60.759245,-31.2787929],[-60.7593502,-31.2786351],[-60.7594455,-31.2785303],[-60.759596,-31.2783737],[-60.7597577,-31.2782373],[-60.7601752,-31.2779323],[-60.7603356,-31.2777895],[-60.7605207,-31.2775727],[-60.7606476,-31.2773851],[-60.760739,-31.2771683],[-60.7608142,-31.2769062],[-60.7608414,-31.2766368],[-60.7608267,-31.2763985],[-60.7607361,-31.2758863],[-60.7605223,-31.2748054],[-60.7603067,-31.2737516],[-60.7600844,-31.272664],[-60.7598801,-31.271569],[-60.7596748,-31.2705455],[-60.7594525,-31.2694733],[-60.7592881,-31.2685818],[-60.7592577,-31.2684478],[-60.7590278,-31.2673423],[-60.7588292,-31.2663461],[-60.758809,-31.2662426],[-60.7586135,-31.265241],[-60.7586027,-31.2651855],[-60.7584662,-31.2646103],[-60.7583981,-31.264146],[-60.7582024,-31.2630813],[-60.757986,-31.2620263],[-60.7579331,-31.2617307],[-60.7577958,-31.2609423],[-60.757565,-31.2598633],[-60.7573569,-31.2587421],[-60.7571583,-31.2577526],[-60.7571422,-31.2576742],[-60.7566915,-31.2553105],[-60.7566299,-31.2550366],[-60.7565499,-31.2547772],[-60.7562848,-31.2542938],[-60.7559027,-31.2536617],[-60.7558541,-31.2535717],[-60.7557549,-31.2533878],[-60.7556809,-31.2532034],[-60.7556193,-31.2529979],[-60.7544801,-31.2474485],[-60.7515823,-31.232566],[-60.7479491,-31.2144105],[-60.7475826,-31.2124477],[-60.7470116,-31.2098133],[-60.7449421,-31.199665],[-60.7440395,-31.1945139],[-60.7438647,-31.193516],[-60.7438647,-31.1931902],[-60.7438915,-31.1928827],[-60.7440124,-31.192277],[-60.7440534,-31.1919958],[-60.7440665,-31.1918242],[-60.74406,-31.1916386],[-60.7440169,-31.191396],[-60.7437377,-31.1899878],[-60.7435871,-31.189223],[-60.7435555,-31.189058],[-60.7433757,-31.1881182],[-60.7431479,-31.1870136],[-60.7429402,-31.1859662],[-60.7427311,-31.1848792],[-60.7425215,-31.1838181],[-60.7423125,-31.1827456],[-60.7421069,-31.1816912],[-60.7420006,-31.1812022],[-60.7419523,-31.1809991],[-60.7419228,-31.1808992],[-60.7418919,-31.1808086],[-60.7418517,-31.1807117],[-60.741806,-31.1806147],[-60.7417335,-31.1804811],[-60.7416008,-31.1802657],[-60.7411449,-31.1795373],[-60.7410209,-31.1791715],[-60.7408403,-31.178261],[-60.7395849,-31.1719142],[-60.7382341,-31.1650514],[-60.7377908,-31.1628215],[-60.7359923,-31.1537454],[-60.7342094,-31.1446791],[-60.7333451,-31.1402771],[-60.7316145,-31.1315089],[-60.7295855,-31.1213067],[-60.7276572,-31.111404],[-60.7269723,-31.1079546],[-60.726971,-31.1075413],[-60.7270211,-31.107112],[-60.7271386,-31.1065584],[-60.72716,-31.1060991],[-60.7267198,-31.1037588],[-60.7262856,-31.1015817],[-60.7262105,-31.1012601],[-60.7261274,-31.1009822],[-60.7259396,-31.1005803],[-60.7254399,-31.0997612],[-60.7253154,-31.0994428],[-60.7252165,-31.0990415],[-60.7237271,-31.0915311],[-60.7235129,-31.0904513],[-60.7234758,-31.0902436],[-60.7234708,-31.089989],[-60.7234883,-31.0897503],[-60.7247033,-31.0835108],[-60.725393,-31.0799662],[-60.7254388,-31.0797012],[-60.7254564,-31.0794964],[-60.7254535,-31.0793019],[-60.7254239,-31.0790702],[-60.7253864,-31.0788715],[-60.7242101,-31.0739205],[-60.7236381,-31.0715075],[-60.7227275,-31.0677131],[-60.7219737,-31.0645662],[-60.7212158,-31.0617791],[-60.719783,-31.0559725],[-60.7187334,-31.0515211],[-60.7176141,-31.0466609],[-60.7149539,-31.0354392],[-60.7148378,-31.0350978],[-60.7147567,-31.0349407],[-60.7145911,-31.0346654],[-60.7144609,-31.0344931],[-60.714268,-31.0342851],[-60.7140475,-31.0340864],[-60.7138201,-31.0339231],[-60.713592,-31.0337773],[-60.7132864,-31.0336335],[-60.712903,-31.0334958],[-60.7125703,-31.0334177],[-60.7122563,-31.0333704],[-60.7120664,-31.0333531],[-60.7118059,-31.033352],[-60.7114548,-31.0333705],[-60.70862,-31.0338257],[-60.7082386,-31.0338491],[-60.7080357,-31.0338411],[-60.7077424,-31.0338162],[-60.707508,-31.033783],[-60.7070906,-31.0336782],[-60.7066783,-31.0335081],[-60.7063091,-31.0332851],[-60.7059772,-31.0330221],[-60.70568,-31.0327047],[-60.7054329,-31.0323341],[-60.6996412,-31.021557],[-60.6962304,-31.0152016],[-60.6917173,-31.0067894],[-60.6831752,-30.9908655],[-60.682627,-30.9898018],[-60.6812861,-30.9871999],[-60.6770852,-30.9794374],[-60.6716213,-30.9692392],[-60.6661542,-30.9590342],[-60.6618226,-30.951026],[-60.6609529,-30.9494177],[-60.6607874,-30.9490799],[-60.6606891,-30.9487653],[-60.6606192,-30.9484035],[-60.6605246,-30.9474903],[-60.6605117,-30.9474185],[-60.6604843,-30.9472657],[-60.660385,-30.9469615],[-60.660057,-30.94637],[-60.6595433,-30.9454439],[-60.6589742,-30.9444177],[-60.6584403,-30.9434154],[-60.6583973,-30.9433345],[-60.6583622,-30.9432686],[-60.6578456,-30.9422987],[-60.6573168,-30.9412983],[-60.6572975,-30.9412617],[-60.6568049,-30.9403446],[-60.6562869,-30.9393721],[-60.6558457,-30.9385184],[-60.6556045,-30.9380952],[-60.6552417,-30.9375811],[-60.6542184,-30.9362374],[-60.6535818,-30.9353925],[-60.653265,-30.9349059],[-60.6530381,-30.9344828],[-60.6528621,-30.9341546],[-60.6505391,-30.9298199],[-60.6458326,-30.9210073],[-60.6399886,-30.9101181],[-60.6378152,-30.9060006],[-60.6352914,-30.9013125],[-60.63062,-30.8925471],[-60.6272475,-30.886263],[-60.6258898,-30.883733],[-60.6212403,-30.8749433],[-60.6198036,-30.8723045],[-60.6196748,-30.8717888],[-60.6196303,-30.8712239],[-60.6195873,-30.8708325],[-60.6194747,-30.8704412],[-60.6171707,-30.8660292],[-60.6169051,-30.865657],[-60.6165296,-30.865284],[-60.6159626,-30.8647162],[-60.6157695,-30.8644952],[-60.6155549,-30.8642373],[-60.6118302,-30.8572946],[-60.607094,-30.8484462],[-60.6068527,-30.8479166],[-60.6067346,-30.8475758],[-60.6066542,-30.8472304],[-60.6048887,-30.8393425],[-60.6038128,-30.8346229],[-60.6019906,-30.8261321],[-60.6014488,-30.8237946],[-60.6012675,-30.8232185],[-60.6005853,-30.8217036],[-60.6003729,-30.8210714],[-60.5990833,-30.8153728],[-60.5987273,-30.8136569],[-60.5986183,-30.8131753],[-60.5983964,-30.8121953],[-60.5976453,-30.8086796],[-60.5967558,-30.8045155],[-60.5963761,-30.802738],[-60.5961807,-30.8018235],[-60.5960879,-30.8013996],[-60.5960798,-30.8011203],[-60.5960815,-30.8009095],[-60.596109,-30.8006473],[-60.5961367,-30.8003834],[-60.5961806,-30.8000738],[-60.5962033,-30.7999896],[-60.5962831,-30.7997095],[-60.5963969,-30.7994056],[-60.5965982,-30.7989827],[-60.5968782,-30.7985283],[-60.5976093,-30.7974163],[-60.5978531,-30.7970865],[-60.5988632,-30.7955386],[-60.599394,-30.7948075],[-60.5997565,-30.7942143],[-60.5999038,-30.7939626],[-60.5999458,-30.7938796],[-60.5999916,-30.7937981],[-60.6000259,-30.793732],[-60.6003323,-30.7931895],[-60.6005609,-30.7926899],[-60.6006269,-30.79252],[-60.6007348,-30.7920964],[-60.6008052,-30.7917104],[-60.6008364,-30.7914154],[-60.6008627,-30.7911474],[-60.6008423,-30.7906514],[-60.6007795,-30.7902699],[-60.6006793,-30.7898252],[-60.6003886,-30.788567],[-60.600042,-30.7872639],[-60.5997712,-30.7860543],[-60.599687,-30.785689],[-60.5995945,-30.7854012],[-60.5994659,-30.7850774],[-60.5992745,-30.7847217],[-60.599081,-30.7844297],[-60.5988582,-30.7841572],[-60.5983786,-30.7836321],[-60.5976025,-30.7828667],[-60.5973528,-30.7826057],[-60.5967843,-30.7820274],[-60.5959675,-30.7812095],[-60.5958341,-30.7810768],[-60.5955485,-30.780779],[-60.5949425,-30.7801821],[-60.5944819,-30.7797401],[-60.5941105,-30.779448],[-60.5937816,-30.7792291],[-60.5930793,-30.7788607],[-60.5929845,-30.778824],[-60.5928079,-30.778749],[-60.5912699,-30.778142],[-60.5910984,-30.7780743],[-60.5852606,-30.7755352],[-60.5851371,-30.7754823],[-60.5819556,-30.7741241],[-60.5818075,-30.7740605],[-60.5791376,-30.7729219],[-60.5755449,-30.7713688],[-60.5750798,-30.7711734],[-60.5743714,-30.7708381],[-60.573924,-30.770571],[-60.5735696,-30.7703017],[-60.5734247,-30.7701784],[-60.5729747,-30.7697596],[-60.5721922,-30.7689644],[-60.5683029,-30.7650024],[-60.5669899,-30.7636829],[-60.5656908,-30.7623533],[-60.5644363,-30.7610803],[-60.563546,-30.7601858],[-60.5429088,-30.7393001],[-60.5348491,-30.7311004],[-60.5323989,-30.7286104],[-60.5286938,-30.7248645],[-60.5247224,-30.7208307],[-60.5219466,-30.7180113],[-60.5140011,-30.7099332],[-60.5133498,-30.7092148],[-60.5127067,-30.7084177],[-60.5123895,-30.7079234],[-60.5121097,-30.7074035],[-60.5118424,-30.7068441],[-60.5116238,-30.7062833],[-60.5110231,-30.7043919],[-60.5082767,-30.6954135],[-60.5055543,-30.6865144],[-60.5046333,-30.6835364],[-60.504182,-30.6820591],[-60.5040279,-30.6815003],[-60.5039616,-30.6811932],[-60.503919,-30.6808482],[-60.5039182,-30.6804972],[-60.503948,-30.6799539],[-60.5040103,-30.6796324],[-60.5041035,-30.6792809],[-60.5043805,-30.6785298],[-60.5047292,-30.6777316],[-60.5050787,-30.6768431],[-60.5051875,-30.6761548],[-60.5052123,-30.6756096],[-60.5051705,-30.6750579],[-60.5048369,-30.6738733],[-60.5045168,-30.6727907],[-60.5041788,-30.6717431],[-60.5038849,-30.6708099],[-60.5037768,-30.6705628],[-60.5036642,-30.6703074],[-60.5034937,-30.6699939],[-60.5032222,-30.6695829],[-60.5029899,-30.6693303],[-60.5027856,-30.6691248],[-60.5024712,-30.6688438],[-60.5020405,-30.6685059],[-60.5009043,-30.6676687],[-60.5004537,-30.667318],[-60.5000578,-30.6669506],[-60.4997419,-30.6665799],[-60.4995075,-30.6662673],[-60.4992269,-30.6657664],[-60.4986976,-30.6641798],[-60.4946531,-30.651001],[-60.4945357,-30.6506116],[-60.4890677,-30.6327698],[-60.4876588,-30.6281913],[-60.4863757,-30.6239647],[-60.484472,-30.6177752],[-60.4836197,-30.614963],[-60.4808503,-30.605978],[-60.4800535,-30.6033416],[-60.4781601,-30.5971661],[-60.4776025,-30.5953227],[-60.477461,-30.5947567],[-60.4774005,-30.5943583],[-60.477376,-30.5940669],[-60.4773874,-30.593797],[-60.4774109,-30.5934804],[-60.4774665,-30.5930899],[-60.4777792,-30.5915527],[-60.4778037,-30.5911614],[-60.4777813,-30.5907848],[-60.4777064,-30.590418],[-60.4776119,-30.5901639],[-60.4774752,-30.5898654],[-60.477317,-30.5896442],[-60.4771508,-30.5894443],[-60.4769224,-30.5892174],[-60.4766903,-30.5890295],[-60.4764732,-30.5888847],[-60.4762246,-30.5887559],[-60.475973,-30.5886414],[-60.4756783,-30.5885376],[-60.4753518,-30.5884437],[-60.4751336,-30.588397],[-60.4750086,-30.5883654],[-60.4748863,-30.5883346],[-60.4738914,-30.5881004],[-60.4725689,-30.5877705],[-60.4722999,-30.5876779],[-60.4718173,-30.5874945],[-60.4713962,-30.587289],[-60.4709564,-30.5870491],[-60.4705175,-30.586751],[-60.4700162,-30.5863289],[-60.4695663,-30.5858503],[-60.46923,-30.5853848],[-60.4689452,-30.5849166],[-60.4688527,-30.5847003],[-60.4687503,-30.5844608],[-60.468565,-30.5840129],[-60.4682154,-30.5829064],[-60.467862,-30.5817317],[-60.4674789,-30.580509],[-60.467421,-30.5803239],[-60.4670418,-30.5790861],[-60.4666752,-30.5778599],[-60.4665238,-30.5773507],[-60.4663973,-30.5768295],[-60.4663526,-30.576555],[-60.466332,-30.5762758],[-60.4663768,-30.5756809],[-60.4665125,-30.575007],[-60.4672069,-30.5727468],[-60.4678696,-30.5706923],[-60.4679486,-30.5704363],[-60.4681191,-30.5696999],[-60.4681298,-30.569413],[-60.4681309,-30.5691437],[-60.4681021,-30.5687369],[-60.4680319,-30.5683235],[-60.4678157,-30.567541],[-60.4675685,-30.5667442],[-60.4667922,-30.5641521],[-60.46606,-30.5618475],[-60.4634042,-30.5531339],[-60.4606756,-30.5442027],[-60.4553218,-30.5267444],[-60.4551553,-30.5262201],[-60.4543617,-30.5235687],[-60.4520613,-30.5160536],[-60.449752,-30.5084966],[-60.4465091,-30.4979037],[-60.4432619,-30.4872833],[-60.4431887,-30.487066],[-60.4412766,-30.4807836],[-60.4397821,-30.4759086],[-60.4386491,-30.4722103],[-60.438579,-30.4719865],[-60.4345545,-30.4587825],[-60.4333058,-30.4547112],[-60.4331737,-30.4543014],[-60.4329675,-30.4537842],[-60.4328245,-30.4534877],[-60.4326243,-30.453179],[-60.4322559,-30.4526692],[-60.4314578,-30.4516912],[-60.4312259,-30.4513883],[-60.4309611,-30.4510163],[-60.4307851,-30.4507177],[-60.4305783,-30.4502265],[-60.4303909,-30.449706],[-60.4300812,-30.4486578],[-60.43,-30.4483461],[-60.4299433,-30.4480415],[-60.4299128,-30.4478171],[-60.4298986,-30.4475822],[-60.4299011,-30.4471941],[-60.4299578,-30.4464828],[-60.4299702,-30.4464065],[-60.4300728,-30.4452977],[-60.4301014,-30.445053],[-60.4301057,-30.4448224],[-60.4300909,-30.4445546],[-60.4300654,-30.4443183],[-60.4300141,-30.4440241],[-60.4299519,-30.4437503],[-60.4297898,-30.4431891],[-60.424146,-30.4247516],[-60.423566,-30.4228387],[-60.4228354,-30.4204336],[-60.4192388,-30.4086268],[-60.4159423,-30.3978563],[-60.4111915,-30.3822744],[-60.4100552,-30.3785484],[-60.4095376,-30.3768405],[-60.409323,-30.3763683],[-60.4091219,-30.3760038],[-60.408875,-30.3756625],[-60.4085751,-30.3752982],[-60.4083172,-30.3750215],[-60.4080086,-30.374756],[-60.4076101,-30.3744597],[-60.4030877,-30.3713841],[-60.4023807,-30.3709177],[-60.4023268,-30.3708809],[-60.4015066,-30.3703209],[-60.3997413,-30.3691201],[-60.3995787,-30.369014],[-60.3993308,-30.3688413],[-60.399012,-30.3686012],[-60.3987767,-30.3683925],[-60.3986001,-30.3682137],[-60.3983175,-30.367873],[-60.3980884,-30.3675405],[-60.3979193,-30.3672021],[-60.3978076,-30.3669189],[-60.3977418,-30.3667019],[-60.3976144,-30.3661419],[-60.3973985,-30.3650856],[-60.3971818,-30.3640098],[-60.3969415,-30.3627818],[-60.3967999,-30.3620753],[-60.3967684,-30.361913],[-60.3967405,-30.3617264],[-60.3967049,-30.3614169],[-60.3966995,-30.3611512],[-60.3966921,-30.360873],[-60.3967116,-30.3606039],[-60.3967464,-30.360334],[-60.3967838,-30.3600745],[-60.3969234,-30.3595629],[-60.3969712,-30.359434],[-60.3970212,-30.3593022],[-60.3971541,-30.3589783],[-60.3973418,-30.3586222],[-60.3975941,-30.3582427],[-60.3977815,-30.3579594],[-60.3979513,-30.3577242],[-60.3984102,-30.3570769],[-60.3988687,-30.3564539],[-60.3992583,-30.3559062],[-60.3997433,-30.3552363],[-60.4003647,-30.3543635],[-60.400684,-30.3539187],[-60.4009572,-30.3535212],[-60.4011903,-30.3531353],[-60.4013783,-30.3526992],[-60.4014723,-30.3524149],[-60.4015253,-30.3522109],[-60.40158,-30.3519486],[-60.4016104,-30.3516891],[-60.4016265,-30.3514183],[-60.4016242,-30.3511726],[-60.4016118,-30.3509187],[-60.4015837,-30.3506648],[-60.4014764,-30.3501869],[-60.401335,-30.3497049],[-60.3981862,-30.3393766],[-60.3975961,-30.3374362],[-60.3924751,-30.3206359],[-60.3906305,-30.3145777],[-60.3835595,-30.2913352],[-60.3791326,-30.2768145],[-60.3776744,-30.2719955],[-60.3764694,-30.268037],[-60.3735246,-30.2583608],[-60.3684311,-30.2416224],[-60.3669758,-30.2368079],[-60.3667176,-30.2360268],[-60.3664204,-30.2354585],[-60.3660955,-30.2350041],[-60.3656678,-30.2345296],[-60.3651667,-30.2341001],[-60.364529,-30.233672],[-60.3638615,-30.2332686],[-60.3634323,-30.2330003],[-60.3628921,-30.2326625],[-60.3624203,-30.23231],[-60.3620684,-30.2319961],[-60.3618164,-30.2317157],[-60.3616861,-30.2315624],[-60.3614437,-30.2312288],[-60.3612869,-30.2309471],[-60.3611569,-30.2306434],[-60.3611218,-30.2305617],[-60.3610212,-30.2303132],[-60.3608943,-30.2299705],[-60.3606982,-30.2293534],[-60.3605176,-30.2287062],[-60.36033,-30.2280953],[-60.3600051,-30.2270601],[-60.3596905,-30.2259702],[-60.3593199,-30.2248082],[-60.3591415,-30.2242447],[-60.3589949,-30.2237202],[-60.3589554,-30.2235536],[-60.3589287,-30.2234116],[-60.3589126,-30.2232684],[-60.3588842,-30.2229823],[-60.3588726,-30.2226944],[-60.3588881,-30.2224072],[-60.3589084,-30.2221853],[-60.3589289,-30.2220318],[-60.3589646,-30.2218879],[-60.3590247,-30.2216409],[-60.3590973,-30.2214109],[-60.3591833,-30.2211832],[-60.3593379,-30.2208507],[-60.3594691,-30.2205927],[-60.3600547,-30.219498],[-60.3604048,-30.2188513],[-60.360566,-30.218512],[-60.3607107,-30.2181391],[-60.3608348,-30.2176719],[-60.3608889,-30.2173747],[-60.3609241,-30.2169633],[-60.3609197,-30.2165156],[-60.3608676,-30.216102],[-60.3607627,-30.215631],[-60.3549129,-30.1963606],[-60.348241,-30.1745282],[-60.3481863,-30.1743491],[-60.3415427,-30.1524291],[-60.3410224,-30.1506363],[-60.3407998,-30.1500379],[-60.3405029,-30.1494908],[-60.3401354,-30.1490052],[-60.3397054,-30.148535],[-60.3390563,-30.1479111],[-60.3386488,-30.1475197],[-60.3381498,-30.1470158],[-60.3377152,-30.1465542],[-60.337353,-30.1460741],[-60.3371857,-30.1457735],[-60.3370232,-30.1454107],[-60.3368167,-30.1448332],[-60.3366875,-30.1444109],[-60.3365172,-30.1438793],[-60.3363479,-30.1433273],[-60.3363102,-30.1431936],[-60.3362355,-30.1429283],[-60.3361295,-30.1425204],[-60.3360896,-30.1422875],[-60.3360776,-30.1422171],[-60.3360531,-30.141924],[-60.33606,-30.1416137],[-60.3361408,-30.1411684],[-60.3362824,-30.1407263],[-60.336385,-30.1404108],[-60.3367993,-30.1393776],[-60.3369294,-30.1389206],[-60.3370071,-30.1383988],[-60.3370179,-30.1379116],[-60.3369918,-30.1375747],[-60.336936,-30.1372436],[-60.336851,-30.1368731],[-60.3367416,-30.1365036],[-60.3329751,-30.1240814],[-60.3313231,-30.1186326],[-60.3312749,-30.1184911],[-60.3310643,-30.1173746],[-60.3290734,-30.1068261],[-60.3285888,-30.1042585],[-60.3260462,-30.0907268],[-60.3253574,-30.0868538],[-60.3230124,-30.0743908],[-60.3216063,-30.0668883],[-60.3193796,-30.0550025],[-60.3181948,-30.0486308],[-60.3173726,-30.0442089],[-60.3172803,-30.0438705],[-60.3171738,-30.043581],[-60.3170286,-30.043252],[-60.3168566,-30.042914],[-60.3166511,-30.0425827],[-60.3162268,-30.0420047],[-60.3159975,-30.0416331],[-60.3155302,-30.0408754],[-60.3152923,-30.0404737],[-60.3151212,-30.0400799],[-60.315007,-30.0397586],[-60.3148289,-30.0389998],[-60.3147895,-30.0388559],[-60.3146258,-30.0379486],[-60.3144351,-30.036891],[-60.3143323,-30.0363213],[-60.3142521,-30.0358006],[-60.3141855,-30.0352337],[-60.3142244,-30.034728],[-60.3142477,-30.0344255],[-60.3144136,-30.0337676],[-60.3145008,-30.0335166],[-60.3147498,-30.0327694],[-60.3149116,-30.0320509],[-60.3149116,-30.0311528],[-60.3147747,-30.0303014],[-60.3121257,-30.0161913],[-60.3116552,-30.0137533],[-60.311607,-30.0135034],[-60.3042736,-29.9750086],[-60.3031326,-29.9690179],[-60.302203,-29.9639938],[-60.2981305,-29.942221],[-60.2963508,-29.9327047],[-60.2947451,-29.9239875],[-60.2918171,-29.9082938],[-60.2916615,-29.9076365],[-60.2914932,-29.9071733],[-60.291305,-29.9067355],[-60.2910877,-29.9063615],[-60.290831,-29.906],[-60.2904671,-29.9055775],[-60.2901366,-29.9052422],[-60.2897972,-29.904959],[-60.2891031,-29.9044408],[-60.2854266,-29.9018503],[-60.2834725,-29.9004544],[-60.2831462,-29.9001832],[-60.2828348,-29.899892],[-60.2825823,-29.8996224],[-60.2823288,-29.8993184],[-60.2820682,-29.8989258],[-60.2819214,-29.8986637],[-60.2818485,-29.8985208],[-60.2817924,-29.8984107],[-60.2816758,-29.8981375],[-60.2815697,-29.8978336],[-60.2815399,-29.8977337],[-60.2814585,-29.89746],[-60.2813938,-29.8972247],[-60.2812055,-29.8962549],[-60.2810819,-29.8956461],[-60.2806969,-29.8935272],[-60.2804563,-29.8922582],[-60.2802718,-29.8912526],[-60.2800619,-29.8901746],[-60.2798683,-29.8890097],[-60.2796444,-29.8878994],[-60.2795218,-29.8872514],[-60.2792467,-29.8857495],[-60.2790736,-29.8847297],[-60.2789797,-29.8840821],[-60.2789726,-29.8836332],[-60.2790031,-29.8832319],[-60.2790756,-29.8827806],[-60.2792058,-29.8822733],[-60.2794189,-29.8817602],[-60.279652,-29.8813114],[-60.2799679,-29.8808161],[-60.280413,-29.8801873],[-60.280695,-29.8797792],[-60.2808326,-29.8795816],[-60.2816289,-29.8784869],[-60.2836426,-29.8756616],[-60.2840219,-29.8751226],[-60.2843324,-29.87465],[-60.2845619,-29.8741868],[-60.2847223,-29.8737408],[-60.2848056,-29.8733071],[-60.2848435,-29.8729617],[-60.2848404,-29.8724837],[-60.2848116,-29.8720167],[-60.2847243,-29.8715536],[-60.2845982,-29.8709935],[-60.2838293,-29.866882],[-60.2831876,-29.8634506],[-60.2812999,-29.8531591],[-60.2811973,-29.8526231],[-60.2779904,-29.8353579],[-60.2763603,-29.8264424],[-60.2748086,-29.8176869],[-60.2731184,-29.8086231],[-60.2729633,-29.8078566],[-60.2727914,-29.8072548],[-60.2725669,-29.8066496],[-60.2714002,-29.8041946],[-60.2712014,-29.8037258],[-60.2710415,-29.8032475],[-60.2708933,-29.8027342],[-60.2702772,-29.7993947],[-60.2702333,-29.7989253],[-60.2702444,-29.7982773],[-60.2702892,-29.7978855],[-60.2706268,-29.7960456],[-60.270636,-29.7957319],[-60.2706244,-29.7954687],[-60.2705403,-29.7947254],[-60.2689699,-29.7862892],[-60.2590201,-29.7327974],[-60.258517,-29.7301597],[-60.2543199,-29.7075488],[-60.2537613,-29.7044862],[-60.2535887,-29.7035968],[-60.2534768,-29.7030703],[-60.2533262,-29.7025787],[-60.2530494,-29.7019107],[-60.2527205,-29.7013492],[-60.2493704,-29.6969718],[-60.2489896,-29.6964624],[-60.2486355,-29.6958675],[-60.2483842,-29.6952748],[-60.2482253,-29.6946973],[-60.2481647,-29.6944384],[-60.2479892,-29.6934887],[-60.2477556,-29.6922235],[-60.2476691,-29.6917557],[-60.2475743,-29.6912425],[-60.2475615,-29.6911729],[-60.2473592,-29.6900776],[-60.2471598,-29.6889981],[-60.2469557,-29.6878929],[-60.2469117,-29.6873467],[-60.2468991,-29.6868542],[-60.2469352,-29.6865163],[-60.2470183,-29.6860527],[-60.24716,-29.6855153],[-60.248593,-29.6810083],[-60.2488668,-29.6800465],[-60.248962,-29.6791468],[-60.2487745,-29.6775327],[-60.2476705,-29.6717955],[-60.2476417,-29.6716401],[-60.2463888,-29.6648813],[-60.2446329,-29.6555216],[-60.2428686,-29.6458885],[-60.2387872,-29.6240106],[-60.2361901,-29.6100154],[-60.2360692,-29.6095255],[-60.2359587,-29.6091675],[-60.2357855,-29.6087341],[-60.2355681,-29.6082847],[-60.2354214,-29.6080013],[-60.2347137,-29.6067599],[-60.2328857,-29.6035464],[-60.2327,-29.6031646],[-60.2325122,-29.6027214],[-60.2323684,-29.6022456],[-60.2322851,-29.6018583],[-60.2322177,-29.6013426],[-60.2321872,-29.6008099],[-60.232191,-29.6003841],[-60.232273,-29.5998094],[-60.2323921,-29.5993066],[-60.2327076,-29.5983891],[-60.2331029,-29.5972892],[-60.2332655,-29.5967472],[-60.2333383,-29.5964043],[-60.2333899,-29.5960368],[-60.2334083,-29.5956688],[-60.2333996,-29.5951823],[-60.233307,-29.5945159],[-60.2292807,-29.5729594],[-60.2279852,-29.5658586],[-60.225621,-29.553118],[-60.2252966,-29.5514566],[-60.2252055,-29.5510436],[-60.2250294,-29.550391],[-60.2248714,-29.5498888],[-60.2246812,-29.5493702],[-60.2244259,-29.5487227],[-60.2223177,-29.5433535],[-60.2219663,-29.5424505],[-60.2217625,-29.5418117],[-60.2215532,-29.5410201],[-60.2214365,-29.5405308],[-60.2211403,-29.5389376],[-60.2209605,-29.5379898],[-60.2207846,-29.5370478],[-60.2206638,-29.5362289],[-60.220574,-29.5354467],[-60.2205517,-29.5351406],[-60.2205259,-29.5340177],[-60.2205585,-29.5331538],[-60.2206799,-29.5306281],[-60.2207461,-29.5297728],[-60.2207671,-29.5291659],[-60.2207633,-29.5286195],[-60.2207445,-29.5279418],[-60.2207054,-29.5274283],[-60.2206474,-29.5268307],[-60.2205581,-29.5262379],[-60.2204006,-29.5251816],[-60.2174789,-29.5092798],[-60.2168707,-29.5059035],[-60.2142898,-29.4921037],[-60.2142537,-29.4919582],[-60.2140125,-29.4911919],[-60.2136243,-29.4903551],[-60.212737,-29.4887567],[-60.2124474,-29.4881023],[-60.2122317,-29.4873138],[-60.2119315,-29.4857381],[-60.2117819,-29.4850288],[-60.2117141,-29.4846265]]]},"geometry_name":"geom","properties":{"gid":24,"rtn":"11","typ":40,"rst":1,"hct":1,"fdc":"Dirección Nacional de Vialidad","sag":"IGN"},"bbox":[-60.7608414,-31.43589272,-60.2117141,-29.4846265]},{"type":"Feature","id":"vial_nacional.69","geometry":{"type":"MultiLineString","coordinates":[[[-60.7108346,-32.8342157],[-60.710793,-32.8343521],[-60.7106903,-32.8346888],[-60.7105139,-32.835267],[-60.7104133,-32.8355969],[-60.7103143,-32.8359215],[-60.7102707,-32.8360646],[-60.7102257,-32.8362121],[-60.7099001,-32.8372797],[-60.7095799,-32.8383298],[-60.7095368,-32.838471],[-60.7092239,-32.8394967],[-60.7090663,-32.8400135],[-60.7089199,-32.8405254],[-60.7087629,-32.8410084],[-60.7087443,-32.8410694],[-60.7086874,-32.8412559],[-60.7081571,-32.8429934],[-60.7081429,-32.8430413],[-60.7079238,-32.8437596],[-60.7078776,-32.843911],[-60.7075858,-32.8449052],[-60.7070085,-32.8467604],[-60.7067594,-32.8475776],[-60.7066275,-32.8480095],[-60.7064596,-32.8485727],[-60.7059422,-32.8502561],[-60.7059288,-32.8503],[-60.7056998,-32.85115457],[-60.70539302,-32.85213113],[-60.70530034,-32.85242616],[-60.70500501,-32.85336626],[-60.70498296,-32.85343964],[-60.70418732,-32.85608771],[-60.70377045,-32.85747516],[-60.70325598,-32.85911136],[-60.70227853,-32.86234834],[-60.70212536,-32.8628556],[-60.70064953,-32.86779436],[-60.70013283,-32.86946336],[-60.69961817,-32.87122452]]]},"geometry_name":"geom","properties":{"gid":69,"rtn":"11","typ":40,"rst":1,"hct":1,"fdc":"Dirección Nacional de Vialidad","sag":"IGN"},"bbox":[-60.7108346,-32.87122452,-60.69961817,-32.8342157]},{"type":"Feature","id":"vial_nacional.173","geometry":{"type":"MultiLineString","coordinates":[[[-60.6236583,-32.0770974],[-60.6238005,-32.0770327],[-60.62396392,-32.07695359],[-60.62402788,-32.07690562],[-60.62405986,-32.0768645],[-60.62407699,-32.0768348],[-60.62409298,-32.07678569],[-60.62413981,-32.0765744],[-60.62415123,-32.07664064],[-60.62420491,-32.07689762],[-60.62421323,-32.0769793],[-60.62419246,-32.07701628],[-60.62416493,-32.07702897],[-60.6240731,-32.0770422],[-60.62389196,-32.07706323],[-60.6236583,-32.0770974]]]},"geometry_name":"geom","properties":{"gid":173,"rtn":"131","typ":40,"rst":1,"hct":1,"fdc":"Dirección Nacional de Vialidad","sag":"IGN"},"bbox":[-60.62421323,-32.0770974,-60.6236583,-32.0765744]},{"type":"Feature","id":"vial_nacional.2524","geometry":{"type":"MultiLineString","coordinates":[[[-60.72193126,-32.94878682],[-60.7221533,-32.94879113]]]},"geometry_name":"geom","properties":{"gid":2524,"rtn":"9","typ":41,"rst":1,"hct":1,"fdc":"Dirección Nacional de Vialidad","sag":"IGN"},"bbox":[-60.7221533,-32.94879113,-60.72193126,-32.94878682]},{"type":"Feature","id":"vial_nacional.58","geometry":{"type":"MultiLineString","coordinates":[[[-60.9815651,-32.2311326],[-60.981695,-32.2311336],[-60.981688,-32.2301759],[-60.9816452,-32.2300366],[-60.9815817,-32.2299285],[-60.9814759,-32.2297998],[-60.9815531,-32.2300361],[-60.9815639,-32.2301607],[-60.9815651,-32.2311326]]]},"geometry_name":"geom","properties":{"gid":58,"rtn":"11","typ":40,"rst":1,"hct":1,"fdc":"Dirección Nacional de Vialidad","sag":"IGN"},"bbox":[-60.981695,-32.2311336,-60.9814759,-32.2297998]},{"type":"Feature","id":"vial_nacional.59","geometry":{"type":"MultiLineString","coordinates":[[[-60.9269715,-31.9737269],[-60.9269369,-31.9736687],[-60.9268527,-31.9732659],[-60.926748,-31.9727676],[-60.9267442,-31.9727333],[-60.9266732,-31.9723812],[-60.9266663,-31.9723492],[-60.9265558,-31.9718681],[-60.9265713,-31.9717719],[-60.9266182,-31.9718584],[-60.9267264,-31.9723408],[-60.9268105,-31.9727249],[-60.9268182,-31.9727585],[-60.9269058,-31.9732593],[-60.9269794,-31.973663],[-60.9269715,-31.9737269]]]},"geometry_name":"geom","properties":{"gid":59,"rtn":"11","typ":40,"rst":1,"hct":1,"fdc":"Dirección Nacional de Vialidad","sag":"IGN"},"bbox":[-60.9269794,-31.9737269,-60.9265558,-31.9717719]},{"type":"Feature","id":"vial_nacional.60","geometry":{"type":"MultiLineString","coordinates":[[[-60.9265713,-31.9717719],[-60.9264451,-31.9712456],[-60.9263404,-31.970749],[-60.9262998,-31.9705322],[-60.9261971,-31.9699846],[-60.9261694,-31.969837],[-60.926141,-31.9696854],[-60.926114,-31.9694617]]]},"geometry_name":"geom","properties":{"gid":60,"rtn":"11","typ":40,"rst":1,"hct":1,"fdc":"Dirección Nacional de Vialidad","sag":"IGN"},"bbox":[-60.9265713,-31.9717719,-60.926114,-31.9694617]},{"type":"Feature","id":"vial_nacional.61","geometry":{"type":"MultiLineString","coordinates":[[[-60.926114,-31.9694617],[-60.9260549,-31.9693366],[-60.9259815,-31.9691178],[-60.9259138,-31.968796],[-60.9258752,-31.9685902],[-60.9258332,-31.9683163],[-60.925823,-31.9682663],[-60.92574,-31.9678508],[-60.9257136,-31.9676891],[-60.9256824,-31.967462],[-60.925689,-31.9673095],[-60.9257441,-31.9674548],[-60.9257847,-31.967675],[-60.9258197,-31.9678434],[-60.9259051,-31.9682551],[-60.9259136,-31.9683049],[-60.9259682,-31.9685694],[-60.9260127,-31.9687791],[-60.926081,-31.9690949],[-60.9261167,-31.9693122],[-60.926114,-31.9694617]]]},"geometry_name":"geom","properties":{"gid":61,"rtn":"11","typ":40,"rst":1,"hct":1,"fdc":"Dirección Nacional de Vialidad","sag":"IGN"},"bbox":[-60.9261167,-31.9694617,-60.9256824,-31.9673095]},{"type":"Feature","id":"vial_nacional.62","geometry":{"type":"MultiLineString","coordinates":[[[-60.8899632,-32.4527534],[-60.8898972,-32.4529215],[-60.8898556,-32.4530683],[-60.8898109,-32.4533271],[-60.8897868,-32.4535644],[-60.889589,-32.4547004],[-60.8893655,-32.4558138],[-60.8891327,-32.4569489],[-60.888927,-32.458079],[-60.8887702,-32.4588328],[-60.8886969,-32.459172],[-60.8884949,-32.4602709],[-60.8884488,-32.4605476],[-60.8884354,-32.4608101],[-60.8884122,-32.4611564],[-60.8883915,-32.4613744],[-60.8883628,-32.461149],[-60.8883348,-32.4608101],[-60.8883313,-32.4605936],[-60.8882991,-32.4604039],[-60.8882923,-32.4602468],[-60.8884949,-32.4591438],[-60.8885582,-32.4587966],[-60.8887203,-32.4580497],[-60.8889354,-32.456921],[-60.8891512,-32.4557837],[-60.8893748,-32.4546707],[-60.8896119,-32.4535403],[-60.889682,-32.4533236],[-60.889809,-32.4530494],[-60.8899632,-32.4527534]]]},"geometry_name":"geom","properties":{"gid":62,"rtn":"11","typ":40,"rst":1,"hct":1,"fdc":"Dirección Nacional de Vialidad","sag":"IGN"},"bbox":[-60.8899632,-32.4613744,-60.8882923,-32.4527534]},{"type":"Feature","id":"vial_nacional.63","geometry":{"type":"MultiLineString","coordinates":[[[-60.7797321,-31.6862023],[-60.779537,-31.6861693],[-60.7793553,-31.6861063],[-60.7793152,-31.6860788],[-60.7792684,-31.6860467],[-60.7790368,-31.6858322],[-60.7789598,-31.6857279],[-60.7788828,-31.6855396],[-60.7790935,-31.6857043],[-60.7793811,-31.6858975],[-60.7796198,-31.6859789],[-60.7798793,-31.6860399],[-60.7801129,-31.6860548],[-60.7804371,-31.6860335],[-60.7807093,-31.6860071],[-60.7805254,-31.6860837],[-60.7803791,-31.6861336],[-60.780246,-31.6861668],[-60.7800726,-31.6861904],[-60.7798795,-31.6862029],[-60.7797321,-31.6862023]]]},"geometry_name":"geom","properties":{"gid":63,"rtn":"11","typ":40,"rst":1,"hct":1,"fdc":"Dirección Nacional de Vialidad","sag":"IGN"},"bbox":[-60.7807093,-31.6862029,-60.7788828,-31.6855396]},{"type":"Feature","id":"vial_nacional.64","geometry":{"type":"MultiLineString","coordinates":[[[-60.7523932,-32.7194545],[-60.7520524,-32.7198727],[-60.7496296,-32.7231593],[-60.7492171,-32.7236978],[-60.7469028,-32.7266915],[-60.746607,-32.7270121],[-60.7460927,-32.7275695],[-60.746042,-32.7276244],[-60.7454597,-32.7282555],[-60.7448833,-32.7288801],[-60.7442985,-32.7295138],[-60.7439915,-32.7298466],[-60.7438148,-32.730038],[-60.7432446,-32.730656],[-60.7424898,-32.731474],[-60.7424801,-32.7319908],[-60.7424628,-32.7329248],[-60.7424443,-32.7339162],[-60.7410597,-32.734165],[-60.7404467,-32.7342495],[-60.7397553,-32.7343553],[-60.7396262,-32.7343784],[-60.7395342,-32.7343987],[-60.7394782,-32.7344096],[-60.7394072,-32.7344235],[-60.7389586,-32.7345397]]]},"geometry_name":"geom","properties":{"gid":64,"rtn":"11","typ":40,"rst":1,"hct":1,"fdc":"Dirección Nacional de Vialidad","sag":"IGN"},"bbox":[-60.7523932,-32.7345397,-60.7389586,-32.7194545]},{"type":"Feature","id":"vial_nacional.70","geometry":{"type":"MultiLineString","coordinates":[[[-60.7108346,-32.8342157],[-60.7107281,-32.8343847],[-60.7106519,-32.8345476],[-60.7105696,-32.8347285],[-60.7103933,-32.8351301],[-60.7102533,-32.8354638],[-60.7100953,-32.8359017],[-60.7100439,-32.8360636],[-60.7099316,-32.8364425],[-60.7098068,-32.8368268],[-60.7096726,-32.8372647],[-60.7093127,-32.8384625],[-60.7092817,-32.8385677],[-60.709108,-32.8391575],[-60.7089477,-32.8396825],[-60.7087317,-32.8403437],[-60.7085672,-32.8408828],[-60.7085176,-32.8410428],[-60.708314,-32.8416963],[-60.7081065,-32.8424143],[-60.7078782,-32.8431605],[-60.7076662,-32.8438703],[-60.7076206,-32.8440242],[-60.7074505,-32.8445981],[-60.7070995,-32.8458218],[-60.7067853,-32.8467817],[-60.7065974,-32.8473957],[-60.7065528,-32.8475412],[-60.7063143,-32.8482847],[-60.7061082,-32.8489435],[-60.7060113,-32.8493007],[-60.7059507,-32.8495239],[-60.7056655,-32.8503975],[-60.7056279,-32.850522],[-60.7055936,-32.8506425],[-60.7055336,-32.8508537],[-60.7054513,-32.8511783],[-60.7054408,-32.8512198],[-60.7053877,-32.8513785],[-60.7052,-32.8519685],[-60.7051481,-32.8521806],[-60.7050808,-32.8524224],[-60.7049359,-32.8529467],[-60.7047623,-32.8534916],[-60.7046007,-32.8539708],[-60.7044773,-32.8543845],[-60.7043538,-32.854797],[-60.7043123,-32.8549358],[-60.704273,-32.8550671],[-60.7041625,-32.8554365],[-60.7041054,-32.8556273],[-60.7039348,-32.8561617],[-60.703891,-32.8562991],[-60.7036307,-32.8571564],[-60.70342,-32.8578458],[-60.703366,-32.8580328],[-60.7033302,-32.8581565],[-60.7031248,-32.85883],[-60.7029427,-32.8594268],[-60.7029124,-32.8595545],[-60.702665,-32.8603373],[-60.7024421,-32.8610656],[-60.7023247,-32.8614528],[-60.702296,-32.8615521],[-60.7022044,-32.8618691],[-60.7019767,-32.8625574],[-60.7019562,-32.8626192],[-60.7017193,-32.86336],[-60.7014963,-32.8641355],[-60.7012943,-32.8648834],[-60.7012536,-32.8650173],[-60.7010266,-32.8657644],[-60.7008825,-32.8661709],[-60.700555,-32.8672598],[-60.7003977,-32.8677828],[-60.7002662,-32.8682198],[-60.7000748,-32.8688561],[-60.6999137,-32.8693938],[-60.6996884,-32.8701457],[-60.699385,-32.8710677],[-60.69935748,-32.87116296]]]},"geometry_name":"geom","properties":{"gid":70,"rtn":"11","typ":40,"rst":1,"hct":1,"fdc":"Dirección Nacional de Vialidad","sag":"IGN"},"bbox":[-60.7108346,-32.87116296,-60.69935748,-32.8342157]},{"type":"Feature","id":"vial_nacional.65","geometry":{"type":"MultiLineString","coordinates":[[[-60.7329103,-32.7611012],[-60.73288771,-32.76119153],[-60.73289582,-32.76129706],[-60.73291721,-32.76140377],[-60.73293529,-32.76146754],[-60.7329391,-32.7615494],[-60.73292768,-32.76161983],[-60.7328858,-32.76172453],[-60.73281727,-32.76189965],[-60.73264405,-32.76248215],[-60.7324449,-32.7631629],[-60.7324063,-32.7632668],[-60.7322221,-32.7638443],[-60.7321503,-32.7640695],[-60.7320128,-32.7645307],[-60.7315936,-32.7659368],[-60.7315207,-32.766209],[-60.7314724,-32.7663917],[-60.7314321,-32.766562],[-60.731408,-32.7667131],[-60.7313914,-32.7668073],[-60.7313598,-32.7669819],[-60.7313486,-32.7671649],[-60.7313453,-32.7675165],[-60.7313598,-32.7678135],[-60.7313697,-32.7680185],[-60.7313288,-32.768245],[-60.7313028,-32.768355],[-60.73126955,-32.76846344],[-60.7312565,-32.768506],[-60.73123462,-32.76856087],[-60.7312,-32.7686477],[-60.7311548,-32.7687619],[-60.7310622,-32.7689507],[-60.7309423,-32.7691394],[-60.730821,-32.7693466],[-60.7306618,-32.769596],[-60.7305397,-32.7697829],[-60.7304338,-32.7699968],[-60.7303168,-32.7702672],[-60.7302025,-32.7705947],[-60.7300119,-32.7711878],[-60.7298282,-32.7718035],[-60.7295755,-32.7726299],[-60.7295002,-32.7728762],[-60.7293132,-32.7734701],[-60.7291428,-32.7740614],[-60.7289168,-32.7747394],[-60.7287256,-32.7752905],[-60.7284978,-32.7761076],[-60.7283852,-32.7763511],[-60.7284334,-32.7760828],[-60.7284644,-32.7759596],[-60.728638,-32.7752769],[-60.7288371,-32.7747172],[-60.7290419,-32.774076],[-60.7292207,-32.773469],[-60.7293958,-32.7728618],[-60.7295671,-32.7723312],[-60.7297517,-32.7717595],[-60.7299234,-32.7711675],[-60.7300039,-32.7709239],[-60.7301139,-32.7705033],[-60.7301726,-32.7702774],[-60.7302862,-32.7700324],[-60.7303734,-32.7698616],[-60.7304543,-32.76973],[-60.730565,-32.7695582],[-60.7307098,-32.7693631],[-60.7308119,-32.7691912],[-60.7309333,-32.7689854],[-60.7310201,-32.7688392],[-60.7311047,-32.7686642],[-60.7311646,-32.7684984],[-60.731204,-32.7683775],[-60.7312299,-32.7682528],[-60.7312459,-32.7681055],[-60.7312757,-32.7679192],[-60.7312709,-32.7675864],[-60.7312597,-32.7671379],[-60.7312559,-32.766867],[-60.7312746,-32.7666721],[-60.7313404,-32.7663782],[-60.7314201,-32.7661391],[-60.7314953,-32.7659266],[-60.7316192,-32.7655407],[-60.7319223,-32.7645078],[-60.7321132,-32.7638728],[-60.7322763,-32.7633306],[-60.732299,-32.763255],[-60.73255458,-32.76243646],[-60.73273542,-32.76185778],[-60.73284012,-32.76158937],[-60.73285154,-32.76150371],[-60.73281442,-32.76135047],[-60.73279062,-32.76131145],[-60.73275826,-32.76127338],[-60.73271448,-32.76125244],[-60.73266023,-32.76123816],[-60.73263453,-32.76121342],[-60.73260788,-32.76117725],[-60.73259265,-32.76113632],[-60.73259551,-32.76108207],[-60.73260217,-32.76105447],[-60.73263643,-32.7610164],[-60.73268212,-32.7609926],[-60.73274494,-32.76097357],[-60.73278777,-32.76096595],[-60.73282489,-32.76094692],[-60.73285725,-32.76091361],[-60.73289532,-32.76086792],[-60.73295814,-32.76076322],[-60.73299431,-32.76066995],[-60.73307997,-32.76048721],[-60.7331523,-32.76027781],[-60.7333343,-32.759803],[-60.7335996,-32.758921],[-60.7336712,-32.7586831],[-60.733771,-32.7583395],[-60.73402,-32.7575621],[-60.7342331,-32.7567956],[-60.7343255,-32.7564237],[-60.7343157,-32.7560344],[-60.7343124,-32.7559056],[-60.734289,-32.7549736],[-60.7342566,-32.7536865],[-60.7342544,-32.7535716],[-60.7342245,-32.7524106],[-60.7341992,-32.7515017],[-60.7341765,-32.750689],[-60.7341736,-32.7505872],[-60.7341481,-32.749674],[-60.7341256,-32.7488672],[-60.7341226,-32.7487574],[-60.7340983,-32.7478879],[-60.7340964,-32.7478185],[-60.7340951,-32.7477717],[-60.7340937,-32.7477242],[-60.7340684,-32.7468147],[-60.7340194,-32.7450586],[-60.7340157,-32.7449267],[-60.734014,-32.7448648],[-60.7339919,-32.7440659],[-60.7339679,-32.7431953],[-60.7339662,-32.7431338],[-60.7339462,-32.7422211],[-60.7339272,-32.7413554],[-60.733906,-32.7403892],[-60.7338961,-32.7399396],[-60.7338827,-32.739328],[-60.7338671,-32.7386182],[-60.7338498,-32.73783],[-60.7338469,-32.7376989],[-60.7338464,-32.7376349],[-60.7337973,-32.7355472],[-60.7337959,-32.7354911],[-60.73379675,-32.7354223],[-60.73381113,-32.73538972],[-60.73383421,-32.7353664],[-60.7338716,-32.7353531],[-60.7349275,-32.7352107],[-60.735977,-32.735029],[-60.736741,-32.7349021],[-60.7388368,-32.7345285],[-60.7389586,-32.7345397],[-60.7388437,-32.7345945],[-60.7377853,-32.7347974],[-60.7367427,-32.7349718],[-60.7359788,-32.735101],[-60.7349295,-32.7352841],[-60.733988,-32.7354117],[-60.73391882,-32.73542369],[-60.73388442,-32.73545659],[-60.73387368,-32.73548539],[-60.7339043,-32.7366641],[-60.7339302,-32.7376612],[-60.7339425,-32.73816],[-60.7339534,-32.7386043],[-60.7339729,-32.739395],[-60.7339861,-32.7399306],[-60.734003,-32.7406164],[-60.7340211,-32.7413533],[-60.7340424,-32.742217],[-60.7340626,-32.7430373],[-60.7340649,-32.7431327],[-60.7340879,-32.7440659],[-60.7341074,-32.7448289],[-60.7341087,-32.7448809],[-60.7341098,-32.7449251],[-60.734134,-32.7458693],[-60.7341581,-32.7468139],[-60.7341798,-32.7476393],[-60.734182,-32.7477228],[-60.7341832,-32.7477703],[-60.7341844,-32.7478168],[-60.7342046,-32.7485849],[-60.734209,-32.7487556],[-60.7342331,-32.7496747],[-60.7342524,-32.7504114],[-60.734257,-32.750586],[-60.734281,-32.7515002],[-60.7343049,-32.7524112],[-60.7343312,-32.753571],[-60.7343617,-32.7549631],[-60.7343789,-32.7557396],[-60.7343824,-32.7558934],[-60.7343944,-32.7564331],[-60.7343016,-32.756785],[-60.7342517,-32.7569544],[-60.7341083,-32.7574409],[-60.7340728,-32.7575612],[-60.7338286,-32.758348],[-60.7337238,-32.7586969],[-60.7336684,-32.7588905],[-60.7334074,-32.7598019],[-60.7332533,-32.7603225],[-60.7331723,-32.760535],[-60.7330189,-32.7608565],[-60.7329103,-32.7611012]]]},"geometry_name":"geom","properties":{"gid":65,"rtn":"11","typ":40,"rst":1,"hct":1,"fdc":"Dirección Nacional de Vialidad","sag":"IGN"},"bbox":[-60.7389586,-32.7763511,-60.7283852,-32.7345285]},{"type":"Feature","id":"vial_nacional.66","geometry":{"type":"MultiLineString","coordinates":[[[-60.7108346,-32.8342157],[-60.7109132,-32.8339534],[-60.7110313,-32.8335596],[-60.7112205,-32.8329288],[-60.7114005,-32.8323333],[-60.711557,-32.8318153],[-60.7116743,-32.8314274],[-60.7117102,-32.8313086],[-60.7119273,-32.8305902],[-60.7121473,-32.8298622],[-60.7121689,-32.8297907],[-60.7122502,-32.8295218],[-60.7125342,-32.8285819],[-60.7127485,-32.8278726],[-60.7128193,-32.8276501],[-60.7128869,-32.8274147],[-60.7131028,-32.8267005],[-60.7132886,-32.8260855],[-60.7133784,-32.8257885],[-60.713443,-32.8255746],[-60.7135995,-32.8250566],[-60.713654,-32.8248763],[-60.7138902,-32.8240948],[-60.7141915,-32.8230979],[-60.7144022,-32.8224004],[-60.714495,-32.8221427],[-60.7145671,-32.8218756],[-60.7147999,-32.8211674],[-60.7148621,-32.820958],[-60.7150712,-32.8203076],[-60.7151823,-32.8199492],[-60.715309,-32.8195403],[-60.7153348,-32.8194474],[-60.7153976,-32.8192389],[-60.7155478,-32.81874],[-60.715709,-32.8181938],[-60.7157698,-32.817988],[-60.7159562,-32.8173947],[-60.7160136,-32.8172121],[-60.7161886,-32.8166475],[-60.716257,-32.8164266],[-60.7164014,-32.8159456],[-60.7164454,-32.8157989],[-60.7164718,-32.8157109],[-60.7166365,-32.815156],[-60.7166491,-32.8151136],[-60.7167058,-32.814956],[-60.7169144,-32.8142254],[-60.7170359,-32.8138275],[-60.7171119,-32.8135789],[-60.7171369,-32.8134979],[-60.7172729,-32.813062],[-60.7173563,-32.8127947],[-60.7175827,-32.8120687],[-60.7178092,-32.8113424],[-60.7178181,-32.8113139],[-60.7178597,-32.8111641],[-60.7178965,-32.8110314],[-60.7181071,-32.8103028],[-60.7181995,-32.8100029],[-60.7182761,-32.8097543],[-60.7183091,-32.8096597],[-60.718359,-32.8094716],[-60.7185332,-32.808814],[-60.718667,-32.8083017],[-60.7186763,-32.8082663],[-60.7187376,-32.8080638],[-60.7192758,-32.806286],[-60.719314,-32.8061596],[-60.7193246,-32.8061247],[-60.719484,-32.8055981],[-60.7196829,-32.8049411],[-60.7199345,-32.8041102],[-60.7201519,-32.8033921],[-60.7201978,-32.8032404],[-60.7202711,-32.8029982],[-60.7203799,-32.8026388],[-60.7204677,-32.8023489],[-60.7207132,-32.8015378],[-60.7207766,-32.8013275],[-60.7208005,-32.8012482],[-60.7208893,-32.8009541],[-60.7209363,-32.8007982],[-60.721187,-32.7999726],[-60.7214414,-32.7991351],[-60.7214598,-32.7990765],[-60.7215469,-32.7987991],[-60.72171,-32.7982796],[-60.721943,-32.7974836],[-60.7219641,-32.7974142],[-60.722013,-32.7972532],[-60.7221294,-32.7968699],[-60.722467,-32.7957582],[-60.7227787,-32.7947318],[-60.7230701,-32.7937724],[-60.7230904,-32.7936964],[-60.7234125,-32.7926447],[-60.7236779,-32.7917708],[-60.7237575,-32.7915252],[-60.7237912,-32.7914214],[-60.7239815,-32.7907712],[-60.7241607,-32.7901809],[-60.7243661,-32.7895046],[-60.7244677,-32.7891701],[-60.7245362,-32.7889609],[-60.7248463,-32.7879245],[-60.724899,-32.7877511],[-60.7249764,-32.7874966],[-60.7251295,-32.7869929],[-60.7252829,-32.7864881],[-60.7253047,-32.7864231],[-60.7253982,-32.786114],[-60.7254376,-32.7859791],[-60.7256486,-32.785292],[-60.7257057,-32.7850969],[-60.7258437,-32.7846428],[-60.7259071,-32.7844344],[-60.7259458,-32.784307],[-60.7261762,-32.7835492],[-60.7264401,-32.782712],[-60.7265181,-32.7824344],[-60.726556,-32.7822995],[-60.7266373,-32.7820519],[-60.7266944,-32.781878],[-60.7268059,-32.7814771],[-60.7268927,-32.7811915],[-60.7270375,-32.7807232],[-60.7270692,-32.7806206],[-60.7271076,-32.7804925],[-60.7272841,-32.7799039],[-60.727452,-32.7793514],[-60.7274984,-32.7791987],[-60.7275264,-32.7791065],[-60.7276669,-32.7786443],[-60.7277213,-32.778522],[-60.7278674,-32.7780186],[-60.7281201,-32.7771483],[-60.7283852,-32.7763511]]]},"geometry_name":"geom","properties":{"gid":66,"rtn":"11","typ":40,"rst":1,"hct":1,"fdc":"Dirección Nacional de Vialidad","sag":"IGN"},"bbox":[-60.7283852,-32.8342157,-60.7108346,-32.7763511]},{"type":"Feature","id":"vial_nacional.87","geometry":{"type":"MultiLineString","coordinates":[[[-60.3899377,-31.7616447],[-60.3885093,-31.7608838],[-60.3879151,-31.7605621],[-60.3866403,-31.759886],[-60.3855407,-31.7593046],[-60.3839599,-31.7584688],[-60.3828217,-31.7578645],[-60.3813791,-31.7570831],[-60.3803829,-31.7565699],[-60.3798203,-31.7562712],[-60.3780672,-31.7553342],[-60.3729218,-31.7525838],[-60.3719423,-31.7521109],[-60.3709818,-31.7516471],[-60.3680531,-31.7502329],[-60.3669542,-31.7497023],[-60.366214,-31.7493449],[-60.3647945,-31.7486641],[-60.3635635,-31.7480751],[-60.3623927,-31.7475201],[-60.3610729,-31.7468946],[-60.3574943,-31.7452232],[-60.356403,-31.7446908],[-60.3555825,-31.74433],[-60.3551728,-31.744187],[-60.3546447,-31.7440027],[-60.353466,-31.7437213],[-60.3531218,-31.7436675],[-60.3523919,-31.7435599],[-60.3517683,-31.7435098],[-60.3505283,-31.7434701],[-60.3496641,-31.7434603],[-60.348589,-31.7434718],[-60.3475205,-31.7434926],[-60.3459112,-31.743389],[-60.3444247,-31.7432933],[-60.3330424,-31.7424685],[-60.3320255,-31.7423003],[-60.3308623,-31.7420144],[-60.3283816,-31.7409361],[-60.3130953,-31.7340316],[-60.3129972,-31.7339875],[-60.3123615,-31.7337019],[-60.3113596,-31.7332517],[-60.3112618,-31.7332078],[-60.3109209,-31.7328952],[-60.3108074,-31.7326718],[-60.3107491,-31.7324303],[-60.3107899,-31.7319465],[-60.3108009,-31.7318161],[-60.3109938,-31.7309869],[-60.3109849,-31.7307573],[-60.3109105,-31.7304998],[-60.3107701,-31.7303045],[-60.3104732,-31.7300748],[-60.3097599,-31.7297513],[-60.3076426,-31.7287956],[-60.3049513,-31.7276273],[-60.302327,-31.7265726],[-60.3009797,-31.7260403],[-60.2984823,-31.7250675],[-60.2978907,-31.7248368],[-60.2975537,-31.7247043],[-60.2950801,-31.7237424],[-60.2907731,-31.7219471],[-60.2898859,-31.7214942],[-60.2889986,-31.7209937],[-60.2870515,-31.7197249],[-60.2811296,-31.7158248],[-60.2800072,-31.7150856],[-60.2648781,-31.7051209],[-60.2644775,-31.704857],[-60.2620037,-31.7032275],[-60.2616118,-31.7029694],[-60.2608086,-31.7024285],[-60.255473,-31.698835],[-60.2549618,-31.6984961],[-60.2504755,-31.6955216],[-60.2461506,-31.6926552],[-60.244888,-31.6918259],[-60.2430997,-31.6906513],[-60.2324425,-31.683651],[-60.2319935,-31.683356],[-60.2311889,-31.6828275],[-60.2284009,-31.6808502],[-60.2283289,-31.6807991],[-60.2207429,-31.6749212],[-60.2191218,-31.6736585],[-60.2188093,-31.6734194],[-60.2180975,-31.6728749],[-60.2177222,-31.6725878],[-60.1965967,-31.656425],[-60.1931193,-31.6539962],[-60.1694268,-31.6376049],[-60.1635231,-31.6334927],[-60.1631418,-31.6332288],[-60.1569425,-31.6289605],[-60.1521437,-31.6256737],[-60.1506025,-31.6247913],[-60.1487973,-31.6239235],[-60.1447833,-31.6220208],[-60.1381034,-31.6188119],[-60.1327121,-31.6162377],[-60.1283965,-31.6141809],[-60.1174651,-31.60895],[-60.1131213,-31.6068758],[-60.1124816,-31.6065697],[-60.1118861,-31.6062876],[-60.1082021,-31.6045127],[-60.1046026,-31.6026463],[-60.100759,-31.6006588],[-60.0975296,-31.5989797],[-60.0926855,-31.5964735],[-60.0875169,-31.5937982],[-60.0855857,-31.5927952],[-60.0833937,-31.5916116],[-60.082697,-31.5912131],[-60.0816549,-31.5906362],[-60.0805524,-31.5900441],[-60.0804499,-31.5899856],[-60.0786093,-31.5890574],[-60.0772186,-31.5883331],[-60.0770885,-31.5882737],[-60.0763388,-31.5878773],[-60.0749293,-31.5871199],[-60.0726038,-31.5859158],[-60.0718528,-31.5855434],[-60.0711994,-31.5851953],[-60.0704853,-31.5848558],[-60.0697447,-31.5846148],[-60.0691871,-31.584466],[-60.0685939,-31.5843232],[-60.0679207,-31.5842159],[-60.067454,-31.584193],[-60.0669605,-31.5841839],[-60.0658152,-31.5842159],[-60.0597359,-31.5845232],[-60.0491855,-31.585059],[-60.0321306,-31.5858998],[-60.0183253,-31.5865898],[-60.0157973,-31.5867018],[-60.0150624,-31.5866881],[-60.0143865,-31.5866013],[-60.0138366,-31.5864687],[-60.0128106,-31.5861296],[-60.0112993,-31.5855799],[-59.9854802,-31.576094],[-59.9658394,-31.5689031],[-59.9611223,-31.5672027],[-59.9603776,-31.5669342],[-59.9598196,-31.5667609],[-59.9595115,-31.5666751],[-59.9592392,-31.5665993],[-59.9588278,-31.5665157],[-59.95827826,-31.5664289],[-59.9577868,-31.5663539]]]},"geometry_name":"geom","properties":{"gid":87,"rtn":"12","typ":40,"rst":1,"hct":1,"fdc":"Dirección Nacional de Vialidad","sag":"IGN"},"bbox":[-60.3899377,-31.7616447,-59.9577868,-31.5663539]},{"type":"Feature","id":"vial_nacional.85","geometry":{"type":"MultiLineString","coordinates":[[[-60.2710249,-32.038328],[-60.2738065,-32.0363331],[-60.2812861,-32.0309466],[-60.2815612,-32.030752],[-60.2826694,-32.0299679],[-60.2830446,-32.0297025],[-60.2851105,-32.0280332],[-60.2903686,-32.0233826],[-60.2921531,-32.0217432],[-60.2926977,-32.0212429],[-60.2970282,-32.0174234],[-60.2980776,-32.0164978],[-60.2985515,-32.0160798],[-60.2988959,-32.015776],[-60.3002115,-32.0146099],[-60.3002782,-32.0145508],[-60.3006014,-32.0142643],[-60.3008212,-32.0140688],[-60.3015462,-32.0134204],[-60.3088171,-32.0069306],[-60.3123353,-32.0038211],[-60.3162871,-32.0003283],[-60.3169088,-31.9997227],[-60.3177423,-31.9989248],[-60.3180373,-31.9986011],[-60.3183583,-31.9981333],[-60.3185557,-31.9978449],[-60.3188413,-31.9974059],[-60.3189866,-31.997143],[-60.3278482,-31.978963],[-60.3361679,-31.9619919],[-60.3382713,-31.9576605],[-60.3395158,-31.9551208],[-60.3425467,-31.9488754],[-60.3429195,-31.9482022],[-60.3431495,-31.9478663],[-60.343236,-31.9477425],[-60.3436591,-31.9472199],[-60.3441268,-31.9466952],[-60.3448516,-31.9459575],[-60.3525728,-31.9382559],[-60.360321,-31.9305181],[-60.3605153,-31.9303292],[-60.3621751,-31.9286727],[-60.3638651,-31.9269839],[-60.3679606,-31.9228859],[-60.3715575,-31.919298],[-60.3775773,-31.9132696],[-60.3791964,-31.9116481],[-60.3845122,-31.9063271],[-60.3945489,-31.8962797],[-60.3994338,-31.8914345],[-60.403274,-31.8875308],[-60.4044488,-31.886401],[-60.4049014,-31.8858924],[-60.4052902,-31.8853702],[-60.4056362,-31.8848928],[-60.4060273,-31.8842132],[-60.4065029,-31.8832886],[-60.4068602,-31.8825971],[-60.4074215,-31.8815394],[-60.4076817,-31.8810249],[-60.4078972,-31.8806251],[-60.4085878,-31.87924],[-60.4095987,-31.8773309],[-60.4097112,-31.8771175],[-60.410307,-31.8759526],[-60.4111239,-31.8743914],[-60.4112623,-31.8741269],[-60.411835,-31.8730324],[-60.4156867,-31.8656357],[-60.4275147,-31.8429179],[-60.4309762,-31.8362684],[-60.4322411,-31.8338392],[-60.4365349,-31.8255931],[-60.4393578,-31.8201715],[-60.4423059,-31.8145087],[-60.4478299,-31.8038978],[-60.4479621,-31.8036463],[-60.4546401,-31.7909404],[-60.4547855,-31.7906636],[-60.4564242,-31.7875455],[-60.4564868,-31.7874263],[-60.456566,-31.7872652],[-60.456627,-31.7871411],[-60.4572991,-31.785888]]]},"geometry_name":"geom","properties":{"gid":85,"rtn":"12","typ":40,"rst":1,"hct":1,"fdc":"Dirección Nacional de Vialidad","sag":"IGN"},"bbox":[-60.4572991,-32.038328,-60.2710249,-31.785888]},{"type":"Feature","id":"vial_nacional.86","geometry":{"type":"MultiLineString","coordinates":[[[-60.40357142,-31.76989278],[-60.4036255,-31.7696702],[-60.4036835,-31.7694494],[-60.4036948,-31.7693564],[-60.4036976,-31.7692747],[-60.4036835,-31.7692015],[-60.4036554,-31.7691311],[-60.4036087,-31.7690651],[-60.4035375,-31.7689896],[-60.4034064,-31.7688773],[-60.4043883,-31.7693825],[-60.40471878,-31.76952173],[-60.4049385,-31.7696143],[-60.4056342,-31.7698721],[-60.4059879,-31.7699467],[-60.4063088,-31.7699803],[-60.4066404,-31.7699967],[-60.4068667,-31.7700074],[-60.4071214,-31.7700154],[-60.4079287,-31.770012]]]},"geometry_name":"geom","properties":{"gid":86,"rtn":"12","typ":40,"rst":1,"hct":1,"fdc":"Dirección Nacional de Vialidad","sag":"IGN"},"bbox":[-60.4079287,-31.7700154,-60.4034064,-31.7688773]},{"type":"Feature","id":"vial_nacional.88","geometry":{"type":"MultiLineString","coordinates":[[[-60.267425,-32.0403245],[-60.2684094,-32.039861],[-60.2686404,-32.0396898],[-60.26874598,-32.03951358],[-60.26879928,-32.03937652],[-60.26885576,-32.03923959],[-60.26894332,-32.03909492],[-60.26908038,-32.03895025],[-60.26924028,-32.03885126],[-60.26941541,-32.03877512],[-60.26967048,-32.03873705],[-60.2698715,-32.0387213],[-60.2702922,-32.0386543],[-60.2706541,-32.0385335],[-60.2710249,-32.038328],[-60.2706935,-32.0385883],[-60.27060101,-32.0386603],[-60.27050996,-32.03876941],[-60.27036349,-32.03903554],[-60.27029644,-32.03918188],[-60.27023876,-32.03929832],[-60.27023247,-32.0393259],[-60.27016541,-32.0394071],[-60.27008546,-32.0395137],[-60.2699446,-32.03962792],[-60.26977708,-32.0397231],[-60.26959434,-32.03979924],[-60.2694233,-32.03983003],[-60.26939547,-32.03983504],[-60.269226,-32.0398369],[-60.2687639,-32.0398672],[-60.2684343,-32.0399306],[-60.267425,-32.0403245]]]},"geometry_name":"geom","properties":{"gid":88,"rtn":"12","typ":40,"rst":1,"hct":1,"fdc":"Dirección Nacional de Vialidad","sag":"IGN"},"bbox":[-60.2710249,-32.0403245,-60.267425,-32.038328]},{"type":"Feature","id":"vial_nacional.89","geometry":{"type":"MultiLineString","coordinates":[[[-60.267425,-32.0403245],[-60.2664506,-32.0406568],[-60.2623179,-32.0418344],[-60.2568248,-32.043144],[-60.2547186,-32.0437702],[-60.253192,-32.0444572],[-60.2521738,-32.04509],[-60.2513144,-32.0457522],[-60.2504021,-32.0466514],[-60.2498523,-32.0473463],[-60.2495398,-32.0478571],[-60.24902,-32.0490848],[-60.2489805,-32.049178],[-60.2489495,-32.0492412],[-60.2480127,-32.0511547],[-60.2455115,-32.056121],[-60.2445037,-32.0581861],[-60.2290156,-32.0886768],[-60.225822,-32.0955353],[-60.2216004,-32.1042167],[-60.2205271,-32.1061728],[-60.2201043,-32.106958],[-60.2195968,-32.1077202],[-60.2151932,-32.1147266],[-60.204983,-32.1301167],[-60.2005638,-32.1375411],[-60.1986061,-32.1406172],[-60.19711,-32.1428341],[-60.196362,-32.1438393],[-60.1957603,-32.1446103],[-60.1916948,-32.1496221],[-60.1854707,-32.1571034],[-60.1852741,-32.1573399],[-60.1810921,-32.1623707],[-60.1808564,-32.1626529],[-60.1806042,-32.1629351],[-60.1803444,-32.1631862],[-60.1800627,-32.1634374],[-60.1786854,-32.1646421],[-60.1770946,-32.1660064],[-60.1760141,-32.1669183],[-60.1759341,-32.1669858],[-60.1755793,-32.1672852],[-60.1526175,-32.1871468],[-60.1513003,-32.1883304],[-60.1504872,-32.1891974],[-60.1497229,-32.1901883],[-60.1368435,-32.2088341],[-60.1266802,-32.2219754],[-60.1082265,-32.2459356],[-60.107686,-32.2465269],[-60.1070248,-32.247088],[-60.1055041,-32.2480982],[-60.0867535,-32.2590215],[-60.0854235,-32.2598257],[-60.0845779,-32.2604996],[-60.0838721,-32.2611704],[-60.077194,-32.2682843],[-60.0633948,-32.2829823],[-60.0568318,-32.289972],[-60.0501214,-32.297118],[-60.0365276,-32.3115513],[-60.036458,-32.3116237],[-60.0303648,-32.3179616],[-60.0295802,-32.3188148],[-60.0288484,-32.3195432],[-60.0279835,-32.3202611],[-60.0274824,-32.3206151],[-60.0267344,-32.3210411],[-60.025596,-32.3215633],[-60.0142866,-32.3260923],[-60.002694,-32.330358],[-59.9802484,-32.3384868],[-59.9581687,-32.3458413],[-59.9561513,-32.3463779],[-59.9468043,-32.3483461],[-59.9352857,-32.3504494],[-59.9308856,-32.351311],[-59.9294202,-32.3517276],[-59.9284115,-32.3521379],[-59.9274214,-32.3526113],[-59.9170241,-32.3580238],[-59.9164516,-32.3582846],[-59.915999,-32.3584698],[-59.9156215,-32.3586222],[-59.9152225,-32.3587683],[-59.9148919,-32.3588811],[-59.914611,-32.3589757],[-59.9143917,-32.3590448],[-59.9140638,-32.3591388],[-59.9138378,-32.3591994],[-59.9135897,-32.3592611],[-59.9134322,-32.359303],[-59.9131096,-32.359375],[-59.9127415,-32.3594549],[-59.9124263,-32.3595172],[-59.91203,-32.3595846],[-59.9114748,-32.3596627],[-59.910874,-32.3597273],[-59.884308,-32.3622683],[-59.8820291,-32.3625366],[-59.8804599,-32.3628048],[-59.879171,-32.3630573],[-59.8745349,-32.3640071],[-59.8649555,-32.3659447],[-59.8539157,-32.3677591],[-59.8428057,-32.3695082],[-59.8202748,-32.3730554],[-59.8149815,-32.3738887],[-59.8128944,-32.3741489],[-59.8108209,-32.3743224],[-59.8072255,-32.3746145],[-59.8065673,-32.374668],[-59.8060995,-32.3746971],[-59.8052173,-32.3747698],[-59.8021709,-32.3749707],[-59.8009205,-32.375127],[-59.799565,-32.3754158],[-59.7990272,-32.3755726],[-59.798324,-32.3758212],[-59.7971868,-32.3763393],[-59.7961888,-32.3768878],[-59.7952896,-32.3774499],[-59.7944189,-32.378128],[-59.7935169,-32.378834],[-59.792628,-32.3795778],[-59.7924719,-32.3797088],[-59.7917453,-32.3803189],[-59.7909083,-32.3809989],[-59.7904789,-32.3813516],[-59.7901318,-32.3816738],[-59.7888186,-32.3834247],[-59.7885872,-32.3837332],[-59.7885444,-32.3837903],[-59.7884396,-32.383939],[-59.7883692,-32.3840417],[-59.7882042,-32.3842821],[-59.787968,-32.3846089],[-59.787572,-32.3851829],[-59.787529,-32.3852555],[-59.7871721,-32.3857633],[-59.787113,-32.3858525],[-59.7867823,-32.3863506],[-59.786568,-32.3866733],[-59.7861087,-32.387365],[-59.7854369,-32.3883738],[-59.7849345,-32.3890119],[-59.7844103,-32.38965],[-59.7838158,-32.3903314],[-59.7834642,-32.3906247],[-59.7833465,-32.3907228],[-59.7826952,-32.3912219],[-59.7826683,-32.3912425],[-59.7824552,-32.3914057],[-59.7819258,-32.3917121],[-59.7814587,-32.3919399],[-59.7809915,-32.3921544],[-59.7804811,-32.3923777],[-59.7799045,-32.3926052],[-59.7794952,-32.3927412],[-59.7790921,-32.3928586],[-59.7784291,-32.3930031],[-59.777693,-32.3931226],[-59.7767453,-32.3932391],[-59.7758101,-32.3933318],[-59.7696934,-32.3939827],[-59.7686887,-32.3940896],[-59.7639124,-32.3945979],[-59.7613791,-32.39485],[-59.7523419,-32.3958529],[-59.7513659,-32.3958251],[-59.7506422,-32.3957633],[-59.7498379,-32.3956522],[-59.7466605,-32.3949932],[-59.7461539,-32.3949326],[-59.7452758,-32.3948708],[-59.744479,-32.3948914],[-59.7438285,-32.3949463],[-59.7424381,-32.3951042],[-59.7288314,-32.3968398],[-59.7277257,-32.3969555],[-59.7258185,-32.3970609],[-59.7096948,-32.3977131],[-59.6960186,-32.3982554],[-59.6945713,-32.3983378],[-59.6931484,-32.3984683],[-59.6730044,-32.4013359],[-59.670398,-32.4016949],[-59.6647307,-32.402402],[-59.6512253,-32.4039809],[-59.6493633,-32.4041937],[-59.6234988,-32.407228],[-59.6220352,-32.4073447],[-59.6208969,-32.4073447],[-59.6197016,-32.4072554],[-59.6090989,-32.4059237],[-59.6082289,-32.405855],[-59.6073995,-32.4058207],[-59.606562,-32.405855],[-59.6057001,-32.4059305],[-59.5874877,-32.4081031],[-59.5863648,-32.408237],[-59.5818722,-32.4087675],[-59.5678775,-32.4104166],[-59.5637243,-32.4109193],[-59.5621659,-32.4111031],[-59.5617243,-32.4111461],[-59.5612678,-32.4111759],[-59.5608458,-32.4111888],[-59.5602649,-32.4111764],[-59.5595042,-32.4111442],[-59.5566751,-32.4109855],[-59.5553851,-32.4109044],[-59.5543663,-32.4108527],[-59.5526192,-32.4107534],[-59.5383715,-32.4099454],[-59.5332321,-32.4096534],[-59.5331264,-32.4096479],[-59.5268788,-32.4092667],[-59.5258137,-32.4091912],[-59.524716,-32.4090196],[-59.5236427,-32.4087519],[-59.5226507,-32.4084155],[-59.521675,-32.4079556],[-59.5207562,-32.4074476],[-59.5199187,-32.4068298],[-59.5191167,-32.406159],[-59.5158613,-32.4033961],[-59.5146747,-32.4023696],[-59.5146317,-32.4023329],[-59.5121043,-32.4001784],[-59.5027218,-32.3920627],[-59.4940705,-32.3847366],[-59.4933306,-32.3841873],[-59.4925744,-32.3837273],[-59.4917938,-32.3833016],[-59.4910051,-32.3829651],[-59.4901433,-32.3826904],[-59.4893302,-32.3824707],[-59.4884683,-32.3822716],[-59.4876145,-32.3821137],[-59.4848636,-32.3819123],[-59.4524196,-32.3790854],[-59.4466834,-32.3786254],[-59.4444718,-32.3784812],[-59.4421951,-32.37844],[-59.4368842,-32.3786505],[-59.4177779,-32.3790305],[-59.4166233,-32.3789756],[-59.4154118,-32.3788383],[-59.4029975,-32.3768219],[-59.4025586,-32.3766975],[-59.3858878,-32.3739974],[-59.3853922,-32.3739167],[-59.3827538,-32.3734893],[-59.3692062,-32.3712581],[-59.3472209,-32.3676724],[-59.3466681,-32.3675798],[-59.3461693,-32.367477],[-59.3456788,-32.3673439],[-59.344966,-32.3671091],[-59.3442398,-32.3668363],[-59.342255,-32.3659526],[-59.3324682,-32.3616402],[-59.3163727,-32.3544962],[-59.3119682,-32.3525426],[-59.3117665,-32.35245225]]]},"geometry_name":"geom","properties":{"gid":89,"rtn":"12","typ":40,"rst":1,"hct":1,"fdc":"Dirección Nacional de Vialidad","sag":"IGN"},"bbox":[-60.267425,-32.4111888,-59.3117665,-32.0403245]},{"type":"Feature","id":"vial_nacional.92","geometry":{"type":"MultiLineString","coordinates":[[[-59.58062547,-30.74595584],[-59.58049907,-30.7456604],[-59.58041836,-30.74549441],[-59.5802401,-30.7452558],[-59.58015948,-30.74518527],[-59.580083,-30.7450849],[-59.5800406,-30.7449393],[-59.58004,-30.7448027],[-59.5800505,-30.7447227],[-59.5800903,-30.7446277],[-59.5801815,-30.7442957],[-59.5802357,-30.7439463],[-59.5803631,-30.7442729],[-59.58044582,-30.74438825],[-59.58056004,-30.7444939],[-59.58065022,-30.7445729],[-59.58071589,-30.74463],[-59.58075872,-30.74470139],[-59.58079298,-30.74477848],[-59.58080726,-30.74487271],[-59.58080155,-30.74495837],[-59.58075339,-30.74510761],[-59.5806908,-30.7452471],[-59.58064222,-30.74538934],[-59.58062242,-30.74559492],[-59.58062547,-30.74595584]]]},"geometry_name":"geom","properties":{"gid":92,"rtn":"12","typ":40,"rst":1,"hct":1,"fdc":"Dirección Nacional de Vialidad","sag":"IGN"},"bbox":[-59.58080726,-30.74595584,-59.58004,-30.7439463]},{"type":"Feature","id":"vial_nacional.90","geometry":{"type":"MultiLineString","coordinates":[[[-59.9577868,-31.5663539],[-59.9573765,-31.5656248],[-59.9481928,-31.5491053],[-59.9422816,-31.5385118],[-59.9419105,-31.5379672],[-59.9415296,-31.5375512],[-59.9412078,-31.5372448],[-59.9405479,-31.5367556],[-59.9393195,-31.5359738],[-59.9333006,-31.5320553],[-59.93124,-31.5307444],[-59.930231,-31.530073],[-59.9292948,-31.5293715],[-59.9286471,-31.5288681],[-59.9280432,-31.5283479],[-59.9274038,-31.5277213],[-59.9268084,-31.5270874],[-59.9195101,-31.5192383],[-59.9115031,-31.5104841],[-59.9111845,-31.5099822],[-59.9108948,-31.509377],[-59.9104311,-31.5080719],[-59.9061237,-31.4868598],[-59.9044658,-31.4785064],[-59.8985422,-31.4496474],[-59.8966792,-31.4403743],[-59.8951809,-31.4333277],[-59.8924692,-31.4200599],[-59.892184,-31.4189514],[-59.8920207,-31.4184777],[-59.8917375,-31.4179462],[-59.8912704,-31.4172334],[-59.8907607,-31.4166051],[-59.8899962,-31.4157474],[-59.8888464,-31.4145309],[-59.8835214,-31.4090327],[-59.8829179,-31.4084015],[-59.8825062,-31.4080177],[-59.8658872,-31.390832],[-59.861258,-31.3856838],[-59.8535757,-31.3768219],[-59.8348839,-31.3554655],[-59.8226632,-31.3412251],[-59.8142574,-31.3314289],[-59.8133514,-31.3302801],[-59.812686,-31.3293369],[-59.812049,-31.3282728],[-59.8063438,-31.3180901],[-59.8000662,-31.3072253],[-59.7976185,-31.3028827],[-59.7962985,-31.3005293],[-59.768372,-31.2516723],[-59.7612251,-31.2393948],[-59.756267,-31.2308055],[-59.7468584,-31.2145375],[-59.7450379,-31.2114392],[-59.7428073,-31.2074644],[-59.742533,-31.2069168],[-59.7422215,-31.2062165],[-59.73404,-31.1820541],[-59.7337427,-31.1811759],[-59.7332363,-31.1796058],[-59.7330594,-31.1790517],[-59.7329074,-31.1785759],[-59.7327669,-31.1781358],[-59.7324853,-31.1773973],[-59.7320958,-31.1760741],[-59.7319167,-31.1755481],[-59.7311756,-31.1732313],[-59.7296485,-31.168358],[-59.7294383,-31.167813],[-59.7291417,-31.167235],[-59.7277945,-31.1648879],[-59.7275635,-31.1645131],[-59.7273315,-31.1639603],[-59.7271203,-31.1632154],[-59.7270284,-31.1624002],[-59.7268901,-31.1612309],[-59.7265616,-31.1594532],[-59.7259825,-31.1577587],[-59.7237068,-31.1507895],[-59.723297,-31.149551],[-59.7223225,-31.1465723],[-59.7219495,-31.1454629],[-59.7214625,-31.1439637],[-59.7211423,-31.1430164],[-59.7208028,-31.1419743],[-59.7205806,-31.141305],[-59.720303,-31.1404556],[-59.7200176,-31.1395876],[-59.7199998,-31.1395333],[-59.7198713,-31.1391421],[-59.7195243,-31.1380857],[-59.7194646,-31.1379089],[-59.7192265,-31.137203],[-59.7188609,-31.1360821],[-59.7184638,-31.134891],[-59.7182581,-31.1342925],[-59.7181272,-31.1339078],[-59.7179938,-31.1335458],[-59.7178606,-31.1332258],[-59.7176746,-31.1328184],[-59.717443,-31.1323448],[-59.7171774,-31.1318708],[-59.7168813,-31.1314008],[-59.7166162,-31.1309995],[-59.7162532,-31.1304969],[-59.7158213,-31.1299029],[-59.7141907,-31.1276815],[-59.7136531,-31.1269514],[-59.7131648,-31.1262719],[-59.7129823,-31.1260178],[-59.7126604,-31.1255885],[-59.7121059,-31.124825],[-59.7111382,-31.1235094],[-59.7108267,-31.123065],[-59.7106335,-31.122773],[-59.7104197,-31.1224221],[-59.7101714,-31.1219741],[-59.7099721,-31.121593],[-59.7097916,-31.1212162],[-59.7096461,-31.1208773],[-59.7094928,-31.1204938],[-59.7093833,-31.1201942],[-59.7093029,-31.1199708],[-59.7091185,-31.1194303],[-59.7088394,-31.1185848],[-59.702112,-31.0986338],[-59.6996074,-31.0932451],[-59.693031,-31.0790943],[-59.6926201,-31.0781344],[-59.6921904,-31.0773345],[-59.6917048,-31.0765345],[-59.691107,-31.0757026],[-59.6891406,-31.0727788],[-59.6886497,-31.0720893],[-59.6656462,-31.0389934],[-59.6626387,-31.0345599],[-59.6617794,-31.0330713],[-59.6609949,-31.0315987],[-59.6604531,-31.0303822],[-59.6600422,-31.0293577],[-59.6596499,-31.0282373],[-59.6592576,-31.0269567],[-59.6589587,-31.025612],[-59.6588093,-31.0247316],[-59.6586599,-31.0236591],[-59.6584357,-31.0220423],[-59.6582489,-31.019593],[-59.6581929,-31.0185364],[-59.6581929,-31.0180882],[-59.6582325,-31.0176],[-59.658424,-31.0166475],[-59.6597876,-31.0107399],[-59.6619696,-31.0011571],[-59.6621674,-31.0002882],[-59.6623398,-30.9995001],[-59.6623887,-30.99911],[-59.6624037,-30.9989288],[-59.6624134,-30.9987383],[-59.6624174,-30.9985607],[-59.6624161,-30.9983832],[-59.6624055,-30.9975626],[-59.6623801,-30.9966807],[-59.6623666,-30.9961462],[-59.6623435,-30.9956028],[-59.6623261,-30.9953351],[-59.6622947,-30.9950673],[-59.662256,-30.9948016],[-59.6622032,-30.9945359],[-59.6621435,-30.9942722],[-59.6620744,-30.9940044],[-59.6619869,-30.9937404],[-59.66189,-30.9934765],[-59.6617889,-30.9932279],[-59.6616785,-30.9929753],[-59.6615639,-30.9927309],[-59.6614353,-30.9924784],[-59.6613032,-30.9922311],[-59.6611665,-30.9919837],[-59.6608978,-30.9914991],[-59.660443,-30.9906624],[-59.6599837,-30.9898508],[-59.6598489,-30.9896025],[-59.6596819,-30.989268],[-59.6595328,-30.9889341],[-59.6594779,-30.9887832],[-59.6592873,-30.9882598],[-59.6591199,-30.9875978],[-59.6590634,-30.9873203],[-59.6589506,-30.986785],[-59.6587332,-30.9856135],[-59.6585582,-30.9846704],[-59.6583081,-30.9834133],[-59.6579783,-30.9817555],[-59.6577669,-30.9810876],[-59.6574879,-30.980315],[-59.657085,-30.9793851],[-59.6567798,-30.9787513],[-59.6563936,-30.9781074],[-59.6556474,-30.9770486],[-59.6552348,-30.9765068],[-59.6547413,-30.9759733],[-59.6540273,-30.9753377],[-59.6519137,-30.9738107],[-59.6439391,-30.9679986],[-59.6436173,-30.9677635],[-59.6423442,-30.9668201],[-59.6407992,-30.965454],[-59.6399435,-30.9645409],[-59.6390611,-30.9635013],[-59.6385381,-30.9627745],[-59.6379614,-30.961751],[-59.6372319,-30.9605366],[-59.6363736,-30.9588738],[-59.6280264,-30.939828],[-59.6276831,-30.9388893],[-59.6274042,-30.9379139],[-59.6271252,-30.9367176],[-59.6268248,-30.9350427],[-59.6266317,-30.9329629],[-59.6267585,-30.9311382],[-59.6268603,-30.9302255],[-59.6268781,-30.9300418],[-59.6270026,-30.9287412],[-59.6270917,-30.9274407],[-59.6273212,-30.9159617],[-59.6272783,-30.914268],[-59.6271709,-30.9128229],[-59.6270422,-30.91193],[-59.626892,-30.9110464],[-59.6265058,-30.9093158],[-59.6242571,-30.9004902],[-59.6239952,-30.8994842],[-59.6236305,-30.8985084],[-59.6230949,-30.8973736],[-59.6217683,-30.8948052],[-59.6217058,-30.8946816],[-59.6205414,-30.8924442],[-59.620326,-30.8918244],[-59.6201187,-30.8911813],[-59.6199827,-30.8905907],[-59.619874,-30.8898135],[-59.6198488,-30.8888017],[-59.6199398,-30.8877623],[-59.6202232,-30.8849277],[-59.6204913,-30.8820857],[-59.6205418,-30.8815297],[-59.6205584,-30.8814018],[-59.6206759,-30.8802137],[-59.6206977,-30.8794478],[-59.6206912,-30.8787772],[-59.6206237,-30.8776171],[-59.6204866,-30.8765411],[-59.6203016,-30.8755996],[-59.6200665,-30.8746693],[-59.6195585,-30.8732239],[-59.6195186,-30.8731234],[-59.6161718,-30.8646814],[-59.6159417,-30.8640954],[-59.6156834,-30.8634447],[-59.6141781,-30.8596522],[-59.6110674,-30.8518049],[-59.6061987,-30.8394509],[-59.6003189,-30.8245415],[-59.5973883,-30.8170924],[-59.594439,-30.8096444],[-59.5924593,-30.804542],[-59.5909463,-30.7972809],[-59.5898597,-30.7918919],[-59.5890782,-30.7879828],[-59.5864381,-30.7747757],[-59.5857765,-30.7714661],[-59.5851309,-30.768236],[-59.5845455,-30.7653072],[-59.5844483,-30.7648302],[-59.5837843,-30.7615727],[-59.5831115,-30.7582717],[-59.5824605,-30.7550057],[-59.5821868,-30.7537854],[-59.5815594,-30.7516949],[-59.5812775,-30.7505658],[-59.5812198,-30.7500694],[-59.5811181,-30.748747],[-59.5810936,-30.7483494],[-59.5807366,-30.7465025],[-59.5807046,-30.7463735],[-59.58062547,-30.74595584]]]},"geometry_name":"geom","properties":{"gid":90,"rtn":"12","typ":40,"rst":1,"hct":1,"fdc":"Dirección Nacional de Vialidad","sag":"IGN"},"bbox":[-59.9577868,-31.5663539,-59.58062547,-30.74595584]},{"type":"Feature","id":"vial_nacional.93","geometry":{"type":"MultiLineString","coordinates":[[[-59.3087031,-32.3535366],[-59.3063902,-32.3741235],[-59.3047968,-32.3869136],[-59.3039935,-32.3966711],[-59.3039446,-32.3971045],[-59.3024955,-32.4095191],[-59.3023367,-32.4111908],[-59.3022246,-32.411932],[-59.3021125,-32.4125628],[-59.3019351,-32.4133434],[-59.301823,-32.4137455],[-59.301767,-32.4139505],[-59.3014214,-32.4153067],[-59.3010758,-32.4166392],[-59.2996861,-32.4220274],[-59.2989759,-32.4245327],[-59.2988435,-32.4253118],[-59.2988435,-32.4259819],[-59.2989183,-32.4266047],[-59.299172,-32.4277592],[-59.3005471,-32.433082],[-59.3024675,-32.4410465],[-59.3025795,-32.441748],[-59.3026356,-32.4424968],[-59.3026169,-32.4430959],[-59.3025515,-32.4437028],[-59.3022807,-32.4449167],[-59.3017216,-32.4476716],[-59.2992442,-32.4596738],[-59.2974047,-32.4689646],[-59.2961454,-32.4749338],[-59.2956152,-32.4780743],[-59.2952177,-32.4809218],[-59.2950788,-32.4831246],[-59.2950358,-32.4844821],[-59.2950788,-32.485731],[-59.2952858,-32.4924372],[-59.2959633,-32.5030775],[-59.296273,-32.5082485],[-59.2964119,-32.5105688],[-59.2968863,-32.5203949],[-59.2970398,-32.5223],[-59.2970906,-32.5229305],[-59.2972391,-32.523883],[-59.2973885,-32.5246548],[-59.2976214,-32.5253831],[-59.2980423,-32.5265605],[-59.2984919,-32.5276924],[-59.2993125,-32.5292695],[-59.3011991,-32.5330952],[-59.3035737,-32.5378841],[-59.3038061,-32.5383687],[-59.304364,-32.5394902],[-59.3050205,-32.5406106],[-59.305866,-32.5417514],[-59.306892,-32.5429986],[-59.3130972,-32.5501623],[-59.320307,-32.5583011],[-59.321809,-32.5601277],[-59.3233325,-32.5622075],[-59.3244265,-32.563971],[-59.3246737,-32.5643798],[-59.3248973,-32.5646987],[-59.3273106,-32.5682301],[-59.3327489,-32.5764925],[-59.3427857,-32.5917397],[-59.3453204,-32.5955897],[-59.3464375,-32.5973007],[-59.3489125,-32.6010915],[-59.3495704,-32.6023497],[-59.3499628,-32.6034522],[-59.3502724,-32.6048241],[-59.3513639,-32.6119052],[-59.3516874,-32.6140038],[-59.3522374,-32.6178389],[-59.3534578,-32.6263493],[-59.3540397,-32.6304001],[-59.3637943,-32.6962298],[-59.3676139,-32.7223864],[-59.368033,-32.7251353],[-59.3680519,-32.7252951],[-59.3680896,-32.7256034],[-59.3684023,-32.7280205],[-59.3683793,-32.7290617],[-59.3683027,-32.729943],[-59.3681647,-32.7307133],[-59.3679536,-32.7315475],[-59.3675726,-32.7327782],[-59.3653308,-32.7381059],[-59.3591054,-32.7532183],[-59.352724,-32.7686638],[-59.3490108,-32.7776022],[-59.348714,-32.7784746],[-59.348509,-32.779337],[-59.3454241,-32.7923363],[-59.3449366,-32.7953151],[-59.3444115,-32.7984582],[-59.3440443,-32.8007827],[-59.3437823,-32.8033329],[-59.3435937,-32.8050202],[-59.343499,-32.8057808],[-59.3433603,-32.8064562],[-59.343076,-32.8073941],[-59.3427916,-32.808199],[-59.3416598,-32.8112558],[-59.340882,-32.8133793],[-59.3404895,-32.8144351],[-59.3402588,-32.8150776],[-59.340096,-32.8155727],[-59.3399289,-32.8161213],[-59.3398011,-32.8166456],[-59.3395355,-32.8177885],[-59.3347719,-32.8380553],[-59.3341282,-32.8407663],[-59.3338493,-32.8422041],[-59.3336722,-32.8436688],[-59.3313538,-32.8605373],[-59.330716,-32.8650292],[-59.3306332,-32.8657815],[-59.330564,-32.8665189],[-59.3305582,-32.8673631],[-59.3305876,-32.8681268],[-59.3313593,-32.8875867],[-59.3314979,-32.8920677],[-59.3311684,-32.8965077],[-59.3281936,-32.9352799],[-59.3263709,-32.9596256],[-59.3260124,-32.964413],[-59.3258792,-32.9662231],[-59.3258541,-32.9671541],[-59.3259051,-32.9680532],[-59.3263814,-32.9707895],[-59.3270767,-32.9743898],[-59.3273986,-32.9761863],[-59.3276818,-32.9775723],[-59.3281782,-32.9800257],[-59.3284714,-32.9817412],[-59.328742,-32.9839747],[-59.3287635,-32.9848026],[-59.3286984,-32.9856945],[-59.3285704,-32.9865305],[-59.3284136,-32.9873117],[-59.3280904,-32.9883074],[-59.3280661,-32.9883821],[-59.3275895,-32.9894607],[-59.3242292,-32.9967084],[-59.3193646,-33.0075647],[-59.3188012,-33.0088524],[-59.318323,-33.0100069],[-59.3180975,-33.0109251],[-59.3178642,-33.0120356],[-59.3172899,-33.0154948],[-59.3171913,-33.0160339],[-59.3168762,-33.0179598],[-59.316337,-33.0212103],[-59.3161068,-33.0224315],[-59.3157598,-33.0243109],[-59.3155404,-33.0251871],[-59.3150165,-33.0265265],[-59.3146403,-33.0274119],[-59.3141078,-33.0286184],[-59.312615,-33.032002],[-59.3043406,-33.0507891],[-59.3038988,-33.0518209],[-59.3035337,-33.0526902],[-59.3033498,-33.0532203],[-59.3031858,-33.0538513],[-59.3029922,-33.0548694],[-59.302814,-33.0566912],[-59.3027142,-33.057998],[-59.3024746,-33.0608016],[-59.3017866,-33.0682836],[-59.3010678,-33.077324],[-59.3004352,-33.0853723],[-59.3004301,-33.086753],[-59.3004935,-33.0875611],[-59.3007905,-33.088822],[-59.303048,-33.0968847],[-59.3034108,-33.0978689],[-59.3038026,-33.098836],[-59.3043073,-33.0997467],[-59.3062948,-33.1036919],[-59.3065213,-33.1040672],[-59.3066699,-33.1043508],[-59.3067458,-33.1044921],[-59.3070545,-33.1051897],[-59.3076813,-33.1068762],[-59.3081669,-33.1082214],[-59.3086562,-33.1095767],[-59.3095248,-33.1119735],[-59.3106299,-33.114702],[-59.3118143,-33.1171311],[-59.3128722,-33.1195968],[-59.3133571,-33.1207457],[-59.3138914,-33.1220439],[-59.3149678,-33.1246058],[-59.3153196,-33.1253794],[-59.3159407,-33.1267448],[-59.3160517,-33.1270403]]]},"geometry_name":"geom","properties":{"gid":93,"rtn":"12","typ":40,"rst":1,"hct":1,"fdc":"Dirección Nacional de Vialidad","sag":"IGN"},"bbox":[-59.3684023,-33.1270403,-59.2950358,-32.3535366]},{"type":"Feature","id":"vial_nacional.91","geometry":{"type":"MultiLineString","coordinates":[[[-59.5802357,-30.7439463],[-59.5799416,-30.7426024],[-59.5790491,-30.7385246],[-59.578887,-30.7376849],[-59.5783916,-30.7351183],[-59.5778487,-30.7325121],[-59.5744209,-30.7160533],[-59.5741453,-30.7150172],[-59.5738235,-30.7140948],[-59.5733299,-30.7132093],[-59.5723559,-30.7115996],[-59.5700648,-30.7077929],[-59.5658005,-30.7006967],[-59.5381086,-30.6435035],[-59.5330437,-30.6330418],[-59.5318693,-30.6306682],[-59.530496,-30.627714],[-59.5297964,-30.6260835],[-59.529496,-30.6252157],[-59.529296,-30.6243531],[-59.52926,-30.6234061],[-59.5293572,-30.6223505],[-59.5301969,-30.6162291],[-59.5302685,-30.6155212],[-59.530169,-30.6148602],[-59.5298306,-30.6136002],[-59.5233046,-30.5901462],[-59.5165872,-30.5665207],[-59.5120724,-30.5502773],[-59.5119051,-30.5496267],[-59.5117523,-30.5487978],[-59.5115849,-30.5467792],[-59.5109309,-30.5346095],[-59.5079186,-30.4792561],[-59.5078274,-30.4786551],[-59.5076957,-30.478063],[-59.5075162,-30.4775039],[-59.5072532,-30.4768541],[-59.5069333,-30.4762338],[-59.5065799,-30.4756104],[-59.5064458,-30.4753746],[-59.5053492,-30.4734251],[-59.5048528,-30.4722819],[-59.5046815,-30.4717154],[-59.5045531,-30.4710749],[-59.504542,-30.4703353],[-59.5045738,-30.4694477],[-59.5046436,-30.4687518],[-59.5048064,-30.4679986],[-59.5095897,-30.4512108],[-59.5105245,-30.4478638],[-59.5111068,-30.4421076],[-59.5116965,-30.4368937],[-59.5117976,-30.4318195],[-59.5119197,-30.4228184],[-59.5123405,-30.4138362],[-59.5139455,-30.3740295],[-59.5142358,-30.3664248],[-59.5139846,-30.354651],[-59.5139644,-30.3533907],[-59.5139278,-30.3511112],[-59.5139104,-30.3500279],[-59.5138282,-30.3461527],[-59.5138114,-30.3453599],[-59.5137398,-30.3440448],[-59.5137024,-30.3438271],[-59.5136282,-30.3435092],[-59.5135117,-30.3430972],[-59.5131109,-30.3417477],[-59.5129908,-30.3413775],[-59.512853,-30.3410419],[-59.5126965,-30.3407143],[-59.5120524,-30.3397608],[-59.5054377,-30.3307676],[-59.5047763,-30.3295577],[-59.5042682,-30.3281561],[-59.5038268,-30.3254927],[-59.4939643,-30.2606918],[-59.4934753,-30.2575565],[-59.4899949,-30.2353843],[-59.4890663,-30.2307836],[-59.4887873,-30.2286138],[-59.4888187,-30.2263257],[-59.4894816,-30.2227548],[-59.4905452,-30.2174503],[-59.4906767,-30.2163288],[-59.4907391,-30.2150415],[-59.4907562,-30.2129776],[-59.4907712,-30.2124547],[-59.4907712,-30.2100461],[-59.490915,-30.1879084],[-59.4911033,-30.1858579],[-59.4911915,-30.1853358],[-59.4913036,-30.1847787],[-59.4915277,-30.1840763],[-59.4917612,-30.1835435],[-59.4923029,-30.1825746],[-59.4932582,-30.1808969],[-59.4969502,-30.1747293],[-59.5198335,-30.1364938],[-59.5275418,-30.1235372],[-59.5310255,-30.1177146],[-59.5316028,-30.1166748],[-59.5320465,-30.1157047],[-59.5322683,-30.1151184],[-59.5324408,-30.114532],[-59.5325517,-30.113967],[-59.5326566,-30.113276],[-59.5339255,-30.1006868],[-59.5346469,-30.0935282],[-59.5346838,-30.0922806],[-59.5346592,-30.0909157],[-59.5343732,-30.0870097],[-59.5327875,-30.0668928],[-59.5324408,-30.062494],[-59.5318246,-30.0545579],[-59.5313933,-30.0484668],[-59.5308942,-30.04269],[-59.5308286,-30.0421129],[-59.5307774,-30.0416378],[-59.5307161,-30.041069],[-59.5306281,-30.0402534],[-59.5305578,-30.0396015],[-59.530315,-30.0375559],[-59.529945,-30.0349806],[-59.5294511,-30.0313904],[-59.5293997,-30.0308567],[-59.5293717,-30.0306142],[-59.529311,-30.0299268],[-59.529339,-30.0295751],[-59.5293623,-30.0293123],[-59.5295398,-30.0288069],[-59.5296098,-30.0286128],[-59.5306958,-30.0269655],[-59.5315954,-30.0256384],[-59.5317968,-30.02534],[-59.5319202,-30.0250692],[-59.5319768,-30.0247852],[-59.5319358,-30.0244324],[-59.5318454,-30.0240016],[-59.5317697,-30.0237891],[-59.5317043,-30.0236057],[-59.5315587,-30.0232536],[-59.5313979,-30.02301675],[-59.5312271,-30.0228488],[-59.5310516,-30.0227155],[-59.5300837,-30.0221539],[-59.5292426,-30.0216881],[-59.5283058,-30.0211328],[-59.5274238,-30.0206354],[-59.5264842,-30.0201008],[-59.5256177,-30.0196031],[-59.5246544,-30.0191042],[-59.5237963,-30.0186194],[-59.5229132,-30.0180819],[-59.5219878,-30.0175483],[-59.5210996,-30.0170633],[-59.520196,-30.016591],[-59.5197705,-30.0163429],[-59.5192097,-30.0160106],[-59.51907,-30.0159136],[-59.5189624,-30.015812],[-59.5188549,-30.0156682],[-59.5187911,-30.0155085],[-59.5187487,-30.0153488],[-59.5187354,-30.0152],[-59.5187436,-30.0150697],[-59.5188023,-30.0148486],[-59.5188906,-30.0146623],[-59.5194254,-30.0138645],[-59.5199611,-30.013076],[-59.5205037,-30.012264],[-59.5210361,-30.0114613],[-59.5216044,-30.010609],[-59.5221224,-30.0098601],[-59.5221851,-30.0097674],[-59.5227093,-30.0089919],[-59.5232473,-30.0081737],[-59.5237921,-30.0073726],[-59.5243571,-30.0065558],[-59.5249178,-30.0057453],[-59.5254172,-30.0049592],[-59.5259655,-30.0041363],[-59.5265574,-30.0032873],[-59.5271,-30.0024804],[-59.5274007,-30.0019915],[-59.527582,-30.0016326],[-59.5276475,-30.0013346],[-59.5276464,-30.0010036],[-59.5275989,-30.0007641],[-59.5275304,-30.0005597],[-59.5273848,-30.0003045],[-59.5272299,-30.0000839],[-59.527007,-29.9998698],[-59.5265468,-29.9995968],[-59.5258211,-29.9991904],[-59.5247971,-29.9986073],[-59.5238999,-29.998103],[-59.5229209,-29.9975518],[-59.5211632,-29.9965232],[-59.5192461,-29.9955397],[-59.5156795,-29.9934937],[-59.5083915,-29.9893409],[-59.5057852,-29.9877659],[-59.5048812,-29.9872823],[-59.5038041,-29.986638],[-59.5031164,-29.9861766],[-59.5022434,-29.9853974],[-59.5012416,-29.9843615],[-59.4995558,-29.9824225],[-59.4970891,-29.9796256],[-59.486192,-29.9672689],[-59.4846223,-29.9654889],[-59.470646,-29.9494046],[-59.4692886,-29.9478862],[-59.4681449,-29.946217],[-59.4677651,-29.945362],[-59.4675059,-29.9445576],[-59.4672741,-29.9432811],[-59.4672,-29.9418185],[-59.465486,-29.9112849],[-59.463732,-29.8792649],[-59.4635668,-29.8778221],[-59.4632149,-29.8766653],[-59.4623276,-29.8748177],[-59.4610283,-29.873278],[-59.4576702,-29.8698892],[-59.4544086,-29.8666143],[-59.4526309,-29.8652545],[-59.451465,-29.8646341],[-59.4502748,-29.8641873],[-59.4476602,-29.8631011],[-59.4255561,-29.8539399],[-59.4039531,-29.8450407],[-59.402661,-29.8444304],[-59.4016096,-29.8438348],[-59.400789,-29.8432385],[-59.4001275,-29.8426417],[-59.3996494,-29.842045],[-59.3984645,-29.8402114],[-59.3970481,-29.8380763],[-59.3963798,-29.8370587],[-59.3959647,-29.8361389],[-59.3957284,-29.8351999],[-59.3956317,-29.8343516],[-59.39567,-29.8333155],[-59.3957869,-29.8325585],[-59.3959639,-29.8319442],[-59.3961493,-29.831236],[-59.3966774,-29.8295011],[-59.3976775,-29.825947],[-59.3977055,-29.825146],[-59.397623,-29.8243918],[-59.3972327,-29.8233522],[-59.3967495,-29.8225125],[-59.3960521,-29.8217399],[-59.3943581,-29.8197931],[-59.394078,-29.8193942],[-59.3937423,-29.8186616],[-59.3931156,-29.8171834],[-59.3927476,-29.8162293],[-59.3925974,-29.815615],[-59.3925759,-29.8150006],[-59.3926403,-29.8142186],[-59.3926736,-29.8138686],[-59.3931236,-29.8109979],[-59.3932669,-29.8100861],[-59.3935141,-29.8084264],[-59.3936838,-29.8077976],[-59.3938827,-29.8072831],[-59.394123,-29.8067975],[-59.3943964,-29.8063927],[-59.3951744,-29.805248],[-59.3955414,-29.8047295],[-59.3979056,-29.8013745],[-59.3983838,-29.8006999],[-59.3985022,-29.8005304],[-59.4071531,-29.7882495],[-59.4114742,-29.7821016],[-59.4130889,-29.7798062],[-59.4143978,-29.7778577],[-59.4157,-29.7759213],[-59.4160353,-29.7754213],[-59.4162558,-29.7750835],[-59.416791,-29.7742661],[-59.4172056,-29.7736278],[-59.4174918,-29.773156],[-59.4176076,-29.7729077],[-59.4178021,-29.7724391],[-59.4179007,-29.772212],[-59.4180453,-29.7716494],[-59.4181224,-29.7713133],[-59.4181905,-29.7708761],[-59.4182135,-29.7706342],[-59.4182361,-29.7702222],[-59.4182183,-29.7697575],[-59.4182119,-29.769637],[-59.4181,-29.76892],[-59.4179321,-29.768275],[-59.4177517,-29.7677759],[-59.417721,-29.7676673],[-59.4175142,-29.767261],[-59.4172262,-29.7666942],[-59.4171665,-29.7665829],[-59.4169102,-29.7660847],[-59.4165954,-29.7654931],[-59.4165494,-29.7654042],[-59.4159973,-29.7643358],[-59.4157231,-29.7638179],[-59.3944126,-29.7230683],[-59.3900931,-29.7148222],[-59.3893825,-29.7134655],[-59.3890758,-29.71288],[-59.38871,-29.7121816],[-59.3878909,-29.7107198],[-59.3872498,-29.7095755],[-59.3841963,-29.7041256],[-59.3841595,-29.7040598],[-59.383946,-29.7037028],[-59.3832869,-29.7026003],[-59.3832528,-29.7025433],[-59.3711351,-29.6820498],[-59.3705122,-29.6809614],[-59.3625591,-29.6673039],[-59.3542166,-29.6532669],[-59.3526092,-29.6504176],[-59.3519655,-29.6495135],[-59.3512691,-29.6487375],[-59.3475193,-29.6454285],[-59.3462264,-29.6442875],[-59.3459733,-29.6440491],[-59.3440675,-29.6422835],[-59.3366189,-29.635597],[-59.3355644,-29.634512],[-59.334892,-29.6336677],[-59.3343129,-29.6328558],[-59.3338646,-29.632044],[-59.3334349,-29.6311672],[-59.3330987,-29.6302417],[-59.3327998,-29.6293486],[-59.3324636,-29.6280334],[-59.3322581,-29.6266369],[-59.3321624,-29.6183056],[-59.3321068,-29.6089197],[-59.3319935,-29.5976],[-59.3319855,-29.5967983],[-59.3319218,-29.584101],[-59.3318845,-29.5823141],[-59.3317537,-29.5810145],[-59.3313988,-29.5792924],[-59.3309326,-29.5776446],[-59.3286816,-29.5714516],[-59.32661,-29.5652086],[-59.3238147,-29.5559775],[-59.3233664,-29.55419],[-59.3229554,-29.5521101],[-59.3216442,-29.5445795],[-59.321128,-29.5416038],[-59.3191934,-29.528749],[-59.3187213,-29.5264525],[-59.3182063,-29.5243987],[-59.3177892,-29.5228695],[-59.3177266,-29.5226399],[-59.3174308,-29.5215555],[-59.3116754,-29.5011932],[-59.3109802,-29.4987333],[-59.3049291,-29.4782803],[-59.3045734,-29.4771726],[-59.3043629,-29.4764361],[-59.3031396,-29.4721742],[-59.2994309,-29.4592522],[-59.2981649,-29.454656],[-59.297328,-29.4510686],[-59.2967249,-29.4481864],[-59.2964691,-29.4469642],[-59.2938028,-29.4324565],[-59.2893845,-29.4099741],[-59.2864136,-29.3948536],[-59.2838932,-29.3820273],[-59.2812018,-29.3678383],[-59.2777874,-29.3498351],[-59.2761005,-29.3408343],[-59.27438,-29.3318653],[-59.2736445,-29.3278572],[-59.2733121,-29.3262155],[-59.2730931,-29.3255563],[-59.272803,-29.3249377],[-59.2671943,-29.3163153],[-59.2631843,-29.3103805],[-59.2610014,-29.3068946],[-59.260443,-29.3057446],[-59.254712,-29.2939399],[-59.2521116,-29.288693],[-59.2510454,-29.2863737],[-59.2509495,-29.286165],[-59.2498473,-29.2837673],[-59.2460847,-29.2763525],[-59.2460082,-29.2762018],[-59.2458374,-29.2758653],[-59.2399651,-29.2638497],[-59.2338374,-29.2513102],[-59.2270124,-29.2373418],[-59.2232242,-29.2296709],[-59.2192877,-29.2216651],[-59.2189024,-29.2207662],[-59.2187904,-29.2202445],[-59.218655,-29.2197168],[-59.2185849,-29.218875],[-59.2186213,-29.2181982],[-59.2187343,-29.2173588],[-59.2189398,-29.2164295],[-59.2193508,-29.2151415],[-59.220316,-29.2121389],[-59.2261647,-29.1967508],[-59.2269162,-29.1949718],[-59.2275145,-29.1938572],[-59.2281304,-29.1929986],[-59.2289527,-29.1920716],[-59.229359,-29.1917006],[-59.2431122,-29.1797395],[-59.2441057,-29.1787509],[-59.2444763,-29.1783014],[-59.2448536,-29.1776608],[-59.2453159,-29.1769021],[-59.2455961,-29.1762497],[-59.2459137,-29.175363],[-59.2460771,-29.1744833],[-59.2461785,-29.1736763],[-59.2461716,-29.1731213],[-59.2460695,-29.1722387],[-59.2458363,-29.1711758],[-59.2455167,-29.1702548],[-59.2445927,-29.1680725],[-59.2438604,-29.1662795],[-59.2435097,-29.1654207],[-59.2431918,-29.1643551],[-59.2430629,-29.1637144],[-59.2430105,-29.1632812],[-59.2429796,-29.1628481],[-59.2429793,-29.162335],[-59.242995,-29.1618218],[-59.2430687,-29.1612687],[-59.243196,-29.1606546],[-59.2432338,-29.1605052],[-59.2436082,-29.1590254],[-59.2440952,-29.157111],[-59.2443504,-29.1561551],[-59.2445094,-29.1555664],[-59.2447896,-29.1544619],[-59.2452167,-29.1527393],[-59.245334,-29.152266],[-59.2453568,-29.1521738],[-59.2455318,-29.1514657],[-59.2456326,-29.1506833],[-59.2456454,-29.1500371],[-59.2455511,-29.1492015],[-59.2453122,-29.1480858],[-59.2451884,-29.1476019],[-59.2448348,-29.1462206],[-59.2440841,-29.1431108],[-59.2432128,-29.139501],[-59.2430203,-29.1387036]]]},"geometry_name":"geom","properties":{"gid":91,"rtn":"12","typ":40,"rst":1,"hct":1,"fdc":"Dirección Nacional de Vialidad","sag":"IGN"},"bbox":[-59.5802357,-30.7439463,-59.2185849,-29.1387036]},{"type":"Feature","id":"vial_nacional.175","geometry":{"type":"MultiLineString","coordinates":[[[-60.6238434,-32.0754736],[-60.62413981,-32.0765744]]]},"geometry_name":"geom","properties":{"gid":175,"rtn":"131","typ":40,"rst":1,"hct":1,"fdc":"Dirección Nacional de Vialidad","sag":"IGN"},"bbox":[-60.62413981,-32.0765744,-60.6238434,-32.0754736]},{"type":"Feature","id":"vial_nacional.174","geometry":{"type":"MultiLineString","coordinates":[[[-60.6238434,-32.0754736],[-60.623781,-32.0752537],[-60.6237664,-32.0751812],[-60.6237422,-32.0750603],[-60.6237297,-32.0749942],[-60.6236462,-32.0746815],[-60.6237361,-32.0747622],[-60.6238447,-32.0748361],[-60.6239212,-32.0749042],[-60.623956,-32.0749667],[-60.6239547,-32.0750611],[-60.6238997,-32.0751565],[-60.6238742,-32.0752236],[-60.6238434,-32.0754736]]]},"geometry_name":"geom","properties":{"gid":174,"rtn":"131","typ":40,"rst":1,"hct":1,"fdc":"Dirección Nacional de Vialidad","sag":"IGN"},"bbox":[-60.623956,-32.0754736,-60.6236462,-32.0746815]},{"type":"Feature","id":"vial_nacional.128","geometry":{"type":"MultiLineString","coordinates":[[[-60.4034064,-31.7688773],[-60.4029073,-31.7686008],[-60.4020482,-31.7681308],[-60.4011416,-31.7676174],[-60.3997052,-31.7668434],[-60.3987222,-31.7663352]]]},"geometry_name":"geom","properties":{"gid":128,"rtn":"12","typ":40,"rst":1,"hct":1,"fdc":"Dirección Nacional de Vialidad","sag":"IGN"},"bbox":[-60.4034064,-31.7688773,-60.3987222,-31.7663352]},{"type":"Feature","id":"vial_nacional.129","geometry":{"type":"MultiLineString","coordinates":[[[-60.3987222,-31.7663352],[-60.3984205,-31.7662178],[-60.3973303,-31.7656645],[-60.3962485,-31.7651055],[-60.3939492,-31.7638532],[-60.3924533,-31.7630491],[-60.3914833,-31.7625257],[-60.3910358,-31.7622848],[-60.3903043,-31.7618905],[-60.3899377,-31.7616447],[-60.3903587,-31.7618222],[-60.3911362,-31.7622113],[-60.3920286,-31.7626599],[-60.3957225,-31.7646514],[-60.3984756,-31.766153],[-60.3987222,-31.7663352]]]},"geometry_name":"geom","properties":{"gid":129,"rtn":"12","typ":40,"rst":1,"hct":1,"fdc":"Dirección Nacional de Vialidad","sag":"IGN"},"bbox":[-60.3987222,-31.7663352,-60.3899377,-31.7616447]},{"type":"Feature","id":"vial_nacional.122","geometry":{"type":"MultiLineString","coordinates":[[[-60.4079287,-31.770012],[-60.4084377,-31.769923],[-60.4096629,-31.7697089],[-60.4103441,-31.7695898],[-60.4122897,-31.7692978],[-60.4137888,-31.7690623],[-60.414813,-31.7689191],[-60.4161434,-31.7687194],[-60.4173331,-31.7685408],[-60.4185475,-31.7683586],[-60.4202226,-31.7681071],[-60.4219446,-31.7678178],[-60.4221461,-31.7677879],[-60.4238317,-31.7675501],[-60.4255335,-31.76731],[-60.4270825,-31.7670775],[-60.4280987,-31.766925],[-60.430157,-31.7666161],[-60.4303683,-31.7665844],[-60.4314505,-31.7663944],[-60.4315893,-31.76637],[-60.4326298,-31.7662136],[-60.4337639,-31.7660043],[-60.4348194,-31.7657866],[-60.4370023,-31.7653279],[-60.4370606,-31.7653178],[-60.4372915,-31.7652785],[-60.4380062,-31.765157],[-60.4388722,-31.7650092],[-60.4413905,-31.7645805],[-60.4420477,-31.7644805],[-60.4457982,-31.7639095],[-60.4515611,-31.7630457],[-60.4572177,-31.7621848],[-60.47856986,-31.75889192],[-60.49546276,-31.75634431],[-60.4969761,-31.75533541],[-60.50125722,-31.77556083],[-60.46690542,-31.78081468],[-60.45984477,-31.78187232]]]},"geometry_name":"geom","properties":{"gid":122,"rtn":"12","typ":40,"rst":1,"hct":1,"fdc":"Dirección Nacional de Vialidad","sag":"IGN"},"bbox":[-60.50125722,-31.78187232,-60.4079287,-31.75533541]},{"type":"Feature","id":"vial_nacional.2344","geometry":{"type":"MultiLineString","coordinates":[[[-60.70031977,-32.87274737],[-60.70007885,-32.87265018],[-60.69956489,-32.87244079],[-60.69934715,-32.87236639]]]},"geometry_name":"geom","properties":{"gid":2344,"rtn":"174","typ":41,"rst":1,"hct":1,"fdc":"Dirección Nacional de Vialidad","sag":"IGN"},"bbox":[-60.70031977,-32.87274737,-60.69934715,-32.87236639]},{"type":"Feature","id":"vial_nacional.138","geometry":{"type":"MultiLineString","coordinates":[[[-59.3162372,-33.1274776],[-59.3162611,-33.1275605],[-59.3162772,-33.1276751],[-59.3162628,-33.127742],[-59.3162531,-33.1277874],[-59.316194,-33.127884],[-59.3161519,-33.1279481],[-59.3160277,-33.1281019],[-59.3159341,-33.1282818],[-59.3158631,-33.1285194],[-59.3158936,-33.1283355],[-59.3159339,-33.1281782],[-59.3160117,-33.1280143],[-59.3161082,-33.1278368],[-59.316131,-33.1277627],[-59.3161484,-33.1276526],[-59.3161514,-33.1274642],[-59.3161054,-33.1272824],[-59.3160517,-33.1270403],[-59.3161889,-33.1273677],[-59.3162372,-33.1274776]]]},"geometry_name":"geom","properties":{"gid":138,"rtn":"12","typ":40,"rst":1,"hct":1,"fdc":"Dirección Nacional de Vialidad","sag":"IGN"},"bbox":[-59.3162772,-33.1285194,-59.3158631,-33.1270403]},{"type":"Feature","id":"vial_nacional.158","geometry":{"type":"MultiLineString","coordinates":[[[-59.2630385,-31.2889696],[-59.2699982,-31.2932413],[-59.2855609,-31.302888],[-59.3674722,-31.3536454],[-59.3704624,-31.3554978],[-59.3944465,-31.3706838],[-59.4235703,-31.3898019],[-59.4243634,-31.3903084],[-59.425124,-31.3907718],[-59.4257335,-31.3911123],[-59.4264809,-31.3915179],[-59.4272644,-31.3919041],[-59.4286732,-31.3925424],[-59.4289238,-31.3926531],[-59.4341067,-31.3949348],[-59.434773,-31.3952341],[-59.4536243,-31.4037028],[-59.4550192,-31.4043558],[-59.4561413,-31.4049248],[-59.4583041,-31.4062573],[-59.4620769,-31.4087139],[-59.4719153,-31.4144041],[-59.5097452,-31.4361131],[-59.5108345,-31.4367416],[-59.5120833,-31.437462],[-59.5178402,-31.4407659],[-59.5428046,-31.4551432],[-59.5557456,-31.4625952],[-59.5560533,-31.4627724],[-59.5727802,-31.4724037],[-59.5854541,-31.4804511],[-59.5969245,-31.4871818],[-59.6093815,-31.4946713],[-59.625979,-31.5046493],[-59.6282077,-31.5059814],[-59.6442554,-31.5155721],[-59.6527266,-31.5199192],[-59.6588871,-31.5230914],[-59.6596692,-31.5234941],[-59.6665142,-31.5270135],[-59.6678446,-31.5276537],[-59.6690998,-31.5281658],[-59.6708594,-31.5287328],[-59.6805647,-31.5312508],[-59.7112274,-31.5394947],[-59.7162772,-31.5409471],[-59.7289303,-31.544316],[-59.7530297,-31.5507322],[-59.7647914,-31.5538938],[-59.7725774,-31.5558442],[-59.8192522,-31.56727],[-59.8658002,-31.5788829],[-59.8678314,-31.5793079],[-59.8688807,-31.5794547],[-59.869939,-31.5795519],[-59.8710128,-31.5796227],[-59.872109,-31.5796401],[-59.8733098,-31.5796054],[-59.8745615,-31.5794983],[-59.8802747,-31.5786255],[-59.8819627,-31.5783675],[-59.8848182,-31.5778874],[-59.8887462,-31.5772092],[-59.8909426,-31.5768501],[-59.8912226,-31.5768021],[-59.8916155,-31.5767347],[-59.8927833,-31.5765491],[-59.9240879,-31.5714686],[-59.9548607,-31.5663606],[-59.9557329,-31.5662904],[-59.956677,-31.5662733],[-59.9577868,-31.5663539]]]},"geometry_name":"geom","properties":{"gid":158,"rtn":"127","typ":40,"rst":1,"hct":1,"fdc":"Dirección Nacional de Vialidad","sag":"IGN"},"bbox":[-59.9577868,-31.5796401,-59.2630385,-31.2889696]},{"type":"Feature","id":"vial_nacional.176","geometry":{"type":"MultiLineString","coordinates":[[[-60.6236462,-32.0746815],[-60.6235108,-32.0741554],[-60.6234518,-32.073961],[-60.6232969,-32.0733319],[-60.6232627,-32.0731928],[-60.6230789,-32.0724541],[-60.6223346,-32.069579],[-60.621817,-32.0674969],[-60.621766,-32.0672924],[-60.6215595,-32.0664571],[-60.6213917,-32.0657904],[-60.6213132,-32.0654793],[-60.6212385,-32.06513623],[-60.62087315,-32.0636341],[-60.6208273,-32.06344559],[-60.62018711,-32.06082094],[-60.61944812,-32.05849752],[-60.61941299,-32.05842174],[-60.61936728,-32.05835483],[-60.6193197,-32.05831126],[-60.6192606,-32.05827317],[-60.61919412,-32.0582557],[-60.61910898,-32.05824332],[-60.61897938,-32.05824499],[-60.61638557,-32.05874241],[-60.61433698,-32.05911259],[-60.61418034,-32.05913172],[-60.61408567,-32.05912279],[-60.6140251,-32.05910883],[-60.61397391,-32.0590777],[-60.61392304,-32.05901604],[-60.61387468,-32.0589221],[-60.61344635,-32.05724688],[-60.61304512,-32.05564249],[-60.61275755,-32.0545702],[-60.61273942,-32.05449264],[-60.61275715,-32.05445604],[-60.61280659,-32.05443228],[-60.61390779,-32.05423989],[-60.61678053,-32.05370883],[-60.61683367,-32.05368734],[-60.61687841,-32.05364009],[-60.61690077,-32.05358218],[-60.61682755,-32.05332533],[-60.61646546,-32.0519118],[-60.61636822,-32.0516141],[-60.61635579,-32.05150325],[-60.61638273,-32.05144575],[-60.61645941,-32.05141257],[-60.6184944,-32.05094602],[-60.62155199,-32.05028843],[-60.62398983,-32.04974421],[-60.62462422,-32.04961117],[-60.62506988,-32.04944772],[-60.62569554,-32.04911789],[-60.62667758,-32.04861716],[-60.62697547,-32.04850169],[-60.6272397,-32.04844211],[-60.62749127,-32.04840223],[-60.62778347,-32.04838885],[-60.62848092,-32.04837023],[-60.62914788,-32.04835381],[-60.62947865,-32.04839093],[-60.62973915,-32.04845516],[-60.63002039,-32.04854618],[-60.63023623,-32.04868395],[-60.6303617,-32.04879498],[-60.63045547,-32.04893351],[-60.6306801,-32.04940119],[-60.63083497,-32.04975736],[-60.63102287,-32.05008831],[-60.63115421,-32.05024528],[-60.63138933,-32.05044899],[-60.63177927,-32.05069201],[-60.63206207,-32.05081855],[-60.63248033,-32.05095011],[-60.63366374,-32.05119492],[-60.63392367,-32.05121855],[-60.6344854,-32.05120663],[-60.63481821,-32.0512138],[-60.634933,-32.05123398],[-60.63504164,-32.05126902],[-60.63541905,-32.05147233],[-60.63599823,-32.05181807],[-60.63615742,-32.05188869],[-60.63677989,-32.05211428],[-60.63709929,-32.05223381],[-60.63740881,-32.05234895],[-60.63785952,-32.05245027],[-60.64087309,-32.053087]]]},"geometry_name":"geom","properties":{"gid":176,"rtn":"131","typ":40,"rst":1,"hct":1,"fdc":"Dirección Nacional de Vialidad","sag":"IGN"},"bbox":[-60.64087309,-32.0746815,-60.61273942,-32.04835381]},{"type":"Feature","id":"vial_nacional.177","geometry":{"type":"MultiLineString","coordinates":[[[-60.27023247,-32.0393259],[-60.27024923,-32.03952338],[-60.27027207,-32.03965473],[-60.2703387,-32.03977085],[-60.2704261,-32.0398671],[-60.2707512,-32.0401179],[-60.2703565,-32.0399306],[-60.27023971,-32.03987935],[-60.27011217,-32.03984508],[-60.2700035,-32.0398459],[-60.2694233,-32.03983003]]]},"geometry_name":"geom","properties":{"gid":177,"rtn":"131","typ":40,"rst":1,"hct":1,"fdc":"Dirección Nacional de Vialidad","sag":"IGN"},"bbox":[-60.2707512,-32.0401179,-60.2694233,-32.0393259]},{"type":"Feature","id":"vial_nacional.2339","geometry":{"type":"MultiLineString","coordinates":[[[-60.69899461,-32.87224941],[-60.69825142,-32.8720182],[-60.69811411,-32.8719675]]]},"geometry_name":"geom","properties":{"gid":2339,"rtn":"174","typ":41,"rst":1,"hct":1,"fdc":"Dirección Nacional de Vialidad","sag":"IGN"},"bbox":[-60.69899461,-32.87224941,-60.69811411,-32.8719675]},{"type":"Feature","id":"vial_nacional.2340","geometry":{"type":"MultiLineString","coordinates":[[[-60.69811411,-32.8719675],[-60.69809154,-32.87204516]]]},"geometry_name":"geom","properties":{"gid":2340,"rtn":"A008","typ":41,"rst":1,"hct":1,"fdc":"Dirección Nacional de Vialidad","sag":"IGN"},"bbox":[-60.69811411,-32.87204516,-60.69809154,-32.8719675]},{"type":"Feature","id":"vial_nacional.395","geometry":{"type":"MultiLineString","coordinates":[[[-60.68441462,-31.63988644],[-60.68427602,-31.64000252],[-60.68407234,-31.64012434],[-60.68386485,-31.64023665],[-60.68359454,-31.64035658],[-60.68336611,-31.64043082],[-60.68299977,-31.64050733],[-60.6787548,-31.64128],[-60.6785292,-31.6413269],[-60.6783468,-31.6413703],[-60.6781638,-31.6414206],[-60.6776956,-31.6415704],[-60.6772261,-31.6416676],[-60.6770112,-31.6417022],[-60.6756834,-31.6418625],[-60.6751175,-31.6418787],[-60.6744604,-31.6418971],[-60.6734388,-31.6418594],[-60.6726442,-31.6418098],[-60.6725046,-31.6417921],[-60.6710034,-31.6415762],[-60.6691151,-31.6412931],[-60.6665938,-31.6408729],[-60.6657321,-31.6407167],[-60.6650185,-31.6405915],[-60.6641498,-31.6404396],[-60.6636224,-31.6403675],[-60.6631039,-31.6403087],[-60.6625465,-31.6402594],[-60.6619425,-31.6402143],[-60.6590763,-31.6401212],[-60.6580152,-31.6400716],[-60.6565945,-31.6400052],[-60.6547765,-31.6398838],[-60.6543188,-31.6398532],[-60.6539482,-31.639831],[-60.6519638,-31.639733],[-60.6496155,-31.639617],[-60.6478399,-31.639553],[-60.6477184,-31.6395542],[-60.6470661,-31.6395608],[-60.6464363,-31.6395991],[-60.6458536,-31.6396802],[-60.644773,-31.6398672],[-60.6444495,-31.639923],[-60.6432304,-31.6401156],[-60.6428596,-31.6401567],[-60.6420147,-31.6401859],[-60.6414427,-31.6401642],[-60.640858,-31.6401162],[-60.6402531,-31.6400431],[-60.6396684,-31.6399678],[-60.6391226,-31.6399095],[-60.6387332,-31.6398729],[-60.6384416,-31.639857],[-60.6360811,-31.6397323],[-60.6359308,-31.639722],[-60.6354571,-31.6396933],[-60.6344515,-31.6396324],[-60.6337203,-31.6395732],[-60.6320718,-31.6394937],[-60.631595,-31.6394864],[-60.6311471,-31.6395037],[-60.6307445,-31.6395427],[-60.6303418,-31.6396113],[-60.6297957,-31.6397225],[-60.62922,-31.6398899],[-60.6283835,-31.6401969],[-60.6278778,-31.6404493],[-60.6273263,-31.6407814],[-60.6268235,-31.6410989],[-60.6263248,-31.6414971],[-60.6241218,-31.6435152],[-60.6235923,-31.6439709],[-60.6221751,-31.6452194],[-60.6212052,-31.6461069],[-60.6189139,-31.6481099],[-60.618532,-31.6484541],[-60.6138984,-31.6526556],[-60.6118296,-31.6544879],[-60.6094525,-31.6565931],[-60.6092849,-31.6567416],[-60.6085234,-31.657416],[-60.6080968,-31.6577127],[-60.60759,-31.6579388],[-60.6065789,-31.6582896],[-60.604134,-31.6587124],[-60.6028214,-31.658925],[-60.6016285,-31.6591842],[-60.6006315,-31.6594408],[-60.5996856,-31.6596974],[-60.5943784,-31.6611567],[-60.5935789,-31.6613911],[-60.5928562,-31.6617075],[-60.5923876,-31.6619897],[-60.5919572,-31.6622912],[-60.5884918,-31.664714],[-60.5852626,-31.6669717],[-60.582796,-31.6686962],[-60.5817644,-31.6694119],[-60.58071,-31.6702007],[-60.5797637,-31.6710828],[-60.5769009,-31.6739112],[-60.574621,-31.6761599],[-60.5740652,-31.6766318],[-60.5735832,-31.6769855],[-60.5728288,-31.6774579],[-60.5721043,-31.6778452],[-60.5676427,-31.6798205],[-60.5670585,-31.6800293],[-60.566262,-31.6802316],[-60.5655667,-31.68036],[-60.5649234,-31.6804314],[-60.5632268,-31.6805251],[-60.5592137,-31.6807138],[-60.5582222,-31.6808309],[-60.5570972,-31.681046],[-60.5559937,-31.6813378],[-60.5551971,-31.6815951],[-60.5543464,-31.6819524],[-60.5518582,-31.6829196],[-60.5485689,-31.684209],[-60.5467925,-31.6848887],[-60.5461339,-31.6850834],[-60.5453538,-31.685264],[-60.5443126,-31.6854323],[-60.5392141,-31.6858995],[-60.5332608,-31.6864286],[-60.5254023,-31.6871192],[-60.5241185,-31.6872336],[-60.5223233,-31.6873898],[-60.5212836,-31.6874421],[-60.5199629,-31.6874236],[-60.5147263,-31.6874866],[-60.5140293,-31.6874916],[-60.5134982,-31.6874954],[-60.51205811,-31.68750572],[-60.51202983,-31.68750593]]]},"geometry_name":"geom","properties":{"gid":395,"rtn":"168","typ":41,"rst":1,"hct":1,"fdc":"Dirección Nacional de Vialidad","sag":"IGN"},"bbox":[-60.68441462,-31.68750593,-60.51202983,-31.6394864]},{"type":"Feature","id":"vial_nacional.396","geometry":{"type":"MultiLineString","coordinates":[[[-60.51214312,-31.68734439],[-60.51818695,-31.68731583],[-60.52018441,-31.68731108],[-60.52083924,-31.68731108],[-60.52131894,-31.68729585],[-60.52224788,-31.68720448],[-60.52615401,-31.68686945],[-60.52974033,-31.68656488],[-60.53522261,-31.68607756],[-60.54008813,-31.68564355],[-60.54374298,-31.68532375],[-60.54415415,-31.68529329],[-60.5445501,-31.68523238],[-60.54509832,-31.68514101],[-60.54563894,-31.68503441],[-60.54608818,-31.68492019],[-60.54653742,-31.68478314],[-60.5487684,-31.68391511],[-60.55415931,-31.68184403],[-60.55511871,-31.68146331],[-60.55565171,-31.68127295],[-60.55634461,-31.68106737],[-60.55707558,-31.68087701],[-60.55827863,-31.6806562],[-60.55932179,-31.68052676],[-60.56053246,-31.68045823],[-60.56226851,-31.68041254],[-60.56411878,-31.68032117],[-60.56459087,-31.68029833],[-60.56507818,-31.68024503],[-60.56567209,-31.68016127],[-60.56638784,-31.68000899],[-60.56694368,-31.67984909],[-60.56776602,-31.67957497],[-60.56901476,-31.67903436],[-60.57185489,-31.67776277],[-60.57247164,-31.67746582],[-60.5729818,-31.67717647],[-60.57343866,-31.67686429],[-60.57398688,-31.67645312],[-60.57437521,-31.67614093],[-60.57490821,-31.67561555],[-60.57743615,-31.67306477],[-60.57923312,-31.67129064],[-60.58001739,-31.67056728],[-60.58048947,-31.67013327],[-60.58088542,-31.66983631],[-60.5815174,-31.66935661],[-60.58462403,-31.66720939],[-60.58959615,-31.66370682],[-60.59146926,-31.66226011],[-60.59192612,-31.66196315],[-60.59243627,-31.66168142],[-60.59302257,-31.6613997],[-60.5939972,-31.66106467],[-60.59890079,-31.65972456],[-60.5996478,-31.6595295],[-60.6004696,-31.6593007],[-60.6013937,-31.6590791],[-60.6028328,-31.6588174],[-60.6036435,-31.658689],[-60.60523233,-31.65841827],[-60.6065496,-31.65818223],[-60.60714351,-31.65799187],[-60.60775266,-31.65776345],[-60.60817144,-31.65750456],[-60.60846078,-31.65728375],[-60.60878058,-31.65700963],[-60.61284661,-31.65338524],[-60.61581102,-31.65072943],[-60.6211057,-31.6460089],[-60.6221031,-31.6451379],[-60.6234965,-31.6438937],[-60.6251356,-31.6424405],[-60.6259857,-31.6416747],[-60.6262759,-31.6414216],[-60.6267579,-31.6410213],[-60.6277769,-31.6403888],[-60.628343,-31.640122],[-60.6291758,-31.6398039],[-60.6297563,-31.6396355],[-60.6303075,-31.6395259],[-60.6306989,-31.6394639],[-60.6311309,-31.6394266],[-60.6315475,-31.639404],[-60.6319408,-31.6393987],[-60.6332432,-31.639462],[-60.6344689,-31.6395362],[-60.6360888,-31.6396339],[-60.6384608,-31.6397711],[-60.6387287,-31.6397855],[-60.6391601,-31.6398102],[-60.6396913,-31.6398703],[-60.6403511,-31.6399595],[-60.6408928,-31.6400203],[-60.641444,-31.6400694],[-60.642022,-31.6400991],[-60.6428475,-31.6400597],[-60.6432197,-31.6400306],[-60.6444317,-31.6398162],[-60.6454902,-31.6396307],[-60.6462292,-31.639511],[-60.6468689,-31.6394617],[-60.6475512,-31.6394503],[-60.6482958,-31.6394617],[-60.6519946,-31.6396425],[-60.6543282,-31.6397566],[-60.6547978,-31.6397854],[-60.6561874,-31.6398705],[-60.6580069,-31.6399506],[-60.6583876,-31.6399674],[-60.6612005,-31.6400983],[-60.6623237,-31.6401513],[-60.6630065,-31.6402135],[-60.6636322,-31.6402864],[-60.6643461,-31.6403757],[-60.6646157,-31.6404214],[-60.6650497,-31.640495],[-60.6657593,-31.6406194],[-60.6704991,-31.6413753],[-60.6725162,-31.641644],[-60.6744468,-31.641666],[-60.6748598,-31.6416393],[-60.6756547,-31.6415668],[-60.6769536,-31.6414321],[-60.6778419,-31.6412816],[-60.6781929,-31.6412554],[-60.6785093,-31.6412257],[-60.6787341,-31.6411918],[-60.68306601,-31.64041749],[-60.68325761,-31.64038133],[-60.68353172,-31.64028234],[-60.68380964,-31.6401567],[-60.68396574,-31.64006153],[-60.68407614,-31.63998158],[-60.68427239,-31.63982604]]]},"geometry_name":"geom","properties":{"gid":396,"rtn":"168","typ":41,"rst":1,"hct":1,"fdc":"Dirección Nacional de Vialidad","sag":"IGN"},"bbox":[-60.68427239,-31.68734439,-60.51214312,-31.6393987]},{"type":"Feature","id":"vial_nacional.397","geometry":{"type":"MultiLineString","coordinates":[[[-60.69809154,-32.87204516],[-60.69804584,-32.87203342],[-60.69745573,-32.87188495],[-60.69709405,-32.87179738],[-60.69632882,-32.87162987],[-60.6953047,-32.87145855],[-60.69398223,-32.87129389],[-60.69229282,-32.87106546],[-60.6906034,-32.87085131],[-60.688811,-32.8705866],[-60.68212776,-32.86966158],[-60.67634567,-32.86888587],[-60.6663502,-32.8675358],[-60.6579505,-32.8663861],[-60.6570631,-32.8662675],[-60.6560607,-32.8661321],[-60.6542329,-32.8658853],[-60.6534788,-32.8657835],[-60.6524979,-32.8656712],[-60.651598,-32.8655681],[-60.6512196,-32.8655094],[-60.650658,-32.8654224],[-60.6505828,-32.8654107],[-60.6496333,-32.8652635],[-60.6491687,-32.8651171]]]},"geometry_name":"geom","properties":{"gid":397,"rtn":"174","typ":41,"rst":1,"hct":1,"fdc":"Dirección Nacional de Vialidad","sag":"IGN"},"bbox":[-60.69809154,-32.87204516,-60.6491687,-32.8651171]},{"type":"Feature","id":"vial_nacional.398","geometry":{"type":"MultiLineString","coordinates":[[[-60.168428,-32.6057146],[-60.1684931,-32.6057991],[-60.1685741,-32.6058952],[-60.168684,-32.6059819],[-60.16890016,-32.6060676],[-60.16904293,-32.60610662],[-60.1692045,-32.6061485],[-60.1695556,-32.6062668],[-60.169683,-32.6063174],[-60.1698794,-32.6064187],[-60.1704427,-32.6067356],[-60.1698939,-32.606133],[-60.169779,-32.605975],[-60.1696264,-32.6057555],[-60.1695902,-32.6056431],[-60.16951787,-32.60550224],[-60.16946076,-32.60540325],[-60.16939604,-32.60532711],[-60.16927136,-32.60522622],[-60.16914953,-32.60515008]]]},"geometry_name":"geom","properties":{"gid":398,"rtn":"174","typ":40,"rst":1,"hct":1,"fdc":"Dirección Nacional de Vialidad","sag":"IGN"},"bbox":[-60.1704427,-32.6067356,-60.168428,-32.60515008]},{"type":"Feature","id":"vial_nacional.399","geometry":{"type":"MultiLineString","coordinates":[[[-60.75668991,-32.71350716],[-60.75665572,-32.71351091],[-60.75648132,-32.71348581],[-60.75628642,-32.71343121],[-60.75616922,-32.71338091],[-60.75597932,-32.71334751],[-60.75576943,-32.71334039],[-60.75673898,-32.71315368],[-60.75679989,-32.71313465],[-60.75688745,-32.71308706],[-60.7569674,-32.71303757],[-60.75715995,-32.71290793]]]},"geometry_name":"geom","properties":{"gid":399,"rtn":"175","typ":40,"rst":1,"hct":1,"fdc":"Dirección Nacional de Vialidad","sag":"IGN"},"bbox":[-60.75715995,-32.71351091,-60.75576943,-32.71290793]},{"type":"Feature","id":"vial_nacional.400","geometry":{"type":"MultiLineString","coordinates":[[[-60.75576943,-32.71334039],[-60.74899478,-32.71444192],[-60.73439489,-32.71698652],[-60.72787469,-32.71807441],[-60.72805749,-32.7189817],[-60.72707715,-32.71916254]]]},"geometry_name":"geom","properties":{"gid":400,"rtn":"175","typ":40,"rst":1,"hct":1,"fdc":"Dirección Nacional de Vialidad","sag":"IGN"},"bbox":[-60.75576943,-32.71916254,-60.72707715,-32.71334039]},{"type":"Feature","id":"vial_nacional.2341","geometry":{"type":"MultiLineString","coordinates":[[[-60.69932698,-32.87244855],[-60.69928535,-32.8726181],[-60.6989798,-32.87346904]]]},"geometry_name":"geom","properties":{"gid":2341,"rtn":"11","typ":40,"rst":1,"hct":1,"fdc":"Dirección Nacional de Vialidad","sag":"IGN"},"bbox":[-60.69932698,-32.87346904,-60.6989798,-32.87244855]},{"type":"Feature","id":"vial_nacional.410","geometry":{"type":"MultiLineString","coordinates":[[[-60.40425812,-31.77057251],[-60.4028034,-31.7707954],[-60.4006578,-31.7711177],[-60.4009529,-31.7710255],[-60.402384,-31.7708086],[-60.4029098,-31.7707179],[-60.4030627,-31.7706837],[-60.40314339,-31.77065421],[-60.40319764,-31.77061804],[-60.40325951,-31.77056664],[-60.40328711,-31.77053809],[-60.40332518,-31.77048669],[-60.40335849,-31.77043054],[-60.40343463,-31.77023257],[-60.40357142,-31.76989278]]]},"geometry_name":"geom","properties":{"gid":410,"rtn":"18","typ":40,"rst":1,"hct":1,"fdc":"Dirección Nacional de Vialidad","sag":"IGN"},"bbox":[-60.40425812,-31.7711177,-60.4006578,-31.76989278]},{"type":"Feature","id":"vial_nacional.411","geometry":{"type":"MultiLineString","coordinates":[[[-60.4006578,-31.7711177],[-60.3994755,-31.7713086],[-60.3976385,-31.7715497],[-60.3975083,-31.7715723],[-60.3941431,-31.7720994],[-60.3932251,-31.7722432],[-60.3915755,-31.7725016],[-60.389222,-31.7728703],[-60.3876693,-31.7731116],[-60.3856629,-31.7734311],[-60.3824917,-31.7739232],[-60.3813371,-31.7741059],[-60.3793258,-31.7744266],[-60.3786188,-31.7745393],[-60.3771365,-31.7747566],[-60.3757551,-31.7749881],[-60.3746756,-31.7751538],[-60.3733699,-31.7753648],[-60.3708076,-31.7758022],[-60.3702493,-31.7758912],[-60.368206,-31.7763605],[-60.3664847,-31.7767258],[-60.3605775,-31.7779713],[-60.3599309,-31.7781124],[-60.357233,-31.7785085],[-60.3499569,-31.7794872],[-60.3479711,-31.7797492],[-60.3471266,-31.7798608],[-60.3369389,-31.7812233],[-60.3319957,-31.7818567],[-60.3233397,-31.7828954],[-60.3206967,-31.7831955],[-60.3197962,-31.7833368],[-60.3187555,-31.783583],[-60.3178006,-31.7838794],[-60.3157863,-31.7844403],[-60.3144285,-31.784831],[-60.3133871,-31.7851337],[-60.3127297,-31.7854121],[-60.3122667,-31.7856505],[-60.3117801,-31.7859119],[-60.3107043,-31.7865654],[-60.3036121,-31.7909703],[-60.2978368,-31.7945234],[-60.2884841,-31.8003395],[-60.2839378,-31.8031638],[-60.2771008,-31.8074014],[-60.2713931,-31.8109526],[-60.2689201,-31.8124478],[-60.2640975,-31.8152832],[-60.2619946,-31.8166781],[-60.2614689,-31.8170291],[-60.2602994,-31.8177994],[-60.2595484,-31.8182917],[-60.2579284,-31.8193811],[-60.2569842,-31.8200102],[-60.2555358,-31.8209765],[-60.2544147,-31.8217423],[-60.2537066,-31.8223348],[-60.252908,-31.8230756],[-60.2516095,-31.8244953],[-60.2511135,-31.8250415],[-60.2506437,-31.8255203],[-60.2501146,-31.82596],[-60.2498,-31.8262118],[-60.2493955,-31.8264614],[-60.248859,-31.8267508],[-60.24837,-31.8269992],[-60.2479384,-31.8271723],[-60.2472967,-31.8273757],[-60.2464851,-31.8275732],[-60.2329604,-31.8299936],[-60.2325947,-31.830057],[-60.2311425,-31.8303125],[-60.2304372,-31.830439],[-60.2294821,-31.8305999],[-60.2284772,-31.8307952],[-60.2215252,-31.8320105],[-60.2165967,-31.8328689],[-60.2147725,-31.8331904],[-60.205275,-31.8348037],[-60.2043353,-31.8349439],[-60.2038937,-31.8349877],[-60.2033325,-31.8350171],[-60.2023376,-31.8350021],[-60.1997454,-31.8348549],[-60.1967049,-31.8346957],[-60.1810187,-31.8339628],[-60.180016,-31.8339371],[-60.1792554,-31.8339739],[-60.1784949,-31.8340552],[-60.176421,-31.8343481],[-60.173543,-31.83479],[-60.1711978,-31.8351288],[-60.1646373,-31.8361393],[-60.1635984,-31.8363253],[-60.1630267,-31.8364131],[-60.1600015,-31.8369064],[-60.1565013,-31.8374798],[-60.1552848,-31.8376692],[-60.1507333,-31.8383979],[-60.1411185,-31.8399375],[-60.1407997,-31.8399902],[-60.1404696,-31.8400492],[-60.1398904,-31.8401596],[-60.1387976,-31.8404076],[-60.1378916,-31.8406555],[-60.1340061,-31.8417108],[-60.1329321,-31.8419872],[-60.1323557,-31.8421219],[-60.1316894,-31.8422661],[-60.1251036,-31.8434934],[-60.1244014,-31.8436287],[-60.1180791,-31.8448344],[-60.1163443,-31.8451707],[-60.1155197,-31.8452884],[-60.114979,-31.8453199],[-60.1143504,-31.8453257],[-60.1133197,-31.8453199],[-60.1123769,-31.8453027],[-60.107808,-31.8452999],[-60.1041752,-31.8452711],[-60.1030059,-31.845274],[-60.1019988,-31.8452798],[-60.1014679,-31.8452505],[-60.1009939,-31.8451981],[-60.1004767,-31.8451118],[-60.0999205,-31.8449697],[-60.0955341,-31.8436836],[-60.0946646,-31.8434209],[-60.0933519,-31.8430225],[-60.0924827,-31.8427658],[-60.0915847,-31.8425943],[-60.0907081,-31.842492],[-60.0898687,-31.8424665],[-60.0862445,-31.8426036],[-60.0854403,-31.8426706],[-60.0847143,-31.8427749],[-60.0839646,-31.8429403],[-60.0830418,-31.8431925],[-60.0817031,-31.8437353],[-60.0733884,-31.8475514],[-60.0717842,-31.848213],[-60.0701613,-31.8488586],[-60.068924,-31.8493112],[-60.0675687,-31.8497491],[-60.0662573,-31.85015],[-60.0649392,-31.8505066],[-60.0640464,-31.8507382],[-60.0620965,-31.8512013],[-60.0312033,-31.8572055],[-60.0291762,-31.8575959],[-60.0284305,-31.8576952],[-60.0276503,-31.8576981],[-60.0272033,-31.8576855],[-60.0267109,-31.8576601],[-60.0263955,-31.8576129],[-60.0260476,-31.857559],[-60.0256017,-31.8574707],[-60.024422,-31.8571665],[-60.019351,-31.8556459],[-60.0163723,-31.8547526],[-60.015122,-31.8543651],[-60.014223,-31.854101],[-60.012501,-31.8536528],[-60.0119926,-31.8535516],[-60.0104194,-31.8533211],[-60.0050573,-31.8526654],[-60.004296,-31.852575],[-60.0039715,-31.8525363],[-60.00333,-31.8524578],[-60.002618,-31.8523621],[-60.0014829,-31.8522141],[-60.000104,-31.8520391],[-59.9844813,-31.8500874],[-59.9828702,-31.8498692],[-59.9817727,-31.8497723],[-59.9812316,-31.8497245],[-59.9798706,-31.8497034],[-59.9792188,-31.8497018],[-59.9790793,-31.8496998],[-59.9786536,-31.8497015],[-59.966688,-31.849553],[-59.9605843,-31.8494815],[-59.9566347,-31.849447],[-59.9547563,-31.8494184]]]},"geometry_name":"geom","properties":{"gid":411,"rtn":"18","typ":40,"rst":1,"hct":1,"fdc":"Dirección Nacional de Vialidad","sag":"IGN"},"bbox":[-60.4006578,-31.8576981,-59.9547563,-31.7711177]},{"type":"Feature","id":"vial_nacional.412","geometry":{"type":"MultiLineString","coordinates":[[[-59.9547563,-31.8494184],[-59.9543435,-31.8494271],[-59.9531487,-31.8494434],[-59.9521686,-31.8494277],[-59.9520595,-31.849426],[-59.950895,-31.8494176],[-59.9506841,-31.8494075],[-59.950161,-31.8493853],[-59.9494396,-31.849356],[-59.9508909,-31.8493372],[-59.9520605,-31.8493557],[-59.952166,-31.8493583],[-59.953144,-31.8493804],[-59.9547563,-31.8494184]]]},"geometry_name":"geom","properties":{"gid":412,"rtn":"18","typ":40,"rst":1,"hct":1,"fdc":"Dirección Nacional de Vialidad","sag":"IGN"},"bbox":[-59.9547563,-31.8494434,-59.9494396,-31.8493372]},{"type":"Feature","id":"vial_nacional.413","geometry":{"type":"MultiLineString","coordinates":[[[-59.1752569,-31.8077476],[-59.1806612,-31.8092439],[-59.1819968,-31.8096092],[-59.1831915,-31.8099862],[-59.1839553,-31.8102713],[-59.1846304,-31.8106004],[-59.2129648,-31.825608],[-59.2189853,-31.8287757],[-59.2195407,-31.8290281],[-59.220046,-31.8292279],[-59.2217047,-31.8297416],[-59.2270625,-31.8313041],[-59.2628825,-31.8417903],[-59.2681661,-31.8433427],[-59.2689684,-31.8435512],[-59.2696132,-31.8436832],[-59.2704387,-31.843803],[-59.2713439,-31.8438423],[-59.2721485,-31.8438331],[-59.2743577,-31.8436888],[-59.3158498,-31.8406679],[-59.3246282,-31.8400338],[-59.3336907,-31.839372],[-59.343804,-31.8386601],[-59.3513467,-31.8380571],[-59.3526817,-31.8379684],[-59.3535761,-31.8379432],[-59.3546117,-31.8379789],[-59.3667467,-31.8385539],[-59.3678304,-31.8385535],[-59.3689088,-31.8385041],[-59.3706823,-31.8383575],[-59.3720172,-31.8382384],[-59.3732302,-31.8380835],[-59.38562,-31.8356683],[-59.3862885,-31.8355591],[-59.3868992,-31.8354875],[-59.3896425,-31.8352852],[-59.3986746,-31.8346291],[-59.4155569,-31.8333801],[-59.4210791,-31.8329723],[-59.4219747,-31.8329378],[-59.4228769,-31.8329608],[-59.4238063,-31.8330613],[-59.4247559,-31.8332364],[-59.4490916,-31.838103],[-59.4689771,-31.8420989],[-59.4697392,-31.8422436],[-59.4705141,-31.8423485],[-59.47114,-31.8423811],[-59.4720213,-31.8423774],[-59.4734136,-31.8422834],[-59.4873339,-31.8411823],[-59.4878145,-31.8411399],[-59.4894523,-31.8410153],[-59.4903271,-31.841012],[-59.491207,-31.8410706],[-59.492015,-31.8411857],[-59.5058394,-31.8439428],[-59.5180643,-31.8463903],[-59.5265597,-31.8480889],[-59.5272353,-31.8482032],[-59.5280058,-31.8482911],[-59.5287368,-31.8483323],[-59.5294655,-31.8483304],[-59.5388147,-31.8480701],[-59.5392545,-31.8480579],[-59.5563108,-31.8475831],[-59.58022,-31.8469497],[-59.5923808,-31.8466152],[-59.6065593,-31.8462252],[-59.6131001,-31.8460362],[-59.6135968,-31.846019],[-59.6172506,-31.845929],[-59.6389765,-31.8452978],[-59.640111,-31.8452728],[-59.6409881,-31.8452819],[-59.6414655,-31.8453115],[-59.641892,-31.8453571],[-59.6425974,-31.8454642],[-59.6431634,-31.8455804],[-59.6436703,-31.8457057],[-59.6441424,-31.8458492],[-59.6448425,-31.846109],[-59.6454299,-31.8463642],[-59.6460494,-31.8466809],[-59.6465778,-31.8469862],[-59.6477634,-31.8477608],[-59.6543263,-31.8520391],[-59.6550375,-31.8525018],[-59.6559113,-31.8530735],[-59.6614302,-31.8566728],[-59.6709691,-31.8629251],[-59.6733762,-31.8644798],[-59.6757328,-31.8660518],[-59.6763814,-31.8664312],[-59.6770801,-31.8667707],[-59.6776511,-31.867017],[-59.6783437,-31.8672671],[-59.6791159,-31.867486],[-59.6800606,-31.8676771],[-59.680912,-31.8677979],[-59.6816452,-31.8678374],[-59.7036633,-31.8681863],[-59.7288574,-31.8685679],[-59.7290102,-31.8685707],[-59.7304254,-31.8685806],[-59.7314826,-31.8686007],[-59.7333104,-31.8685949],[-59.7335558,-31.868579],[-59.7400295,-31.8676473],[-59.7514477,-31.8659796],[-59.7654312,-31.8639229],[-59.769988,-31.8632518],[-59.7773777,-31.8621688],[-59.7916927,-31.8600541],[-59.7974663,-31.859215],[-59.8036961,-31.8582883],[-59.8275259,-31.8547918],[-59.8359901,-31.8535296],[-59.8404317,-31.8528664],[-59.8509504,-31.8513091],[-59.8639756,-31.8493698],[-59.8679566,-31.8486995],[-59.8690216,-31.8485466],[-59.8695082,-31.8484891],[-59.8700213,-31.8484568],[-59.8706234,-31.848449],[-59.8713669,-31.8484606],[-59.8883869,-31.848668],[-59.919807,-31.8490181],[-59.930881,-31.8491641],[-59.942119,-31.8493106],[-59.9456344,-31.8493128],[-59.9494396,-31.849356]]]},"geometry_name":"geom","properties":{"gid":413,"rtn":"18","typ":40,"rst":1,"hct":1,"fdc":"Dirección Nacional de Vialidad","sag":"IGN"},"bbox":[-59.9494396,-31.8686007,-59.1752569,-31.8077476]},{"type":"Feature","id":"vial_nacional.1817","geometry":{"type":"MultiLineString","coordinates":[[[-60.5972788,-32.0819591],[-60.6082155,-32.0799304],[-60.6134565,-32.0789724],[-60.6186855,-32.0779986],[-60.6195787,-32.0778281],[-60.6204075,-32.0776793],[-60.6213275,-32.0775156],[-60.6221321,-32.0773634],[-60.6230253,-32.0772009],[-60.6236583,-32.0770974]]]},"geometry_name":"geom","properties":{"gid":1817,"rtn":"131","typ":40,"rst":1,"hct":1,"fdc":"Dirección Nacional de Vialidad","sag":"IGN"},"bbox":[-60.6236583,-32.0819591,-60.5972788,-32.0770974]},{"type":"Feature","id":"vial_nacional.458","geometry":{"type":"MultiLineString","coordinates":[[[-60.7299953,-31.5638425],[-60.7299237,-31.5635999],[-60.729325,-31.5616761],[-60.7291526,-31.5610829],[-60.7290167,-31.560633],[-60.728711,-31.5597334],[-60.7286789,-31.5595277],[-60.7286842,-31.559322],[-60.7287218,-31.5590192],[-60.7287928,-31.5586386],[-60.7288344,-31.5583507],[-60.7288452,-31.5582331],[-60.7288317,-31.558081],[-60.7287754,-31.5578536],[-60.72853,-31.5570742],[-60.7285045,-31.5569793],[-60.728239,-31.5562045],[-60.7276686,-31.5544098],[-60.727639,-31.5543051],[-60.7273096,-31.5533486],[-60.7269944,-31.5524012],[-60.7269582,-31.5522852],[-60.7265854,-31.5511715],[-60.7261448,-31.549823],[-60.7258098,-31.5487604],[-60.7252878,-31.5471839],[-60.7251363,-31.5467261],[-60.7248263,-31.5457897],[-60.7245469,-31.5449459],[-60.7239543,-31.5431557],[-60.7238958,-31.5429789],[-60.7236756,-31.5423139],[-60.7236428,-31.5422148],[-60.7234293,-31.5415699],[-60.7233891,-31.5414485],[-60.7226376,-31.5391786],[-60.7220721,-31.5374703],[-60.7217837,-31.5365989],[-60.7216126,-31.5360822],[-60.7215214,-31.5356227],[-60.7215053,-31.5352318],[-60.7216153,-31.5345506],[-60.7222886,-31.5313839],[-60.7231945,-31.5270084],[-60.7234086,-31.525974],[-60.7234384,-31.52583],[-60.7236246,-31.5249309],[-60.7238899,-31.5236492],[-60.7241423,-31.5224302],[-60.7241791,-31.5222524],[-60.7243242,-31.521486],[-60.7245044,-31.5206812],[-60.7245291,-31.5205617],[-60.7245594,-31.5204154],[-60.7247213,-31.5196335],[-60.724907,-31.5187365],[-60.7249483,-31.5185368],[-60.724978,-31.5183932],[-60.7258224,-31.5143148],[-60.7261329,-31.5128154],[-60.7261449,-31.5127574],[-60.726254,-31.5122305],[-60.7267121,-31.5100179],[-60.7270158,-31.5085506],[-60.727329,-31.5070378],[-60.7276197,-31.5056336],[-60.7278595,-31.5044799],[-60.7278922,-31.5043224],[-60.7279348,-31.5041175],[-60.7280255,-31.5036808],[-60.7281243,-31.5032054],[-60.7282396,-31.5026508],[-60.7286565,-31.5006448],[-60.7286898,-31.5004843],[-60.7287799,-31.5000509],[-60.7289261,-31.4996891],[-60.7290814,-31.499461],[-60.7293023,-31.4992523],[-60.7295758,-31.4990788],[-60.7299273,-31.4989641],[-60.7302617,-31.4988833],[-60.73087,-31.4987364],[-60.7309321,-31.4987214],[-60.7319461,-31.4984765],[-60.7320386,-31.4984542],[-60.7321983,-31.498343],[-60.7322973,-31.4981951],[-60.7323961,-31.4977326],[-60.7326157,-31.4967053],[-60.7326448,-31.4965717],[-60.7328595,-31.4955941],[-60.7328769,-31.49551],[-60.7330832,-31.4945151],[-60.7330983,-31.4943049],[-60.7331027,-31.494243],[-60.7331042,-31.4940518],[-60.7330765,-31.4938345],[-60.7330345,-31.4936425],[-60.7329582,-31.4933975],[-60.7325912,-31.4922947],[-60.732544,-31.492153],[-60.7323745,-31.4916434],[-60.7322149,-31.4911639],[-60.7318654,-31.4901134],[-60.7315177,-31.4890685],[-60.7313956,-31.4887016],[-60.7313342,-31.4884629],[-60.7313215,-31.4881945],[-60.73134,-31.487951],[-60.7314112,-31.4875484],[-60.7315704,-31.4868116],[-60.7317878,-31.4857362],[-60.7318205,-31.4855748],[-60.7318995,-31.4851795],[-60.7329484,-31.480109],[-60.7333661,-31.4780058],[-60.7348085,-31.4710228],[-60.7356221,-31.4672165],[-60.7360134,-31.4652043],[-60.736777,-31.4615149],[-60.7375796,-31.4576379],[-60.7378395,-31.4564396],[-60.738369,-31.4537121],[-60.7391788,-31.4499088],[-60.7418241,-31.4375287],[-60.74203926,-31.4365871]]]},"geometry_name":"geom","properties":{"gid":458,"rtn":"1V11","typ":40,"rst":1,"hct":1,"fdc":"Dirección Nacional de Vialidad","sag":"IGN"},"bbox":[-60.74203926,-31.5638425,-60.7215053,-31.4365871]},{"type":"Feature","id":"vial_nacional.2342","geometry":{"type":"MultiLineString","coordinates":[[[-60.70029319,-32.87281168],[-60.69993418,-32.87266541],[-60.69948113,-32.8725017],[-60.69932698,-32.87244855]]]},"geometry_name":"geom","properties":{"gid":2342,"rtn":"174","typ":41,"rst":1,"hct":1,"fdc":"Dirección Nacional de Vialidad","sag":"IGN"},"bbox":[-60.70029319,-32.87281168,-60.69932698,-32.87244855]},{"type":"Feature","id":"vial_nacional.2343","geometry":{"type":"MultiLineString","coordinates":[[[-60.69934715,-32.87236639],[-60.69932698,-32.87244855]]]},"geometry_name":"geom","properties":{"gid":2343,"rtn":"11","typ":40,"rst":1,"hct":1,"fdc":"Dirección Nacional de Vialidad","sag":"IGN"},"bbox":[-60.69934715,-32.87244855,-60.69932698,-32.87236639]},{"type":"Feature","id":"vial_nacional.929","geometry":{"type":"MultiLineString","coordinates":[[[-60.75378503,-32.98964236],[-60.75305747,-32.98926074],[-60.75266536,-32.98905547],[-60.75204858,-32.98878485],[-60.75221422,-32.98895522],[-60.75235508,-32.9891075],[-60.75249214,-32.9893169],[-60.75259112,-32.98943111],[-60.75270915,-32.98951868],[-60.75285382,-32.98957959],[-60.7530023,-32.98959482],[-60.75315839,-32.98957959],[-60.7533259,-32.98957198],[-60.75356956,-32.98960656],[-60.75378503,-32.98964236]]]},"geometry_name":"geom","properties":{"gid":929,"rtn":"33","typ":40,"rst":1,"hct":1,"fdc":"Dirección Nacional de Vialidad","sag":"IGN"},"bbox":[-60.75378503,-32.98964236,-60.75204858,-32.98878485]},{"type":"Feature","id":"vial_nacional.2345","geometry":{"type":"MultiLineString","coordinates":[[[-60.69896829,-32.87232474],[-60.69889607,-32.87253149],[-60.6986801,-32.87336035]]]},"geometry_name":"geom","properties":{"gid":2345,"rtn":"11","typ":40,"rst":1,"hct":1,"fdc":"Dirección Nacional de Vialidad","sag":"IGN"},"bbox":[-60.69896829,-32.87336035,-60.6986801,-32.87232474]},{"type":"Feature","id":"vial_nacional.930","geometry":{"type":"MultiLineString","coordinates":[[[-60.7370177,-32.98078],[-60.7374871,-32.9810299],[-60.7385106,-32.9815544],[-60.7385522,-32.9815747],[-60.7388533,-32.9817196],[-60.74037,-32.9824877],[-60.7412697,-32.9828855],[-60.74225424,-32.98343297],[-60.74328692,-32.98394693],[-60.74345587,-32.98408018],[-60.74357722,-32.98423722],[-60.74370095,-32.98443948],[-60.74380089,-32.98455369],[-60.74399125,-32.98467742],[-60.74535033,-32.98536395],[-60.75107205,-32.98829373],[-60.75193627,-32.98872394],[-60.75204858,-32.98878485]]]},"geometry_name":"geom","properties":{"gid":930,"rtn":"33","typ":40,"rst":1,"hct":1,"fdc":"Dirección Nacional de Vialidad","sag":"IGN"},"bbox":[-60.75204858,-32.98878485,-60.7370177,-32.98078]},{"type":"Feature","id":"vial_nacional.1507","geometry":{"type":"MultiLineString","coordinates":[[[-60.7881365,-33.0922573],[-60.7885106,-33.092212],[-60.7890274,-33.0921571],[-60.7895043,-33.0921037],[-60.7901788,-33.0920079],[-60.7908208,-33.0919032],[-60.7908874,-33.0918901],[-60.7915369,-33.0917487],[-60.7921682,-33.0915922],[-60.7928117,-33.091401],[-60.7935331,-33.0911972]]]},"geometry_name":"geom","properties":{"gid":1507,"rtn":"A012","typ":40,"rst":1,"hct":1,"fdc":"Dirección Nacional de Vialidad","sag":"IGN"},"bbox":[-60.7935331,-33.0922573,-60.7881365,-33.0911972]},{"type":"Feature","id":"vial_nacional.1497","geometry":{"type":"MultiLineString","coordinates":[[[-60.90525979,-33.0184463],[-60.9052476,-33.0179604],[-60.9052234,-33.0169064],[-60.9052371,-33.016266],[-60.9052651,-33.0155562],[-60.905256,-33.0149015],[-60.9053088,-33.0143698]]]},"geometry_name":"geom","properties":{"gid":1497,"rtn":"A012","typ":40,"rst":1,"hct":1,"fdc":"Dirección Nacional de Vialidad","sag":"IGN"},"bbox":[-60.9053088,-33.0184463,-60.9052234,-33.0143698]},{"type":"Feature","id":"vial_nacional.926","geometry":{"type":"MultiLineString","coordinates":[[[-60.90551603,-33.018444],[-60.9057488,-33.0184419],[-60.9062983,-33.018437],[-60.9068065,-33.0184294],[-60.9068838,-33.0184288],[-60.9082102,-33.0184],[-60.9091581,-33.0183669],[-60.9311936,-33.0181211],[-60.936187,-33.0180653],[-60.9381276,-33.0180437],[-60.9730861,-33.0176454],[-60.9932787,-33.017373],[-61.019359,-33.0170495],[-61.0261479,-33.016961],[-61.0298162,-33.0169114],[-61.0300752,-33.0169001],[-61.0303293,-33.0169179],[-61.0306114,-33.0169749],[-61.0312649,-33.0171336],[-61.0315073,-33.0171737],[-61.031745,-33.0171942],[-61.0319359,-33.0171979],[-61.0330307,-33.017184],[-61.0342937,-33.0171679],[-61.0355692,-33.0171516],[-61.0371787,-33.0171311],[-61.0384174,-33.0171153],[-61.040047,-33.0170865],[-61.041261,-33.0170791],[-61.0425129,-33.0170632],[-61.0430904,-33.0170511],[-61.0437561,-33.0170412],[-61.0450355,-33.0170328],[-61.0461953,-33.0170085],[-61.0474564,-33.0169828],[-61.048252,-33.0169722],[-61.0485329,-33.0169476],[-61.0490729,-33.0167534],[-61.0492747,-33.0166808],[-61.0495403,-33.0166256],[-61.0515901,-33.0166115],[-61.0525177,-33.0166007],[-61.0577777,-33.0165393],[-61.0664194,-33.016416],[-61.0666747,-33.0164145],[-61.0847647,-33.016163],[-61.0870543,-33.0161242],[-61.0885236,-33.016114],[-61.0889329,-33.0161422],[-61.0893632,-33.016213],[-61.0897141,-33.0163034],[-61.090111,-33.016442],[-61.0905362,-33.0166316],[-61.0916389,-33.0172614],[-61.0942037,-33.0186502]]]},"geometry_name":"geom","properties":{"gid":926,"rtn":"33","typ":40,"rst":1,"hct":1,"fdc":"Dirección Nacional de Vialidad","sag":"IGN"},"bbox":[-61.0942037,-33.0186502,-60.90551603,-33.016114]},{"type":"Feature","id":"vial_nacional.927","geometry":{"type":"MultiLineString","coordinates":[[[-60.8022963,-33.0109736],[-60.8016934,-33.010867],[-60.8012069,-33.0107737],[-60.7999034,-33.0105099],[-60.7997429,-33.0104621],[-60.7996511,-33.0104148],[-60.7995772,-33.0103573],[-60.7995317,-33.0102956],[-60.7994902,-33.0102031],[-60.7994465,-33.0101115],[-60.7994261,-33.0100629],[-60.7993978,-33.0100138],[-60.7993424,-33.0099369],[-60.7992753,-33.0098769],[-60.7991632,-33.0098185],[-60.7990563,-33.0097803],[-60.798034,-33.0094966],[-60.7973171,-33.0092726],[-60.7980537,-33.0094542],[-60.7988442,-33.0096638],[-60.7991265,-33.0097368],[-60.7992543,-33.0097945],[-60.7993245,-33.0098333],[-60.7994129,-33.0099005],[-60.7994747,-33.0099873],[-60.7995173,-33.0100836],[-60.7995368,-33.0101278],[-60.7995648,-33.0101911],[-60.7996194,-33.0102818],[-60.799681,-33.0103468],[-60.7997544,-33.0103976],[-60.7999113,-33.0104567],[-60.8012319,-33.0107264],[-60.8017371,-33.010842],[-60.8022963,-33.0109736]]]},"geometry_name":"geom","properties":{"gid":927,"rtn":"33","typ":40,"rst":1,"hct":1,"fdc":"Dirección Nacional de Vialidad","sag":"IGN"},"bbox":[-60.8022963,-33.0109736,-60.7973171,-33.0092726]},{"type":"Feature","id":"vial_nacional.934","geometry":{"type":"MultiLineString","coordinates":[[[-60.7370177,-32.98078],[-60.7364634,-32.9805768],[-60.7362475,-32.9804787],[-60.7361229,-32.9804133],[-60.7341167,-32.9794058],[-60.732543,-32.9786155],[-60.7320168,-32.9783509],[-60.7285708,-32.9766183],[-60.7284928,-32.976579],[-60.7283806,-32.9765226],[-60.7282321,-32.9764479],[-60.7271936,-32.9759258],[-60.7270066,-32.9758318],[-60.7261417,-32.9753969],[-60.7234444,-32.9740406],[-60.7233199,-32.973978],[-60.7232687,-32.9739522],[-60.7231297,-32.9738824],[-60.7229447,-32.9737894],[-60.7227967,-32.973715],[-60.7227062,-32.9736694],[-60.720503,-32.9725616],[-60.7196227,-32.972119],[-60.7194113,-32.9720127],[-60.7184073,-32.9715078],[-60.7181012,-32.9713539],[-60.7178925,-32.971249],[-60.7177392,-32.9711719],[-60.71703592,-32.97081299]]]},"geometry_name":"geom","properties":{"gid":934,"rtn":"33","typ":40,"rst":1,"hct":1,"fdc":"Dirección Nacional de Vialidad","sag":"IGN"},"bbox":[-60.7370177,-32.98078,-60.71703592,-32.97081299]},{"type":"Feature","id":"vial_nacional.928","geometry":{"type":"MultiLineString","coordinates":[[[-60.75378503,-32.98964236],[-60.75383412,-32.98966811],[-60.7547821,-32.990144],[-60.7570438,-32.9912921],[-60.757398,-32.9914692],[-60.7599292,-32.992735],[-60.7600538,-32.9927973],[-60.7601936,-32.9928672],[-60.7604546,-32.9929977],[-60.7611265,-32.9933411],[-60.7620931,-32.9938351],[-60.7622595,-32.9938832],[-60.763108,-32.9943539],[-60.7632077,-32.9944049],[-60.7640022,-32.9948109],[-60.7646095,-32.9951211],[-60.7647066,-32.9951707],[-60.7647946,-32.9952157],[-60.7648724,-32.9952552],[-60.7650338,-32.9953372],[-60.7651707,-32.9955014],[-60.7652728,-32.995693],[-60.765368,-32.995802],[-60.765504,-32.9959303],[-60.7664263,-32.9964102],[-60.7665443,-32.9964716],[-60.7666831,-32.9965423],[-60.7676209,-32.99702],[-60.7677035,-32.9970621],[-60.7686393,-32.9975514],[-60.7696202,-32.998034],[-60.76971,-32.9980793],[-60.7697799,-32.9981149],[-60.7703703,-32.9984122],[-60.7708214,-32.9986415],[-60.7710086,-32.9987362],[-60.7716824,-32.9990769],[-60.7717998,-32.9991363],[-60.7719039,-32.999187],[-60.7725282,-32.999491],[-60.772616,-32.9995338],[-60.7726939,-32.9995602],[-60.7727673,-32.9995781],[-60.7728589,-32.9995771],[-60.7729313,-32.9995569],[-60.773003,-32.9995187],[-60.7730653,-32.9994648],[-60.7732287,-32.9992365],[-60.773294,-32.9991452],[-60.7734758,-32.9988911],[-60.7735214,-32.9988275],[-60.7735484,-32.9987898],[-60.77361,-32.9987037],[-60.7738144,-32.9987517],[-60.773875,-32.9987818],[-60.7747838,-32.9992325],[-60.7748607,-32.9993169],[-60.7749542,-32.9994196],[-60.7750155,-32.9995724],[-60.7750539,-32.9996682],[-60.7752051,-32.9998163],[-60.7759981,-33.0002186],[-60.7761248,-33.0002829],[-60.7772415,-33.0008565],[-60.7773463,-33.0009103],[-60.7785599,-33.0015156],[-60.7796876,-33.0020781],[-60.780612,-33.0025609],[-60.7810681,-33.0027934],[-60.781828,-33.0031823],[-60.7819405,-33.0032399],[-60.7820262,-33.0032831],[-60.7827801,-33.003663],[-60.784245,-33.004406],[-60.7844213,-33.0044954],[-60.7849065,-33.0047415],[-60.7850657,-33.0048223],[-60.7865804,-33.0055912],[-60.7867544,-33.0056788],[-60.7868506,-33.0057272],[-60.7888015,-33.0067089],[-60.7901524,-33.0072996],[-60.7910309,-33.0075534],[-60.7929006,-33.0080761],[-60.7950039,-33.0086459],[-60.7953751,-33.0087465],[-60.7973171,-33.0092726]]]},"geometry_name":"geom","properties":{"gid":928,"rtn":"33","typ":40,"rst":1,"hct":1,"fdc":"Dirección Nacional de Vialidad","sag":"IGN"},"bbox":[-60.7973171,-33.0092726,-60.75378503,-32.98964236]},{"type":"Feature","id":"vial_nacional.935","geometry":{"type":"MultiLineString","coordinates":[[[-60.7370177,-32.98078],[-60.7365686,-32.9804959],[-60.7363619,-32.9803834],[-60.7361406,-32.9802771],[-60.7360112,-32.9802126],[-60.7359419,-32.980178],[-60.7322394,-32.9783316],[-60.7319777,-32.9782011],[-60.7284402,-32.9764368],[-60.728299,-32.9763665],[-60.7280986,-32.9762665],[-60.7279892,-32.976212],[-60.7271725,-32.9758046],[-60.7266313,-32.9755347],[-60.7262085,-32.9753239],[-60.7233289,-32.9738878],[-60.7231958,-32.9738218],[-60.7230876,-32.9737674],[-60.7227739,-32.973611],[-60.7227147,-32.9735814],[-60.7226569,-32.9735526],[-60.7225136,-32.9734791],[-60.7219216,-32.9731756],[-60.7206572,-32.9725272],[-60.7194797,-32.9719234],[-60.7193237,-32.9718434],[-60.7188222,-32.9715862],[-60.718603,-32.9714739],[-60.7178119,-32.9710682],[-60.71710324,-32.97069231]]]},"geometry_name":"geom","properties":{"gid":935,"rtn":"33","typ":40,"rst":1,"hct":1,"fdc":"Dirección Nacional de Vialidad","sag":"IGN"},"bbox":[-60.7370177,-32.98078,-60.71710324,-32.97069231]},{"type":"Feature","id":"vial_nacional.936","geometry":{"type":"MultiLineString","coordinates":[[[-60.71682005,-32.97070283],[-60.7166111,-32.9705962],[-60.71652833,-32.97055383],[-60.7162851,-32.9704293],[-60.7161214,-32.9703443],[-60.714058,-32.96935498],[-60.71164327,-32.9681082],[-60.71020898,-32.96736765],[-60.7072337,-32.96591142],[-60.7026994,-32.96363856],[-60.69959278,-32.96203385],[-60.69580087,-32.96016645],[-60.69307115,-32.9588073],[-60.69290554,-32.95874448],[-60.68962188,-32.95836758],[-60.68391265,-32.95770254]]]},"geometry_name":"geom","properties":{"gid":936,"rtn":"33","typ":40,"rst":1,"hct":1,"fdc":"Dirección Nacional de Vialidad","sag":"IGN"},"bbox":[-60.71682005,-32.97070283,-60.68391265,-32.95770254]},{"type":"Feature","id":"vial_nacional.2346","geometry":{"type":"MultiLineString","coordinates":[[[-60.69932698,-32.87244855],[-60.6990395,-32.87234942],[-60.69896829,-32.87232474]]]},"geometry_name":"geom","properties":{"gid":2346,"rtn":"174","typ":41,"rst":1,"hct":1,"fdc":"Dirección Nacional de Vialidad","sag":"IGN"},"bbox":[-60.69932698,-32.87244855,-60.69896829,-32.87232474]},{"type":"Feature","id":"vial_nacional.978","geometry":{"type":"MultiLineString","coordinates":[[[-61.1977173,-32.5793195],[-61.1900442,-32.5853494],[-61.1895335,-32.5857494],[-61.1887312,-32.5863778],[-61.1876912,-32.5871924],[-61.1866839,-32.5879857],[-61.1861928,-32.5883904],[-61.1856982,-32.5888585],[-61.1850099,-32.5895713],[-61.1843653,-32.590302],[-61.1836266,-32.5911012],[-61.1833539,-32.5913893],[-61.1830026,-32.5917004],[-61.1827302,-32.5919118],[-61.1817885,-32.5926656],[-61.1803927,-32.5937307],[-61.1782884,-32.5953932],[-61.1782065,-32.595457],[-61.1777588,-32.5958044],[-61.1773543,-32.5960922],[-61.1768443,-32.5964125],[-61.1757253,-32.5970302],[-61.1751598,-32.5973173],[-61.1746137,-32.5976207],[-61.1740166,-32.5979875],[-61.173466,-32.5983471],[-61.1731732,-32.5985589],[-61.172322,-32.5992247],[-61.1709214,-32.6003374],[-61.1663364,-32.6039169],[-61.165975,-32.6041983],[-61.1658633,-32.6042936],[-61.1656758,-32.6044534],[-61.1656371,-32.6044838],[-61.1654101,-32.6046616],[-61.1653145,-32.6047366],[-61.1650326,-32.6049578],[-61.1609478,-32.6081217],[-61.1602432,-32.6086758],[-61.156529,-32.6115889],[-61.1564054,-32.611691],[-61.1540608,-32.6135118],[-61.1509082,-32.6160003],[-61.1500938,-32.6166214],[-61.1483871,-32.6179515],[-61.1437059,-32.6216267],[-61.1257994,-32.6356582],[-61.103207,-32.6533363],[-61.1021009,-32.6542271],[-61.1013037,-32.6549115],[-61.1009228,-32.6552586],[-61.1005576,-32.6556322],[-61.0999254,-32.656386],[-61.099568,-32.6569283],[-61.099246,-32.6574804],[-61.0989476,-32.6580325],[-61.0986727,-32.6585946],[-61.097762,-32.6605455],[-61.0968404,-32.6625058],[-61.095021,-32.6664492],[-61.0942724,-32.6680301],[-61.0940737,-32.6684521],[-61.0938232,-32.6689841],[-61.0936691,-32.6693114],[-61.0936234,-32.6694085],[-61.0934897,-32.6696924],[-61.0931238,-32.6703636],[-61.0927233,-32.6709421],[-61.0922638,-32.6715272],[-61.0920352,-32.6717697],[-61.0917808,-32.6720396],[-61.0912546,-32.6725222],[-61.0908972,-32.6728131],[-61.0905163,-32.6730908],[-61.0901433,-32.6733552],[-61.0897191,-32.6736131],[-61.089134,-32.6739238],[-61.0888455,-32.6740553],[-61.0885175,-32.6742048],[-61.0878816,-32.6744446],[-61.0874872,-32.6745736],[-61.0871705,-32.6746688],[-61.0867161,-32.6748015],[-61.086237,-32.6749207],[-61.0857647,-32.6750179],[-61.0852659,-32.6750906],[-61.0832121,-32.6753187],[-61.0789278,-32.6757286],[-61.0782092,-32.6758178],[-61.0777575,-32.675884],[-61.0773256,-32.6759633],[-61.0768897,-32.6760625],[-61.0764342,-32.6761781],[-61.0760179,-32.6762905],[-61.0756056,-32.6764128],[-61.0747521,-32.6767043],[-61.0741015,-32.6769549],[-61.0734575,-32.6772161],[-61.0728567,-32.6775069],[-61.0722558,-32.6778243],[-61.0715411,-32.6782341],[-61.0708539,-32.6786936],[-61.0695577,-32.6796383],[-61.0611921,-32.6861838],[-61.0565675,-32.6898071],[-61.046809,-32.6974365],[-61.0466715,-32.6975389],[-61.0424625,-32.7008755],[-61.0415782,-32.7015309],[-61.0411188,-32.7018514],[-61.0406318,-32.7021621],[-61.0400947,-32.7024783],[-61.0397561,-32.7026776],[-61.0388136,-32.7031997],[-61.0369487,-32.7042147],[-61.0322324,-32.7068113],[-61.0314292,-32.7072516],[-61.030994,-32.7075067],[-61.0305639,-32.7077705],[-61.0301753,-32.7080648],[-61.0297979,-32.708366],[-61.0294135,-32.7087253],[-61.0290249,-32.7091134],[-61.02867,-32.7095058],[-61.0283202,-32.7099112],[-61.026986,-32.7115135],[-61.0267189,-32.7118419],[-61.0264812,-32.712103],[-61.0262035,-32.712392],[-61.0259962,-32.7125882],[-61.0257686,-32.7127884],[-61.0255406,-32.7129763],[-61.0252959,-32.713165],[-61.0247749,-32.7135376],[-61.0247179,-32.7135742],[-61.0246841,-32.7135959],[-61.0243938,-32.7137702],[-61.024072,-32.7139462],[-61.0238506,-32.7140573],[-61.023616,-32.7141606],[-61.0231144,-32.7143682],[-61.0226209,-32.7145352],[-61.0221301,-32.7146774],[-61.0211055,-32.7149324],[-61.0181771,-32.7156412],[-61.0173745,-32.7158441],[-61.0165698,-32.716063],[-61.0159476,-32.7162729],[-61.0153425,-32.7165133],[-61.0150544,-32.7166385],[-61.0147781,-32.7167784],[-61.0142167,-32.7170746],[-61.0138447,-32.7173019],[-61.0134934,-32.7175241],[-61.0130857,-32.7178029],[-61.0122971,-32.7183896],[-61.010272,-32.7198429],[-61.0092233,-32.7206011],[-61.0086976,-32.7209599],[-61.0081397,-32.721321],[-60.9932141,-32.7302936],[-60.9898208,-32.7323334],[-60.9840534,-32.7358002],[-60.9655357,-32.7468982],[-60.9608913,-32.7496815],[-60.9562309,-32.7524742],[-60.931745,-32.7671649],[-60.9311683,-32.7675461],[-60.9308786,-32.767749],[-60.930597,-32.767961],[-60.9303422,-32.7681753],[-60.9300874,-32.7684054],[-60.9271155,-32.7712764],[-60.9268956,-32.7714884],[-60.9266461,-32.7717049],[-60.9263832,-32.7719034],[-60.9260882,-32.7720951],[-60.9257207,-32.772289],[-60.9253452,-32.7724672],[-60.9249159,-32.7726165],[-60.9244869,-32.7727266],[-60.9240444,-32.7728055],[-60.9237654,-32.772828],[-60.9234918,-32.7728438],[-60.9232209,-32.7728416],[-60.92295,-32.7728303],[-60.9225396,-32.7727852],[-60.9224372,-32.772771],[-60.922148,-32.7727311],[-60.921971,-32.7726995],[-60.9194685,-32.7722868],[-60.9129373,-32.7712223],[-60.9126718,-32.7711975],[-60.9123928,-32.7711839],[-60.9120817,-32.7711794],[-60.9118892,-32.7711901],[-60.9117047,-32.771205],[-60.9114571,-32.7712404],[-60.9111408,-32.7713042],[-60.9107912,-32.7713984],[-60.910525,-32.7714841],[-60.9102518,-32.7716036],[-60.9100165,-32.7717125],[-60.9097709,-32.77185],[-60.909558,-32.771991],[-60.9093423,-32.7721614],[-60.9091249,-32.7723488],[-60.9089194,-32.7725537],[-60.9085779,-32.7729352],[-60.9078124,-32.7739252],[-60.9071322,-32.7748081],[-60.9055462,-32.7768506],[-60.9041839,-32.7786035],[-60.9040025,-32.7788434],[-60.9038521,-32.7790384],[-60.9032466,-32.7798147],[-60.9024906,-32.780792],[-60.9017241,-32.7817789],[-60.9009238,-32.7828115],[-60.9001606,-32.7837781],[-60.8993734,-32.7847689],[-60.8990998,-32.7851184],[-60.8988906,-32.7853484],[-60.8986787,-32.7855874],[-60.8982254,-32.7860655],[-60.8976518,-32.7866032],[-60.8973832,-32.7868411],[-60.8969487,-32.7872064],[-60.896469,-32.7875809],[-60.8962164,-32.7877657],[-60.8957095,-32.7881061],[-60.8951731,-32.7884354],[-60.8902583,-32.7914078],[-60.8901243,-32.7914889],[-60.8899718,-32.7915802],[-60.8852033,-32.7944151],[-60.884538,-32.7948144],[-60.8749573,-32.8005635],[-60.8589629,-32.8101675],[-60.8421985,-32.8202283],[-60.8410792,-32.820901]]]},"geometry_name":"geom","properties":{"gid":978,"rtn":"34","typ":40,"rst":1,"hct":1,"fdc":"Dirección Nacional de Vialidad","sag":"IGN"},"bbox":[-61.1977173,-32.820901,-60.8410792,-32.5793195]},{"type":"Feature","id":"vial_nacional.979","geometry":{"type":"MultiLineString","coordinates":[[[-60.78318515,-32.85117895],[-60.7832274,-32.8511178],[-60.7833441,-32.8509709],[-60.7834132,-32.8508789],[-60.7835332,-32.8507362],[-60.783945,-32.8503328],[-60.7843671,-32.8498962],[-60.7846767,-32.8496472],[-60.7850014,-32.8494106],[-60.7853943,-32.8491515],[-60.7858074,-32.8489025],[-60.7862392,-32.8486862],[-60.7866858,-32.8484833],[-60.7871512,-32.8483076],[-60.787388,-32.8482249],[-60.7876407,-32.8481421],[-60.7879056,-32.8480722],[-60.7881597,-32.8480113],[-60.7886804,-32.8479062],[-60.7892755,-32.847813],[-60.7898735,-32.8477465],[-60.7932374,-32.8474924],[-60.7946734,-32.8473668],[-60.7950136,-32.8473228],[-60.7953386,-32.8472733],[-60.7956745,-32.8472167],[-60.7960134,-32.847152],[-60.7963431,-32.8470718],[-60.7966543,-32.8469894],[-60.7969855,-32.8468932],[-60.797309,-32.8467922],[-60.7976418,-32.8466757],[-60.7979618,-32.84655],[-60.7982797,-32.8464159],[-60.7985935,-32.8462739],[-60.7989087,-32.8461151],[-60.7992117,-32.8459506],[-60.7995729,-32.8457485],[-60.800906,-32.8449432],[-60.8052308,-32.8423556],[-60.8059193,-32.8419437],[-60.80608,-32.8418474],[-60.80644,-32.8416316],[-60.8183131,-32.8345147],[-60.8299291,-32.8275513],[-60.8300387,-32.827486],[-60.8356293,-32.8241445],[-60.8396374,-32.821765],[-60.8399937,-32.8215535],[-60.8410792,-32.820901]]]},"geometry_name":"geom","properties":{"gid":979,"rtn":"34","typ":40,"rst":1,"hct":1,"fdc":"Dirección Nacional de Vialidad","sag":"IGN"},"bbox":[-60.8410792,-32.85117895,-60.78318515,-32.820901]},{"type":"Feature","id":"vial_nacional.980","geometry":{"type":"MultiLineString","coordinates":[[[-60.7810327,-32.8555436],[-60.7808707,-32.8557944],[-60.7807177,-32.8560312],[-60.7805513,-32.856272],[-60.7803726,-32.8565098],[-60.7801178,-32.856819],[-60.7798417,-32.8571193],[-60.7795494,-32.8574169],[-60.7792666,-32.8576768],[-60.7786154,-32.8582282],[-60.7783057,-32.8584572],[-60.778019,-32.858643],[-60.7778209,-32.8587708],[-60.7776018,-32.8588992],[-60.7772682,-32.8590957],[-60.7763531,-32.8596511],[-60.775021,-32.8604595],[-60.774818,-32.8605759],[-60.7747237,-32.8606297],[-60.7744971,-32.860759],[-60.7713474,-32.8626511],[-60.7711555,-32.8627664],[-60.7707764,-32.8629784],[-60.7705665,-32.8631202],[-60.7694937,-32.8637646],[-60.7689255,-32.864106],[-60.768309,-32.8644763],[-60.7678065,-32.8647782],[-60.76775,-32.8648121],[-60.7675351,-32.8649412],[-60.7641989,-32.8669452],[-60.7640207,-32.8670522],[-60.7637957,-32.8671874],[-60.7635762,-32.8673187],[-60.7632616,-32.8675067],[-60.7609079,-32.8689141],[-60.758777,-32.8701882],[-60.7573529,-32.8710397],[-60.7563129,-32.8716614],[-60.7540335,-32.8730243],[-60.7536556,-32.8732509],[-60.7534498,-32.8733743],[-60.7532774,-32.8734777],[-60.7527043,-32.8738226],[-60.7523163,-32.8740561],[-60.7450594,-32.8784091],[-60.7448217,-32.878545],[-60.7443673,-32.8788149],[-60.7413317,-32.880637],[-60.7408357,-32.8809343],[-60.737816,-32.8827343],[-60.7369982,-32.8832206],[-60.7354337,-32.8841535],[-60.7343351,-32.8848081],[-60.733015,-32.8855948],[-60.7322368,-32.886081],[-60.7319377,-32.886259],[-60.7317294,-32.8863752]]]},"geometry_name":"geom","properties":{"gid":980,"rtn":"34","typ":40,"rst":1,"hct":1,"fdc":"Dirección Nacional de Vialidad","sag":"IGN"},"bbox":[-60.7810327,-32.8863752,-60.7317294,-32.8555436]},{"type":"Feature","id":"vial_nacional.988","geometry":{"type":"MultiLineString","coordinates":[[[-60.71960237,-32.89318892],[-60.7196985,-32.8931554],[-60.7197802,-32.8931423],[-60.7198633,-32.8931412],[-60.7199454,-32.893152],[-60.7200076,-32.8931687],[-60.7200667,-32.8931922],[-60.7201667,-32.89321471],[-60.72028092,-32.89321014],[-60.72039513,-32.89317207],[-60.72051087,-32.89312791],[-60.72067381,-32.89304415],[-60.7208445,-32.8929085],[-60.7210145,-32.8927793],[-60.7215825,-32.8922892],[-60.7220201,-32.8919564],[-60.722208,-32.891829],[-60.7224239,-32.8917006],[-60.7229554,-32.8913884],[-60.7240588,-32.8907256],[-60.724258,-32.8906082],[-60.724391,-32.8905279],[-60.7248671,-32.8902389],[-60.7263467,-32.889355],[-60.7264963,-32.8892698],[-60.7280459,-32.8883452],[-60.7281018,-32.8883122],[-60.7292952,-32.8876088],[-60.7295888,-32.8874326],[-60.7296934,-32.8873702],[-60.7301336,-32.8871058],[-60.7303132,-32.8870026],[-60.730397,-32.8869542],[-60.7305846,-32.8868615],[-60.731013,-32.8866829],[-60.7312873,-32.8865642],[-60.7315528,-32.8864437],[-60.7317294,-32.8863752],[-60.73164,-32.8864493],[-60.731357,-32.8866014],[-60.7311532,-32.8866948],[-60.73097,-32.8867754],[-60.7307741,-32.8868556],[-60.7304834,-32.8870037],[-60.7301999,-32.8871719],[-60.7297443,-32.8874421],[-60.729551,-32.8875566],[-60.7281824,-32.8883741],[-60.7281182,-32.8884125],[-60.7267174,-32.8892472],[-60.7265622,-32.8893388],[-60.7252525,-32.8901296],[-60.7250466,-32.8902536],[-60.7249329,-32.8903196],[-60.7244507,-32.8905971],[-60.7243234,-32.8906708],[-60.7230274,-32.891455],[-60.7224999,-32.8917668],[-60.7222456,-32.8919191],[-60.7220161,-32.8920791],[-60.7216482,-32.8923811],[-60.7212404,-32.8927159],[-60.7211592,-32.8927825],[-60.720969,-32.8929363],[-60.720762,-32.8930739],[-60.7205401,-32.893194],[-60.72037533,-32.89328933],[-60.72028092,-32.89337309],[-60.72023218,-32.89344466],[-60.72022305,-32.89352233],[-60.72022305,-32.8935939],[-60.72020173,-32.89365938],[-60.72015452,-32.89372182],[-60.72009727,-32.89377197]]]},"geometry_name":"geom","properties":{"gid":988,"rtn":"34","typ":40,"rst":1,"hct":1,"fdc":"Dirección Nacional de Vialidad","sag":"IGN"},"bbox":[-60.7317294,-32.89377197,-60.71960237,-32.8863752]},{"type":"Feature","id":"vial_nacional.2347","geometry":{"type":"MultiLineString","coordinates":[[[-60.69899461,-32.87224941],[-60.69896829,-32.87232474]]]},"geometry_name":"geom","properties":{"gid":2347,"rtn":"11","typ":40,"rst":1,"hct":1,"fdc":"Dirección Nacional de Vialidad","sag":"IGN"},"bbox":[-60.69899461,-32.87232474,-60.69896829,-32.87224941]},{"type":"Feature","id":"vial_nacional.2348","geometry":{"type":"MultiLineString","coordinates":[[[-60.69934715,-32.87236639],[-60.69910803,-32.8722847],[-60.69899461,-32.87224941]]]},"geometry_name":"geom","properties":{"gid":2348,"rtn":"174","typ":41,"rst":1,"hct":1,"fdc":"Dirección Nacional de Vialidad","sag":"IGN"},"bbox":[-60.69934715,-32.87236639,-60.69899461,-32.87224941]},{"type":"Feature","id":"vial_nacional.1487","geometry":{"type":"MultiLineString","coordinates":[[[-60.69811411,-32.8719675],[-60.69761563,-32.87184307],[-60.69738839,-32.87178964],[-60.69667455,-32.87162546],[-60.69608206,-32.87150537],[-60.69516073,-32.87137212],[-60.69389676,-32.87120461],[-60.69118608,-32.87083912],[-60.68850205,-32.87047364],[-60.68571523,-32.87007389],[-60.68392968,-32.86983785],[-60.68092566,-32.86942268],[-60.6791896,-32.86919996],[-60.67645988,-32.86881734],[-60.67285072,-32.86834336],[-60.66857911,-32.86774944],[-60.66479291,-32.86724119],[-60.66053843,-32.86666441],[-60.65638675,-32.86609905],[-60.65341718,-32.86568217],[-60.6512458,-32.8653707],[-60.6496668,-32.8651779],[-60.6491687,-32.8651171]]]},"geometry_name":"geom","properties":{"gid":1487,"rtn":"174","typ":41,"rst":1,"hct":1,"fdc":"Dirección Nacional de Vialidad","sag":"IGN"},"bbox":[-60.69811411,-32.8719675,-60.6491687,-32.8651171]},{"type":"Feature","id":"vial_nacional.2349","geometry":{"type":"MultiLineString","coordinates":[[[-60.69961817,-32.87122452],[-60.69958575,-32.87132597],[-60.69944145,-32.87198231],[-60.69934715,-32.87236639]]]},"geometry_name":"geom","properties":{"gid":2349,"rtn":"11","typ":40,"rst":1,"hct":1,"fdc":"Dirección Nacional de Vialidad","sag":"IGN"},"bbox":[-60.69961817,-32.87236639,-60.69934715,-32.87122452]},{"type":"Feature","id":"vial_nacional.1732","geometry":{"type":"MultiLineString","coordinates":[[[-60.4572991,-31.785888],[-60.4582245,-31.7842987],[-60.4586917,-31.7834047],[-60.45916936,-31.78249054],[-60.45920211,-31.78241492],[-60.45927673,-31.78230984],[-60.45939418,-31.7821686],[-60.45947984,-31.78208579],[-60.45956264,-31.78202297],[-60.45968542,-31.78194873],[-60.45984477,-31.78187232],[-60.45967724,-31.78186517],[-60.45957368,-31.78186364],[-60.4594747,-31.78186974],[-60.45940917,-31.78188167],[-60.45936954,-31.7819021],[-60.45926454,-31.78207075],[-60.4587796,-31.7830062],[-60.4581199,-31.7842529],[-60.4575101,-31.7853074],[-60.4572991,-31.785888]]]},"geometry_name":"geom","properties":{"gid":1732,"rtn":"12","typ":40,"rst":1,"hct":1,"fdc":"Dirección Nacional de Vialidad","sag":"IGN"},"bbox":[-60.45984477,-31.785888,-60.4572991,-31.78186364]},{"type":"Feature","id":"vial_nacional.1406","geometry":{"type":"MultiLineString","coordinates":[[[-60.89994745,-32.92660704],[-60.9004777,-32.9265162],[-60.9031385,-32.9260484],[-60.9046461,-32.9257855],[-60.9111488,-32.9246376],[-60.9121113,-32.9244524],[-60.9124079,-32.9243818],[-60.9127205,-32.9243074],[-60.9131753,-32.9241992],[-60.9142352,-32.9238536],[-60.9156282,-32.9232578],[-60.9169901,-32.9226054],[-60.9197102,-32.9213266],[-60.9203047,-32.9210782],[-60.920867,-32.9208678],[-60.9213071,-32.9207179],[-60.9217228,-32.9205952],[-60.9221241,-32.9204848],[-60.9225327,-32.9203882],[-60.9230564,-32.9202655],[-60.9235863,-32.9201676],[-60.95215,-32.9150499],[-60.9761137,-32.9107013],[-60.9797538,-32.910029],[-60.9812139,-32.9096817],[-60.9826327,-32.9093135],[-60.9851183,-32.9088893],[-60.986152,-32.9087741],[-60.9866097,-32.9087231],[-60.9881952,-32.9085108],[-60.9915169,-32.9079115],[-61.0031319,-32.9058192],[-61.0148834,-32.9038631],[-61.0153264,-32.9037845],[-61.0255717,-32.9020319],[-61.0298741,-32.9012429],[-61.0350458,-32.9003523],[-61.0844235,-32.8915578],[-61.1227881,-32.8846167],[-61.131265,-32.8830937],[-61.1326219,-32.8828514],[-61.1654213,-32.8769942],[-61.1698197,-32.8761876],[-61.1720932,-32.8757752],[-61.1906828,-32.872407],[-61.1917374,-32.8722121],[-61.2000483,-32.870737],[-61.2015425,-32.8705174],[-61.2023457,-32.8704078],[-61.2030894,-32.8703243],[-61.2105569,-32.8694563],[-61.221037,-32.8682676],[-61.2270056,-32.8675788],[-61.2284618,-32.8674082],[-61.2299511,-32.8672461],[-61.230868,-32.8671623],[-61.2318261,-32.8670958],[-61.2327578,-32.8670415],[-61.2337374,-32.8669898],[-61.234573,-32.8669588],[-61.2353609,-32.8669499],[-61.2372357,-32.8669576],[-61.2399421,-32.8670496],[-61.2487521,-32.8678743],[-61.2524023,-32.8682256],[-61.2550865,-32.8684801],[-61.255275,-32.8684945],[-61.2554833,-32.8685099],[-61.2556653,-32.8685219],[-61.2558451,-32.8685319],[-61.2565609,-32.8685591],[-61.2571764,-32.8685774],[-61.257792,-32.868588],[-61.2582602,-32.8685903],[-61.2587222,-32.8685849],[-61.2597121,-32.8685427],[-61.2608435,-32.8684852],[-61.2619532,-32.8683795],[-61.2629884,-32.8682517],[-61.2652659,-32.8678874],[-61.3362386,-32.8557688],[-61.3423232,-32.8547298],[-61.343536,-32.854511],[-61.3438957,-32.8544455],[-61.3446726,-32.8543621],[-61.3454628,-32.8543055],[-61.3461645,-32.8542755],[-61.3468011,-32.8542749],[-61.3471453,-32.854291],[-61.3480678,-32.8543341],[-61.3488298,-32.8543697],[-61.3496455,-32.8544029],[-61.3504878,-32.8544169],[-61.3513314,-32.8543901],[-61.3521318,-32.8543239],[-61.3529944,-32.8542197],[-61.3539392,-32.8540513],[-61.3548471,-32.8538474],[-61.3556342,-32.8536183],[-61.3564954,-32.8533254],[-61.3573263,-32.8530116],[-61.3583702,-32.8525987],[-61.3593712,-32.8522358],[-61.3603075,-32.8519317],[-61.3614258,-32.851611],[-61.3624446,-32.8513716],[-61.3635084,-32.8511459],[-61.3647084,-32.8509472],[-61.3874674,-32.8470627],[-61.3922061,-32.8462549],[-61.3926307,-32.8461825],[-61.3935257,-32.8460116],[-61.4044262,-32.8441206],[-61.4081839,-32.8434745],[-61.4110231,-32.8429998],[-61.4119898,-32.8428666],[-61.4132044,-32.842723],[-61.4143544,-32.8426045],[-61.4158517,-32.8424854],[-61.4175053,-32.8423818],[-61.4192244,-32.8423231],[-61.4203057,-32.8422596],[-61.4212682,-32.8421931],[-61.423136,-32.8420262],[-61.424876,-32.8418056],[-61.4274785,-32.8413933],[-61.4575594,-32.836195],[-61.4589388,-32.8358954],[-61.4603858,-32.8355511],[-61.4617756,-32.8351851],[-61.4632128,-32.8347772],[-61.465743,-32.8339824],[-61.4673611,-32.8335249],[-61.4687554,-32.8331686],[-61.4695283,-32.8329896],[-61.4703918,-32.8328053],[-61.4719388,-32.8324986],[-61.4764024,-32.8317357],[-61.4887011,-32.8296305],[-61.4893349,-32.8295173],[-61.5378482,-32.8211497],[-61.5488228,-32.8193203],[-61.55438572,-32.81836451]]]},"geometry_name":"geom","properties":{"gid":1406,"rtn":"9","typ":41,"rst":1,"hct":1,"fdc":"Dirección Nacional de Vialidad","sag":"IGN"},"bbox":[-61.55438572,-32.92660704,-60.89994745,-32.81836451]},{"type":"Feature","id":"vial_nacional.1505","geometry":{"type":"MultiLineString","coordinates":[[[-60.7994022,-32.7793945],[-60.7997798,-32.7796422],[-60.800004,-32.7798139],[-60.8007085,-32.7803267],[-60.8010476,-32.7805635],[-60.8015344,-32.7809253],[-60.8019232,-32.7812162],[-60.8022968,-32.781501],[-60.8026555,-32.7817871],[-60.8031104,-32.782205],[-60.8034455,-32.7825308],[-60.8036814,-32.7827924]]]},"geometry_name":"geom","properties":{"gid":1505,"rtn":"A012","typ":40,"rst":1,"hct":1,"fdc":"Dirección Nacional de Vialidad","sag":"IGN"},"bbox":[-60.8036814,-32.7827924,-60.7994022,-32.7793945]},{"type":"Feature","id":"vial_nacional.1485","geometry":{"type":"MultiLineString","coordinates":[[[-60.72323987,-32.93107642],[-60.7232641,-32.9308267],[-60.7235298,-32.9283581],[-60.7235436,-32.9280667],[-60.7235657,-32.9276026],[-60.7237349,-32.9240414],[-60.7237704,-32.923293],[-60.7238294,-32.920832],[-60.7238485,-32.92033],[-60.7239666,-32.9179559],[-60.7239971,-32.9164989],[-60.7240553,-32.9153644],[-60.7240751,-32.915048],[-60.7241472,-32.9133667],[-60.724187,-32.9110996],[-60.7242372,-32.9095287],[-60.7243831,-32.9078137],[-60.7246567,-32.9064136],[-60.7248285,-32.9055467],[-60.7248742,-32.9052066],[-60.7249053,-32.9049087],[-60.7249855,-32.9042296],[-60.725019,-32.9038529],[-60.7250336,-32.9034298],[-60.725019,-32.9029251],[-60.7249864,-32.9025227],[-60.7249559,-32.9022947],[-60.7249113,-32.9019622],[-60.7247912,-32.9012979],[-60.7244578,-32.9001738],[-60.7241715,-32.8994696],[-60.7237814,-32.8986531],[-60.7235384,-32.8982078],[-60.7229502,-32.8972669],[-60.7222881,-32.8963583],[-60.7219621,-32.8959724],[-60.7210096,-32.8948266],[-60.7208517,-32.894648],[-60.7206164,-32.8943787],[-60.72009727,-32.89377197],[-60.7200528,-32.89372],[-60.71960237,-32.89318892],[-60.7195786,-32.8931609],[-60.7189455,-32.8923816],[-60.7184424,-32.8917981],[-60.7180602,-32.8913344],[-60.717074,-32.890141],[-60.7164448,-32.889393],[-60.7162454,-32.8891688],[-60.7150554,-32.8877914],[-60.7143841,-32.8869384],[-60.7140274,-32.886515],[-60.7119441,-32.8840983],[-60.7115017,-32.8835579],[-60.7108782,-32.8828046],[-60.7104144,-32.882324],[-60.709843,-32.8816663],[-60.7094032,-32.8811082],[-60.7089794,-32.8805445],[-60.7087975,-32.8802521],[-60.7085066,-32.8798129],[-60.7081307,-32.8792561],[-60.7077214,-32.8786501],[-60.7073588,-32.8781522],[-60.7070106,-32.877677],[-60.7066533,-32.8772492],[-60.7060911,-32.8766009],[-60.705857,-32.8763566],[-60.7053993,-32.8759155],[-60.7047498,-32.8753513],[-60.70408023,-32.87485021]]]},"geometry_name":"geom","properties":{"gid":1485,"rtn":"A008","typ":41,"rst":1,"hct":1,"fdc":"Dirección Nacional de Vialidad","sag":"IGN"},"bbox":[-60.7250336,-32.93107642,-60.70408023,-32.87485021]},{"type":"Feature","id":"vial_nacional.1486","geometry":{"type":"MultiLineString","coordinates":[[[-60.72193126,-32.94878682],[-60.72194569,-32.94821314],[-60.72200851,-32.94689967],[-60.72213415,-32.94524357],[-60.72231118,-32.94333619],[-60.72244252,-32.9398698],[-60.72256816,-32.93721432],[-60.72296791,-32.93219461],[-60.72322489,-32.9296305],[-60.723282,-32.9287225],[-60.72345332,-32.9253646],[-60.72362464,-32.92144135],[-60.72382642,-32.91550602],[-60.72393682,-32.91244508],[-60.72401677,-32.90969633],[-60.72405485,-32.9085085],[-60.72403962,-32.90745773],[-60.72399012,-32.90639934],[-60.72386449,-32.90533335],[-60.72366652,-32.90408841],[-60.72348378,-32.9029615],[-60.72293935,-32.90025082],[-60.72272235,-32.89899827],[-60.72250915,-32.89815689],[-60.72206752,-32.89702236],[-60.72153452,-32.89600586],[-60.72116523,-32.89540052],[-60.72075025,-32.8948028],[-60.71991268,-32.8937863],[-60.71943679,-32.89322665],[-60.71886572,-32.89255279],[-60.71739236,-32.89079769],[-60.71532889,-32.88838778],[-60.71417532,-32.88702863],[-60.71305603,-32.88573039],[-60.71147606,-32.88383063],[-60.70990752,-32.88202986],[-60.7087185,-32.8804976],[-60.708294,-32.8798982],[-60.7079615,-32.8794147],[-60.707623,-32.8788438],[-60.7071044,-32.878089],[-60.7069153,-32.8778045],[-60.70647,-32.877276],[-60.7062392,-32.876989],[-60.7059297,-32.8766588],[-60.7055998,-32.8763029],[-60.7053553,-32.8760679],[-60.7047,-32.8755145],[-60.704161,-32.8750818],[-60.7040195,-32.8749707]]]},"geometry_name":"geom","properties":{"gid":1486,"rtn":"A008","typ":41,"rst":1,"hct":1,"fdc":"Dirección Nacional de Vialidad","sag":"IGN"},"bbox":[-60.72405485,-32.94878682,-60.7040195,-32.8749707]},{"type":"Feature","id":"vial_nacional.1488","geometry":{"type":"MultiLineString","coordinates":[[[-60.66290272,-33.01496932],[-60.66267998,-33.01502269],[-60.66147502,-33.01525683],[-60.65952767,-33.01555379],[-60.65529604,-33.01613628],[-60.65296607,-33.01630189],[-60.65129283,-33.01634758],[-60.64951109,-33.01633044],[-60.64516524,-33.01620481],[-60.63734729,-33.01590785],[-60.63516009,-33.01576508],[-60.63160803,-33.0155595],[-60.62790749,-33.01541102],[-60.62484084,-33.01530252],[-60.62211683,-33.01521686],[-60.62159716,-33.0151883],[-60.6211917,-33.01509693],[-60.62078053,-33.01495416],[-60.62036365,-33.01473716],[-60.61991821,-33.01441736],[-60.61937569,-33.01392053],[-60.61904447,-33.01346367],[-60.61865043,-33.01278409],[-60.61842201,-33.01229297],[-60.6182411,-33.0116638],[-60.6180698,-33.0106701],[-60.6180252,-33.0099247],[-60.6181626,-33.008024],[-60.6182184,-33.0068425],[-60.6183708,-33.0050419],[-60.61843381,-33.00365553],[-60.61850519,-33.00248484],[-60.61851947,-33.0021184],[-60.61850519,-33.00177576],[-60.61849092,-33.00144739],[-60.61844713,-33.00113949],[-60.61838146,-33.00080827],[-60.61827296,-33.00041137],[-60.61812733,-33.0000002],[-60.61787606,-32.99939201],[-60.61769903,-32.99894658],[-60.61761623,-32.99864391],[-60.61756483,-32.99838693],[-60.61752485,-32.99812138],[-60.61751058,-32.9977873],[-60.61750201,-32.99748749],[-60.61754199,-32.99713343],[-60.61762479,-32.99673368],[-60.61782467,-32.9961055],[-60.61810449,-32.99541451],[-60.61840716,-32.99481203],[-60.61888686,-32.9940525],[-60.61942366,-32.99332439],[-60.61994905,-32.99261911],[-60.62025457,-32.99208802],[-60.62055724,-32.99154265],[-60.62103408,-32.99041764],[-60.62152235,-32.98925551],[-60.62227045,-32.98753087],[-60.62277585,-32.98633163],[-60.62315561,-32.98561779],[-60.62359248,-32.98492965],[-60.62386374,-32.98446423],[-60.62421209,-32.98375324],[-60.62456615,-32.98283096],[-60.62472605,-32.9823427],[-60.6248574,-32.981863],[-60.62492022,-32.98147753],[-60.6249659,-32.981172],[-60.62502016,-32.98062092],[-60.62505156,-32.98008126],[-60.6250587,-32.979254],[-60.6250014,-32.9786954],[-60.6248292,-32.9777326],[-60.62462961,-32.97686664],[-60.6240575,-32.9748257],[-60.62373897,-32.97371767],[-60.62339229,-32.97283742],[-60.62305202,-32.97218782],[-60.6228873,-32.971894],[-60.6222494,-32.9708922],[-60.62155988,-32.96990481],[-60.62123247,-32.96931851],[-60.6210345,-32.96884643],[-60.62091267,-32.9683515],[-60.62085175,-32.96784896],[-60.62088982,-32.9672855],[-60.6209812,-32.96666113],[-60.62126292,-32.96567889],[-60.62168932,-32.96417888],[-60.62175911,-32.9637475],[-60.62181643,-32.96330533],[-60.62179644,-32.96313401],[-60.62172739,-32.96288445],[-60.62146089,-32.96214586],[-60.62105924,-32.9610753]]]},"geometry_name":"geom","properties":{"gid":1488,"rtn":"A008","typ":41,"rst":1,"hct":1,"fdc":"Dirección Nacional de Vialidad","sag":"IGN"},"bbox":[-60.66290272,-33.01634758,-60.61750201,-32.9610753]},{"type":"Feature","id":"vial_nacional.1489","geometry":{"type":"MultiLineString","coordinates":[[[-60.66286942,-33.01512772],[-60.6624925,-33.0152088],[-60.6615485,-33.0153919],[-60.6606332,-33.0155373],[-60.6595044,-33.0156961],[-60.6569693,-33.0160906],[-60.6566398,-33.0161311],[-60.6555495,-33.0162705],[-60.6540452,-33.0163787],[-60.6525977,-33.0164925],[-60.651953,-33.0165122],[-60.6499786,-33.0164968],[-60.6484591,-33.016453],[-60.6460338,-33.0163775],[-60.6450513,-33.0163501],[-60.64267538,-33.01629047],[-60.63976863,-33.01617625],[-60.63795833,-33.01612486],[-60.63692469,-33.01605633],[-60.6350775,-33.0159053],[-60.6342621,-33.0158556],[-60.6330384,-33.0157751],[-60.6322827,-33.0157294],[-60.6318029,-33.0157004],[-60.6314562,-33.0156795],[-60.6301193,-33.0156312],[-60.6290401,-33.0155952],[-60.6222439,-33.0153682],[-60.621664,-33.0153319],[-60.6211426,-33.0152302],[-60.6206738,-33.0150685],[-60.6202886,-33.0148596],[-60.6201423,-33.0147612],[-60.6198656,-33.014575],[-60.6196177,-33.014356],[-60.6192582,-33.0140115],[-60.6187453,-33.0133496],[-60.6183438,-33.0126343],[-60.6182015,-33.0122082],[-60.6180479,-33.0117031],[-60.6179011,-33.0106481],[-60.6178959,-33.0090402],[-60.6179904,-33.0080185],[-60.6180937,-33.0068551],[-60.6182104,-33.005349],[-60.6183109,-33.0040517],[-60.61838146,-33.00217598],[-60.61839003,-33.00182477],[-60.61836718,-33.00155209],[-60.61832435,-33.00125703],[-60.61828152,-33.00096674],[-60.61822442,-33.00066217],[-60.61808641,-33.00022435],[-60.61797695,-32.99994357],[-60.6178437,-32.99964376],[-60.6177058,-32.9992673],[-60.617508,-32.9986661],[-60.6174137,-32.9982891],[-60.6173944,-32.997923],[-60.6173976,-32.99756],[-60.61741064,-32.99724479],[-60.6174449,-32.99697924],[-60.61751058,-32.99668228],[-60.6176675,-32.9961594],[-60.6178188,-32.9957491],[-60.6181241,-32.9950952],[-60.6186013,-32.9942401],[-60.6191587,-32.9934578],[-60.6195557,-32.9929291],[-60.6199214,-32.9923982],[-60.6201939,-32.991937],[-60.6204058,-32.9915388],[-60.620615,-32.9910889],[-60.621028,-32.990144],[-60.6213344,-32.9893891],[-60.6220664,-32.9876685],[-60.6224403,-32.9867895],[-60.6226869,-32.9862314],[-60.6229794,-32.98566],[-60.6232423,-32.98521],[-60.6236464,-32.9845798],[-60.6238377,-32.9842403],[-60.6240791,-32.9837656],[-60.6242928,-32.9832729],[-60.6244753,-32.982757],[-60.6245832,-32.9823998],[-60.6247183,-32.981862],[-60.6248021,-32.9814451],[-60.62486026,-32.98091217],[-60.62492593,-32.98014408],[-60.6249276,-32.9792837],[-60.6248796,-32.9786845],[-60.6247087,-32.977719],[-60.624598,-32.9773007],[-60.6242227,-32.9758828],[-60.6239996,-32.9750401],[-60.62362722,-32.97376726],[-60.62348033,-32.97338707],[-60.62318527,-32.97270655],[-60.62306751,-32.97249213],[-60.62274269,-32.97194274],[-60.6221267,-32.9709633],[-60.6216859,-32.9703011],[-60.621261,-32.9696518],[-60.6211091,-32.969374],[-60.620983,-32.9690933],[-60.6208595,-32.9687416],[-60.6207716,-32.9683507],[-60.6206984,-32.9678564],[-60.62069185,-32.967552],[-60.62072231,-32.96719413],[-60.6209279,-32.96629564],[-60.62149897,-32.96413319],[-60.62159795,-32.96369156],[-60.62163083,-32.96350235],[-60.62163083,-32.96333959],[-60.62159942,-32.96318826],[-60.62152181,-32.96297582],[-60.62132384,-32.96240475],[-60.62111064,-32.96180322],[-60.62095835,-32.96126261],[-60.62091267,-32.96110271]]]},"geometry_name":"geom","properties":{"gid":1489,"rtn":"A008","typ":41,"rst":1,"hct":1,"fdc":"Dirección Nacional de Vialidad","sag":"IGN"},"bbox":[-60.66286942,-33.0165122,-60.6173944,-32.96110271]},{"type":"Feature","id":"vial_nacional.1506","geometry":{"type":"MultiLineString","coordinates":[[[-60.7935331,-33.0911972],[-60.7928082,-33.0914873],[-60.7921752,-33.0916735],[-60.7909306,-33.0919612],[-60.7908531,-33.0919726],[-60.790311,-33.0920656],[-60.7894817,-33.0921793],[-60.7890298,-33.0922262],[-60.7885275,-33.0922628],[-60.7881365,-33.0922573]]]},"geometry_name":"geom","properties":{"gid":1506,"rtn":"A012","typ":40,"rst":1,"hct":1,"fdc":"Dirección Nacional de Vialidad","sag":"IGN"},"bbox":[-60.7935331,-33.0922628,-60.7881365,-33.0911972]},{"type":"Feature","id":"vial_nacional.1496","geometry":{"type":"MultiLineString","coordinates":[[[-60.9053088,-33.0143698],[-60.9053672,-33.0148877],[-60.9054073,-33.0157354],[-60.9054745,-33.0165294],[-60.9054888,-33.0169275],[-60.9055157,-33.017951],[-60.90551603,-33.018444]]]},"geometry_name":"geom","properties":{"gid":1496,"rtn":"A012","typ":40,"rst":1,"hct":1,"fdc":"Dirección Nacional de Vialidad","sag":"IGN"},"bbox":[-60.90551603,-33.018444,-60.9053088,-33.0143698]},{"type":"Feature","id":"vial_nacional.1498","geometry":{"type":"MultiLineString","coordinates":[[[-60.7935331,-33.0911972],[-60.7942874,-33.0909396],[-60.7953087,-33.090481],[-60.7963209,-33.0899652],[-60.8058869,-33.0851632],[-60.8108029,-33.0826896],[-60.8166146,-33.0797651],[-60.8270689,-33.0745116],[-60.8277305,-33.0741816],[-60.8305916,-33.0727469],[-60.834251,-33.0708979],[-60.8358479,-33.0700818],[-60.8374163,-33.0692447],[-60.8384263,-33.0686586],[-60.8393459,-33.0680999],[-60.8395491,-33.0679783],[-60.8472533,-33.0632018],[-60.8486156,-33.0623639],[-60.848962,-33.0621507],[-60.8512052,-33.0607709],[-60.8530718,-33.0595977],[-60.8532674,-33.0594763],[-60.8541345,-33.0589418],[-60.8551195,-33.058365],[-60.8563953,-33.0577135],[-60.857795,-33.0571179],[-60.8590259,-33.0566799],[-60.8603172,-33.0562689],[-60.86289,-33.0554605],[-60.8667939,-33.0542157],[-60.8681275,-33.0537576],[-60.8693464,-33.0533393],[-60.8763766,-33.0506579],[-60.8799087,-33.0493042],[-60.881681,-33.0486276],[-60.8834102,-33.0479167],[-60.8879702,-33.0459313],[-60.8925482,-33.0439373],[-60.8930976,-33.0436993],[-60.8936496,-33.0434466],[-60.8942029,-33.0431651],[-60.894754,-33.0428511],[-60.895333,-33.0424836],[-60.895926,-33.0420891],[-60.8964873,-33.0416591],[-60.8970098,-33.0412153],[-60.8975644,-33.0407157],[-60.8980798,-33.040183],[-60.8985832,-33.0396361],[-60.8990514,-33.039064],[-60.8996346,-33.038193],[-60.9001656,-33.0372806],[-60.9005255,-33.0365206],[-60.9008348,-33.0357174],[-60.9014272,-33.0340975],[-60.9022468,-33.0318303],[-60.9025913,-33.0308774],[-60.9049281,-33.0244426],[-60.905206,-33.0236853],[-60.9053165,-33.0233033],[-60.9053985,-33.0228971],[-60.9054559,-33.0223823],[-60.9054596,-33.0218865],[-60.9054603,-33.0215946]]]},"geometry_name":"geom","properties":{"gid":1498,"rtn":"A012","typ":40,"rst":1,"hct":1,"fdc":"Dirección Nacional de Vialidad","sag":"IGN"},"bbox":[-60.9054603,-33.0911972,-60.7935331,-33.0215946]},{"type":"Feature","id":"vial_nacional.1499","geometry":{"type":"MultiLineString","coordinates":[[[-60.9053088,-33.0143698],[-60.9052936,-33.0138058],[-60.9051103,-33.0061802],[-60.9050257,-33.0030085],[-60.9049552,-32.9996182],[-60.9049579,-32.9992471],[-60.9049813,-32.9988182],[-60.9050173,-32.9983267],[-60.9050695,-32.9978324],[-60.9051358,-32.9973633],[-60.9052363,-32.9968199],[-60.9057558,-32.9941054],[-60.9063066,-32.9912325],[-60.9065519,-32.989983],[-60.9067706,-32.9888689],[-60.9073429,-32.9859289],[-60.9076043,-32.9845533],[-60.9080272,-32.9823576],[-60.9084573,-32.9801385],[-60.9085495,-32.9796318],[-60.9085993,-32.9793047],[-60.9086349,-32.9790049],[-60.908682,-32.9784306],[-60.9088666,-32.9761171],[-60.9090291,-32.973939],[-60.909163,-32.9722426],[-60.9093303,-32.9699706],[-60.9094399,-32.9684695],[-60.9096253,-32.9660158],[-60.9096435,-32.9654383],[-60.9096293,-32.9648606],[-60.9095975,-32.9643462],[-60.9095397,-32.9637894],[-60.9094546,-32.9632086],[-60.9093573,-32.9627546],[-60.9092339,-32.96224],[-60.9090912,-32.9616749],[-60.90893,-32.9610407],[-60.9086678,-32.9599814],[-60.9079561,-32.9571771],[-60.9073723,-32.9548699],[-60.9071593,-32.9540276],[-60.9069869,-32.9533158],[-60.9061947,-32.9502855],[-60.9054773,-32.9481528],[-60.9051606,-32.947159],[-60.9049527,-32.9463961],[-60.9043766,-32.9441189],[-60.9034965,-32.9405612],[-60.9029029,-32.9381966],[-60.9020972,-32.9349461],[-60.9018288,-32.9339438],[-60.901577,-32.9329397],[-60.9010567,-32.9309637],[-60.9010188,-32.9308133],[-60.900998,-32.9307311],[-60.900912,-32.9303903],[-60.9007005,-32.9295526]]]},"geometry_name":"geom","properties":{"gid":1499,"rtn":"A012","typ":40,"rst":1,"hct":1,"fdc":"Dirección Nacional de Vialidad","sag":"IGN"},"bbox":[-60.9096435,-33.0143698,-60.9007005,-32.9295526]},{"type":"Feature","id":"vial_nacional.1500","geometry":{"type":"MultiLineString","coordinates":[[[-60.89972057,-32.92664591],[-60.8996215,-32.9262513],[-60.8994463,-32.9254923],[-60.8993244,-32.9248671],[-60.8992635,-32.9245103],[-60.8992522,-32.9244225],[-60.8992248,-32.9241509],[-60.8991787,-32.9237995],[-60.8991159,-32.9232595]]]},"geometry_name":"geom","properties":{"gid":1500,"rtn":"A012","typ":40,"rst":1,"hct":1,"fdc":"Dirección Nacional de Vialidad","sag":"IGN"},"bbox":[-60.89972057,-32.92664591,-60.8991159,-32.9232595]},{"type":"Feature","id":"vial_nacional.1501","geometry":{"type":"MultiLineString","coordinates":[[[-60.8991159,-32.9232595],[-60.8992566,-32.92379],[-60.8993986,-32.9244134],[-60.8994288,-32.9245278],[-60.8996517,-32.925435],[-60.8998773,-32.9263383],[-60.89994745,-32.92660704]]]},"geometry_name":"geom","properties":{"gid":1501,"rtn":"A012","typ":40,"rst":1,"hct":1,"fdc":"Dirección Nacional de Vialidad","sag":"IGN"},"bbox":[-60.89994745,-32.92660704,-60.8991159,-32.9232595]},{"type":"Feature","id":"vial_nacional.1502","geometry":{"type":"MultiLineString","coordinates":[[[-60.8991159,-32.9232595],[-60.8988925,-32.9223861],[-60.8986126,-32.9212725],[-60.8984115,-32.9204672],[-60.8981008,-32.9191698],[-60.8976717,-32.9175665],[-60.8973873,-32.9164211],[-60.8972195,-32.9158279],[-60.8969714,-32.9151699],[-60.896682,-32.9143722],[-60.8963971,-32.9136069],[-60.8961384,-32.9128784],[-60.8959795,-32.9123252],[-60.8958404,-32.9118071],[-60.8957895,-32.9116127],[-60.895649,-32.9110758],[-60.8954181,-32.9101939],[-60.8953381,-32.9098886],[-60.8952333,-32.9093987],[-60.8951887,-32.9091553],[-60.8951716,-32.909062],[-60.8949059,-32.908028]]]},"geometry_name":"geom","properties":{"gid":1502,"rtn":"A012","typ":40,"rst":1,"hct":1,"fdc":"Dirección Nacional de Vialidad","sag":"IGN"},"bbox":[-60.8991159,-32.9232595,-60.8949059,-32.908028]},{"type":"Feature","id":"vial_nacional.1503","geometry":{"type":"MultiLineString","coordinates":[[[-60.89489154,-32.90797227],[-60.8946258,-32.9069408],[-60.8945828,-32.9067737],[-60.8944823,-32.9063676],[-60.8942747,-32.905529],[-60.8941318,-32.9049695],[-60.8938085,-32.90371],[-60.8935065,-32.9023751],[-60.89346325,-32.90219205],[-60.8934553,-32.9021586],[-60.8934077,-32.9019571],[-60.8932793,-32.901414],[-60.8930903,-32.9007625],[-60.8929682,-32.9001295],[-60.8928608,-32.8996862],[-60.8927173,-32.8990653],[-60.892626,-32.8984727],[-60.8924997,-32.8974155],[-60.8923409,-32.8962514],[-60.8922912,-32.8958934],[-60.8922009,-32.8954717],[-60.8920145,-32.8947088],[-60.8918388,-32.8940131],[-60.8914977,-32.8926151],[-60.8913999,-32.8922703],[-60.8912276,-32.8915724],[-60.891181,-32.8913839],[-60.8909675,-32.890519],[-60.8907898,-32.8897997],[-60.8906026,-32.8890413],[-60.8904808,-32.8885521],[-60.890233,-32.8875744],[-60.8900415,-32.8868032],[-60.8895232,-32.8847152],[-60.8891697,-32.8832912],[-60.888824,-32.8818785],[-60.8881167,-32.8790124],[-60.8862109,-32.8713781],[-60.8860538,-32.8707592],[-60.8855124,-32.8685733],[-60.8846157,-32.8649459],[-60.8842466,-32.8634549],[-60.8839263,-32.8620977],[-60.8831331,-32.8590346],[-60.882684,-32.8572584],[-60.8823796,-32.8560546],[-60.8805743,-32.8486362],[-60.8800756,-32.8467609],[-60.8798227,-32.8460628],[-60.8795196,-32.8454048],[-60.8791189,-32.8447245],[-60.8786023,-32.8439896],[-60.8780552,-32.8433333],[-60.8777547,-32.8430387],[-60.8772827,-32.8426285],[-60.8765393,-32.8420422],[-60.873986,-32.8402021],[-60.8718077,-32.8386284],[-60.8686591,-32.8363552],[-60.8650437,-32.8337606],[-60.8627154,-32.832046],[-60.8591979,-32.8295211],[-60.8583702,-32.8289291],[-60.8576827,-32.8284696],[-60.8551556,-32.8270957],[-60.8510075,-32.8249113],[-60.8500917,-32.8244246],[-60.8496104,-32.8241862],[-60.8490741,-32.8239791],[-60.8484841,-32.8237692],[-60.8477678,-32.8235982],[-60.8459255,-32.8232139],[-60.8457381,-32.8231782],[-60.844487,-32.8229164],[-60.8439961,-32.8228108],[-60.8436508,-32.8227229],[-60.8433154,-32.8226159],[-60.8429839,-32.8224936],[-60.8426444,-32.8223395],[-60.8424089,-32.8222141],[-60.8422101,-32.8220878],[-60.8420135,-32.821939],[-60.8416688,-32.8215891],[-60.8412578,-32.8211212],[-60.8410792,-32.820901],[-60.8403427,-32.8200138],[-60.8398459,-32.8194458],[-60.8378129,-32.8170792],[-60.83728,-32.8165372],[-60.8363163,-32.815744],[-60.8341397,-32.8140735],[-60.8319451,-32.8124505],[-60.8273742,-32.8090491],[-60.8260461,-32.8079359],[-60.8259612,-32.807854],[-60.8252439,-32.8071618],[-60.8240996,-32.805885],[-60.8161259,-32.7968444],[-60.8160693,-32.7967806],[-60.8127246,-32.7930085],[-60.8115283,-32.7917017],[-60.8112208,-32.7913352],[-60.8084599,-32.7882017],[-60.8058645,-32.7852613],[-60.8054218,-32.7847414],[-60.8043674,-32.7835595],[-60.8036814,-32.7827924]]]},"geometry_name":"geom","properties":{"gid":1503,"rtn":"A012","typ":40,"rst":1,"hct":1,"fdc":"Dirección Nacional de Vialidad","sag":"IGN"},"bbox":[-60.89489154,-32.90797227,-60.8036814,-32.7827924]},{"type":"Feature","id":"vial_nacional.1504","geometry":{"type":"MultiLineString","coordinates":[[[-60.8036814,-32.7827924],[-60.8034136,-32.7825513],[-60.8030377,-32.7822336],[-60.8026032,-32.7818626],[-60.8022159,-32.7815486],[-60.8014867,-32.7809844],[-60.8009725,-32.7805909],[-60.7999702,-32.7798498],[-60.7997439,-32.779665],[-60.7994022,-32.7793945]]]},"geometry_name":"geom","properties":{"gid":1504,"rtn":"A012","typ":40,"rst":1,"hct":1,"fdc":"Dirección Nacional de Vialidad","sag":"IGN"},"bbox":[-60.8036814,-32.7827924,-60.7994022,-32.7793945]},{"type":"Feature","id":"vial_nacional.1508","geometry":{"type":"MultiLineString","coordinates":[[[-60.7994022,-32.7793945],[-60.7992008,-32.7792749],[-60.799026,-32.7791796],[-60.7980013,-32.7786052],[-60.7942098,-32.7764982],[-60.7934194,-32.7760623],[-60.7924029,-32.7755017],[-60.7905367,-32.7744661],[-60.7898048,-32.7740689],[-60.7896971,-32.774008],[-60.7893339,-32.7738092],[-60.7881323,-32.7731472],[-60.7869163,-32.7724778],[-60.7858523,-32.7718891],[-60.7857598,-32.7718356],[-60.784484,-32.7711345],[-60.7833552,-32.7705119],[-60.7821399,-32.7698416],[-60.7809364,-32.7691779],[-60.779714,-32.7685037],[-60.7783049,-32.7677265],[-60.7775499,-32.7673101],[-60.777284,-32.7671634],[-60.7762528,-32.7665947],[-60.7752414,-32.7660466],[-60.7742084,-32.765468],[-60.7733423,-32.7649894],[-60.7732571,-32.7649431],[-60.7726237,-32.7645988],[-60.7714703,-32.7639718],[-60.7700203,-32.7631835],[-60.7693887,-32.7629277],[-60.7687773,-32.7627388],[-60.7681656,-32.7626282],[-60.7675736,-32.7625512],[-60.7667663,-32.7625243],[-60.7658014,-32.7626135],[-60.7634584,-32.7630022],[-60.7626902,-32.7631297],[-60.7598555,-32.7636305],[-60.7595759,-32.7636799],[-60.7590157,-32.7637789],[-60.7556905,-32.7643664],[-60.7549189,-32.7645027],[-60.7524861,-32.7649067],[-60.7517485,-32.7650251],[-60.7501168,-32.7652779]]]},"geometry_name":"geom","properties":{"gid":1508,"rtn":"A012","typ":40,"rst":1,"hct":1,"fdc":"Dirección Nacional de Vialidad","sag":"IGN"},"bbox":[-60.7994022,-32.7793945,-60.7501168,-32.7625243]},{"type":"Feature","id":"vial_nacional.1509","geometry":{"type":"MultiLineString","coordinates":[[[-60.7031965,-33.0897562],[-60.7042238,-33.08979],[-60.7047588,-33.0898076],[-60.7063232,-33.089859],[-60.7080844,-33.089919],[-60.709451,-33.0899656],[-60.7107361,-33.0900036],[-60.713079,-33.0900728],[-60.7133236,-33.0900802],[-60.7195337,-33.0902669],[-60.7217874,-33.0903414],[-60.7241911,-33.0904198],[-60.7269259,-33.0905],[-60.7323453,-33.0906588],[-60.7340038,-33.0907115],[-60.7362464,-33.0907827],[-60.7387015,-33.0908606],[-60.7394959,-33.0908838],[-60.7398838,-33.0909149],[-60.7408756,-33.0910195],[-60.7417289,-33.0911513],[-60.7421456,-33.0912387],[-60.7431965,-33.0914827],[-60.7442199,-33.0917793],[-60.7451592,-33.0920021],[-60.7459898,-33.0921649],[-60.7470186,-33.0923011],[-60.7482744,-33.0923899],[-60.7493068,-33.0924296],[-60.7505687,-33.0923746],[-60.7512942,-33.0922973],[-60.7520503,-33.0921975],[-60.7529836,-33.0920276],[-60.7541653,-33.0917593],[-60.7544685,-33.0916831],[-60.7550885,-33.0915248],[-60.756052,-33.0912889],[-60.7574342,-33.0910062],[-60.7586586,-33.0908343],[-60.7599069,-33.0907471],[-60.7611875,-33.0907268],[-60.7624595,-33.0908075],[-60.7631652,-33.0908949],[-60.7634033,-33.0909244],[-60.7636182,-33.090951],[-60.764738,-33.091163],[-60.7654917,-33.091334],[-60.7663316,-33.091497],[-60.7671607,-33.0916085],[-60.7679719,-33.0916918],[-60.769627,-33.0917593],[-60.7720747,-33.091832],[-60.776796,-33.0919722],[-60.7771337,-33.0919822],[-60.7797465,-33.0920598],[-60.7814902,-33.0921116],[-60.7817865,-33.0921204],[-60.7838072,-33.0921804],[-60.7842509,-33.0921969],[-60.7861043,-33.0922465],[-60.7871263,-33.0922725],[-60.7879646,-33.0922563],[-60.7881365,-33.0922573]]]},"geometry_name":"geom","properties":{"gid":1509,"rtn":"A012","typ":40,"rst":1,"hct":1,"fdc":"Dirección Nacional de Vialidad","sag":"IGN"},"bbox":[-60.7881365,-33.0924296,-60.7031965,-33.0897562]},{"type":"Feature","id":"vial_nacional.1510","geometry":{"type":"MultiLineString","coordinates":[[[-60.73126955,-32.76846344],[-60.7314303,-32.768461],[-60.7316455,-32.7684381],[-60.7319261,-32.7683884],[-60.7321709,-32.7683395],[-60.7325172,-32.7682648],[-60.733515,-32.7680422],[-60.73395117,-32.76794782],[-60.7342166,-32.7679084],[-60.7349219,-32.7678605],[-60.7346201,-32.7679168],[-60.7342368,-32.7679883],[-60.7340524,-32.7680254],[-60.7334693,-32.7681487],[-60.7328976,-32.7682782],[-60.7324487,-32.7683889],[-60.7320079,-32.7684785],[-60.7316927,-32.7685335],[-60.7314784,-32.7685586],[-60.7313367,-32.7685633],[-60.73123462,-32.76856087]]]},"geometry_name":"geom","properties":{"gid":1510,"rtn":"A012","typ":40,"rst":1,"hct":1,"fdc":"Dirección Nacional de Vialidad","sag":"IGN"},"bbox":[-60.7349219,-32.7685633,-60.73123462,-32.7678605]},{"type":"Feature","id":"vial_nacional.1511","geometry":{"type":"MultiLineString","coordinates":[[[-60.696959,-33.0895678],[-60.6972916,-33.0895438],[-60.6987012,-33.0895839],[-60.699585,-33.089609],[-60.6997952,-33.089615],[-60.6999293,-33.0896163],[-60.7013766,-33.0896618],[-60.7019788,-33.0896835],[-60.7024348,-33.0897],[-60.7031965,-33.0897562]]]},"geometry_name":"geom","properties":{"gid":1511,"rtn":"A012","typ":40,"rst":1,"hct":1,"fdc":"Dirección Nacional de Vialidad","sag":"IGN"},"bbox":[-60.7031965,-33.0897562,-60.696959,-33.0895438]},{"type":"Feature","id":"vial_nacional.1512","geometry":{"type":"MultiLineString","coordinates":[[[-60.7031965,-33.0897562],[-60.7027316,-33.0897572],[-60.7013454,-33.0897293],[-60.7001321,-33.0896881],[-60.6999489,-33.0896819],[-60.6998129,-33.0896763],[-60.6987756,-33.0896487],[-60.6984166,-33.0896388],[-60.6977088,-33.0896151],[-60.6973605,-33.0896052],[-60.696959,-33.0895678]]]},"geometry_name":"geom","properties":{"gid":1512,"rtn":"A012","typ":40,"rst":1,"hct":1,"fdc":"Dirección Nacional de Vialidad","sag":"IGN"},"bbox":[-60.7031965,-33.0897572,-60.696959,-33.0895678]},{"type":"Feature","id":"vial_nacional.1513","geometry":{"type":"MultiLineString","coordinates":[[[-60.6380752,-33.0875837],[-60.6385309,-33.0876129],[-60.6412985,-33.0877687],[-60.6441724,-33.0879945],[-60.6468199,-33.0880833],[-60.6491179,-33.088151],[-60.6525836,-33.0882715],[-60.6569245,-33.0883861],[-60.6624916,-33.0885592],[-60.6643978,-33.0885093],[-60.6649925,-33.0885271],[-60.6652199,-33.088536],[-60.6669666,-33.0886603],[-60.6679001,-33.0886989],[-60.6797785,-33.0890953],[-60.6821418,-33.0891508],[-60.6842163,-33.0892301],[-60.6865748,-33.0892986],[-60.6869599,-33.0892987],[-60.6892024,-33.0893644],[-60.6906784,-33.0894077],[-60.692846,-33.0894712],[-60.6939708,-33.0894979],[-60.6948054,-33.0895228],[-60.6964932,-33.0895578],[-60.696959,-33.0895678]]]},"geometry_name":"geom","properties":{"gid":1513,"rtn":"A012","typ":40,"rst":1,"hct":1,"fdc":"Dirección Nacional de Vialidad","sag":"IGN"},"bbox":[-60.696959,-33.0895678,-60.6380752,-33.0875837]},{"type":"Feature","id":"vial_nacional.1514","geometry":{"type":"MultiLineString","coordinates":[[[-60.6380752,-33.0875837],[-60.6373993,-33.0875775],[-60.6362308,-33.0875496],[-60.635524,-33.0875566],[-60.6348638,-33.0875662],[-60.6342638,-33.087564],[-60.6334511,-33.0875272]]]},"geometry_name":"geom","properties":{"gid":1514,"rtn":"A012","typ":40,"rst":1,"hct":1,"fdc":"Dirección Nacional de Vialidad","sag":"IGN"},"bbox":[-60.6380752,-33.0875837,-60.6334511,-33.0875272]},{"type":"Feature","id":"vial_nacional.1515","geometry":{"type":"MultiLineString","coordinates":[[[-60.6334511,-33.0875272],[-60.6342718,-33.0874898],[-60.6355175,-33.0874873],[-60.6373858,-33.0875056],[-60.6380752,-33.0875837]]]},"geometry_name":"geom","properties":{"gid":1515,"rtn":"A012","typ":40,"rst":1,"hct":1,"fdc":"Dirección Nacional de Vialidad","sag":"IGN"},"bbox":[-60.6380752,-33.0875837,-60.6334511,-33.0874873]},{"type":"Feature","id":"vial_nacional.1516","geometry":{"type":"MultiLineString","coordinates":[[[-60.62818031,-33.08750372],[-60.6284021,-33.0875913],[-60.628751,-33.0876817],[-60.6289817,-33.087707],[-60.6293016,-33.0876812],[-60.6295389,-33.0876284],[-60.6300778,-33.0874998],[-60.6303263,-33.0874764],[-60.6306038,-33.0874792],[-60.6328476,-33.0875303],[-60.6334511,-33.0875272]]]},"geometry_name":"geom","properties":{"gid":1516,"rtn":"A012","typ":40,"rst":1,"hct":1,"fdc":"Dirección Nacional de Vialidad","sag":"IGN"},"bbox":[-60.6334511,-33.087707,-60.62818031,-33.0874764]},{"type":"Feature","id":"vial_nacional.1517","geometry":{"type":"MultiLineString","coordinates":[[[-60.745377,-32.7660842],[-60.7456963,-32.7660052],[-60.7462761,-32.7658734],[-60.7467314,-32.7657708],[-60.7470347,-32.7657187],[-60.7472785,-32.7656768],[-60.747793,-32.7655923],[-60.7480641,-32.7655477],[-60.7484523,-32.7654838],[-60.7494642,-32.7653615],[-60.7501168,-32.7652779],[-60.7483311,-32.7656097],[-60.7476664,-32.7657216],[-60.7470794,-32.7658204],[-60.7469149,-32.7658481],[-60.7463008,-32.7659514],[-60.7457078,-32.7660488],[-60.745377,-32.7660842]]]},"geometry_name":"geom","properties":{"gid":1517,"rtn":"A012","typ":40,"rst":1,"hct":1,"fdc":"Dirección Nacional de Vialidad","sag":"IGN"},"bbox":[-60.7501168,-32.7660842,-60.745377,-32.7652779]},{"type":"Feature","id":"vial_nacional.1518","geometry":{"type":"MultiLineString","coordinates":[[[-60.745377,-32.7660842],[-60.7453114,-32.7660953],[-60.7447564,-32.7661889],[-60.744366,-32.7662547],[-60.7436954,-32.7663677],[-60.7433153,-32.7664318],[-60.7426907,-32.7665371],[-60.742569,-32.7665576],[-60.7425175,-32.7665663],[-60.7423961,-32.7665881],[-60.7418,-32.7667049],[-60.7407417,-32.766874],[-60.7396447,-32.7670698],[-60.7386467,-32.767243],[-60.737558,-32.7674339],[-60.7367194,-32.7675767],[-60.7365326,-32.7676085],[-60.7354719,-32.7677679],[-60.7349219,-32.7678605]]]},"geometry_name":"geom","properties":{"gid":1518,"rtn":"A012","typ":40,"rst":1,"hct":1,"fdc":"Dirección Nacional de Vialidad","sag":"IGN"},"bbox":[-60.745377,-32.7678605,-60.7349219,-32.7660842]},{"type":"Feature","id":"vial_nacional.1549","geometry":{"type":"MultiLineString","coordinates":[[[-60.73183481,-31.66345829],[-60.73185985,-31.66339943],[-60.73190398,-31.66329572],[-60.73215055,-31.66271621],[-60.73235147,-31.66224397],[-60.73268627,-31.6614999],[-60.73299739,-31.66094929],[-60.73312052,-31.66078115],[-60.7334286,-31.66036046],[-60.73387074,-31.65988084],[-60.73423675,-31.65954672],[-60.73465999,-31.65922859],[-60.73501626,-31.6589908],[-60.73542531,-31.65876744],[-60.73585555,-31.65855743],[-60.73714559,-31.65803718],[-60.73756895,-31.65783273],[-60.73788356,-31.6576361],[-60.73811734,-31.65746659],[-60.73833321,-31.65730436],[-60.73856832,-31.65709849],[-60.73878601,-31.65685388],[-60.73900808,-31.65658262],[-60.73925801,-31.65617376],[-60.73941337,-31.6558549],[-60.73953572,-31.65554864],[-60.73961697,-31.6552175],[-60.73987813,-31.65381648],[-60.74002918,-31.65302693],[-60.74012983,-31.65263179],[-60.74036728,-31.65194843],[-60.74110917,-31.65028096],[-60.74124008,-31.64993736],[-60.74138709,-31.64950199],[-60.7414861,-31.64907516],[-60.74167187,-31.64805579],[-60.74176516,-31.64745237],[-60.74182136,-31.64683965],[-60.74181935,-31.64631963],[-60.7418071,-31.64589983],[-60.74172309,-31.64516332],[-60.74141097,-31.64351427],[-60.74128712,-31.64310109],[-60.74098082,-31.64235947],[-60.74044869,-31.64147251],[-60.73987167,-31.64072138],[-60.73903518,-31.63974789],[-60.73852076,-31.63923255],[-60.73754212,-31.63840745],[-60.73660401,-31.63762543],[-60.73623056,-31.63725581],[-60.73567702,-31.63661312],[-60.73533364,-31.6361417],[-60.73500154,-31.63561073],[-60.73498388,-31.63558251],[-60.73451,-31.6347378],[-60.73208501,-31.63003551],[-60.73138909,-31.62868451],[-60.72882554,-31.62370778],[-60.72722116,-31.62058885],[-60.72708413,-31.62032496],[-60.72604591,-31.61832563],[-60.72559084,-31.61744928],[-60.72469948,-31.61573379],[-60.72447763,-31.61517747],[-60.72435316,-31.61477115],[-60.72425845,-31.61423782],[-60.72423613,-31.61390272],[-60.72431862,-31.61310994],[-60.72439569,-31.61278216],[-60.72462796,-31.61216111],[-60.72488615,-31.6115609],[-60.72528844,-31.61095745],[-60.72547197,-31.61071796],[-60.72574989,-31.61044053],[-60.72628985,-31.60997522],[-60.72715363,-31.60943833],[-60.72828257,-31.60874632],[-60.72941151,-31.60805431],[-60.73167149,-31.6066452],[-60.73373019,-31.6052426],[-60.73761214,-31.60235049],[-60.7462214,-31.59562382],[-60.74803175,-31.59423501],[-60.74878045,-31.593673],[-60.74934333,-31.59318664],[-60.74977445,-31.59273867],[-60.75019969,-31.59225425],[-60.75054845,-31.5918061],[-60.7509263,-31.59124031],[-60.75128649,-31.59055533],[-60.7515491,-31.58999063],[-60.75275199,-31.58679049],[-60.7530088,-31.58610922],[-60.7532002,-31.58557914],[-60.75328896,-31.58521631],[-60.75339157,-31.58482146],[-60.75346633,-31.58424413],[-60.75351708,-31.5837627],[-60.75352123,-31.5832377],[-60.75347183,-31.58239172],[-60.75320377,-31.57953233],[-60.75310566,-31.57850344],[-60.75305663,-31.57795114],[-60.75304632,-31.57744144],[-60.75305968,-31.57703453],[-60.75311719,-31.57641108],[-60.75320033,-31.57598324],[-60.7532909,-31.57555473],[-60.75341817,-31.57509972],[-60.75359802,-31.57458642],[-60.75381836,-31.57406097],[-60.75406798,-31.57359388],[-60.75480223,-31.57235368],[-60.75550415,-31.5712536],[-60.75606182,-31.57035941],[-60.75638952,-31.56977911],[-60.75661959,-31.56931262],[-60.75681377,-31.56880457],[-60.75696363,-31.56830685],[-60.75709922,-31.56775743],[-60.75723783,-31.56685043],[-60.75726858,-31.56631249],[-60.75725647,-31.56568577],[-60.75713869,-31.56475532],[-60.75697031,-31.56399896],[-60.75676691,-31.56343653],[-60.75629954,-31.56240308],[-60.75591673,-31.5617358],[-60.75556363,-31.56128658],[-60.75502743,-31.56065228],[-60.75461955,-31.56025341],[-60.75420719,-31.55987544],[-60.75317221,-31.55907573],[-60.75063721,-31.55723592],[-60.74920713,-31.55624779],[-60.7479479,-31.55531573],[-60.74744185,-31.5549386],[-60.74712022,-31.55467547],[-60.74676968,-31.55437136],[-60.74641303,-31.55400118],[-60.74609913,-31.55362753],[-60.74562926,-31.5530181],[-60.74536799,-31.55262538],[-60.74510032,-31.55216138],[-60.7448608,-31.55170538],[-60.74460884,-31.55105873],[-60.74442852,-31.55053421],[-60.74432164,-31.5501194],[-60.74421608,-31.54957112],[-60.7441408,-31.54892241],[-60.74411889,-31.54852406],[-60.74413259,-31.54807895],[-60.74415974,-31.54758984],[-60.7445013,-31.54521799],[-60.74557511,-31.53786662],[-60.74574137,-31.53669192],[-60.74606105,-31.53487992],[-60.74651132,-31.53172808],[-60.74673775,-31.52993409],[-60.74706797,-31.52757798],[-60.74721364,-31.52648261],[-60.74752117,-31.52383792],[-60.74764028,-31.52293555],[-60.74798256,-31.52104232],[-60.74965657,-31.51213443],[-60.74981666,-31.51135454],[-60.75009555,-31.50924511],[-60.75054233,-31.50556913],[-60.75072553,-31.50449338],[-60.75353279,-31.49067847],[-60.75369706,-31.48996369],[-60.75384759,-31.48938809],[-60.75447863,-31.48723562],[-60.75510902,-31.48434505],[-60.75521305,-31.48379401],[-60.75535405,-31.48312074]]]},"geometry_name":"geom","properties":{"gid":1549,"rtn":"11","typ":41,"rst":1,"hct":1,"fdc":"Dirección Nacional de Vialidad","sag":"IGN"},"bbox":[-60.75726858,-31.66345829,-60.72423613,-31.48312074]},{"type":"Feature","id":"vial_nacional.1550","geometry":{"type":"MultiLineString","coordinates":[[[-60.97720283,-32.2635737],[-60.97694849,-32.26349177],[-60.97516257,-32.26281411],[-60.97194551,-32.26159343],[-60.97145559,-32.26140402],[-60.97026322,-32.26094305],[-60.96556226,-32.25912564],[-60.96263073,-32.25800914],[-60.95999858,-32.25700206],[-60.95919988,-32.25669795],[-60.95430304,-32.25483346],[-60.94745126,-32.25218221],[-60.9398068,-32.24925897],[-60.93763614,-32.24837138],[-60.93645591,-32.24795143],[-60.93275917,-32.24654561],[-60.92954793,-32.24530329],[-60.92606196,-32.2440079],[-60.92467235,-32.24349864],[-60.92440147,-32.24344306],[-60.92410369,-32.24338994],[-60.92387118,-32.24333572],[-60.92377396,-32.24328587],[-60.9236736,-32.24322142],[-60.92336082,-32.2428331]]]},"geometry_name":"geom","properties":{"gid":1550,"rtn":"173","typ":40,"rst":3,"hct":1,"fdc":"Dirección Nacional de Vialidad","sag":"IGN"},"bbox":[-60.97720283,-32.2635737,-60.92336082,-32.2428331]},{"type":"Feature","id":"vial_nacional.1564","geometry":{"type":"MultiLineString","coordinates":[[[-60.69809154,-32.87204516],[-60.69807352,-32.87213281],[-60.69806199,-32.87222346],[-60.69805756,-32.87231474],[-60.69806026,-32.87240608],[-60.69807008,-32.87249693],[-60.69808695,-32.87258674],[-60.69811078,-32.87267496],[-60.69814141,-32.87276105],[-60.69817867,-32.8728445],[-60.69822232,-32.87292478],[-60.69827209,-32.87300141],[-60.6983277,-32.87307393],[-60.69838878,-32.87314189],[-60.69845499,-32.87320488],[-60.6985259,-32.87326252],[-60.69860109,-32.87331445],[-60.6986801,-32.87336035],[-60.69876246,-32.87339996],[-60.69884765,-32.87343302],[-60.69893516,-32.87345934],[-60.6989798,-32.87346904],[-60.69902445,-32.87347875],[-60.69911499,-32.87349114],[-60.69920622,-32.87349643],[-60.69929758,-32.87349459],[-60.69938852,-32.87348563],[-60.69947848,-32.87346961],[-60.69956692,-32.87344661],[-60.6996533,-32.8734168],[-60.69973709,-32.87338033],[-60.69981779,-32.87333744],[-60.69989489,-32.87328839],[-60.69995732,-32.87324201],[-60.70003646,-32.87317303],[-60.70010007,-32.87310743],[-60.70015838,-32.87303706],[-60.70021101,-32.87296237],[-60.70025767,-32.87288379],[-60.70029319,-32.87281168]]]},"geometry_name":"geom","properties":{"gid":1564,"rtn":"A008","typ":41,"rst":1,"hct":1,"fdc":"Dirección Nacional de Vialidad","sag":"IGN"},"bbox":[-60.70029319,-32.87349643,-60.69805756,-32.87204516]},{"type":"Feature","id":"vial_nacional.1565","geometry":{"type":"MultiLineString","coordinates":[[[-60.68306601,-31.64041749],[-60.68323882,-31.64029795],[-60.68334132,-31.64020855],[-60.6834915,-31.64003748],[-60.68359497,-31.63994655],[-60.68371009,-31.63987902],[-60.68389382,-31.6398114],[-60.68411921,-31.63978965],[-60.68427239,-31.63982604],[-60.68441462,-31.63988644],[-60.68444066,-31.63989749],[-60.68456811,-31.63999996],[-60.68465904,-31.64011931],[-60.68473852,-31.64029141],[-60.68478732,-31.64050058],[-60.68482521,-31.64071077],[-60.68485474,-31.64096702],[-60.6849091,-31.64119276],[-60.68496597,-31.64139171],[-60.68504329,-31.64155381],[-60.68513135,-31.64168054],[-60.68523109,-31.64181119],[-60.68538596,-31.64195375],[-60.6863278,-31.64262177],[-60.68694877,-31.64302333],[-60.68762653,-31.64358646],[-60.68802209,-31.64393034],[-60.68819481,-31.64407366],[-60.68833336,-31.64416732],[-60.68852478,-31.6442827],[-60.68869714,-31.6443544],[-60.68923465,-31.6444641],[-60.68977737,-31.64456419],[-60.69026082,-31.64465544],[-60.69264024,-31.64507099],[-60.69350959,-31.64521337],[-60.69368471,-31.64524385],[-60.69390576,-31.64526687],[-60.69443298,-31.64524202],[-60.69486224,-31.64527356],[-60.69528166,-31.64534472],[-60.69561071,-31.6454572],[-60.69597497,-31.6456085],[-60.69625072,-31.64574175],[-60.69665725,-31.64586294],[-60.69699426,-31.6459262],[-60.69815218,-31.64614108],[-60.69920158,-31.6463146],[-60.69978023,-31.64641661],[-60.70094604,-31.64664805],[-60.70118685,-31.6467041],[-60.70147186,-31.6467824],[-60.70252242,-31.64706456],[-60.70300439,-31.64713228],[-60.70337256,-31.64720799],[-60.70355779,-31.6472611],[-60.70366064,-31.64730269],[-60.70375273,-31.64736218],[-60.7038221,-31.64742182],[-60.70389252,-31.64751768],[-60.70394875,-31.64763326],[-60.70459877,-31.64980122],[-60.70466724,-31.64999349],[-60.70471628,-31.65008124],[-60.70496669,-31.65040956],[-60.7050975,-31.65060855],[-60.70517187,-31.65074602],[-60.70524541,-31.65096523],[-60.70549276,-31.65172691],[-60.70556952,-31.65199],[-60.70557328,-31.65208624],[-60.7055817,-31.65218894],[-60.70559308,-31.65241737],[-60.70559334,-31.65257685],[-60.70561808,-31.65269716],[-60.70570382,-31.65298897],[-60.70573567,-31.65316109],[-60.70573735,-31.65329608],[-60.70572681,-31.65342285],[-60.7056884,-31.65354532],[-60.70560814,-31.65374152],[-60.70551124,-31.65401282],[-60.70543639,-31.65427682],[-60.70539931,-31.6544759],[-60.70538553,-31.65477635],[-60.70539185,-31.65505283],[-60.70543491,-31.65534641],[-60.70549067,-31.65565818],[-60.70558256,-31.65598013],[-60.70566898,-31.65625827],[-60.70578472,-31.65653195],[-60.70656673,-31.65823054],[-60.70692493,-31.65897699],[-60.70704403,-31.65921331],[-60.70714162,-31.65944686],[-60.70725718,-31.65973338],[-60.70738028,-31.6601638],[-60.70760286,-31.66093299],[-60.70799947,-31.66243004],[-60.70812959,-31.662907],[-60.70821612,-31.6631416],[-60.70834871,-31.66346333],[-60.70845001,-31.66367137],[-60.70865893,-31.66408567],[-60.70894864,-31.66456503],[-60.70913823,-31.6648238],[-60.70936853,-31.6650865],[-60.70966166,-31.665362],[-60.70994613,-31.66558998],[-60.71023874,-31.6657634],[-60.71054755,-31.66591867],[-60.7109154,-31.66606006],[-60.71134729,-31.66618884],[-60.71176269,-31.66626701],[-60.71216435,-31.66630218],[-60.71254287,-31.66630687],[-60.71314895,-31.66625854],[-60.71348814,-31.66623011],[-60.71397032,-31.66624152],[-60.71436238,-31.66629262],[-60.71479352,-31.66637865],[-60.7152081,-31.66651401],[-60.71561711,-31.66667675],[-60.71605142,-31.66692427],[-60.71641752,-31.66717042],[-60.71668561,-31.66737965],[-60.71690238,-31.66760807],[-60.71709553,-31.66783519],[-60.71730758,-31.66813962],[-60.71747555,-31.66845676],[-60.71773685,-31.66894885],[-60.71787794,-31.66916598],[-60.71809399,-31.66946121],[-60.71837932,-31.66976696],[-60.71863538,-31.66997806],[-60.71894108,-31.67021712],[-60.71924939,-31.6704136],[-60.71958505,-31.67058107],[-60.72005067,-31.67080039],[-60.72251462,-31.67192529],[-60.72375238,-31.67248442],[-60.72405343,-31.67260733],[-60.72448028,-31.67275445],[-60.72488657,-31.67283443],[-60.7251407,-31.67286631],[-60.72548568,-31.67289155],[-60.7257966,-31.67287903],[-60.72613762,-31.67285955],[-60.72646755,-31.67280641],[-60.72680963,-31.67272935],[-60.72711564,-31.67260964],[-60.727362,-31.67250885],[-60.72760798,-31.67238412],[-60.72784158,-31.67224915],[-60.72815739,-31.67198568],[-60.72837525,-31.67180661],[-60.72854898,-31.67162203],[-60.72872777,-31.6713964],[-60.72885176,-31.67118614],[-60.72898713,-31.67091021],[-60.72907058,-31.67071595],[-60.72913712,-31.67050453],[-60.72921942,-31.67022552],[-60.72939577,-31.66955029],[-60.72948254,-31.6691969],[-60.72956816,-31.66889978],[-60.72965634,-31.6685407],[-60.72980363,-31.66813117],[-60.72996799,-31.66773507],[-60.73028816,-31.66709197],[-60.73043361,-31.66679717],[-60.73065655,-31.66631347],[-60.73093634,-31.66566649],[-60.73109972,-31.66526263],[-60.73126945,-31.66483359],[-60.73168249,-31.66376054]]]},"geometry_name":"geom","properties":{"gid":1565,"rtn":"A007","typ":41,"rst":1,"hct":1,"fdc":"Dirección Nacional de Vialidad","sag":"IGN"},"bbox":[-60.73168249,-31.67289155,-60.68306601,-31.63978965]},{"type":"Feature","id":"vial_nacional.1566","geometry":{"type":"MultiLineString","coordinates":[[[-60.68336611,-31.64043082],[-60.68372835,-31.64040866],[-60.68402358,-31.64039736],[-60.68417592,-31.64041423],[-60.68435546,-31.64046091],[-60.68449273,-31.64053756],[-60.68458581,-31.64061947],[-60.68465067,-31.64073003],[-60.68473163,-31.64089887],[-60.68481257,-31.64125386],[-60.68487399,-31.6414417],[-60.6849427,-31.64158556],[-60.68501451,-31.64170808],[-60.68512571,-31.64184753],[-60.68528753,-31.64203285],[-60.68624463,-31.64272311],[-60.6868655,-31.64312753],[-60.6872548,-31.64340746],[-60.6878588,-31.64395016],[-60.68806875,-31.64413396],[-60.68827787,-31.64427615],[-60.68844503,-31.6443559],[-60.68862287,-31.64442013],[-60.68921637,-31.64453736],[-60.68975848,-31.64463862],[-60.69025684,-31.64472883],[-60.69260879,-31.64517095],[-60.69329338,-31.64529523],[-60.69352844,-31.64532705],[-60.69380846,-31.64536578],[-60.69404418,-31.64537294],[-60.69447689,-31.64536452],[-60.69488253,-31.64540108],[-60.69522828,-31.6454449],[-60.69556514,-31.64555094],[-60.69589347,-31.64570667],[-60.69616923,-31.6458394],[-60.69659702,-31.64595978],[-60.69764801,-31.64615376],[-60.69810311,-31.64622521],[-60.69910849,-31.6463957],[-60.69978075,-31.64652535],[-60.70094707,-31.64674134],[-60.7011765,-31.64679715],[-60.70141861,-31.6468647],[-60.70247988,-31.64714345],[-60.70298547,-31.64723667],[-60.70326297,-31.64727509],[-60.70347174,-31.64732661],[-60.70359361,-31.64737953],[-60.70366008,-31.64742015],[-60.70372563,-31.64747639],[-60.70377748,-31.64754791],[-60.70383702,-31.64766735],[-60.70390966,-31.64784316],[-60.70449321,-31.64984109],[-60.70455916,-31.65005963],[-60.70461055,-31.650161],[-60.70485609,-31.65050221],[-60.70497178,-31.65064603],[-60.70504247,-31.65078314],[-60.70509901,-31.6509147],[-60.7052821,-31.65155658],[-60.70535275,-31.65180496],[-60.70541035,-31.65205927],[-60.7054138,-31.65218765],[-60.70537868,-31.65233636],[-60.70534562,-31.65245539],[-60.70526419,-31.65267459],[-60.70518642,-31.65292355],[-60.70512451,-31.65327779],[-60.70511445,-31.65351574],[-60.70508323,-31.65383617],[-60.70510462,-31.65410812],[-60.70517347,-31.65444519],[-60.70525416,-31.6548623],[-60.7053376,-31.65541099],[-60.70539198,-31.65565312],[-60.70549058,-31.65602245],[-60.70556768,-31.65627374],[-60.70566661,-31.65654085],[-60.70647747,-31.65827563],[-60.70685036,-31.65902449],[-60.70696828,-31.65929686],[-60.70706389,-31.65950956],[-60.70717461,-31.65978528],[-60.70728922,-31.66021814],[-60.70749552,-31.66097737],[-60.70789394,-31.66246986],[-60.70803404,-31.6629275],[-60.70812223,-31.66321432],[-60.70823432,-31.66349068],[-60.70834915,-31.66373827],[-60.70857638,-31.6641769],[-60.7088128,-31.66458036],[-60.70903256,-31.66487968],[-60.70930685,-31.66520309],[-60.7095917,-31.66547302],[-60.70986304,-31.66568606],[-60.71019349,-31.66586881],[-60.71050014,-31.66601894],[-60.7108954,-31.66616646],[-60.71131867,-31.66630079],[-60.71165945,-31.66635626],[-60.71205957,-31.66639915],[-60.71254806,-31.66640796],[-60.71317492,-31.66635966],[-60.71347176,-31.66633663],[-60.71396156,-31.66635182],[-60.71437662,-31.66639725],[-60.71473365,-31.66647838],[-60.71516293,-31.66660697],[-60.71555878,-31.66677326],[-60.71598012,-31.6670196],[-60.71633151,-31.66724785],[-60.71659765,-31.66747127],[-60.71682455,-31.66769381],[-60.71702453,-31.66793357],[-60.71720301,-31.66818541],[-60.71739129,-31.66850346],[-60.71764405,-31.66898106],[-60.71782257,-31.66928174],[-60.71806154,-31.66957388],[-60.71836089,-31.66989175],[-60.71861327,-31.67009868],[-60.71889813,-31.67031362],[-60.71923215,-31.67052377],[-60.71952026,-31.67066447],[-60.72003592,-31.67089999],[-60.72250552,-31.67202068],[-60.72373199,-31.6725998],[-60.7240453,-31.67272407],[-60.72448074,-31.67284946],[-60.72486694,-31.67292789],[-60.72511591,-31.67296874],[-60.72544267,-31.67299209],[-60.72579224,-31.67297894],[-60.72616399,-31.67294875],[-60.72649822,-31.67289889],[-60.72686658,-31.67279616],[-60.72713969,-31.67269485],[-60.72739965,-31.67258158],[-60.72765868,-31.67245431],[-60.72787301,-31.67231796],[-60.72822225,-31.67205447],[-60.72844089,-31.67186512],[-60.72861926,-31.67167466],[-60.7287993,-31.67144715],[-60.72893732,-31.67122905],[-60.72905981,-31.67100457],[-60.72916851,-31.67075075],[-60.72926317,-31.67048946],[-60.72933709,-31.67023035],[-60.72951466,-31.669532],[-60.72962163,-31.66920805],[-60.72972197,-31.6689391],[-60.72985071,-31.66867233],[-60.73013446,-31.6680718],[-60.73026248,-31.66774627],[-60.73039962,-31.66736109],[-60.73050175,-31.66702392],[-60.73058238,-31.66675937],[-60.73072725,-31.66638139],[-60.73103675,-31.66567109],[-60.73120701,-31.66526154],[-60.731368,-31.66485556],[-60.73192626,-31.66348286]]]},"geometry_name":"geom","properties":{"gid":1566,"rtn":"A007","typ":41,"rst":1,"hct":1,"fdc":"Dirección Nacional de Vialidad","sag":"IGN"},"bbox":[-60.73192626,-31.67299209,-60.68336611,-31.64039736]},{"type":"Feature","id":"vial_nacional.1609","geometry":{"type":"MultiLineString","coordinates":[[[-60.6491687,-32.8651171],[-60.6430017,-32.8642764],[-60.63954226,-32.86381231],[-60.63461963,-32.86314987],[-60.63127125,-32.8626972],[-60.62796543,-32.86225877],[-60.62708979,-32.86213504],[-60.62638547,-32.86199465],[-60.62550745,-32.86179953],[-60.6246556,-32.86160918],[-60.62412974,-32.86144024],[-60.62345635,-32.86123084],[-60.62293049,-32.86105476],[-60.62240701,-32.86086203],[-60.62179787,-32.86061932],[-60.62111972,-32.86032665],[-60.62023456,-32.85991024],[-60.61895203,-32.85927968],[-60.61789769,-32.85875795],[-60.61745749,-32.8585438],[-60.61643433,-32.85806553],[-60.61548254,-32.85764674],[-60.61493765,-32.85738024],[-60.61180865,-32.85584787],[-60.6098218,-32.85488419],[-60.60810621,-32.85405613],[-60.60738286,-32.85372777],[-60.60582669,-32.85296872],[-60.6014699,-32.85086052],[-60.59300377,-32.84668218],[-60.5782872,-32.8395766],[-60.577353,-32.8391263],[-60.5490154,-32.8253588],[-60.5476542,-32.824657],[-60.5464218,-32.8239192],[-60.5384231,-32.818576],[-60.5313609,-32.8141828],[-60.5299076,-32.8133998],[-60.5283255,-32.8126528],[-60.5165739,-32.807326],[-60.5162052,-32.8071592],[-60.5152091,-32.8067084],[-60.5143911,-32.8063385],[-60.5137184,-32.8060341],[-60.5061587,-32.802591],[-60.4990475,-32.7993598],[-60.4695241,-32.7860517],[-60.4646454,-32.7839037],[-60.450149,-32.7773368],[-60.4470722,-32.7759613],[-60.446554,-32.7757254],[-60.445544,-32.7752711],[-60.4445788,-32.7748376],[-60.4439693,-32.7745595],[-60.4419864,-32.7736235],[-60.4391788,-32.7721904],[-60.4382684,-32.7715897],[-60.437358,-32.7708807],[-60.4340721,-32.767931],[-60.4286139,-32.7629273],[-60.4240017,-32.7587404],[-60.4225053,-32.7575863],[-60.4181686,-32.7550515],[-60.3959687,-32.7427512],[-60.3903028,-32.7396053],[-60.3647101,-32.7254038],[-60.363132,-32.7245983],[-60.3599837,-32.7232688],[-60.3567301,-32.7219356],[-60.3483331,-32.7184648],[-60.3423832,-32.7159711],[-60.3183506,-32.7059869],[-60.3174588,-32.7055151],[-60.3165241,-32.7048989],[-60.2998824,-32.6933022],[-60.2994999,-32.6930272],[-60.2987451,-32.6925098],[-60.2979876,-32.6919885],[-60.2975444,-32.6916756],[-60.291957,-32.6877437],[-60.2827221,-32.681348],[-60.2783548,-32.6783132],[-60.2775058,-32.6777816],[-60.276739,-32.6773485],[-60.2528138,-32.6652591],[-60.2481211,-32.6628833],[-60.2421945,-32.6599143],[-60.2418302,-32.6597311],[-60.2409349,-32.6592768],[-60.2400708,-32.6588384],[-60.2395965,-32.6586026],[-60.2346947,-32.6560957],[-60.2288795,-32.6531626],[-60.2172017,-32.6472798],[-60.2149407,-32.6460694],[-60.2136216,-32.645196],[-60.2125869,-32.6444175],[-60.2114205,-32.6434002],[-60.2103964,-32.6423506],[-60.2072286,-32.6384533],[-60.2026541,-32.6327644],[-60.2010612,-32.6308453],[-60.1995837,-32.6290354],[-60.1986045,-32.6279188],[-60.1975365,-32.6268801],[-60.1943543,-32.6240071],[-60.1905804,-32.6206358],[-60.1834049,-32.6142934],[-60.182098,-32.6132624],[-60.1812224,-32.6126592],[-60.1802736,-32.6120528],[-60.1794766,-32.6116143],[-60.1786606,-32.6111997],[-60.1778276,-32.6107779],[-60.1753207,-32.6097811],[-60.1743256,-32.609301],[-60.1733776,-32.6087884],[-60.1727937,-32.6084284],[-60.1721312,-32.6079809],[-60.1713853,-32.6074323],[-60.1710047,-32.6071397],[-60.1704427,-32.6067356]]]},"geometry_name":"geom","properties":{"gid":1609,"rtn":"174","typ":41,"rst":1,"hct":1,"fdc":"Dirección Nacional de Vialidad","sag":"IGN"},"bbox":[-60.6491687,-32.8651171,-60.1704427,-32.6067356]},{"type":"Feature","id":"vial_nacional.1816","geometry":{"type":"MultiLineString","coordinates":[[[-60.5972788,-32.0819591],[-60.5970267,-32.0820222],[-60.5968213,-32.0820688],[-60.5966099,-32.0821212],[-60.5964564,-32.0821623],[-60.5962948,-32.0822076],[-60.5961617,-32.0822394],[-60.5959465,-32.0822935],[-60.5958598,-32.0823107],[-60.5957887,-32.0823091],[-60.595733,-32.082306],[-60.59569415,-32.08230495],[-60.5956465,-32.0823119],[-60.5955727,-32.0823379],[-60.5954723,-32.0823709],[-60.5953371,-32.0824146],[-60.5952799,-32.0824288],[-60.59500655,-32.0824881],[-60.5947278,-32.082528],[-60.5943194,-32.0825782]]]},"geometry_name":"geom","properties":{"gid":1816,"rtn":"131","typ":40,"rst":1,"hct":1,"fdc":"Dirección Nacional de Vialidad","sag":"IGN"},"bbox":[-60.5972788,-32.0825782,-60.5943194,-32.0819591]},{"type":"Feature","id":"vial_nacional.1715","geometry":{"type":"MultiLineString","coordinates":[[[-60.71688716,-32.97057769],[-60.71646713,-32.9703549],[-60.71444935,-32.9694626],[-60.70755843,-32.96599097],[-60.70548116,-32.96495114],[-60.70326112,-32.96382566],[-60.70113626,-32.9627668],[-60.69889957,-32.96162466],[-60.69410496,-32.9592333],[-60.69298899,-32.95866461],[-60.69204196,-32.95854326],[-60.6901384,-32.95833386],[-60.68829193,-32.95810544],[-60.6839063,-32.95759871]]]},"geometry_name":"geom","properties":{"gid":1715,"rtn":"33","typ":40,"rst":1,"hct":1,"fdc":"Dirección Nacional de Vialidad","sag":"IGN"},"bbox":[-60.71688716,-32.97057769,-60.6839063,-32.95759871]},{"type":"Feature","id":"vial_nacional.1737","geometry":{"type":"MultiLineString","coordinates":[[[-60.74283114,-31.43672416],[-60.74253799,-31.43659853],[-60.74242378,-31.43648051],[-60.74227911,-31.4362635],[-60.74222581,-31.43611502],[-60.74216279,-31.43589272],[-60.74204087,-31.43651731],[-60.74203926,-31.4365871],[-60.74208114,-31.43660995],[-60.74219154,-31.4366366],[-60.74244662,-31.43667848],[-60.74283114,-31.43672416]]]},"geometry_name":"geom","properties":{"gid":1737,"rtn":"11","typ":40,"rst":1,"hct":1,"fdc":"Dirección Nacional de Vialidad","sag":"IGN"},"bbox":[-60.74283114,-31.43672416,-60.74203926,-31.43589272]},{"type":"Feature","id":"vial_nacional.1738","geometry":{"type":"MultiLineString","coordinates":[[[-60.74283114,-31.43672416],[-60.74358115,-31.43684599],[-60.74825906,-31.43760372],[-60.74877292,-31.43770447],[-60.74920979,-31.4378392],[-60.74956647,-31.43796649],[-60.75011057,-31.43822769],[-60.75095383,-31.43868937],[-60.75250986,-31.43956832],[-60.75725939,-31.44214897],[-60.75772644,-31.44242704],[-60.7581759,-31.44273391],[-60.7585215,-31.44301279],[-60.75882173,-31.44325954],[-60.75910709,-31.44351315],[-60.75943018,-31.44385395],[-60.75977346,-31.44427437],[-60.76017593,-31.44481155],[-60.76042271,-31.44524714],[-60.76065752,-31.44573257],[-60.76084725,-31.44623623],[-60.76095394,-31.4465761],[-60.76104808,-31.44699857],[-60.76112348,-31.44744023],[-60.76118134,-31.44789167],[-60.76119329,-31.44818981],[-60.7611583,-31.44877042],[-60.76108964,-31.44928946],[-60.76101486,-31.44975498],[-60.76066197,-31.45141682],[-60.76047332,-31.45239213],[-60.76040358,-31.45289529],[-60.76035234,-31.45338348],[-60.76029883,-31.45433949],[-60.76028213,-31.45518742],[-60.76023052,-31.45622698],[-60.76016544,-31.45716948],[-60.76002483,-31.45828735],[-60.75986828,-31.45912783],[-60.7594727,-31.46107425],[-60.75912321,-31.4629657],[-60.75769773,-31.47010984],[-60.75749119,-31.47114498],[-60.75726251,-31.47229111],[-60.75653533,-31.47639848],[-60.75626965,-31.47772853],[-60.75622307,-31.47772646],[-60.75570733,-31.48048132],[-60.7555901,-31.48127627],[-60.75537397,-31.48302559],[-60.75535405,-31.48312074]]]},"geometry_name":"geom","properties":{"gid":1738,"rtn":"11","typ":41,"rst":1,"hct":1,"fdc":"Dirección Nacional de Vialidad","sag":"IGN"},"bbox":[-60.76119329,-31.48312074,-60.74283114,-31.43672416]},{"type":"Feature","id":"vial_nacional.1744","geometry":{"type":"MultiLineString","coordinates":[[[-60.72323987,-32.93107642],[-60.72322734,-32.93120563],[-60.723204,-32.9314462],[-60.7229919,-32.9341145],[-60.7228429,-32.9359735],[-60.7227731,-32.937587],[-60.7226582,-32.9402998],[-60.7226431,-32.9407353],[-60.7225114,-32.9435585],[-60.7224137,-32.9448642],[-60.7223581,-32.9454714],[-60.7222782,-32.9464386],[-60.7221661,-32.9485541],[-60.7221533,-32.94879113]]]},"geometry_name":"geom","properties":{"gid":1744,"rtn":"A008","typ":41,"rst":1,"hct":1,"fdc":"Dirección Nacional de Vialidad","sag":"IGN"},"bbox":[-60.72323987,-32.94879113,-60.7221533,-32.93107642]},{"type":"Feature","id":"vial_nacional.1745","geometry":{"type":"MultiLineString","coordinates":[[[-60.71682005,-32.97070283],[-60.71660618,-32.97110165],[-60.71507,-32.97367718],[-60.71307696,-32.97698939],[-60.71110677,-32.98022736],[-60.70930219,-32.98321977],[-60.70741765,-32.98592664],[-60.70634975,-32.98728008],[-60.70501916,-32.98881055],[-60.70358577,-32.99031246],[-60.70275201,-32.99119191],[-60.70097027,-32.9928366],[-60.69916568,-32.99436707],[-60.69690424,-32.99605172],[-60.69470562,-32.99755935],[-60.69242705,-32.99896419],[-60.68844669,-33.00124847],[-60.68684198,-33.00216789],[-60.68286733,-33.00448073],[-60.67701956,-33.00786147],[-60.67356459,-33.00988306],[-60.66871299,-33.01269764]]]},"geometry_name":"geom","properties":{"gid":1745,"rtn":"9-A008","typ":41,"rst":1,"hct":1,"fdc":"Dirección Nacional de Vialidad","sag":"IGN"},"bbox":[-60.71682005,-33.01269764,-60.66871299,-32.97070283]},{"type":"Feature","id":"vial_nacional.1746","geometry":{"type":"MultiLineString","coordinates":[[[-60.71703592,-32.97081299],[-60.7169012,-32.9710545],[-60.7153878,-32.9736332],[-60.7150001,-32.9741818],[-60.7114447,-32.9801166],[-60.7098595,-32.9827735],[-60.7094423,-32.983454],[-60.709098,-32.983945],[-60.7083839,-32.984989],[-60.7075632,-32.9860869],[-60.7062401,-32.9878111],[-60.7043676,-32.9898406],[-60.7020835,-32.9921234],[-60.6997318,-32.9941436],[-60.6992946,-32.994531],[-60.6988962,-32.9948119],[-60.6982941,-32.9952707],[-60.6971435,-32.9961546],[-60.6963716,-32.9967264],[-60.6950319,-32.9975919],[-60.6937611,-32.9983936],[-60.692701,-32.999039],[-60.6899072,-33.0006702],[-60.6890786,-33.0011598],[-60.6855676,-33.0031791],[-60.6846804,-33.0036894],[-60.6797333,-33.0065346],[-60.6789996,-33.0069566],[-60.6772614,-33.0079522],[-60.6756473,-33.0089051],[-60.6738268,-33.0099667],[-60.6728342,-33.0105265],[-60.6693737,-33.0125501],[-60.6685596,-33.0130258],[-60.6677982,-33.0134378]]]},"geometry_name":"geom","properties":{"gid":1746,"rtn":"9-A008","typ":41,"rst":1,"hct":1,"fdc":"Dirección Nacional de Vialidad","sag":"IGN"},"bbox":[-60.71703592,-33.0134378,-60.6677982,-32.97081299]},{"type":"Feature","id":"vial_nacional.1818","geometry":{"type":"MultiLineString","coordinates":[[[-60.2707512,-32.0401179],[-60.2709887,-32.0402907],[-60.2712411,-32.0404427],[-60.2715429,-32.0405633],[-60.2719095,-32.0406646],[-60.2778899,-32.0414417],[-60.2836148,-32.0421855],[-60.2908001,-32.0431292],[-60.2914977,-32.0432231],[-60.2986841,-32.0441908],[-60.3012242,-32.0445328],[-60.3029088,-32.0447596],[-60.3058146,-32.0451601],[-60.3064942,-32.0452538],[-60.3131218,-32.0461053],[-60.3188283,-32.0468607],[-60.3224152,-32.0473419],[-60.3263485,-32.0478508],[-60.3267234,-32.0479007],[-60.3367084,-32.0492319],[-60.3455542,-32.0504112],[-60.3465076,-32.0505639],[-60.359145,-32.0525775],[-60.3810069,-32.0560608],[-60.38223,-32.0561881],[-60.3833351,-32.0562335],[-60.4097705,-32.056443],[-60.4116019,-32.0565604],[-60.4130778,-32.0567594],[-60.4180813,-32.0583168],[-60.4321384,-32.0626921],[-60.4335516,-32.0631378],[-60.4408046,-32.0654252],[-60.4446788,-32.0666591],[-60.4491192,-32.0680734],[-60.4492223,-32.0681067],[-60.4499767,-32.0683766],[-60.4510388,-32.0688573],[-60.4517253,-32.069249],[-60.4523968,-32.0696653],[-60.4527672,-32.0699054],[-60.4532027,-32.0702217],[-60.4563907,-32.0725534],[-60.4572593,-32.0731628],[-60.4596978,-32.0750535],[-60.4614648,-32.0762602],[-60.461814,-32.0764502],[-60.4622432,-32.0766363],[-60.4628689,-32.0768822],[-60.4634446,-32.0770747],[-60.4641098,-32.077277],[-60.4651499,-32.077574],[-60.467376,-32.0781993],[-60.4687743,-32.0785753],[-60.4745694,-32.0800296],[-60.4751355,-32.0801693],[-60.4763032,-32.0804806],[-60.4829349,-32.0821769],[-60.4899276,-32.0838995],[-60.490802,-32.0841154],[-60.5051084,-32.087771],[-60.5063637,-32.087971],[-60.5075868,-32.0881165],[-60.5088957,-32.0882255],[-60.5103097,-32.0882401],[-60.5109801,-32.0881853],[-60.5121143,-32.0880437],[-60.5132087,-32.0878619],[-60.5262709,-32.0853771],[-60.5353498,-32.08365],[-60.5430117,-32.0823843],[-60.5542565,-32.080289],[-60.5619676,-32.0788522],[-60.5635025,-32.0785848],[-60.564587,-32.0784386],[-60.565584,-32.0783697],[-60.5665343,-32.0783655],[-60.5674659,-32.0783936],[-60.5683582,-32.0784595],[-60.5692079,-32.078584],[-60.5771522,-32.0801655],[-60.583999,-32.0814077],[-60.5901956,-32.0825319],[-60.5915524,-32.0827826],[-60.5920356,-32.0828365],[-60.5927812,-32.0828137],[-60.5935483,-32.0827092],[-60.5940041,-32.0826365],[-60.5943194,-32.0825782]]]},"geometry_name":"geom","properties":{"gid":1818,"rtn":"131","typ":40,"rst":1,"hct":1,"fdc":"Dirección Nacional de Vialidad","sag":"IGN"},"bbox":[-60.5943194,-32.0882401,-60.2707512,-32.0401179]},{"type":"Feature","id":"vial_nacional.1815","geometry":{"type":"MultiLineString","coordinates":[[[-60.5943194,-32.0825782],[-60.5946303,-32.0824938],[-60.5948882,-32.0824276],[-60.594925,-32.0824174],[-60.5953496,-32.0823001],[-60.5955113,-32.0822575],[-60.5955615,-32.0822516],[-60.5956465,-32.0822481],[-60.5956862,-32.0822472],[-60.5957656,-32.0822445],[-60.595825,-32.0822351],[-60.5959142,-32.0822079],[-60.5961749,-32.0821217],[-60.5962767,-32.0820945],[-60.5964049,-32.0820674],[-60.596522,-32.0820508],[-60.5965589,-32.0820464],[-60.5967771,-32.0820201],[-60.5970518,-32.0819835],[-60.5971618,-32.0819717],[-60.5972788,-32.0819591]]]},"geometry_name":"geom","properties":{"gid":1815,"rtn":"131","typ":40,"rst":1,"hct":1,"fdc":"Dirección Nacional de Vialidad","sag":"IGN"},"bbox":[-60.5972788,-32.0825782,-60.5943194,-32.0819591]},{"type":"Feature","id":"vial_nacional.2350","geometry":{"type":"MultiLineString","coordinates":[[[-60.69961817,-32.87122452],[-60.69957988,-32.87120898],[-60.6994938,-32.87118545],[-60.69940617,-32.87116855],[-60.69935748,-32.87116296]]]},"geometry_name":"geom","properties":{"gid":2350,"rtn":"A008","typ":41,"rst":1,"hct":1,"fdc":"Dirección Nacional de Vialidad","sag":"IGN"},"bbox":[-60.69961817,-32.87122452,-60.69935748,-32.87116296]},{"type":"Feature","id":"vial_nacional.1797","geometry":{"type":"MultiLineString","coordinates":[[[-59.259625,-31.2873272],[-59.25957766,-31.28720087],[-59.2595696,-31.2871239],[-59.25959594,-31.28702841],[-59.25962221,-31.28697359],[-59.25965305,-31.28691077],[-59.2597056,-31.2868532],[-59.2597761,-31.2868086],[-59.25988947,-31.28677828],[-59.2601392,-31.2867514]]]},"geometry_name":"geom","properties":{"gid":1797,"rtn":"127","typ":40,"rst":1,"hct":1,"fdc":"Dirección Nacional de Vialidad","sag":"IGN"},"bbox":[-59.2601392,-31.2873272,-59.2595696,-31.2867514]},{"type":"Feature","id":"vial_nacional.1778","geometry":{"type":"MultiLineString","coordinates":[[[-60.7575695,-32.7124094],[-60.7580835,-32.7117491],[-60.758701,-32.710974],[-60.7587962,-32.7108488],[-60.7592708,-32.7102437],[-60.7598317,-32.7095321],[-60.7604069,-32.7087938],[-60.7609696,-32.7080717],[-60.7613902,-32.7075169],[-60.761535,-32.7073286],[-60.7620796,-32.7066193],[-60.7624212,-32.7061766],[-60.7626375,-32.7058919],[-60.7628856,-32.7055727],[-60.763258,-32.7050886],[-60.7635717,-32.7046849],[-60.7639802,-32.7041961],[-60.7647099,-32.7032577],[-60.7648361,-32.7030953],[-60.7652141,-32.702624],[-60.76547235,-32.7022841],[-60.7657375,-32.7019169],[-60.765825,-32.7017992],[-60.769988,-32.6963775],[-60.7708855,-32.6952501],[-60.7723543,-32.6933405],[-60.7724423,-32.693195],[-60.7743325,-32.690776],[-60.7743814,-32.6907146],[-60.7744433,-32.6906369],[-60.7780043,-32.6860639],[-60.7797873,-32.6837614],[-60.7799515,-32.6835499],[-60.7804978,-32.6828445],[-60.7811963,-32.6819426],[-60.7819007,-32.6810353],[-60.7829453,-32.6796842],[-60.783513,-32.6789836],[-60.7879343,-32.6732828],[-60.7886515,-32.6723782],[-60.7899229,-32.6707423],[-60.7914495,-32.6687397],[-60.7915479,-32.6686106],[-60.7924609,-32.6674809],[-60.7926461,-32.6672578],[-60.7928416,-32.6669426],[-60.7941932,-32.6652162],[-60.7945134,-32.6648113],[-60.7953707,-32.6636745],[-60.7960247,-32.6628376],[-60.7971796,-32.6613081],[-60.798106,-32.6601814],[-60.7987786,-32.6592593],[-60.7989016,-32.6590774],[-60.8001788,-32.6574458],[-60.8056727,-32.6504218],[-60.805855,-32.650184],[-60.8087643,-32.6463914],[-60.8120738,-32.6421488],[-60.8128703,-32.6410835],[-60.8141614,-32.6390516],[-60.814455,-32.6386],[-60.8145882,-32.6383952],[-60.8151444,-32.6375727],[-60.8152456,-32.6374333],[-60.8157091,-32.6367511],[-60.8157793,-32.6366495],[-60.8160448,-32.6362654],[-60.8184686,-32.6330897],[-60.8190418,-32.6323721],[-60.8218498,-32.6288206],[-60.8339784,-32.6130798],[-60.8353273,-32.6113299],[-60.8363468,-32.6099987],[-60.8440807,-32.5999736],[-60.8446357,-32.5992535],[-60.8454051,-32.5982941],[-60.8467086,-32.5966079],[-60.8470393,-32.5960843],[-60.8472152,-32.595698],[-60.8472832,-32.5955382],[-60.8473862,-32.5951963],[-60.84745,-32.5948013],[-60.8475459,-32.5942018],[-60.8477762,-32.5928226],[-60.8482557,-32.5899506],[-60.8484221,-32.5889219],[-60.84858,-32.588003],[-60.848803,-32.5867046],[-60.8490916,-32.5850247],[-60.8492874,-32.5838854],[-60.8496563,-32.5817382],[-60.849807,-32.580861],[-60.849975,-32.5798832],[-60.850116,-32.5790626],[-60.8503464,-32.5777216],[-60.8505774,-32.5763768],[-60.8508078,-32.5750355],[-60.8509987,-32.5742011],[-60.8510934,-32.5738783],[-60.8511578,-32.5736866],[-60.8516549,-32.5724069],[-60.852137,-32.5711033],[-60.8526395,-32.5698188],[-60.8527874,-32.5695022],[-60.8532327,-32.5686285],[-60.8536992,-32.56763],[-60.854126,-32.5665109],[-60.8544185,-32.5657384],[-60.8547806,-32.564778],[-60.8552825,-32.5634194],[-60.8558133,-32.5620416],[-60.8562648,-32.5608694],[-60.856712,-32.5597084],[-60.8571058,-32.5587061],[-60.8575582,-32.5577242],[-60.8580301,-32.556842],[-60.8585197,-32.5559876],[-60.8591213,-32.5549378],[-60.8596306,-32.5540664],[-60.8597893,-32.5537999],[-60.8621486,-32.5497559],[-60.8643145,-32.5459972],[-60.8656965,-32.5436245],[-60.8672657,-32.5409134],[-60.8673441,-32.5407777],[-60.8750447,-32.5273766],[-60.8757092,-32.5261473],[-60.8760954,-32.5249713],[-60.8763917,-32.5238388],[-60.877739,-32.5166335],[-60.8797717,-32.5061794],[-60.8797917,-32.5060749],[-60.879932,-32.5053299],[-60.8830211,-32.4895904],[-60.8833604,-32.4877605],[-60.884818,-32.48023],[-60.8854676,-32.47685],[-60.8854822,-32.476767],[-60.8868959,-32.4696538],[-60.8870974,-32.4685971]]]},"geometry_name":"geom","properties":{"gid":1778,"rtn":"11","typ":40,"rst":1,"hct":1,"fdc":"Dirección Nacional de Vialidad","sag":"IGN"},"bbox":[-60.8870974,-32.7124094,-60.7575695,-32.4685971]},{"type":"Feature","id":"vial_nacional.1798","geometry":{"type":"MultiLineString","coordinates":[[[-59.259625,-31.2873272],[-59.25937,-31.2870242],[-59.2590221,-31.286708],[-59.2585327,-31.2863071],[-59.2578783,-31.2858196],[-59.2586962,-31.2862513],[-59.259331,-31.2865379],[-59.2598597,-31.2867036],[-59.2601392,-31.2867514]]]},"geometry_name":"geom","properties":{"gid":1798,"rtn":"127","typ":40,"rst":1,"hct":1,"fdc":"Dirección Nacional de Vialidad","sag":"IGN"},"bbox":[-59.2601392,-31.2873272,-59.2578783,-31.2858196]},{"type":"Feature","id":"vial_nacional.1799","geometry":{"type":"MultiLineString","coordinates":[[[-59.2601392,-31.2867514],[-59.26033233,-31.28679356],[-59.2604632,-31.28681497],[-59.26061311,-31.28686732],[-59.26075588,-31.2869387],[-59.26092863,-31.28704197],[-59.26103523,-31.28715809],[-59.26110947,-31.28725898],[-59.261163,-31.2873853]]]},"geometry_name":"geom","properties":{"gid":1799,"rtn":"127","typ":40,"rst":1,"hct":1,"fdc":"Dirección Nacional de Vialidad","sag":"IGN"},"bbox":[-59.261163,-31.2873853,-59.2601392,-31.2867514]},{"type":"Feature","id":"vial_nacional.1794","geometry":{"type":"MultiLineString","coordinates":[[[-59.2607463,-31.2879989],[-59.260599,-31.2879842],[-59.260221,-31.2878517],[-59.2599875,-31.2877127],[-59.2597995,-31.287539],[-59.259625,-31.2873272]]]},"geometry_name":"geom","properties":{"gid":1794,"rtn":"127","typ":40,"rst":1,"hct":1,"fdc":"Dirección Nacional de Vialidad","sag":"IGN"},"bbox":[-59.2607463,-31.2879989,-59.259625,-31.2873272]},{"type":"Feature","id":"vial_nacional.1795","geometry":{"type":"MultiLineString","coordinates":[[[-59.2607463,-31.2879989],[-59.2612293,-31.288099],[-59.2616463,-31.2882582],[-59.2630385,-31.2889696],[-59.2620353,-31.2882466],[-59.2617534,-31.2880462],[-59.2615903,-31.2878819],[-59.261163,-31.2873853]]]},"geometry_name":"geom","properties":{"gid":1795,"rtn":"127","typ":40,"rst":1,"hct":1,"fdc":"Dirección Nacional de Vialidad","sag":"IGN"},"bbox":[-59.2630385,-31.2889696,-59.2607463,-31.2873853]},{"type":"Feature","id":"vial_nacional.1796","geometry":{"type":"MultiLineString","coordinates":[[[-59.261163,-31.2873853],[-59.26120255,-31.28749645],[-59.26121397,-31.28755641],[-59.2612169,-31.2876232],[-59.26121255,-31.2876821],[-59.26119494,-31.28776105],[-59.2611759,-31.28779816],[-59.26115325,-31.28783091],[-59.2610968,-31.2878787],[-59.2610224,-31.2879228],[-59.26094309,-31.2879554],[-59.2607463,-31.2879989]]]},"geometry_name":"geom","properties":{"gid":1796,"rtn":"127","typ":40,"rst":1,"hct":1,"fdc":"Dirección Nacional de Vialidad","sag":"IGN"},"bbox":[-59.2612169,-31.2879989,-59.2607463,-31.2873853]},{"type":"Feature","id":"vial_nacional.2525","geometry":{"type":"MultiLineString","coordinates":[[[-60.9007005,-32.9295526],[-60.9006131,-32.9293281],[-60.9004801,-32.9288094],[-60.9002761,-32.9282389],[-60.9000285,-32.9276703],[-60.8998634,-32.9272148],[-60.89979078,-32.92692554]]]},"geometry_name":"geom","properties":{"gid":2525,"rtn":"A012","typ":40,"rst":1,"hct":1,"fdc":"Dirección Nacional de Vialidad","sag":"IGN"},"bbox":[-60.9007005,-32.9295526,-60.89979078,-32.92692554]},{"type":"Feature","id":"vial_nacional.1925","geometry":{"type":"MultiLineString","coordinates":[[[-60.1801008,-33.35424733],[-60.18038217,-33.35454098],[-60.18121022,-33.35532145],[-60.1871071,-33.36085791]]]},"geometry_name":"geom","properties":{"gid":1925,"rtn":"188","typ":40,"rst":1,"hct":1,"fdc":"Dirección Nacional de Vialidad","sag":"IGN"},"bbox":[-60.1871071,-33.36085791,-60.1801008,-33.35424733]},{"type":"Feature","id":"vial_nacional.1926","geometry":{"type":"MultiLineString","coordinates":[[[-60.1756612,-33.3515891],[-60.1764021,-33.3523076],[-60.1767034,-33.3525436],[-60.1770236,-33.3527586],[-60.1773501,-33.3529159],[-60.1776891,-33.3530208],[-60.1782416,-33.3531676],[-60.1786748,-33.3532882],[-60.1790703,-33.3534298],[-60.1794219,-33.3536239],[-60.1797295,-33.3538598],[-60.1801008,-33.35424733]]]},"geometry_name":"geom","properties":{"gid":1926,"rtn":"188","typ":40,"rst":1,"hct":1,"fdc":"Dirección Nacional de Vialidad","sag":"IGN"},"bbox":[-60.1801008,-33.35424733,-60.1756612,-33.3515891]},{"type":"Feature","id":"vial_nacional.2216","geometry":{"type":"MultiLineString","coordinates":[[[-60.73183481,-31.66345829],[-60.73168249,-31.66376054],[-60.73153021,-31.6640023],[-60.73145055,-31.66409898],[-60.73137196,-31.66415577],[-60.73121833,-31.66421699],[-60.73110262,-31.66424602],[-60.7309936,-31.66424767],[-60.73086774,-31.66423425],[-60.73075199,-31.66419146],[-60.73065418,-31.66413917],[-60.73057068,-31.66408092],[-60.7305021,-31.66399994],[-60.73045374,-31.66389139],[-60.73043415,-31.663769],[-60.73045827,-31.66364842],[-60.73049541,-31.66355896],[-60.73054613,-31.66348657],[-60.73062662,-31.66341378],[-60.7307326,-31.66335531],[-60.73087351,-31.6633162],[-60.73104977,-31.66330615],[-60.73124679,-31.66331409],[-60.73151696,-31.66337289],[-60.73183481,-31.66345829]]]},"geometry_name":"geom","properties":{"gid":2216,"rtn":"11","typ":41,"rst":1,"hct":1,"fdc":"Dirección Nacional de Vialidad","sag":"IGN"},"bbox":[-60.73183481,-31.66424767,-60.73043415,-31.66330615]},{"type":"Feature","id":"vial_nacional.2217","geometry":{"type":"MultiLineString","coordinates":[[[-60.73192626,-31.66348286],[-60.7327394,-31.66370134],[-60.7346686,-31.6642012],[-60.73400383,-31.66394386],[-60.73388486,-31.66387723],[-60.73385155,-31.66381061],[-60.73381348,-31.66368687],[-60.73383814,-31.66353769],[-60.73392341,-31.66329469],[-60.73392608,-31.6631259],[-60.73389546,-31.66298427],[-60.73382113,-31.66285852],[-60.73339563,-31.66231371],[-60.73325577,-31.66211926],[-60.73315156,-31.66191834],[-60.73309562,-31.66171792],[-60.73307555,-31.66155963],[-60.73307508,-31.66141393],[-60.73310424,-31.66118954],[-60.73316089,-31.66102696],[-60.73322093,-31.66085468],[-60.73329187,-31.66069882],[-60.73354541,-31.66036359],[-60.73394455,-31.65993039],[-60.73428391,-31.65964192],[-60.73470601,-31.65930705],[-60.7350462,-31.6590793],[-60.73545508,-31.65885023],[-60.73589966,-31.65864417],[-60.73718273,-31.65812399],[-60.73763628,-31.657912],[-60.73794064,-31.65772899],[-60.73817888,-31.65755365],[-60.73836158,-31.65742029],[-60.73840991,-31.65738501],[-60.73863779,-31.65716116],[-60.73886167,-31.65691061],[-60.73909815,-31.65661189],[-60.73935975,-31.65619414],[-60.73951934,-31.65589183],[-60.73963223,-31.65557382],[-60.73972773,-31.65521114],[-60.73998113,-31.65382004],[-60.74013588,-31.65304701],[-60.740236,-31.65263557],[-60.74047097,-31.65199206],[-60.7412056,-31.65031077],[-60.74134045,-31.64994993],[-60.74145003,-31.64960522],[-60.74147898,-31.64951415],[-60.74158285,-31.64910002],[-60.74178507,-31.64806715],[-60.74182805,-31.64779249],[-60.741878,-31.64747332],[-60.74191984,-31.6468468],[-60.74193778,-31.64631753],[-60.74191547,-31.64587484],[-60.74182374,-31.64513395],[-60.74150261,-31.64347904],[-60.74137868,-31.64304431],[-60.74107744,-31.64230232],[-60.74058746,-31.64145795],[-60.74056692,-31.64142256],[-60.73996196,-31.64062234],[-60.73940353,-31.63997317],[-60.7391436,-31.63967099],[-60.73860608,-31.63915565],[-60.73764007,-31.63836954],[-60.73664864,-31.63753004],[-60.736291,-31.63717986],[-60.73605044,-31.63689654],[-60.73580808,-31.63661109],[-60.73542834,-31.63611456],[-60.73508105,-31.63553869],[-60.73462751,-31.63467441],[-60.73240483,-31.63040486],[-60.73219016,-31.62999248],[-60.73014907,-31.62602194],[-60.72893866,-31.62366733],[-60.72731212,-31.62053978],[-60.72616632,-31.61831055],[-60.7257,-31.61740329],[-60.72543448,-31.61674114],[-60.72531429,-31.61630697],[-60.72523959,-31.61598924],[-60.72517004,-31.61560172],[-60.72513717,-31.61528552],[-60.72510912,-31.61483431],[-60.72513257,-31.6141563],[-60.72516255,-31.61394197],[-60.72520412,-31.61364481],[-60.72531223,-31.61318714],[-60.72546772,-31.61266435],[-60.72580242,-31.61172329],[-60.72602659,-31.61124699],[-60.72632563,-31.61068821],[-60.72647686,-31.61049132],[-60.72657351,-31.61036549],[-60.72687629,-31.61000153],[-60.7271825,-31.60970101],[-60.7274277,-31.60949162],[-60.72792251,-31.60912653],[-60.72948516,-31.60814004],[-60.72952345,-31.60811595],[-60.73175094,-31.60671482],[-60.73379954,-31.60531342],[-60.7376944,-31.6024073],[-60.74288001,-31.59834142],[-60.74533325,-31.59641791],[-60.74632269,-31.59568121],[-60.74809225,-31.59431286],[-60.74883946,-31.59374472],[-60.74941254,-31.59323453],[-60.74983525,-31.59280542],[-60.75029743,-31.59228757],[-60.75061766,-31.59187312],[-60.75099598,-31.59128625],[-60.75139075,-31.59057813],[-60.75161361,-31.59006661],[-60.75177852,-31.58963836],[-60.7523036,-31.58827484],[-60.7528699,-31.58680427],[-60.75313191,-31.5861227],[-60.75330927,-31.58559406],[-60.75340874,-31.58522888],[-60.75348602,-31.58482967],[-60.75357121,-31.58426088],[-60.75361712,-31.58374989],[-60.75362771,-31.58323158],[-60.75356434,-31.58235577],[-60.75333198,-31.57969222],[-60.7533157,-31.57950554],[-60.75322288,-31.57850341],[-60.7532076,-31.5782947],[-60.75318163,-31.57794008],[-60.75315692,-31.57744267],[-60.75318064,-31.57703317],[-60.75322875,-31.57640026],[-60.75329507,-31.57599537],[-60.7533948,-31.57558905],[-60.75351858,-31.57511919],[-60.7536964,-31.57460546],[-60.75392129,-31.57409327],[-60.75414441,-31.57362743],[-60.75486619,-31.57244616],[-60.75559545,-31.57130211],[-60.7559958,-31.57065027],[-60.75616666,-31.57037207],[-60.75648065,-31.56982645],[-60.75671265,-31.5693429],[-60.75690705,-31.56883467],[-60.75706059,-31.56832236],[-60.75719066,-31.56778517],[-60.75729065,-31.56710578],[-60.75732479,-31.5668738],[-60.75735822,-31.5663342],[-60.75735539,-31.56564726],[-60.7572283,-31.56473668],[-60.75706353,-31.56398753],[-60.7568497,-31.56342209],[-60.75637087,-31.5623513],[-60.75596939,-31.56167902],[-60.75566565,-31.56124072],[-60.75511337,-31.56059113],[-60.75465041,-31.56013064],[-60.7542563,-31.55976046],[-60.75326055,-31.55902034],[-60.75262347,-31.5585626],[-60.75069657,-31.55717815],[-60.74924892,-31.55617733],[-60.74801807,-31.55524648],[-60.7475286,-31.55486308],[-60.74720209,-31.55459593],[-60.74685755,-31.5542727],[-60.74649571,-31.55391948],[-60.74621662,-31.55360532],[-60.74575063,-31.55299523],[-60.74547737,-31.55258937],[-60.745207,-31.55211082],[-60.74498257,-31.55167013],[-60.74470741,-31.55102281],[-60.74454857,-31.55049944],[-60.74443339,-31.55010102],[-60.74432415,-31.54952181],[-60.74424856,-31.54890933],[-60.74423779,-31.54852933],[-60.74422935,-31.54810498],[-60.74426811,-31.54759889],[-60.74459596,-31.54523886],[-60.74465904,-31.54480932],[-60.7453139,-31.54035004],[-60.74567583,-31.53788542],[-60.74584137,-31.53671974],[-60.74615953,-31.53488265],[-60.74649932,-31.53257889],[-60.74662729,-31.53171131],[-60.74684947,-31.5299497],[-60.74718077,-31.52759676],[-60.74732305,-31.52649305],[-60.74741906,-31.52563562],[-60.74761538,-31.52388244],[-60.74775114,-31.52293879],[-60.74808758,-31.52107318],[-60.74894778,-31.51649373],[-60.74976554,-31.51214022],[-60.74992091,-31.51137009],[-60.75017305,-31.50944689],[-60.75019994,-31.50924186],[-60.75064291,-31.50557247],[-60.75082822,-31.50453321],[-60.75150977,-31.50112242],[-60.75222143,-31.49756091],[-60.75292935,-31.49410788],[-60.7536283,-31.4906986],[-60.75380437,-31.48997675],[-60.75383921,-31.48984402],[-60.75395729,-31.48939414],[-60.75455085,-31.48725727],[-60.75469433,-31.48663135],[-60.75507862,-31.48495495],[-60.75516884,-31.48456137],[-60.75521723,-31.48435028],[-60.75523346,-31.48426019],[-60.75527469,-31.48403136],[-60.75535405,-31.48312074]]]},"geometry_name":"geom","properties":{"gid":2217,"rtn":"11","typ":41,"rst":1,"hct":1,"fdc":"Dirección Nacional de Vialidad","sag":"IGN"},"bbox":[-60.75735822,-31.6642012,-60.72510912,-31.48312074]},{"type":"Feature","id":"vial_nacional.2333","geometry":{"type":"MultiLineString","coordinates":[[[-60.7040195,-32.8749707],[-60.7033462,-32.8744801],[-60.7031095,-32.8743145],[-60.7027825,-32.8741045],[-60.7022096,-32.873757],[-60.7015904,-32.8734323],[-60.7004683,-32.8729009],[-60.70029319,-32.87281168]]]},"geometry_name":"geom","properties":{"gid":2333,"rtn":"174","typ":41,"rst":1,"hct":1,"fdc":"Dirección Nacional de Vialidad","sag":"IGN"},"bbox":[-60.7040195,-32.8749707,-60.70029319,-32.87281168]},{"type":"Feature","id":"vial_nacional.2321","geometry":{"type":"MultiLineString","coordinates":[[[-60.8022963,-33.0109736],[-60.8036787,-33.0112606],[-60.8071647,-33.0119845],[-60.8273362,-33.0161728],[-60.838977,-33.0185628],[-60.8420016,-33.0189394],[-60.8456412,-33.0190488],[-60.8541981,-33.0189745],[-60.8608386,-33.0189169],[-60.8613366,-33.0189126],[-60.8626617,-33.0188956],[-60.8637295,-33.0188819],[-60.8648107,-33.018868],[-60.8651128,-33.0188641],[-60.8658529,-33.0188544],[-60.8659853,-33.0188527],[-60.8661607,-33.0188505],[-60.8668797,-33.0188414],[-60.8672468,-33.018838],[-60.8686827,-33.0188182],[-60.8696349,-33.018806],[-60.8702803,-33.0187977],[-60.8707184,-33.018792],[-60.8717911,-33.0187783],[-60.8728387,-33.0187648],[-60.8734354,-33.0188342],[-60.873813,-33.018911],[-60.8742185,-33.0189909],[-60.8744581,-33.019033],[-60.8747012,-33.0190564],[-60.8749459,-33.0190611],[-60.8752979,-33.0190573],[-60.8754717,-33.0190554],[-60.875628,-33.0190552],[-60.8767188,-33.0190542],[-60.8779423,-33.0190489],[-60.8779965,-33.019048],[-60.8792076,-33.0190277],[-60.8804804,-33.0190147],[-60.8816906,-33.0190024],[-60.8829064,-33.01899],[-60.884167,-33.0189787],[-60.8844544,-33.0189599],[-60.884648,-33.0189218],[-60.8849725,-33.0188183],[-60.8853002,-33.0187028],[-60.8856028,-33.0186317],[-60.8858442,-33.0185957],[-60.8862089,-33.0185857],[-60.888403,-33.0185851],[-60.8900416,-33.0185847],[-60.8962216,-33.0185338],[-60.8983444,-33.0184967],[-60.9008677,-33.0184526],[-60.9026729,-33.0184807],[-60.9039079,-33.0184546],[-60.903976,-33.0184542],[-60.9051157,-33.0184476],[-60.90525979,-33.0184463]]]},"geometry_name":"geom","properties":{"gid":2321,"rtn":"33","typ":40,"rst":1,"hct":1,"fdc":"Dirección Nacional de Vialidad","sag":"IGN"},"bbox":[-60.90525979,-33.0190611,-60.8022963,-33.0109736]},{"type":"Feature","id":"vial_nacional.2322","geometry":{"type":"MultiLineString","coordinates":[[[-60.9054603,-33.0215946],[-60.9054171,-33.0214696],[-60.9053685,-33.0206935],[-60.9052725,-33.0189529],[-60.90525979,-33.0184463]]]},"geometry_name":"geom","properties":{"gid":2322,"rtn":"A012","typ":40,"rst":1,"hct":1,"fdc":"Dirección Nacional de Vialidad","sag":"IGN"},"bbox":[-60.9054603,-33.0215946,-60.90525979,-33.0184463]},{"type":"Feature","id":"vial_nacional.2323","geometry":{"type":"MultiLineString","coordinates":[[[-60.90525979,-33.0184463],[-60.90551603,-33.018444]]]},"geometry_name":"geom","properties":{"gid":2323,"rtn":"33","typ":40,"rst":1,"hct":1,"fdc":"Dirección Nacional de Vialidad","sag":"IGN"},"bbox":[-60.90551603,-33.0184463,-60.90525979,-33.018444]},{"type":"Feature","id":"vial_nacional.2324","geometry":{"type":"MultiLineString","coordinates":[[[-60.90551603,-33.018444],[-60.9055172,-33.0201925],[-60.9055034,-33.0206733],[-60.9054966,-33.0214706],[-60.9054603,-33.0215946]]]},"geometry_name":"geom","properties":{"gid":2324,"rtn":"A012","typ":40,"rst":1,"hct":1,"fdc":"Dirección Nacional de Vialidad","sag":"IGN"},"bbox":[-60.9055172,-33.0215946,-60.9054603,-33.018444]},{"type":"Feature","id":"vial_nacional.2325","geometry":{"type":"MultiLineString","coordinates":[[[-60.72191586,-32.95307024],[-60.72190572,-32.95333564],[-60.72186574,-32.95419796],[-60.72179721,-32.95493464],[-60.7217424,-32.9559429],[-60.7216804,-32.9565923],[-60.7211892,-32.9592384],[-60.7210332,-32.9599732],[-60.7207518,-32.9613546],[-60.720565,-32.9621142],[-60.7203305,-32.9628993],[-60.7201567,-32.9635546],[-60.7193651,-32.9657892],[-60.7191925,-32.9662447],[-60.7187427,-32.9673362],[-60.7179809,-32.9689235],[-60.717249,-32.970431],[-60.71710324,-32.97069231]]]},"geometry_name":"geom","properties":{"gid":2325,"rtn":"9-A008","typ":41,"rst":1,"hct":1,"fdc":"Dirección Nacional de Vialidad","sag":"IGN"},"bbox":[-60.72191586,-32.97069231,-60.71710324,-32.95307024]},{"type":"Feature","id":"vial_nacional.2326","geometry":{"type":"MultiLineString","coordinates":[[[-60.71703592,-32.97081299],[-60.71682005,-32.97070283]]]},"geometry_name":"geom","properties":{"gid":2326,"rtn":"33","typ":40,"rst":1,"hct":1,"fdc":"Dirección Nacional de Vialidad","sag":"IGN"},"bbox":[-60.71703592,-32.97081299,-60.71682005,-32.97070283]},{"type":"Feature","id":"vial_nacional.2327","geometry":{"type":"MultiLineString","coordinates":[[[-60.72191438,-32.94926467],[-60.72180292,-32.95115415],[-60.72172297,-32.95301013],[-60.72159163,-32.95510596],[-60.72146599,-32.95644798],[-60.7212547,-32.95777857],[-60.72092348,-32.95936044],[-60.72039809,-32.96194739],[-60.7198156,-32.96381479],[-60.71925595,-32.96542521],[-60.71799959,-32.96850328],[-60.71688716,-32.97057769]]]},"geometry_name":"geom","properties":{"gid":2327,"rtn":"9-A008","typ":41,"rst":1,"hct":1,"fdc":"Dirección Nacional de Vialidad","sag":"IGN"},"bbox":[-60.72191438,-32.97057769,-60.71688716,-32.94926467]},{"type":"Feature","id":"vial_nacional.2328","geometry":{"type":"MultiLineString","coordinates":[[[-60.71710324,-32.97069231],[-60.71703592,-32.97081299]]]},"geometry_name":"geom","properties":{"gid":2328,"rtn":"9-A008","typ":41,"rst":1,"hct":1,"fdc":"Dirección Nacional de Vialidad","sag":"IGN"},"bbox":[-60.71710324,-32.97081299,-60.71703592,-32.97069231]},{"type":"Feature","id":"vial_nacional.2329","geometry":{"type":"MultiLineString","coordinates":[[[-60.71710324,-32.97069231],[-60.71688716,-32.97057769]]]},"geometry_name":"geom","properties":{"gid":2329,"rtn":"33","typ":40,"rst":1,"hct":1,"fdc":"Dirección Nacional de Vialidad","sag":"IGN"},"bbox":[-60.71710324,-32.97069231,-60.71688716,-32.97057769]},{"type":"Feature","id":"vial_nacional.2330","geometry":{"type":"MultiLineString","coordinates":[[[-60.71688716,-32.97057769],[-60.71682005,-32.97070283]]]},"geometry_name":"geom","properties":{"gid":2330,"rtn":"9-A008","typ":41,"rst":1,"hct":1,"fdc":"Dirección Nacional de Vialidad","sag":"IGN"},"bbox":[-60.71688716,-32.97070283,-60.71682005,-32.97057769]},{"type":"Feature","id":"vial_nacional.2331","geometry":{"type":"MultiLineString","coordinates":[[[-60.8949059,-32.908028],[-60.89489154,-32.90797227]]]},"geometry_name":"geom","properties":{"gid":2331,"rtn":"A012","typ":40,"rst":1,"hct":1,"fdc":"Dirección Nacional de Vialidad","sag":"IGN"},"bbox":[-60.8949059,-32.908028,-60.89489154,-32.90797227]},{"type":"Feature","id":"vial_nacional.2332","geometry":{"type":"MultiLineString","coordinates":[[[-60.72323987,-32.93107642],[-60.7265078,-32.93053082],[-60.72973156,-32.92996811],[-60.73383243,-32.92924045],[-60.73798694,-32.92847549],[-60.73844848,-32.92837729],[-60.73863705,-32.92834212],[-60.73883744,-32.92827438],[-60.73895368,-32.92820612],[-60.73905068,-32.92817944],[-60.73915331,-32.9281886],[-60.73925577,-32.92819589],[-60.73965158,-32.92807774],[-60.74321296,-32.92700559],[-60.74363692,-32.92695465],[-60.74694198,-32.92688801],[-60.74748439,-32.92686332],[-60.74790731,-32.92684732],[-60.7491583,-32.92671732],[-60.76306271,-32.92529037],[-60.76608314,-32.9249873],[-60.77156658,-32.9246563],[-60.77244338,-32.92459249],[-60.78083501,-32.92407717],[-60.78650409,-32.92376729],[-60.79357203,-32.92332657],[-60.79766404,-32.92308202],[-60.80342061,-32.92272221],[-60.8048761,-32.92259939],[-60.81543378,-32.92071529],[-60.81907958,-32.92008014],[-60.82556351,-32.91895646],[-60.83224438,-32.9180039],[-60.83896925,-32.91703575],[-60.84446618,-32.91623399],[-60.84896566,-32.91557053],[-60.85047146,-32.91535276],[-60.85458004,-32.91473111],[-60.86072899,-32.91385434],[-60.86592053,-32.91308114],[-60.86787252,-32.91281637],[-60.87140174,-32.91219419],[-60.87381272,-32.91173691],[-60.88653872,-32.90947411],[-60.88792569,-32.9092304],[-60.89489154,-32.90797227]]]},"geometry_name":"geom","properties":{"gid":2332,"rtn":"1V09","typ":40,"rst":1,"hct":1,"fdc":"Dirección Nacional de Vialidad","sag":"IGN"},"bbox":[-60.89489154,-32.93107642,-60.72323987,-32.90797227]},{"type":"Feature","id":"vial_nacional.2334","geometry":{"type":"MultiLineString","coordinates":[[[-60.70031977,-32.87274737],[-60.70033191,-32.87271694],[-60.70035906,-32.87262969],[-60.70037931,-32.87254058],[-60.70039256,-32.87245016],[-60.70039865,-32.87236113],[-60.70039794,-32.87227189],[-60.70039401,-32.87221587],[-60.70039043,-32.87218297],[-60.70037618,-32.87209488],[-60.70035526,-32.87200812],[-60.70032779,-32.87192322],[-60.70029393,-32.87184065],[-60.70025389,-32.8717609],[-60.70020788,-32.87168443],[-60.70015619,-32.87161169],[-60.70009911,-32.8715431],[-60.70003696,-32.87147905],[-60.69997012,-32.87141992],[-60.69989898,-32.87136606],[-60.69982393,-32.87131777],[-60.69974543,-32.87127533],[-60.69966392,-32.871239],[-60.69961817,-32.87122452]]]},"geometry_name":"geom","properties":{"gid":2334,"rtn":"A008","typ":41,"rst":1,"hct":1,"fdc":"Dirección Nacional de Vialidad","sag":"IGN"},"bbox":[-60.70039865,-32.87274737,-60.69961817,-32.87122452]},{"type":"Feature","id":"vial_nacional.2335","geometry":{"type":"MultiLineString","coordinates":[[[-60.69896829,-32.87232474],[-60.69865498,-32.87221617],[-60.69809154,-32.87204516]]]},"geometry_name":"geom","properties":{"gid":2335,"rtn":"174","typ":41,"rst":1,"hct":1,"fdc":"Dirección Nacional de Vialidad","sag":"IGN"},"bbox":[-60.69896829,-32.87232474,-60.69809154,-32.87204516]},{"type":"Feature","id":"vial_nacional.2336","geometry":{"type":"MultiLineString","coordinates":[[[-60.69935748,-32.87116296],[-60.69931752,-32.87115837],[-60.69922834,-32.87115496],[-60.69913703,-32.87115853],[-60.69904627,-32.87116921],[-60.69895663,-32.87118693],[-60.69886864,-32.87121159],[-60.69878284,-32.87124303],[-60.69869975,-32.87128108],[-60.69861989,-32.87132548],[-60.69854373,-32.87137598],[-60.69847174,-32.87143226],[-60.69840436,-32.87149399],[-60.69834199,-32.87156079],[-60.69828503,-32.87163224],[-60.69823381,-32.87170792],[-60.69818866,-32.87178736],[-60.69814983,-32.87187009],[-60.69811411,-32.8719675]]]},"geometry_name":"geom","properties":{"gid":2336,"rtn":"A008","typ":41,"rst":1,"hct":1,"fdc":"Dirección Nacional de Vialidad","sag":"IGN"},"bbox":[-60.69935748,-32.8719675,-60.69811411,-32.87115496]},{"type":"Feature","id":"vial_nacional.2337","geometry":{"type":"MultiLineString","coordinates":[[[-60.70408023,-32.87485021],[-60.7037411,-32.8746111],[-60.7028482,-32.8740276],[-60.70225,-32.8736791],[-60.7016351,-32.8733524],[-60.7005241,-32.8728298],[-60.70031977,-32.87274737]]]},"geometry_name":"geom","properties":{"gid":2337,"rtn":"174","typ":41,"rst":1,"hct":1,"fdc":"Dirección Nacional de Vialidad","sag":"IGN"},"bbox":[-60.70408023,-32.87485021,-60.70031977,-32.87274737]},{"type":"Feature","id":"vial_nacional.2338","geometry":{"type":"MultiLineString","coordinates":[[[-60.70029319,-32.87281168],[-60.70031977,-32.87274737]]]},"geometry_name":"geom","properties":{"gid":2338,"rtn":"A008","typ":41,"rst":1,"hct":1,"fdc":"Dirección Nacional de Vialidad","sag":"IGN"},"bbox":[-60.70031977,-32.87281168,-60.70029319,-32.87274737]},{"type":"Feature","id":"vial_nacional.2351","geometry":{"type":"MultiLineString","coordinates":[[[-60.69935748,-32.87116296],[-60.6993243,-32.8712778],[-60.6993048,-32.8713476],[-60.69913295,-32.8718534],[-60.69899461,-32.87224941]]]},"geometry_name":"geom","properties":{"gid":2351,"rtn":"11","typ":40,"rst":1,"hct":1,"fdc":"Dirección Nacional de Vialidad","sag":"IGN"},"bbox":[-60.69935748,-32.87224941,-60.69899461,-32.87116296]},{"type":"Feature","id":"vial_nacional.2352","geometry":{"type":"MultiLineString","coordinates":[[[-60.72322734,-32.93120563],[-60.72649546,-32.9306033],[-60.72973731,-32.93001299],[-60.73386366,-32.92927291],[-60.73797748,-32.92854832],[-60.73844232,-32.92845668],[-60.7386363,-32.92842417],[-60.73876303,-32.92842175],[-60.738873,-32.92845615],[-60.73895899,-32.92848973],[-60.73902979,-32.92851721],[-60.73913442,-32.92849216],[-60.739264,-32.92840747],[-60.73950481,-32.92826134],[-60.73971696,-32.92816409],[-60.74322323,-32.9270836],[-60.74363362,-32.92703093],[-60.74695306,-32.92695824],[-60.74750252,-32.92691676],[-60.74791236,-32.92689602],[-60.74915953,-32.92676771],[-60.76308203,-32.92533249],[-60.76609503,-32.92502527],[-60.77156502,-32.92470002],[-60.77244955,-32.92467188],[-60.78083624,-32.92416139],[-60.78650532,-32.92380388],[-60.79357905,-32.9233663],[-60.79766075,-32.92311318],[-60.80341732,-32.92276096],[-60.80488491,-32.92263956],[-60.81544405,-32.92076023],[-60.81910458,-32.92012508],[-60.82556022,-32.91899478],[-60.83225013,-32.91804981],[-60.83898405,-32.91708166],[-60.84446741,-32.9162799],[-60.84896689,-32.91561644],[-60.85047269,-32.91540626],[-60.85458127,-32.91478461],[-60.86072569,-32.91389309],[-60.86591724,-32.91313464],[-60.86787375,-32.91285848],[-60.87140749,-32.9122363],[-60.87380491,-32.91177805],[-60.88654447,-32.90951242],[-60.88794049,-32.90928011],[-60.8949059,-32.908028],[-60.89703529,-32.90763665],[-60.90603231,-32.90602557],[-60.91330193,-32.90471561],[-60.91498144,-32.90444112],[-60.91791139,-32.90392756],[-60.92347431,-32.90289821],[-60.92698552,-32.90227639],[-60.93328549,-32.90112863],[-60.94408603,-32.89920485],[-60.94896892,-32.89834399],[-60.95489602,-32.89728128],[-60.96194615,-32.89602782],[-60.96705538,-32.89510406],[-60.97106922,-32.89438556],[-60.98494225,-32.89188041],[-60.99011918,-32.89097707],[-60.9926307,-32.89053838],[-60.99554725,-32.89002439],[-61.00315702,-32.88866906],[-61.00712654,-32.88796851],[-61.02540482,-32.88475864],[-61.02641008,-32.88456332],[-61.0302357,-32.88389879],[-61.03299207,-32.88339625],[-61.03572931,-32.88290781],[-61.04146636,-32.88186864],[-61.04580953,-32.881097],[-61.05681378,-32.87916375],[-61.05850135,-32.87886833],[-61.06410028,-32.87745285],[-61.06657583,-32.87685911],[-61.06862983,-32.87634035],[-61.06924258,-32.87618243],[-61.07354354,-32.87539479],[-61.07542665,-32.87506495],[-61.07642141,-32.8749258],[-61.07799265,-32.87483224],[-61.08002295,-32.87474848],[-61.08464455,-32.87406248],[-61.09065525,-32.87314439],[-61.09862391,-32.87174697],[-61.10403515,-32.87077833],[-61.12264674,-32.86747365],[-61.12336987,-32.86733538],[-61.12491474,-32.86708362],[-61.12871731,-32.86640955],[-61.13379772,-32.86550044],[-61.13851808,-32.86465106],[-61.14149918,-32.86408634],[-61.14454172,-32.86355255],[-61.14778428,-32.86297167],[-61.15317179,-32.86200331],[-61.15710498,-32.86129738],[-61.16350866,-32.86019255],[-61.16872453,-32.85927173],[-61.1724693,-32.8585984],[-61.17607464,-32.85813798],[-61.18113654,-32.8574901],[-61.18501544,-32.85722996],[-61.18879779,-32.85700594],[-61.19738613,-32.85647683],[-61.20413186,-32.85603982],[-61.21003864,-32.85568138],[-61.21290952,-32.85552141],[-61.21659674,-32.85531349],[-61.23024465,-32.85444441],[-61.23597492,-32.85408598],[-61.24251095,-32.85369799],[-61.24701585,-32.85342041],[-61.24859049,-32.85328778],[-61.2516596,-32.85291473],[-61.25205692,-32.85282432],[-61.25299118,-32.85268643],[-61.25627323,-32.85227314],[-61.2586766,-32.85196125],[-61.25983878,-32.85174092],[-61.26330826,-32.85114465],[-61.26655234,-32.85058749],[-61.26686654,-32.85052134],[-61.26721314,-32.85042513],[-61.26753655,-32.85029307],[-61.26792325,-32.85010765],[-61.2680886,-32.84999599],[-61.2682512,-32.8498775],[-61.26852587,-32.8496321],[-61.26973541,-32.84808252],[-61.27027264,-32.84734144],[-61.2708825,-32.84650626],[-61.27118081,-32.84611264],[-61.2714118,-32.84577476],[-61.27162019,-32.84520489],[-61.27168017,-32.84476391],[-61.27166266,-32.84431461],[-61.27149797,-32.84365349],[-61.27123508,-32.84256868],[-61.27116712,-32.84215205],[-61.27117686,-32.84175636],[-61.27127211,-32.84139424],[-61.27138909,-32.84102907],[-61.27181696,-32.84038435],[-61.27215448,-32.83994659],[-61.27250782,-32.83945518],[-61.27330745,-32.8383729],[-61.27407199,-32.8373368],[-61.27451666,-32.83673803],[-61.27500149,-32.83612192],[-61.27677965,-32.83370984],[-61.27885683,-32.83088593],[-61.27912916,-32.83058545],[-61.27945477,-32.83032071],[-61.2798401,-32.83007897],[-61.28019909,-32.82990589],[-61.28076479,-32.82977415],[-61.28294452,-32.82940366],[-61.28663627,-32.82882003]]]},"geometry_name":"geom","properties":{"gid":2352,"rtn":"1V09","typ":40,"rst":1,"hct":1,"fdc":"Dirección Nacional de Vialidad","sag":"IGN"},"bbox":[-61.28663627,-32.93120563,-60.72322734,-32.82882003]},{"type":"Feature","id":"vial_nacional.2353","geometry":{"type":"MultiLineString","coordinates":[[[-60.89489154,-32.90797227],[-60.89701519,-32.9075887],[-60.90602204,-32.90599105],[-60.91329617,-32.9046773],[-60.91498474,-32.90439901],[-60.9179192,-32.90388165],[-60.92345047,-32.9028561],[-60.92697525,-32.90223049],[-60.93327522,-32.90108652],[-60.94408028,-32.89916274],[-60.94896316,-32.89830188],[-60.95489027,-32.89724297],[-60.96194944,-32.89598192],[-60.96705867,-32.89505816],[-60.97106347,-32.89434345],[-60.98494102,-32.8918383],[-60.99013436,-32.89093594],[-60.99263851,-32.89049725],[-60.9955415,-32.88998608],[-61.00315579,-32.88862792],[-61.00712931,-32.88792737],[-61.02539907,-32.88472034],[-61.02639077,-32.88452501],[-61.03022995,-32.88386049],[-61.03296823,-32.88335415],[-61.03571451,-32.88287331],[-61.04145156,-32.88183034],[-61.04580378,-32.88106249],[-61.05680803,-32.87912165],[-61.05848655,-32.87882623],[-61.06408097,-32.87741455],[-61.06656104,-32.87682081],[-61.06861956,-32.87630205],[-61.06922327,-32.87614413],[-61.07353326,-32.87535649],[-61.07540281,-32.87503044],[-61.07641113,-32.87488371],[-61.07799142,-32.87478493],[-61.0800234,-32.87470355],[-61.08464784,-32.87402515],[-61.09062689,-32.87311748],[-61.09862099,-32.87169966],[-61.10404748,-32.8707372],[-61.12183586,-32.86757594],[-61.12265908,-32.86741256],[-61.12335613,-32.86726387],[-61.12492708,-32.86704108],[-61.12871608,-32.86636366],[-61.13379649,-32.86545835],[-61.13850949,-32.86461135],[-61.14150247,-32.86405281],[-61.14454049,-32.86351522],[-61.14776949,-32.86293435],[-61.15316888,-32.86196599],[-61.15710207,-32.86126385],[-61.16350859,-32.86015522],[-61.16871878,-32.85923343],[-61.17246807,-32.8585563],[-61.17606889,-32.85809589],[-61.18113079,-32.85745181],[-61.18502158,-32.85718743],[-61.18880844,-32.85697003],[-61.19738942,-32.8564457],[-61.20413967,-32.85600108],[-61.21004193,-32.85565069],[-61.21292186,-32.85547887],[-61.21660907,-32.85526097],[-61.23024174,-32.85440329],[-61.23597821,-32.85403346],[-61.24251424,-32.85366067],[-61.24702818,-32.85337288],[-61.24859689,-32.85323027],[-61.25168977,-32.85281729],[-61.25205427,-32.85276584],[-61.25299755,-32.85264502],[-61.25626296,-32.85223105],[-61.2586618,-32.85191774],[-61.25981494,-32.8516998],[-61.26328894,-32.85109496],[-61.26655111,-32.8505378],[-61.26685174,-32.85047925],[-61.26717574,-32.85039063],[-61.26751271,-32.85026238],[-61.26791298,-32.85006555],[-61.26806928,-32.8499539],[-61.26821832,-32.8498506],[-61.26849751,-32.849609],[-61.26966386,-32.84805942],[-61.2701368,-32.84726789],[-61.27032467,-32.84682793],[-61.27046329,-32.8464509],[-61.27058261,-32.84596376],[-61.2706509,-32.84556971],[-61.27072939,-32.84456013],[-61.27075698,-32.84356475],[-61.2707669,-32.84295093],[-61.27082643,-32.8421646],[-61.27092892,-32.84172842],[-61.27102727,-32.84135391],[-61.27116822,-32.84096429],[-61.27152136,-32.84027538],[-61.27188958,-32.8397222],[-61.27224578,-32.83925334],[-61.27310988,-32.83823953],[-61.27396948,-32.83722959],[-61.27442591,-32.83668892],[-61.27494601,-32.83607504],[-61.2767597,-32.83367209],[-61.27882847,-32.83085525],[-61.27910575,-32.83055032],[-61.27942641,-32.83027863],[-61.27980799,-32.83004609],[-61.28018456,-32.82987074],[-61.28075306,-32.82972757],[-61.2829628,-32.82936613],[-61.28663627,-32.82882003]]]},"geometry_name":"geom","properties":{"gid":2353,"rtn":"1V09","typ":40,"rst":1,"hct":1,"fdc":"Dirección Nacional de Vialidad","sag":"IGN"},"bbox":[-61.28663627,-32.90797227,-60.89489154,-32.82882003]},{"type":"Feature","id":"vial_nacional.2360","geometry":{"type":"MultiLineString","coordinates":[[[-60.4079287,-31.770012],[-60.40532374,-31.77040005],[-60.40489201,-31.77046744],[-60.40425812,-31.77057251],[-60.40416903,-31.77057023],[-60.40410622,-31.77057366],[-60.40403084,-31.7705668],[-60.40395888,-31.77056109],[-60.40389264,-31.77054967],[-60.40381611,-31.77053368],[-60.40375672,-31.77051084],[-60.40367563,-31.77046744],[-60.40361624,-31.77041604],[-60.40357055,-31.77035665],[-60.40354865,-31.77030272],[-60.40353723,-31.7702399],[-60.4035338,-31.77015424],[-60.4035418,-31.77005144],[-60.40357142,-31.76989278]]]},"geometry_name":"geom","properties":{"gid":2360,"rtn":"12","typ":40,"rst":1,"hct":1,"fdc":"Dirección Nacional de Vialidad","sag":"IGN"},"bbox":[-60.4079287,-31.77057366,-60.4035338,-31.76989278]},{"type":"Feature","id":"vial_nacional.2361","geometry":{"type":"MultiLineString","coordinates":[[[-60.40357142,-31.76989278],[-60.40361262,-31.76981093],[-60.40366211,-31.7697148],[-60.40369257,-31.7696634],[-60.40372778,-31.76961676],[-60.40376395,-31.76957298],[-60.40380869,-31.76953396],[-60.40386008,-31.7695035],[-60.40391243,-31.769474],[-60.40396478,-31.76945496],[-60.40403711,-31.76943688],[-60.40410088,-31.76942831],[-60.40416751,-31.76941974],[-60.4042408,-31.7694207],[-60.40431504,-31.76942641],[-60.40438356,-31.76943688],[-60.40445875,-31.76945115],[-60.40457868,-31.76947876],[-60.40471878,-31.76952173]]]},"geometry_name":"geom","properties":{"gid":2361,"rtn":"18","typ":40,"rst":1,"hct":1,"fdc":"Dirección Nacional de Vialidad","sag":"IGN"},"bbox":[-60.40471878,-31.76989278,-60.40357142,-31.76941974]},{"type":"Feature","id":"vial_nacional.2447","geometry":{"type":"MultiLineString","coordinates":[[[-60.7040195,-32.8749707],[-60.70345149,-32.87465737],[-60.70283759,-32.87432424],[-60.70201905,-32.87389118],[-60.7012148,-32.87348667],[-60.70091023,-32.87333439],[-60.7007389,-32.87326538],[-60.70055331,-32.87322255],[-60.70027491,-32.87321065],[-60.69995732,-32.87324201]]]},"geometry_name":"geom","properties":{"gid":2447,"rtn":"A008","typ":41,"rst":1,"hct":1,"fdc":"Dirección Nacional de Vialidad","sag":"IGN"},"bbox":[-60.7040195,-32.8749707,-60.69995732,-32.87321065]},{"type":"Feature","id":"vial_nacional.2448","geometry":{"type":"MultiLineString","coordinates":[[[-60.70408023,-32.87485021],[-60.70360615,-32.8744199],[-60.70328064,-32.87416577],[-60.70287233,-32.87387452],[-60.70236979,-32.8735433],[-60.70085645,-32.87271811],[-60.70065086,-32.87261246],[-60.70054569,-32.87252347],[-60.70039401,-32.87221587]]]},"geometry_name":"geom","properties":{"gid":2448,"rtn":"A008","typ":41,"rst":1,"hct":1,"fdc":"Dirección Nacional de Vialidad","sag":"IGN"},"bbox":[-60.70408023,-32.87485021,-60.70039401,-32.87221587]},{"type":"Feature","id":"vial_nacional.2450","geometry":{"type":"MultiLineString","coordinates":[[[-60.18870457,-33.35971774],[-60.1871071,-33.36085791]]]},"geometry_name":"geom","properties":{"gid":2450,"rtn":"188","typ":40,"rst":1,"hct":1,"fdc":"Dirección Nacional de Vialidad","sag":"IGN"},"bbox":[-60.18870457,-33.36085791,-60.1871071,-33.35971774]},{"type":"Feature","id":"vial_nacional.2452","geometry":{"type":"MultiLineString","coordinates":[[[-59.3117665,-32.35245225],[-59.3114645,-32.3523018],[-59.3112259,-32.352199],[-59.3109367,-32.3520734],[-59.3106262,-32.3519437],[-59.3104337,-32.3518735],[-59.310256,-32.3518029],[-59.310108,-32.3517377],[-59.3099547,-32.3516589],[-59.3098047,-32.3515732],[-59.3096231,-32.3514675],[-59.3094332,-32.351337],[-59.309279,-32.3512411],[-59.309244,-32.35121],[-59.3091991,-32.3511762],[-59.3090526,-32.3510887],[-59.3089382,-32.3510334],[-59.3088042,-32.350985],[-59.3086703,-32.3509579],[-59.3085281,-32.3509546],[-59.3083862,-32.3509687],[-59.3082465,-32.3510026],[-59.3081327,-32.3510487],[-59.3080488,-32.3510916],[-59.308006,-32.3511283],[-59.3079761,-32.3511576],[-59.3079301,-32.3512261],[-59.3079032,-32.3512983],[-59.3078949,-32.3513709],[-59.3078961,-32.3514689],[-59.3079146,-32.3515407],[-59.3079605,-32.3516183],[-59.3080432,-32.3517078],[-59.3080741,-32.3517308],[-59.3081067,-32.3517522],[-59.3082643,-32.3519299],[-59.308397,-32.3521002],[-59.3084979,-32.3522459],[-59.3085635,-32.3523552],[-59.3086191,-32.3524581],[-59.3086617,-32.3525496],[-59.3086904,-32.3526346],[-59.3087133,-32.3527336],[-59.3087257,-32.3528091],[-59.3087304,-32.3528716],[-59.30873,-32.3529585],[-59.3087213,-32.3531154],[-59.3087031,-32.3535366],[-59.3087676,-32.3531155],[-59.3088069,-32.3527992],[-59.3088407,-32.3525083],[-59.3088665,-32.3523522],[-59.3088948,-32.3522554],[-59.3089356,-32.3521661],[-59.3089822,-32.3521005],[-59.3090461,-32.3520276],[-59.3091338,-32.3519398],[-59.3091872,-32.3518843],[-59.3093826,-32.3517978],[-59.3095102,-32.3517687],[-59.3096238,-32.3517558],[-59.3097291,-32.3517582],[-59.3098311,-32.3517689],[-59.3099508,-32.3517948],[-59.3101031,-32.3518326],[-59.3102853,-32.3518833],[-59.3104794,-32.351944],[-59.3107304,-32.3520347],[-59.3109425,-32.3521191],[-59.3111809,-32.3522178],[-59.3114615,-32.3523365],[-59.3117665,-32.35245225]]]},"geometry_name":"geom","properties":{"gid":2452,"rtn":"12","typ":40,"rst":1,"hct":1,"fdc":"Dirección Nacional de Vialidad","sag":"IGN"},"bbox":[-59.3117665,-32.3535366,-59.3078949,-32.3509546]},{"type":"Feature","id":"vial_nacional.2460","geometry":{"type":"MultiLineString","coordinates":[[[-60.78318515,-32.85117895],[-60.7830351,-32.8514309],[-60.7828031,-32.851856],[-60.7826952,-32.8520567],[-60.7820986,-32.8534437],[-60.7814621,-32.8548322],[-60.7813506,-32.8550405],[-60.7810327,-32.8555436],[-60.7813934,-32.85481],[-60.7815428,-32.8544741],[-60.7816736,-32.8541359],[-60.78173,-32.8539995],[-60.7820229,-32.8532912],[-60.7820431,-32.8532387],[-60.7822689,-32.8527214],[-60.7824575,-32.8523039],[-60.7825995,-32.8520337],[-60.7829341,-32.8515035],[-60.783036,-32.8513466],[-60.78318515,-32.85117895]]]},"geometry_name":"geom","properties":{"gid":2460,"rtn":"34","typ":40,"rst":1,"hct":1,"fdc":"Dirección Nacional de Vialidad","sag":"IGN"},"bbox":[-60.78318515,-32.8555436,-60.7810327,-32.85117895]},{"type":"Feature","id":"vial_nacional.2517","geometry":{"type":"MultiLineString","coordinates":[[[-60.6677982,-33.0134378],[-60.6673005,-33.0136792],[-60.6668342,-33.0138931],[-60.6660482,-33.014208],[-60.6654256,-33.0144394],[-60.6648145,-33.0146553],[-60.6642409,-33.0148112],[-60.6639444,-33.0148898],[-60.663194,-33.0150579],[-60.66286942,-33.01512772]]]},"geometry_name":"geom","properties":{"gid":2517,"rtn":"A008","typ":41,"rst":1,"hct":1,"fdc":"Dirección Nacional de Vialidad","sag":"IGN"},"bbox":[-60.6677982,-33.01512772,-60.66286942,-33.0134378]},{"type":"Feature","id":"vial_nacional.2518","geometry":{"type":"MultiLineString","coordinates":[[[-60.66290272,-33.01496932],[-60.66300956,-33.01475206],[-60.66317517,-33.01454077],[-60.66343215,-33.01436374],[-60.66376337,-33.01419812],[-60.66427163,-33.01403251],[-60.66515108,-33.01383264],[-60.66599055,-33.0136499],[-60.66669297,-33.01347286],[-60.66722977,-33.01330725],[-60.66791506,-33.01304456],[-60.66871299,-33.01269764]]]},"geometry_name":"geom","properties":{"gid":2518,"rtn":"9","typ":41,"rst":1,"hct":1,"fdc":"Dirección Nacional de Vialidad","sag":"IGN"},"bbox":[-60.66871299,-33.01496932,-60.66290272,-33.01269764]},{"type":"Feature","id":"vial_nacional.2519","geometry":{"type":"MultiLineString","coordinates":[[[-60.66871299,-33.01269764],[-60.6685049,-33.01281836],[-60.66753408,-33.01334945],[-60.66624917,-33.01394337],[-60.66489573,-33.01440594],[-60.6639192,-33.01472573],[-60.66290272,-33.01496932]]]},"geometry_name":"geom","properties":{"gid":2519,"rtn":"A008","typ":41,"rst":1,"hct":1,"fdc":"Dirección Nacional de Vialidad","sag":"IGN"},"bbox":[-60.66871299,-33.01496932,-60.66290272,-33.01269764]},{"type":"Feature","id":"vial_nacional.2520","geometry":{"type":"MultiLineString","coordinates":[[[-60.66286942,-33.01512772],[-60.66290272,-33.01496932]]]},"geometry_name":"geom","properties":{"gid":2520,"rtn":"9","typ":41,"rst":1,"hct":1,"fdc":"Dirección Nacional de Vialidad","sag":"IGN"},"bbox":[-60.66290272,-33.01512772,-60.66286942,-33.01496932]},{"type":"Feature","id":"vial_nacional.2521","geometry":{"type":"MultiLineString","coordinates":[[[-60.7221533,-32.94879113],[-60.7221311,-32.9492023],[-60.72196282,-32.95180517],[-60.72193998,-32.95243906],[-60.72191586,-32.95307024]]]},"geometry_name":"geom","properties":{"gid":2521,"rtn":"A008","typ":41,"rst":1,"hct":1,"fdc":"Dirección Nacional de Vialidad","sag":"IGN"},"bbox":[-60.7221533,-32.95307024,-60.72191586,-32.94879113]},{"type":"Feature","id":"vial_nacional.2522","geometry":{"type":"MultiLineString","coordinates":[[[-60.72188001,-32.94878582],[-60.72184954,-32.94836139],[-60.7218267,-32.94823956],[-60.72179319,-32.94814362],[-60.72173532,-32.94806291],[-60.7216668,-32.94799286],[-60.72157695,-32.94794413],[-60.72145055,-32.94790149],[-60.72132263,-32.9478954],[-60.72122669,-32.94790453],[-60.72114141,-32.94792433],[-60.72103633,-32.94797154],[-60.7209739,-32.94802484],[-60.72090385,-32.9480888],[-60.72085511,-32.94818169],[-60.72083684,-32.94827915],[-60.72083836,-32.94839032],[-60.72087187,-32.94848626],[-60.72092326,-32.94855403],[-60.72101463,-32.94863208],[-60.72112694,-32.9486987],[-60.72127923,-32.94874819],[-60.721422,-32.94876533],[-60.7216681,-32.9487817],[-60.72188001,-32.94878582],[-60.72193126,-32.94878682]]]},"geometry_name":"geom","properties":{"gid":2522,"rtn":"9","typ":41,"rst":1,"hct":1,"fdc":"Dirección Nacional de Vialidad","sag":"IGN"},"bbox":[-60.72193126,-32.94878682,-60.72083684,-32.9478954]},{"type":"Feature","id":"vial_nacional.2502","geometry":{"type":"MultiLineString","coordinates":[[[-60.6677982,-33.0134378],[-60.66723707,-33.01383645],[-60.66686587,-33.01412198],[-60.6665042,-33.01450745],[-60.66620438,-33.01496431],[-60.66586174,-33.01540689],[-60.66558096,-33.01574953],[-60.66511459,-33.01622543],[-60.66488616,-33.01649193],[-60.66468153,-33.01680601],[-60.66454352,-33.0171201],[-60.66442931,-33.01750558],[-60.66433413,-33.01813851],[-60.66429902,-33.01861908],[-60.66429759,-33.01864818],[-60.66419141,-33.02081694],[-60.66414853,-33.02169265],[-60.66398294,-33.02522922],[-60.66395263,-33.0258766],[-60.66390831,-33.02683037],[-60.66390014,-33.02732554],[-60.6638266,-33.0290117],[-60.66358258,-33.03460739],[-60.6635651,-33.03500077],[-60.66345105,-33.03756868],[-60.66334455,-33.04025544],[-60.66328902,-33.0416562],[-60.66317128,-33.04320337],[-60.66312605,-33.04344075],[-60.66300606,-33.04407037],[-60.66288363,-33.04456492],[-60.66276793,-33.04498773],[-60.66250861,-33.04577195],[-60.66207186,-33.04677679],[-60.66185067,-33.04720446],[-60.66158834,-33.0476766],[-60.66086799,-33.04874137],[-60.66046406,-33.04929288],[-60.65780506,-33.05278962],[-60.65533398,-33.05604237],[-60.6510238,-33.06171599],[-60.65066604,-33.06218691],[-60.64952618,-33.06367933],[-60.64933118,-33.06393584],[-60.64423467,-33.07063982],[-60.6441941,-33.07069308],[-60.63813329,-33.07865021],[-60.63780178,-33.07903073],[-60.63696335,-33.07999716],[-60.63633176,-33.08064799],[-60.63558706,-33.08132212],[-60.63350796,-33.08305229],[-60.63237892,-33.08399184],[-60.63206915,-33.08424962],[-60.62847758,-33.08723589],[-60.62818031,-33.08750372],[-60.62798992,-33.08767525],[-60.62714568,-33.08833419],[-60.62712382,-33.08835219],[-60.62611304,-33.0891848],[-60.62483219,-33.09023987],[-60.6244744,-33.09053459],[-60.62296686,-33.0917822],[-60.61859655,-33.09539898],[-60.61788404,-33.09598863],[-60.61627317,-33.09732076],[-60.60942609,-33.10299659],[-60.60811877,-33.10408028],[-60.6026088,-33.10865883],[-60.59805905,-33.11242197],[-60.59526963,-33.11472912],[-60.58973331,-33.11932027],[-60.58378563,-33.1242395],[-60.58040723,-33.12701718],[-60.57940886,-33.12784298],[-60.57810103,-33.12885687],[-60.5769716,-33.12987683],[-60.57546036,-33.13112249],[-60.57489413,-33.1316419],[-60.57435504,-33.13223082],[-60.57369877,-33.13302665],[-60.57326636,-33.13342521],[-60.57228212,-33.13427658],[-60.57143322,-33.13497061],[-60.57091609,-33.13533736],[-60.57044728,-33.13564353],[-60.56948947,-33.13616155],[-60.56911358,-33.13641097],[-60.56850427,-33.13687871],[-60.56732288,-33.13784927],[-60.56617284,-33.13880035],[-60.5607131,-33.14331552],[-60.55592888,-33.14729447],[-60.55498511,-33.14807511],[-60.55069996,-33.15161672],[-60.54707842,-33.15463498],[-60.54661793,-33.15500153],[-60.54560889,-33.15583815],[-60.54371542,-33.15741064],[-60.54270458,-33.1582455],[-60.53650297,-33.16338385],[-60.53438047,-33.16514155],[-60.53065237,-33.1682289],[-60.525088,-33.17283148],[-60.5188022,-33.17804467],[-60.51754449,-33.17914588],[-60.51438733,-33.18218382],[-60.51348502,-33.18307324],[-60.51030431,-33.18616114],[-60.50783417,-33.18855921],[-60.50215559,-33.19406034],[-60.49685506,-33.19922165],[-60.49437405,-33.20164068],[-60.49369924,-33.20229148],[-60.49211215,-33.20382626],[-60.48938592,-33.20646261],[-60.48855267,-33.20732262],[-60.48769392,-33.20811642],[-60.48648563,-33.20927989],[-60.48586855,-33.20983558],[-60.48537443,-33.2102333],[-60.48453302,-33.21083867],[-60.48317116,-33.2118035],[-60.48215877,-33.21247702],[-60.48051378,-33.21362543],[-60.47626994,-33.21655813],[-60.47444959,-33.21781457],[-60.46944089,-33.22125843],[-60.46332087,-33.22541728],[-60.46146019,-33.22671366],[-60.4593523,-33.22815234],[-60.45797098,-33.22909003],[-60.45665978,-33.22998285],[-60.45582197,-33.23056938],[-60.45367343,-33.23203811],[-60.44959119,-33.23481727],[-60.44698699,-33.23660994],[-60.44590252,-33.23739544],[-60.44453571,-33.23840791],[-60.44084511,-33.24115403],[-60.44006065,-33.24174661],[-60.43702758,-33.24402358],[-60.43613719,-33.24469001],[-60.43029986,-33.24903174],[-60.42578255,-33.25242821],[-60.4209561,-33.25603645],[-60.41764259,-33.25850771],[-60.41500472,-33.26047646],[-60.41418509,-33.26108819],[-60.40921496,-33.2647833],[-60.4037131,-33.26890585],[-60.39714417,-33.27380079],[-60.39018688,-33.27899137],[-60.38797789,-33.28065201],[-60.38748022,-33.28100758],[-60.38506345,-33.28282453],[-60.38384361,-33.2837272],[-60.38135997,-33.28556679],[-60.37853422,-33.28767327],[-60.37636162,-33.28931836],[-60.37545306,-33.28994963],[-60.3747106,-33.29040497],[-60.37394698,-33.29083796],[-60.37321629,-33.29122376],[-60.37238953,-33.29162457],[-60.36869333,-33.29315929],[-60.35681166,-33.29787432],[-60.35322163,-33.29928327],[-60.34974121,-33.30068517],[-60.34600825,-33.30214885],[-60.34285811,-33.30342034],[-60.34171125,-33.30392789],[-60.3403272,-33.3046756],[-60.33915308,-33.30538582],[-60.33728019,-33.30676776],[-60.33404474,-33.30914204],[-60.32691411,-33.31445457],[-60.32144419,-33.31852789],[-60.31957297,-33.31994095],[-60.31490974,-33.32340088],[-60.31050281,-33.32625314],[-60.30924968,-33.32709276],[-60.30793778,-33.32793019],[-60.30621819,-33.32904454],[-60.30457115,-33.33006832],[-60.30431428,-33.33023772],[-60.30368091,-33.33066448],[-60.30325157,-33.33094886],[-60.30294038,-33.33116389],[-60.30157487,-33.33204522],[-60.30035327,-33.33280771],[-60.29677486,-33.33487367],[-60.29496486,-33.33590056],[-60.29416138,-33.33637532],[-60.29316363,-33.33694964],[-60.29264008,-33.33725115],[-60.29133864,-33.33800064],[-60.28762693,-33.34013416],[-60.2869558,-33.34052792],[-60.28633688,-33.34091967],[-60.2856739,-33.34136574],[-60.28514454,-33.34175702],[-60.28401773,-33.34259402],[-60.28341026,-33.34304182],[-60.28231199,-33.34389946],[-60.28122985,-33.34469703],[-60.27805453,-33.3470836],[-60.2745217,-33.3497553],[-60.26872074,-33.35410752],[-60.26303053,-33.35841278],[-60.2626241,-33.35871891],[-60.26158487,-33.3595017],[-60.25867471,-33.36169372],[-60.25759199,-33.36250124],[-60.25652833,-33.36330286],[-60.25458753,-33.36475625],[-60.25411398,-33.36511178],[-60.25279716,-33.36610927],[-60.25166273,-33.36694677],[-60.25063075,-33.36772565],[-60.24963327,-33.36848564],[-60.24667924,-33.37072305],[-60.24292593,-33.37354085],[-60.24111453,-33.37491513],[-60.24035191,-33.37549168],[-60.23940432,-33.37620806],[-60.23693524,-33.37805413],[-60.23545757,-33.3791165],[-60.23374086,-33.38028867],[-60.23341854,-33.38050875],[-60.23040433,-33.3825546],[-60.22811401,-33.38409857],[-60.22706919,-33.38480291],[-60.22594707,-33.38559428],[-60.22487902,-33.38640322],[-60.22468597,-33.38654813],[-60.2238585,-33.38716928],[-60.22253295,-33.38806778],[-60.22100892,-33.38910958]]]},"geometry_name":"geom","properties":{"gid":2502,"rtn":"9","typ":41,"rst":1,"hct":1,"fdc":"Dirección Nacional de Vialidad","sag":"IGN"},"bbox":[-60.6677982,-33.38910958,-60.22100892,-33.0134378]},{"type":"Feature","id":"vial_nacional.2506","geometry":{"type":"MultiLineString","coordinates":[[[-60.22080708,-33.3889373],[-60.2209429,-33.3888459],[-60.2218177,-33.3882702],[-60.2241934,-33.3866427],[-60.226183,-33.3851552],[-60.2276995,-33.3840805],[-60.2303568,-33.3822811],[-60.2312636,-33.3816541],[-60.232595,-33.3807465],[-60.2331327,-33.3803544],[-60.2337469,-33.3799594],[-60.2338182,-33.3799135],[-60.2343552,-33.3795376],[-60.236055,-33.3783711],[-60.2377646,-33.3770878],[-60.2465119,-33.3704703],[-60.2518357,-33.3664737],[-60.252438,-33.3660216],[-60.2555813,-33.3636554],[-60.2563062,-33.3631238],[-60.258143,-33.3617424],[-60.2674956,-33.354727],[-60.2720742,-33.3512426],[-60.2744485,-33.349458],[-60.2777887,-33.3469788],[-60.2856696,-33.340985],[-60.286435,-33.3404991],[-60.2872575,-33.3400013],[-60.2948988,-33.3356175],[-60.296562,-33.334662],[-60.2965901,-33.3346459],[-60.2966859,-33.3345898],[-60.2973257,-33.3342155],[-60.3010029,-33.3320757],[-60.3028768,-33.3308787],[-60.3043932,-33.3299056],[-60.3067839,-33.3282946],[-60.3086049,-33.3271321],[-60.3086981,-33.3270636],[-60.3105923,-33.3258277],[-60.3157831,-33.3224086],[-60.3231174,-33.3169297],[-60.3239632,-33.3163],[-60.3248365,-33.3156543],[-60.3386967,-33.3053308],[-60.3402155,-33.3044014],[-60.3424544,-33.3032919],[-60.3526087,-33.2992264],[-60.3595386,-33.2964728],[-60.3719844,-33.2914991],[-60.3733049,-33.2908729],[-60.3747078,-33.2900889],[-60.3766062,-33.2887942],[-60.3784692,-33.2873926],[-60.3821846,-33.2846205],[-60.3873238,-33.2807906],[-60.3874945,-33.2806666],[-60.3919798,-33.2773253],[-60.3966142,-33.2738729],[-60.3971401,-33.2734888],[-60.4079164,-33.265439],[-60.4190504,-33.2571043],[-60.4203049,-33.2561945],[-60.4226687,-33.2544277],[-60.4397013,-33.2416952],[-60.4408628,-33.2408269],[-60.4472251,-33.2361063],[-60.4553963,-33.2305832],[-60.4586445,-33.2283194],[-60.4607995,-33.2268175],[-60.4732735,-33.2183478],[-60.4839705,-33.2108833],[-60.4852288,-33.2099524],[-60.4864832,-33.2088671],[-60.4870764,-33.2082912],[-60.4872103,-33.2081612],[-60.492443,-33.2030803],[-60.4924633,-33.2030602],[-60.493916,-33.2016287],[-60.4953309,-33.2002346],[-60.5082054,-33.187702],[-60.5161653,-33.1800199],[-60.5186536,-33.1778532],[-60.5288397,-33.1693121],[-60.5321972,-33.166612],[-60.5448592,-33.1560824],[-60.5454028,-33.1556334],[-60.5564011,-33.1465493],[-60.5623674,-33.141621],[-60.5689023,-33.1361826],[-60.5743055,-33.1317315],[-60.5756309,-33.130634],[-60.5764554,-33.1299089],[-60.5771732,-33.1293986],[-60.5779328,-33.1287731],[-60.5783837,-33.1284018],[-60.5786798,-33.128158],[-60.579335,-33.1275446],[-60.5798604,-33.1271138],[-60.5871463,-33.121123],[-60.5911367,-33.1178033],[-60.5927643,-33.1164685],[-60.6038623,-33.1072431],[-60.6086281,-33.1032811],[-60.6124362,-33.1001362],[-60.612831,-33.0998099],[-60.6171343,-33.0962418],[-60.6177332,-33.0957566],[-60.6194983,-33.0942694],[-60.6256003,-33.089242],[-60.6299372,-33.0856758],[-60.633799,-33.082458],[-60.635168,-33.0813173],[-60.6366278,-33.079968],[-60.6379348,-33.0784475],[-60.638852,-33.077202],[-60.6406187,-33.0748909],[-60.6425832,-33.0723209],[-60.6475074,-33.065833],[-60.6484207,-33.0646197],[-60.6488181,-33.0640829],[-60.6490708,-33.0637415],[-60.6493727,-33.0633548],[-60.6510804,-33.0611671],[-60.6568869,-33.0534955],[-60.6585473,-33.0513188],[-60.6589055,-33.0508784],[-60.6607369,-33.0483861],[-60.660955,-33.0480612],[-60.6617257,-33.0467867],[-60.6619703,-33.0462493],[-60.6621313,-33.0458795],[-60.6622928,-33.0454753],[-60.662436,-33.0450812],[-60.6625504,-33.0446783],[-60.6626737,-33.0441709],[-60.6627539,-33.0437785],[-60.6628349,-33.0432937],[-60.6628983,-33.0427893],[-60.6629532,-33.0420499],[-60.6630556,-33.0397743],[-60.6632504,-33.0342495],[-60.6633543,-33.0319621],[-60.6636315,-33.0272849],[-60.6636762,-33.0259948],[-60.66393083,-33.01909206],[-60.66386046,-33.01812138],[-60.66380906,-33.01763026],[-60.66372911,-33.01721909],[-60.66359205,-33.01688216],[-60.6632951,-33.01635106],[-60.66304954,-33.015997],[-60.66287821,-33.01564293],[-60.66284395,-33.01544877],[-60.66284395,-33.01524889],[-60.66286942,-33.01512772]]]},"geometry_name":"geom","properties":{"gid":2506,"rtn":"9","typ":41,"rst":1,"hct":1,"fdc":"Dirección Nacional de Vialidad","sag":"IGN"},"bbox":[-60.66393083,-33.3889373,-60.22080708,-33.01512772]},{"type":"Feature","id":"vial_nacional.2507","geometry":{"type":"MultiLineString","coordinates":[[[-60.22080708,-33.3889373],[-60.22100892,-33.38910958]]]},"geometry_name":"geom","properties":{"gid":2507,"rtn":"188","typ":40,"rst":1,"hct":1,"fdc":"Dirección Nacional de Vialidad","sag":"IGN"},"bbox":[-60.22100892,-33.38910958,-60.22080708,-33.3889373]},{"type":"Feature","id":"vial_nacional.2526","geometry":{"type":"MultiLineString","coordinates":[[[-60.89979078,-32.92692554],[-60.89760333,-32.92731105],[-60.89624733,-32.92755003],[-60.89535979,-32.92769169],[-60.89369966,-32.92789278],[-60.89222549,-32.92798125],[-60.88998875,-32.92800918],[-60.88788937,-32.92805455],[-60.88702885,-32.9281313],[-60.8861773,-32.92822952],[-60.8857177,-32.92829717],[-60.8837875,-32.92862745],[-60.87516774,-32.93013787],[-60.87385375,-32.93036812],[-60.86501658,-32.93192727],[-60.85735665,-32.93327873],[-60.8556371,-32.93358765],[-60.85402756,-32.9337804],[-60.85294663,-32.93387937],[-60.85162234,-32.93395662],[-60.85123608,-32.93396265],[-60.85017892,-32.93397917],[-60.84905602,-32.93397802],[-60.84709054,-32.93390478],[-60.83939597,-32.93371367],[-60.83783175,-32.93384205],[-60.83680331,-32.93400913],[-60.83623628,-32.93412984],[-60.83555282,-32.93429846],[-60.83447843,-32.93458413],[-60.83365432,-32.93488295],[-60.83274942,-32.93525292],[-60.83222042,-32.93550189],[-60.83157853,-32.93583576],[-60.83085187,-32.9362449],[-60.82974457,-32.9368812],[-60.8285785,-32.9375121],[-60.82808321,-32.93777804],[-60.82705887,-32.93822612],[-60.82648264,-32.93845532],[-60.82572458,-32.93871791],[-60.82514906,-32.93889546],[-60.82442598,-32.93908477],[-60.82342632,-32.93930494],[-60.82244974,-32.93948941],[-60.81988395,-32.93993734],[-60.81051655,-32.94159247],[-60.80996362,-32.94168219],[-60.80940647,-32.9417661],[-60.80890434,-32.94183257],[-60.80843945,-32.94188487],[-60.80795471,-32.94192933],[-60.8072903,-32.94196283],[-60.80653411,-32.9419678],[-60.80586484,-32.94195896],[-60.80357239,-32.94187429],[-60.79779582,-32.94167252],[-60.79690202,-32.94165485],[-60.79607129,-32.94168635],[-60.79530202,-32.94172422],[-60.79449694,-32.94181728],[-60.79367685,-32.94195862],[-60.79304782,-32.94208466],[-60.7925,-32.9422062],[-60.79184854,-32.94239011],[-60.79134731,-32.94254926],[-60.79084633,-32.94270834],[-60.79024513,-32.94293895],[-60.78968339,-32.94317255],[-60.7890842,-32.94345379],[-60.78856743,-32.94371491],[-60.78806998,-32.94398722],[-60.78750126,-32.94433059],[-60.78662731,-32.94491307],[-60.78558269,-32.9456401],[-60.78504728,-32.94600201],[-60.78456574,-32.9462917],[-60.78350795,-32.94685639],[-60.78299292,-32.94709739],[-60.7824035,-32.94735671],[-60.78202231,-32.94750636],[-60.78176269,-32.94760828],[-60.78125977,-32.94777903],[-60.78087252,-32.94789677],[-60.78022524,-32.94807632],[-60.77972373,-32.94821237],[-60.77905307,-32.94836342],[-60.77841648,-32.94847353],[-60.7778722,-32.9485584],[-60.77716296,-32.94864543],[-60.77656417,-32.94868912],[-60.77593263,-32.94871953],[-60.7753367,-32.94872884],[-60.77328601,-32.9486882],[-60.76963092,-32.9486103],[-60.75439589,-32.94826803],[-60.75362622,-32.94824808],[-60.75181646,-32.94821588],[-60.75099365,-32.94823491],[-60.75034373,-32.94827628],[-60.74970298,-32.94831808],[-60.74920631,-32.94837285],[-60.74901343,-32.94839412],[-60.74813986,-32.94850473],[-60.74668259,-32.94875242],[-60.7450691,-32.94906639],[-60.74369875,-32.94930261],[-60.74294185,-32.94942935],[-60.74218784,-32.94953389],[-60.74142944,-32.94961804],[-60.74074972,-32.94966796],[-60.73990393,-32.94972064],[-60.73939525,-32.94973774],[-60.73887262,-32.94973509],[-60.73820525,-32.94971159],[-60.73725825,-32.94970419],[-60.73599625,-32.94977708],[-60.73526448,-32.94981248],[-60.73480235,-32.94981668],[-60.73435572,-32.949811],[-60.73395308,-32.94979738],[-60.73342624,-32.94975572],[-60.73274271,-32.94970184],[-60.73206809,-32.94962828],[-60.73135178,-32.949537],[-60.73064153,-32.9494906],[-60.72872181,-32.94943387],[-60.72798716,-32.94938719],[-60.72706554,-32.94930105],[-60.72566436,-32.94914286],[-60.72507798,-32.94907353],[-60.72462504,-32.94906852],[-60.72425588,-32.94911793],[-60.72393387,-32.94922537],[-60.72359189,-32.94940913],[-60.72324069,-32.94969118],[-60.72288584,-32.94996491],[-60.7227448,-32.9500972],[-60.72262429,-32.95022803],[-60.72249409,-32.95038679],[-60.72238044,-32.95055468],[-60.72229859,-32.95071268],[-60.72221103,-32.95096204],[-60.72213869,-32.951259],[-60.72210252,-32.95146839],[-60.72207587,-32.95178248],[-60.72191586,-32.95307024]]]},"geometry_name":"geom","properties":{"gid":2526,"rtn":"9","typ":41,"rst":1,"hct":1,"fdc":"Dirección Nacional de Vialidad","sag":"IGN"},"bbox":[-60.89979078,-32.95307024,-60.72191586,-32.92692554]},{"type":"Feature","id":"vial_nacional.2527","geometry":{"type":"MultiLineString","coordinates":[[[-60.90002005,-32.92688513],[-60.9001247,-32.927286],[-60.9002944,-32.927973],[-60.9004817,-32.9286493],[-60.9006826,-32.9293888],[-60.9007005,-32.9295526]]]},"geometry_name":"geom","properties":{"gid":2527,"rtn":"A012","typ":40,"rst":1,"hct":1,"fdc":"Dirección Nacional de Vialidad","sag":"IGN"},"bbox":[-60.9007005,-32.9295526,-60.90002005,-32.92688513]},{"type":"Feature","id":"vial_nacional.2528","geometry":{"type":"MultiLineString","coordinates":[[[-60.90002005,-32.92688513],[-60.89984681,-32.92691566],[-60.89979078,-32.92692554]]]},"geometry_name":"geom","properties":{"gid":2528,"rtn":"9","typ":41,"rst":1,"hct":1,"fdc":"Dirección Nacional de Vialidad","sag":"IGN"},"bbox":[-60.90002005,-32.92692554,-60.89979078,-32.92688513]},{"type":"Feature","id":"vial_nacional.2529","geometry":{"type":"MultiLineString","coordinates":[[[-60.89979078,-32.92692554],[-60.89972057,-32.92664591]]]},"geometry_name":"geom","properties":{"gid":2529,"rtn":"A012","typ":40,"rst":1,"hct":1,"fdc":"Dirección Nacional de Vialidad","sag":"IGN"},"bbox":[-60.89979078,-32.92692554,-60.89972057,-32.92664591]},{"type":"Feature","id":"vial_nacional.2530","geometry":{"type":"MultiLineString","coordinates":[[[-60.7221533,-32.94879113],[-60.7224755,-32.9487974],[-60.7231142,-32.9488229],[-60.7240504,-32.948853],[-60.7246483,-32.9488892],[-60.7251782,-32.9489211],[-60.7259431,-32.9489859],[-60.7264062,-32.9490252],[-60.7276339,-32.9491008],[-60.7288745,-32.9491536],[-60.73069,-32.9491912],[-60.7310333,-32.9491944],[-60.7313802,-32.949184],[-60.7320898,-32.9491424],[-60.7328377,-32.9491057],[-60.7333851,-32.9490949],[-60.7338718,-32.9490919],[-60.7345601,-32.9491127],[-60.735107,-32.9491439],[-60.7354184,-32.9491647],[-60.7357033,-32.9491929],[-60.7362643,-32.9492493],[-60.7369898,-32.9493339],[-60.7375384,-32.949383],[-60.7380725,-32.9494171],[-60.7391598,-32.9494323],[-60.739646,-32.949426],[-60.7401078,-32.9494067],[-60.7404671,-32.9493904],[-60.7407891,-32.9493711],[-60.7411271,-32.9493458],[-60.741488,-32.9493176],[-60.7418951,-32.9492746],[-60.7423835,-32.9492122],[-60.7428702,-32.9491454],[-60.743302,-32.9490771],[-60.7446464,-32.9488513],[-60.7449415,-32.9488017],[-60.7475119,-32.9483379],[-60.7491595,-32.9481072],[-60.7505827,-32.9479874],[-60.7521689,-32.947959],[-60.7548829,-32.9480166],[-60.7607634,-32.9481413],[-60.7614589,-32.9481541],[-60.765051,-32.948228],[-60.7668208,-32.9482644],[-60.7745945,-32.9484371],[-60.7754039,-32.9484283],[-60.775989,-32.94843],[-60.7766529,-32.9483999],[-60.7771933,-32.9483557],[-60.7778138,-32.9482811],[-60.7785103,-32.9481757],[-60.7791495,-32.9480569],[-60.7797548,-32.9479168],[-60.7804409,-32.9477336],[-60.7810584,-32.9475454],[-60.7817881,-32.9472969],[-60.7820535,-32.9471921],[-60.7823755,-32.94706],[-60.7829319,-32.9468196],[-60.783475,-32.946563],[-60.7839811,-32.9462978],[-60.784438,-32.9460385],[-60.784906,-32.9457504],[-60.7854666,-32.9453732],[-60.7858796,-32.9450965],[-60.7863774,-32.9447504],[-60.786789,-32.9444684],[-60.7870595,-32.9442869],[-60.7874587,-32.9440287],[-60.7879758,-32.9437167],[-60.7885819,-32.9433938],[-60.7892016,-32.9430887],[-60.7897813,-32.9428323],[-60.7905185,-32.9425417],[-60.7911301,-32.9423211],[-60.7918169,-32.9421084],[-60.7924444,-32.9419452],[-60.7931444,-32.9417835],[-60.7938498,-32.9416481],[-60.7946876,-32.9415237],[-60.7952419,-32.9414635],[-60.7956053,-32.9414335],[-60.7959364,-32.9414062],[-60.7967706,-32.9413706],[-60.7980791,-32.9413964],[-60.8063454,-32.9416798],[-60.8066721,-32.9416774],[-60.8074481,-32.9416717],[-60.8085432,-32.9415881],[-60.8097024,-32.9414375],[-60.8142761,-32.9406411],[-60.8162624,-32.9402897],[-60.8166857,-32.9402156],[-60.8176515,-32.9400464],[-60.8204899,-32.9395508],[-60.8220148,-32.9392676],[-60.822448,-32.9391909],[-60.8229568,-32.9390963],[-60.8236297,-32.938971],[-60.8243062,-32.9388231],[-60.8246828,-32.9387289],[-60.8252414,-32.9385689],[-60.8257656,-32.9384075],[-60.8266927,-32.9380748],[-60.8270259,-32.9379336],[-60.8275067,-32.9377299],[-60.8280137,-32.937484],[-60.8295867,-32.9366182],[-60.8312213,-32.935709],[-60.8318349,-32.9353856],[-60.8325703,-32.9350364],[-60.83333,-32.9347192],[-60.833804,-32.9345437],[-60.8344823,-32.9343219],[-60.8352446,-32.9340921],[-60.8358505,-32.9339404],[-60.8364367,-32.9338145],[-60.8369985,-32.933713],[-60.8376177,-32.9336173],[-60.8382726,-32.9335352],[-60.8389849,-32.9334842],[-60.8396244,-32.9334542],[-60.8403549,-32.9334451],[-60.84684,-32.9336443],[-60.8491262,-32.9337145],[-60.8496325,-32.9337201],[-60.8501388,-32.9337194],[-60.8506451,-32.9337123],[-60.8511512,-32.933699],[-60.851657,-32.9336794],[-60.8521624,-32.9336535],[-60.8526673,-32.9336213],[-60.8531716,-32.9335829],[-60.8536751,-32.9335382],[-60.8541778,-32.9334872],[-60.8546796,-32.93343],[-60.8551802,-32.9333665],[-60.8556798,-32.9332969],[-60.856178,-32.933221],[-60.8566748,-32.933139],[-60.8576661,-32.9329641],[-60.8619466,-32.9322089],[-60.8658247,-32.9315021],[-60.8688157,-32.9309748],[-60.8718923,-32.9304323],[-60.872425,-32.9303319],[-60.881375,-32.9287533],[-60.8836279,-32.928368],[-60.8856674,-32.9280335],[-60.8870024,-32.927853],[-60.8878347,-32.9277904],[-60.8886682,-32.9277544],[-60.889919,-32.9277328],[-60.8911434,-32.9277057],[-60.8928458,-32.9276619],[-60.8937321,-32.9275995],[-60.8949311,-32.9274672],[-60.8966597,-32.927191],[-60.8993809,-32.9267041],[-60.89972057,-32.92664591]]]},"geometry_name":"geom","properties":{"gid":2530,"rtn":"9","typ":41,"rst":1,"hct":1,"fdc":"Dirección Nacional de Vialidad","sag":"IGN"},"bbox":[-60.89972057,-32.9494323,-60.7221533,-32.92664591]},{"type":"Feature","id":"vial_nacional.2531","geometry":{"type":"MultiLineString","coordinates":[[[-60.89994745,-32.92660704],[-60.90002005,-32.92688513]]]},"geometry_name":"geom","properties":{"gid":2531,"rtn":"A012","typ":40,"rst":1,"hct":1,"fdc":"Dirección Nacional de Vialidad","sag":"IGN"},"bbox":[-60.90002005,-32.92688513,-60.89994745,-32.92660704]},{"type":"Feature","id":"vial_nacional.2532","geometry":{"type":"MultiLineString","coordinates":[[[-60.89972057,-32.92664591],[-60.89994745,-32.92660704]]]},"geometry_name":"geom","properties":{"gid":2532,"rtn":"9","typ":41,"rst":1,"hct":1,"fdc":"Dirección Nacional de Vialidad","sag":"IGN"},"bbox":[-60.89994745,-32.92664591,-60.89972057,-32.92660704]},{"type":"Feature","id":"vial_nacional.2536","geometry":{"type":"MultiLineString","coordinates":[[[-61.5544336,-32.81856848],[-61.55436947,-32.81857954],[-61.55404482,-32.81863549],[-61.55190785,-32.81900378],[-61.55136914,-32.8190959],[-61.55090666,-32.81917498],[-61.54554508,-32.82009176],[-61.54414136,-32.82037329],[-61.54398293,-32.8204006],[-61.54246995,-32.82066132],[-61.53697077,-32.82160899],[-61.52260929,-32.82407996],[-61.51938918,-32.824634],[-61.51650711,-32.82512988],[-61.51497015,-32.8253967],[-61.51385136,-32.82559092],[-61.50858298,-32.82651762],[-61.49585235,-32.82867929],[-61.49022275,-32.82964932],[-61.48044399,-32.8313343],[-61.47750292,-32.83182754],[-61.47556601,-32.83215238],[-61.47275858,-32.83265537],[-61.47051239,-32.83306258],[-61.46900609,-32.83340839],[-61.46755329,-32.83377126],[-61.46679534,-32.83398639],[-61.4656546,-32.83431016],[-61.46337838,-32.83503796],[-61.46135538,-32.83561988],[-61.45951398,-32.83608052],[-61.45821904,-32.83637045],[-61.45701718,-32.83659747],[-61.45574387,-32.83681743],[-61.44581208,-32.83852589],[-61.44494673,-32.83867474],[-61.43699096,-32.84007909],[-61.43218706,-32.84087326],[-61.42685068,-32.84177988],[-61.42583994,-32.8419656],[-61.42463555,-32.84212868],[-61.42363846,-32.84225107],[-61.42084023,-32.8425505],[-61.41936806,-32.84260601],[-61.41750608,-32.84267623],[-61.41597358,-32.84274788],[-61.41467126,-32.84285991],[-61.41331124,-32.84299591],[-61.411491,-32.84322719],[-61.40880032,-32.84366426],[-61.39935353,-32.84528885],[-61.38905954,-32.84706756],[-61.3790653,-32.84879011],[-61.36709151,-32.85082244],[-61.36495441,-32.85118498],[-61.36460895,-32.85124359],[-61.36342174,-32.85143946],[-61.36211131,-32.85173863],[-61.36094133,-32.85204644],[-61.35982571,-32.85238289],[-61.35861533,-32.85281037],[-61.35723583,-32.85335986],[-61.35603913,-32.8537925],[-61.35514034,-32.85405604],[-61.35425528,-32.85426961],[-61.35354151,-32.8544169],[-61.35293085,-32.85452151],[-61.35227403,-32.85459103],[-61.35162013,-32.85464673],[-61.35095262,-32.85468689],[-61.34991268,-32.85467836],[-61.34715687,-32.85456616],[-61.3465354,-32.85455262],[-61.34592996,-32.85455914],[-61.34513303,-32.85461806],[-61.3441826,-32.85469688],[-61.34357306,-32.8547894],[-61.3401521,-32.85540042],[-61.33765362,-32.8558247],[-61.33190736,-32.85680378],[-61.32807276,-32.85745715],[-61.3187115,-32.85905218],[-61.30374983,-32.86160694],[-61.29888386,-32.86244582],[-61.28734994,-32.86440123],[-61.27896854,-32.86584116],[-61.26861109,-32.86759926],[-61.26425812,-32.86834643],[-61.26264712,-32.86858254],[-61.26155577,-32.86869576],[-61.26061609,-32.86878342],[-61.25961974,-32.8688335],[-61.25860538,-32.86885969],[-61.25749595,-32.86886743],[-61.25604933,-32.86883755],[-61.25417488,-32.86867841],[-61.24278243,-32.86756987],[-61.24219831,-32.86750998],[-61.23968958,-32.86732683],[-61.23805491,-32.86724549],[-61.23736932,-32.86722507],[-61.23595728,-32.86721326],[-61.23428064,-32.86722838],[-61.23286325,-32.86729642],[-61.23025329,-32.86749407],[-61.22200608,-32.86841807],[-61.21219301,-32.86954838],[-61.20334108,-32.87056797],[-61.20222236,-32.87069683],[-61.20017805,-32.87098535],[-61.19176215,-32.87249724],[-61.18330133,-32.87404725],[-61.1731757,-32.87589818],[-61.17235197,-32.87603098],[-61.16855214,-32.8767416],[-61.16297925,-32.87775817],[-61.16008282,-32.87827291],[-61.15687342,-32.87884328],[-61.14261523,-32.88136299],[-61.13297246,-32.88305539],[-61.12738193,-32.88404881],[-61.12534089,-32.88442515],[-61.12103292,-32.88518578],[-61.11776957,-32.88579728],[-61.10078629,-32.88889129],[-61.09502132,-32.88994581],[-61.08819995,-32.89115783],[-61.08002602,-32.89261016],[-61.05881843,-32.89641601],[-61.0383968,-32.90002875],[-61.03206779,-32.90115565],[-61.03004045,-32.9015091],[-61.02327601,-32.90271565],[-61.01882707,-32.90349418],[-61.01691527,-32.90381106],[-61.01103726,-32.90477781],[-61.0088824,-32.90514216],[-61.00802865,-32.90528652],[-61.00656219,-32.90552227],[-61.00389769,-32.90595062],[-60.99478096,-32.90759453],[-60.99365121,-32.90780191],[-60.99186977,-32.90812892],[-60.99037695,-32.90848188],[-60.98874542,-32.90889895],[-60.98759095,-32.90915766],[-60.98657606,-32.9093588],[-60.98380322,-32.9098718],[-60.98036214,-32.91048373],[-60.97956028,-32.91061236],[-60.9780257,-32.91080252],[-60.97566767,-32.91107835],[-60.9730296,-32.91154482],[-60.96393592,-32.91317622],[-60.96314528,-32.91331806],[-60.9496875,-32.9157607],[-60.94277756,-32.91701489],[-60.93976564,-32.91755852],[-60.93585828,-32.91825561],[-60.93207661,-32.91893028],[-60.92342948,-32.92047747],[-60.92245839,-32.92067342],[-60.92198887,-32.92079698],[-60.9214371,-32.92095652],[-60.92088102,-32.92114341],[-60.92041277,-32.92133073],[-60.91956617,-32.92169041],[-60.91848079,-32.92220407],[-60.91540343,-32.92367186],[-60.91443708,-32.92407742],[-60.9139514,-32.92425699],[-60.91350085,-32.92439866],[-60.91286893,-32.92457514],[-60.91225007,-32.92471847],[-60.91158777,-32.92484288],[-60.91128589,-32.92489959],[-60.91053863,-32.92502226],[-60.90474921,-32.92604457],[-60.90303019,-32.92635022],[-60.90021328,-32.92685108],[-60.90006818,-32.92687665],[-60.90002005,-32.92688513]]]},"geometry_name":"geom","properties":{"gid":2536,"rtn":"9","typ":41,"rst":1,"hct":1,"fdc":"Dirección Nacional de Vialidad","sag":"IGN"},"bbox":[-61.5544336,-32.92688513,-60.90002005,-32.81856848]},{"type":"Feature","id":"vial_nacional.2555","geometry":{"type":"MultiLineString","coordinates":[[[-60.73192626,-31.66348286],[-60.7319547,-31.66339315],[-60.73224595,-31.6626698],[-60.73256575,-31.66194834],[-60.73276562,-31.66152385],[-60.73303565,-31.66106652],[-60.73329187,-31.66069882]]]},"geometry_name":"geom","properties":{"gid":2555,"rtn":"A007","typ":41,"rst":1,"hct":1,"fdc":"Dirección Nacional de Vialidad","sag":"IGN"},"bbox":[-60.73329187,-31.66348286,-60.73192626,-31.66069882]},{"type":"Feature","id":"vial_nacional.2556","geometry":{"type":"MultiLineString","coordinates":[[[-60.73183481,-31.66345829],[-60.73192626,-31.66348286]]]},"geometry_name":"geom","properties":{"gid":2556,"rtn":"11","typ":41,"rst":1,"hct":1,"fdc":"Dirección Nacional de Vialidad","sag":"IGN"},"bbox":[-60.73192626,-31.66348286,-60.73183481,-31.66345829]},{"type":"Feature","id":"vial_nacional.2616","geometry":{"type":"MultiLineString","coordinates":[[[-60.72191438,-32.94926467],[-60.72188001,-32.94878582]]]},"geometry_name":"geom","properties":{"gid":2616,"rtn":"9","typ":41,"rst":1,"hct":1,"fdc":"Dirección Nacional de Vialidad","sag":"IGN"},"bbox":[-60.72191438,-32.94926467,-60.72188001,-32.94878582]},{"type":"Feature","id":"vial_nacional.2695","geometry":{"type":"MultiLineString","coordinates":[[[-60.76893612,-31.67285108],[-60.776731,-31.671538],[-60.780468,-31.6709],[-60.782427,-31.670567],[-60.78339,-31.67039],[-60.784396,-31.670215],[-60.785138,-31.670088],[-60.787389,-31.669637],[-60.790364,-31.669048],[-60.793342,-31.668486],[-60.793944,-31.668398],[-60.794305,-31.668341],[-60.794628,-31.66828],[-60.794904,-31.668245],[-60.795188,-31.668205],[-60.795483,-31.668162],[-60.795791,-31.668119],[-60.79606,-31.668084],[-60.796314,-31.66804],[-60.79632173,-31.66803876],[-60.79650022,-31.66801005],[-60.7966,-31.667994],[-60.796854,-31.667944],[-60.79690588,-31.66792773],[-60.79696582,-31.66790893],[-60.797141,-31.667854],[-60.797376,-31.667783],[-60.797727,-31.667713],[-60.79830501,-31.66759954],[-60.798481,-31.667565],[-60.79914233,-31.66746226],[-60.799762,-31.667366],[-60.8007009,-31.66721026],[-60.801438,-31.667088],[-60.8021751,-31.66697859],[-60.802745,-31.666894],[-60.816689,-31.664603],[-60.82305567,-31.66353746],[-60.825317,-31.663159],[-60.82605776,-31.66303837],[-60.827982,-31.662725],[-60.8284028,-31.66265579],[-60.829125,-31.662537],[-60.830352,-31.662323],[-60.830772,-31.662252],[-60.831072,-31.662195],[-60.831498,-31.662092],[-60.832186,-31.661867],[-60.832951,-31.661582],[-60.834609,-31.661001],[-60.836507,-31.660319],[-60.83680123,-31.66021955],[-60.837149,-31.660102],[-60.837701,-31.659941],[-60.838327,-31.659785],[-60.839606,-31.659589],[-60.841219,-31.659298],[-60.841885,-31.659195],[-60.845018,-31.658692],[-60.848717,-31.658077],[-60.85754275,-31.65661244],[-60.857678,-31.65659],[-60.85827981,-31.65650023],[-60.862585,-31.655858],[-60.863224,-31.655764],[-60.86540942,-31.65542474],[-60.86600251,-31.65533267],[-60.868416,-31.654958],[-60.874457,-31.654082],[-60.87445717,-31.65408197],[-60.87520519,-31.65395341],[-60.888485,-31.651671],[-60.891221,-31.651248],[-60.893522,-31.650901],[-60.89662988,-31.65042782],[-60.900471,-31.649843],[-60.90274997,-31.64946854],[-60.90394,-31.649273],[-60.90448664,-31.64918289],[-60.905766,-31.648972],[-60.907327,-31.648709],[-60.90786936,-31.64861741],[-60.908612,-31.648492],[-60.90958945,-31.64829539],[-60.909661,-31.648281],[-60.90981161,-31.64824713],[-60.911938,-31.647769],[-60.91498429,-31.64708274],[-60.916266,-31.646794],[-60.917589,-31.64654],[-60.91877,-31.646324],[-60.92083238,-31.64595811],[-60.921205,-31.645892],[-60.923609,-31.645464],[-60.92386407,-31.64542119],[-60.92601,-31.645061],[-60.93064185,-31.64426163],[-60.932801,-31.643889],[-60.936536,-31.643242],[-60.939567,-31.642735],[-60.94148199,-31.64240173],[-60.949996,-31.64092],[-60.951336,-31.640683],[-60.952043,-31.640567],[-60.95235236,-31.64050654],[-60.952785,-31.640422],[-60.9537173,-31.64024973],[-60.954257,-31.64015],[-60.955068,-31.640009],[-60.956131,-31.639812],[-60.95651317,-31.63974563],[-60.957467,-31.63958],[-60.95808181,-31.63946895],[-60.958303,-31.639429],[-60.95863902,-31.63936563],[-60.959793,-31.639148],[-60.960795,-31.638963],[-60.96140397,-31.63885261],[-60.96213,-31.638721],[-60.96401,-31.638376],[-60.968088,-31.637631],[-60.96995793,-31.63728776],[-60.972163,-31.636883],[-60.97441623,-31.63647859],[-60.975506,-31.636283],[-60.979304,-31.635591],[-60.987617,-31.634076],[-60.99344353,-31.63290765],[-60.99604,-31.632387],[-60.99798383,-31.63201122],[-60.998735,-31.631866],[-61.004047,-31.630933],[-61.00472314,-31.63080748],[-61.004785,-31.630796],[-61.00567,-31.630643],[-61.0062627,-31.63053061],[-61.006999,-31.630391],[-61.008408,-31.630136],[-61.00901619,-31.63002857],[-61.009093,-31.630015],[-61.00916223,-31.63000274],[-61.009827,-31.629885],[-61.011046,-31.629668],[-61.012665,-31.629401],[-61.013838,-31.629206],[-61.0145579,-31.62907603],[-61.015256,-31.62895],[-61.01603247,-31.62881832],[-61.016512,-31.628737],[-61.01774,-31.628521],[-61.01781803,-31.62850817],[-61.01892,-31.628327],[-61.01940312,-31.6282579],[-61.019815,-31.628199],[-61.020325,-31.628158],[-61.02067364,-31.62813919],[-61.020844,-31.62813],[-61.021602,-31.628142],[-61.02244353,-31.62818342],[-61.022557,-31.628189],[-61.0229174,-31.62820427],[-61.023619,-31.628234],[-61.02517537,-31.62831653],[-61.026146,-31.628368],[-61.02656081,-31.62838407],[-61.027462,-31.628419],[-61.02775158,-31.62842231],[-61.028161,-31.628427],[-61.0286321,-31.628405],[-61.028782,-31.628398],[-61.02884351,-31.62839222],[-61.029346,-31.628345],[-61.029952,-31.628263],[-61.03024609,-31.6282114],[-61.030539,-31.62816],[-61.03080418,-31.62809599],[-61.031206,-31.627999],[-61.035381,-31.626881],[-61.03852949,-31.62601771],[-61.042026,-31.625059],[-61.04371,-31.624589],[-61.044463,-31.624395],[-61.04485899,-31.62431139],[-61.045145,-31.624251],[-61.04540696,-31.62421095],[-61.045701,-31.624166],[-61.046275,-31.624108],[-61.04661823,-31.62408582],[-61.046863,-31.62407],[-61.047429,-31.624072],[-61.04747792,-31.62407404],[-61.048053,-31.624098],[-61.04835552,-31.6241249],[-61.048784,-31.624163],[-61.04927526,-31.62422827],[-61.049499,-31.624258],[-61.050235,-31.624392],[-61.052014,-31.624689],[-61.054301,-31.625101],[-61.05496359,-31.62519933],[-61.055049,-31.625212],[-61.055687,-31.625274],[-61.05574581,-31.6252758],[-61.056339,-31.625294],[-61.057109,-31.625286],[-61.05743419,-31.62525977],[-61.057915,-31.625221],[-61.05827018,-31.62516733],[-61.058676,-31.625106],[-61.05922677,-31.6249988],[-61.059534,-31.624939],[-61.060902,-31.624662],[-61.061443,-31.624554],[-61.061758,-31.6244857],[-61.062347,-31.624358],[-61.0631373,-31.62420992],[-61.063788,-31.624088],[-61.06508436,-31.62380814],[-61.065312,-31.623759],[-61.065801,-31.623661],[-61.06615344,-31.62359351],[-61.066412,-31.623544],[-61.067292,-31.623396],[-61.06779849,-31.6233056],[-61.068138,-31.623245],[-61.069229,-31.623051],[-61.06943549,-31.6230147],[-61.070088,-31.6229],[-61.070998,-31.622732],[-61.0712355,-31.62268943],[-61.071779,-31.622592],[-61.075323,-31.621984],[-61.07618389,-31.62183343],[-61.076335,-31.621807],[-61.080453,-31.621101],[-61.08095603,-31.6210136],[-61.08123,-31.620966],[-61.08178516,-31.62089488],[-61.082034,-31.620863],[-61.08240428,-31.62082617],[-61.08314,-31.620753],[-61.08522464,-31.6205546],[-61.087469,-31.620341],[-61.08817528,-31.62026581],[-61.089404,-31.620135],[-61.09344837,-31.61970557],[-61.094,-31.619647],[-61.09426986,-31.61961918],[-61.094776,-31.619567],[-61.09501153,-31.61955994],[-61.095143,-31.619556],[-61.095551,-31.619572],[-61.0956391,-31.619582],[-61.095965,-31.619619],[-61.09621304,-31.61964117],[-61.096323,-31.619651],[-61.096759,-31.61964],[-61.09717,-31.619598],[-61.09722978,-31.61958786],[-61.0975,-31.619542],[-61.097911,-31.619429],[-61.09793414,-31.61942118],[-61.098266,-31.619309],[-61.098628,-31.619207],[-61.098951,-31.619134],[-61.099351,-31.619064],[-61.100349,-31.618897],[-61.10220004,-31.6185861],[-61.102284,-31.618572],[-61.107424,-31.617738],[-61.11105931,-31.61714134],[-61.113663,-31.616714],[-61.11418778,-31.61662555],[-61.115526,-31.6164],[-61.116914,-31.616136],[-61.118007,-31.615911],[-61.11854286,-31.61584821],[-61.119125,-31.61578],[-61.1193361,-31.61576343],[-61.119622,-31.615741],[-61.120324,-31.615711],[-61.120829,-31.615729],[-61.12136416,-31.61575443],[-61.121776,-31.615774],[-61.122447,-31.615856],[-61.12244728,-31.61585604],[-61.123023,-31.615953],[-61.12377259,-31.61609326],[-61.124156,-31.616165],[-61.125188,-31.616426],[-61.132003,-31.618066],[-61.13478427,-31.61873796],[-61.137123,-31.619303],[-61.13740667,-31.61935745],[-61.137795,-31.619432],[-61.13855,-31.619555],[-61.139179,-31.619625],[-61.139904,-31.619666],[-61.14051206,-31.61967253],[-61.140649,-31.619674],[-61.14078814,-31.6196749],[-61.141269,-31.619678],[-61.14148461,-31.61967928],[-61.141776,-31.619681],[-61.14203082,-31.61968998],[-61.142287,-31.619699],[-61.142832,-31.619701],[-61.143309,-31.619701],[-61.14386,-31.619688],[-61.144502,-31.619561],[-61.145069,-31.619366],[-61.145569,-31.619111],[-61.14580809,-31.61895905],[-61.146019,-31.618825],[-61.14677929,-31.6183543],[-61.147652,-31.617814],[-61.148697,-31.6172],[-61.15535,-31.613571],[-61.16704,-31.60721],[-61.168292,-31.606537],[-61.16893,-31.606221],[-61.169646,-31.605974],[-61.17031169,-31.605813],[-61.170444,-31.605781],[-61.17058337,-31.60575101],[-61.171155,-31.605628],[-61.171746,-31.605504],[-61.172833,-31.605304],[-61.175447,-31.604759],[-61.179813,-31.603838],[-61.18099215,-31.60359294],[-61.184004,-31.602967],[-61.18730209,-31.60227571],[-61.188503,-31.602024],[-61.1905246,-31.60160384],[-61.193377,-31.601011],[-61.19721524,-31.60020803],[-61.20005,-31.599615],[-61.20183783,-31.59923591],[-61.205615,-31.598435],[-61.21168051,-31.59718073],[-61.213512,-31.596802],[-61.21636563,-31.59620278],[-61.21886,-31.595679],[-61.22049618,-31.59533504],[-61.224259,-31.594544],[-61.22460379,-31.5944825],[-61.224814,-31.594445],[-61.225412,-31.594368],[-61.225942,-31.594326],[-61.226472,-31.59433],[-61.227213,-31.594385],[-61.22739467,-31.59442307],[-61.227924,-31.594534],[-61.22847346,-31.5947066],[-61.228653,-31.594763],[-61.229821,-31.595229],[-61.23056595,-31.59553514],[-61.231264,-31.595822],[-61.23260991,-31.59637286],[-61.23456,-31.597171],[-61.23509706,-31.59738663],[-61.235357,-31.597491],[-61.23605,-31.597717],[-61.236654,-31.597867],[-61.23699499,-31.59792451],[-61.237241,-31.597966],[-61.23745926,-31.59798395],[-61.237849,-31.598016],[-61.23807683,-31.59802166],[-61.238412,-31.59803],[-61.23877477,-31.59801389],[-61.239065,-31.598001],[-61.239729,-31.597933],[-61.240441,-31.597804],[-61.24241306,-31.59744296],[-61.243183,-31.597302],[-61.246226,-31.596763],[-61.247766,-31.596496],[-61.24841166,-31.59637999],[-61.249085,-31.596259],[-61.252961,-31.595565],[-61.25669,-31.594889],[-61.259415,-31.594405],[-61.25998031,-31.59430352],[-61.261905,-31.593958],[-61.26245117,-31.59385865],[-61.262889,-31.593779],[-61.26374441,-31.59362693],[-61.263789,-31.593619],[-61.26565,-31.59329],[-61.2667673,-31.59308927],[-61.267665,-31.592928],[-61.26795473,-31.59287703],[-61.268762,-31.592735],[-61.269745,-31.592579],[-61.27107097,-31.5923793],[-61.273855,-31.59196],[-61.27537055,-31.59174645],[-61.276048,-31.591651],[-61.276462,-31.591609],[-61.27655516,-31.59160417],[-61.276906,-31.591586],[-61.27719219,-31.59159294],[-61.277401,-31.591598],[-61.277798,-31.591596],[-61.278365,-31.591543],[-61.2788283,-31.59145282],[-61.278925,-31.591434],[-61.279394,-31.591281],[-61.27969169,-31.59117971],[-61.28002,-31.591068],[-61.28051579,-31.59096238],[-61.280649,-31.590934],[-61.28089143,-31.59089662],[-61.281998,-31.590726],[-61.28399135,-31.59038165],[-61.285315,-31.590153],[-61.291976,-31.589009],[-61.29568782,-31.58837185],[-61.302672,-31.587173],[-61.315704,-31.584933],[-61.31771395,-31.5845846],[-61.323152,-31.583642],[-61.32356768,-31.58356953],[-61.323955,-31.583502],[-61.32832662,-31.58275205],[-61.332763,-31.581991],[-61.341874,-31.580423],[-61.34276516,-31.58027028],[-61.344494,-31.579974],[-61.34625723,-31.57966095],[-61.347344,-31.579468],[-61.34971875,-31.57905062],[-61.35222,-31.578611],[-61.35627,-31.577933],[-61.35681991,-31.57783171],[-61.357421,-31.577721],[-61.358564,-31.577527],[-61.35903636,-31.57746837],[-61.359273,-31.577439],[-61.359906,-31.577403],[-61.360656,-31.577402],[-61.36132228,-31.57743863],[-61.362293,-31.577492],[-61.366439,-31.577807],[-61.36927307,-31.57802583],[-61.372228,-31.578254],[-61.374224,-31.578414],[-61.374851,-31.578467],[-61.375581,-31.57848],[-61.37589062,-31.57848601],[-61.376405,-31.578496],[-61.377197,-31.578446],[-61.377845,-31.578355],[-61.378579,-31.578245],[-61.378615,-31.57823711],[-61.379332,-31.57808],[-61.380148,-31.577865],[-61.380814,-31.577641],[-61.381409,-31.57741],[-61.3815228,-31.57736425],[-61.382093,-31.577135],[-61.38235302,-31.5770237],[-61.382649,-31.576897],[-61.383156,-31.576696],[-61.3834766,-31.57656447],[-61.383663,-31.576488],[-61.384821,-31.576],[-61.3851091,-31.57585371],[-61.38527,-31.575772],[-61.389227,-31.573604],[-61.39063041,-31.57283657],[-61.391661,-31.572273],[-61.40178266,-31.56675318],[-61.401783,-31.566753],[-61.40293105,-31.56612452],[-61.408065,-31.563314],[-61.4083552,-31.56315685],[-61.409583,-31.562492],[-61.412035,-31.561155],[-61.41235691,-31.56097888],[-61.413733,-31.560226],[-61.415628,-31.559195],[-61.41836723,-31.55769611],[-61.420544,-31.556505],[-61.422642,-31.555362],[-61.42394403,-31.55464629],[-61.424896,-31.554123],[-61.42706565,-31.55293908],[-61.429888,-31.551399],[-61.431142,-31.550711],[-61.431759,-31.55037],[-61.43195478,-31.55026581],[-61.432396,-31.550031],[-61.43295,-31.549802],[-61.43320897,-31.54971516],[-61.433612,-31.54958],[-61.434135,-31.549435],[-61.43469024,-31.54931905],[-61.434815,-31.549293],[-61.43522351,-31.54922105],[-61.438863,-31.54858],[-61.44166171,-31.54808054],[-61.445066,-31.547473],[-61.449784,-31.546639],[-61.44978433,-31.54663895],[-61.454256,-31.545824],[-61.458474,-31.545069],[-61.460643,-31.544707],[-61.46186717,-31.54448128],[-61.462487,-31.544367],[-61.46371309,-31.5441511],[-61.466326,-31.543691],[-61.470991,-31.542862],[-61.475607,-31.542046],[-61.47777042,-31.54166398],[-61.480398,-31.5412],[-61.48387208,-31.54058761],[-61.486122,-31.540191],[-61.48747356,-31.53995395],[-61.489925,-31.539524],[-61.49113385,-31.53931212],[-61.492327,-31.539103],[-61.494677,-31.538694],[-61.49658956,-31.53835907],[-61.499034,-31.537931],[-61.50263605,-31.5373],[-61.504634,-31.53695],[-61.511726,-31.535707],[-61.51384573,-31.53533585],[-61.517917,-31.534623],[-61.51868842,-31.53449997],[-61.518845,-31.534475],[-61.519822,-31.534295],[-61.520684,-31.534135],[-61.521546,-31.533999],[-61.52213678,-31.53389849],[-61.522604,-31.533819],[-61.52297196,-31.53374195],[-61.523435,-31.533645],[-61.52424,-31.533424],[-61.52487,-31.5332],[-61.52494465,-31.53317439],[-61.525829,-31.532871],[-61.52613072,-31.53278782],[-61.526598,-31.532659],[-61.52696121,-31.53259127]]]},"geometry_name":"geom","properties":{"gid":2695,"rtn":"19","typ":41,"rst":1,"hct":1,"fdc":"Dirección Nacional de Vialidad","sag":"IGN"},"bbox":[-61.52696121,-31.67285108,-60.76893612,-31.53259127]},{"type":"Feature","id":"vial_nacional.2696","geometry":{"type":"MultiLineString","coordinates":[[[-60.7689,-31.6728034],[-60.77007123,-31.67261187],[-60.77057765,-31.67252713],[-60.77166153,-31.67234577],[-60.776722,-31.671499],[-60.780453,-31.670861],[-60.782406,-31.670534],[-60.783377,-31.670356],[-60.78365582,-31.67030541],[-60.78415866,-31.67021417],[-60.784369,-31.670176],[-60.78447547,-31.67015776],[-60.785116,-31.670048],[-60.78679307,-31.66971797],[-60.787357,-31.669607],[-60.790361,-31.669],[-60.793329,-31.668429],[-60.793937,-31.668313],[-60.794364,-31.668212],[-60.794632,-31.66809],[-60.794837,-31.667928],[-60.795015,-31.667779],[-60.795185,-31.667653],[-60.795389,-31.667547],[-60.795587,-31.667468],[-60.795817,-31.667407],[-60.79588517,-31.66739974],[-60.796061,-31.667381],[-60.796293,-31.667378],[-60.796493,-31.667395],[-60.796698,-31.667438],[-60.797148,-31.667576],[-60.79739,-31.667608],[-60.7975539,-31.66760588],[-60.79757312,-31.66760563],[-60.797699,-31.667604],[-60.79845,-31.667475],[-60.799716,-31.667272],[-60.801374,-31.667006],[-60.802706,-31.666809],[-60.816677,-31.66451],[-60.825268,-31.663096],[-60.827987,-31.662641],[-60.829123,-31.662451],[-60.830291,-31.662239],[-60.830702,-31.662183],[-60.831063,-31.662106],[-60.83138628,-31.66201333],[-60.831513,-31.661977],[-60.832251,-31.661728],[-60.832963,-31.661469],[-60.83320469,-31.6613831],[-60.834564,-31.6609],[-60.836548,-31.66019],[-60.837214,-31.659974],[-60.837688,-31.659834],[-60.838281,-31.659703],[-60.839613,-31.659488],[-60.841217,-31.65922],[-60.841778,-31.659091],[-60.842304,-31.65892],[-60.843113,-31.658618],[-60.843576,-31.658456],[-60.843993,-31.658342],[-60.844765,-31.658176],[-60.845237,-31.658111],[-60.845796,-31.658058],[-60.846262,-31.658037],[-60.846775,-31.658035],[-60.847614,-31.658058],[-60.848108,-31.658043],[-60.848696,-31.657978],[-60.849982,-31.657771],[-60.852025,-31.657426],[-60.857684,-31.656494],[-60.862608,-31.655754],[-60.863185,-31.655644],[-60.864259,-31.65541],[-60.865383,-31.655143],[-60.867073,-31.654739],[-60.868131,-31.654521],[-60.869552,-31.654268],[-60.870441,-31.654134],[-60.872138,-31.653877],[-60.873503,-31.65366],[-60.883537,-31.651986],[-60.888403,-31.651173],[-60.89038798,-31.65085658],[-60.891088,-31.650745],[-60.89145653,-31.6506888],[-60.893462,-31.650383],[-60.900431,-31.649324],[-60.903857,-31.648766],[-60.905682,-31.648457],[-60.907259,-31.648194],[-60.908538,-31.647978],[-60.909557,-31.647768],[-60.91184,-31.647251],[-60.91509696,-31.64652289],[-60.916179,-31.646281],[-60.9167129,-31.64618344],[-60.917476,-31.646044],[-60.918666,-31.645833],[-60.921147,-31.645381],[-60.923546,-31.644953],[-60.925917,-31.64455],[-60.932709,-31.643386],[-60.936527,-31.642729],[-60.939581,-31.642208],[-60.949941,-31.640421],[-60.951241,-31.640161],[-60.951938,-31.639989],[-60.952677,-31.639793],[-60.954107,-31.639353],[-60.954938,-31.639104],[-60.955423,-31.638998],[-60.955965,-31.638896],[-60.956611,-31.638814],[-60.957343,-31.638751],[-60.958181,-31.638706],[-60.959665,-31.638587],[-60.960694,-31.638448],[-60.961998,-31.63822],[-60.96389,-31.63787],[-60.968015,-31.637115],[-60.972081,-31.636375],[-60.975401,-31.635767],[-60.979206,-31.63508],[-60.987525,-31.63356],[-60.995961,-31.631876],[-60.998645,-31.631366],[-61.003941,-31.630435],[-61.004722,-31.630267],[-61.005575,-31.63005],[-61.006847,-31.629669],[-61.00786898,-31.62929463],[-61.008272,-31.629147],[-61.008994,-31.628915],[-61.009691,-31.628728],[-61.010849,-31.628424],[-61.01248,-31.628131],[-61.013602,-31.627929],[-61.01364743,-31.62792239],[-61.01463331,-31.62777888],[-61.014976,-31.627729],[-61.0151147,-31.627717],[-61.016271,-31.627617],[-61.01683296,-31.62757915],[-61.017518,-31.627533],[-61.018642,-31.627507],[-61.019627,-31.627538],[-61.02008582,-31.62755991],[-61.021533,-31.627629],[-61.022496,-31.627668],[-61.023549,-31.627717],[-61.026069,-31.627841],[-61.027388,-31.627902],[-61.028066,-31.627916],[-61.028701,-31.627894],[-61.029266,-31.627851],[-61.02984441,-31.62775476],[-61.029861,-31.627752],[-61.030439,-31.627647],[-61.03049772,-31.62763298],[-61.031084,-31.627493],[-61.03267636,-31.62705325],[-61.03527,-31.626337],[-61.04176069,-31.6245871],[-61.041902,-31.624549],[-61.04194519,-31.62453697],[-61.043593,-31.624078],[-61.044362,-31.623886],[-61.045062,-31.623738],[-61.045574,-31.62366],[-61.046138,-31.623593],[-61.046785,-31.623541],[-61.047302,-31.623526],[-61.04772176,-31.62354554],[-61.047968,-31.623557],[-61.0485694,-31.62361175],[-61.048638,-31.623618],[-61.049353,-31.623707],[-61.04965933,-31.62376178],[-61.050175,-31.623854],[-61.051977,-31.624169],[-61.05290793,-31.6243357],[-61.0540554,-31.62454117],[-61.054289,-31.624583],[-61.055065,-31.624699],[-61.05542346,-31.62473239],[-61.055634,-31.624752],[-61.056239,-31.624785],[-61.05699,-31.624768],[-61.05767519,-31.62472249],[-61.057818,-31.624713],[-61.058603,-31.624609],[-61.05921025,-31.62448038],[-61.059467,-31.624426],[-61.06052994,-31.62420468],[-61.060831,-31.624142],[-61.061363,-31.624043],[-61.06210311,-31.62386632],[-61.062272,-31.623826],[-61.063662,-31.62343],[-61.06495019,-31.62301743],[-61.06527,-31.622915],[-61.065756,-31.622782],[-61.066285,-31.622669],[-61.067176,-31.622513],[-61.06771581,-31.62245856],[-61.068009,-31.622429],[-61.06845336,-31.62241365],[-61.069109,-31.622391],[-61.06992634,-31.62233139],[-61.070014,-31.622325],[-61.07051174,-31.62226706],[-61.070916,-31.62222],[-61.071694,-31.622093],[-61.07519,-31.6215],[-61.076258,-31.621326],[-61.0802183,-31.62063432],[-61.080369,-31.620608],[-61.08112,-31.620494],[-61.081951,-31.62037],[-61.083054,-31.620258],[-61.087381,-31.619814],[-61.089334,-31.619608],[-61.0934686,-31.61918636],[-61.093884,-31.619144],[-61.094714,-31.619057],[-61.09513,-31.619005],[-61.09517812,-31.61899704],[-61.095511,-31.618942],[-61.09567358,-31.6189099],[-61.095896,-31.618866],[-61.09629285,-31.61872639],[-61.096311,-31.61872],[-61.096737,-31.618602],[-61.09687165,-31.61857781],[-61.0969889,-31.61855675],[-61.09711,-31.618535],[-61.09751,-31.618505],[-61.09788,-31.618508],[-61.0981397,-31.61852276],[-61.098232,-31.618528],[-61.098546,-31.61854],[-61.098851,-31.61853],[-61.099192,-31.618498],[-61.100266,-31.618341],[-61.102204,-31.618023],[-61.10460859,-31.61763902],[-61.107314,-31.617207],[-61.11240714,-31.61639981],[-61.113548,-31.616219],[-61.11485684,-31.616002],[-61.115454,-31.615903],[-61.11610257,-31.61580411],[-61.11628022,-31.61577702],[-61.116805,-31.615697],[-61.11763827,-31.61559017],[-61.117741,-31.615577],[-61.11824924,-31.61552957],[-61.118384,-31.615517],[-61.119099,-31.615465],[-61.119568,-31.615434],[-61.11995553,-31.61543637],[-61.120059,-31.615437],[-61.1202895,-31.6154467],[-61.120819,-31.615469],[-61.12095954,-31.61547842],[-61.12175075,-31.61553148],[-61.121848,-31.615538],[-61.12192642,-31.61554888],[-61.122403,-31.615615],[-61.1225388,-31.61563632],[-61.12297,-31.615704],[-61.124027,-31.615923],[-61.125281,-31.61623],[-61.132072,-31.617868],[-61.137196,-31.619097],[-61.137854,-31.619226],[-61.138562,-31.61935],[-61.139126,-31.61941],[-61.13962324,-31.6194513],[-61.139752,-31.619462],[-61.14025064,-31.61946976],[-61.14046181,-31.61947305],[-61.140587,-31.619475],[-61.141203,-31.619456],[-61.14150653,-31.61942733],[-61.14169,-31.61941],[-61.1420711,-31.61934376],[-61.142133,-31.619333],[-61.142681,-31.619186],[-61.143198,-31.618973],[-61.143768,-31.618707],[-61.144269,-31.618536],[-61.144785,-31.618417],[-61.145342,-31.618353],[-61.14548946,-31.61832717],[-61.14574895,-31.61828172],[-61.145833,-31.618267],[-61.14585512,-31.61826144],[-61.14619466,-31.61817618],[-61.146283,-31.618154],[-61.14631704,-31.61814103],[-61.146758,-31.617973],[-61.14711,-31.617817],[-61.14749987,-31.61760515],[-61.155294,-31.61337],[-61.166987,-31.607],[-61.168295,-31.606277],[-61.168954,-31.605943],[-61.169625,-31.605643],[-61.170367,-31.605377],[-61.171069,-31.605175],[-61.17137445,-31.60510095],[-61.171663,-31.605031],[-61.17276,-31.604784],[-61.175371,-31.604244],[-61.17844481,-31.60361201],[-61.179724,-31.603349],[-61.183911,-31.602468],[-61.188429,-31.601536],[-61.193303,-31.600523],[-61.19701346,-31.59975257],[-61.199954,-31.599142],[-61.205533,-31.597962],[-61.213394,-31.596295],[-61.218779,-31.595181],[-61.224196,-31.594054],[-61.224801,-31.593946],[-61.225348,-31.593882],[-61.225929,-31.593856],[-61.22648,-31.593869],[-61.227244,-31.593942],[-61.22797,-31.594075],[-61.228691,-31.594284],[-61.229762,-31.594678],[-61.23043255,-31.59496525],[-61.231214,-31.5953],[-61.23364593,-31.59627099],[-61.234485,-31.596606],[-61.235256,-31.596905],[-61.235958,-31.597137],[-61.23636044,-31.59723348],[-61.236592,-31.597289],[-61.237182,-31.597381],[-61.23779,-31.597448],[-61.238353,-31.597465],[-61.238982,-31.597448],[-61.23964,-31.597385],[-61.24034,-31.597288],[-61.243111,-31.596799],[-61.246133,-31.59626],[-61.247665,-31.595997],[-61.24816379,-31.59590511],[-61.249022,-31.595747],[-61.252888,-31.595058],[-61.2566,-31.59439],[-61.25932,-31.593895],[-61.261816,-31.593446],[-61.26282,-31.593272],[-61.263723,-31.593107],[-61.265551,-31.592791],[-61.267568,-31.592431],[-61.268697,-31.592237],[-61.269683,-31.592079],[-61.273762,-31.591451],[-61.27521588,-31.59122487],[-61.275948,-31.591111],[-61.276484,-31.591023],[-61.276809,-31.590938],[-61.277114,-31.590835],[-61.277525,-31.590681],[-61.27787168,-31.59057899],[-61.27796,-31.590553],[-61.278474,-31.590488],[-61.278842,-31.590468],[-61.279394,-31.590476],[-61.2799162,-31.59047971],[-61.279957,-31.59048],[-61.2800696,-31.59046738],[-61.280555,-31.590413],[-61.28077571,-31.5903804],[-61.281821,-31.590226],[-61.28365599,-31.58991602],[-61.285142,-31.589665],[-61.29185,-31.588511],[-61.302563,-31.586668],[-61.315612,-31.584409],[-61.323046,-31.583138],[-61.32356583,-31.5830546],[-61.32377112,-31.58302166],[-61.324224,-31.582949],[-61.332654,-31.581486],[-61.341784,-31.579916],[-61.344376,-31.579453],[-61.34651725,-31.57910179],[-61.347211,-31.578988],[-61.352136,-31.57814],[-61.356196,-31.577438],[-61.35660151,-31.57737864],[-61.357289,-31.577278],[-61.358356,-31.577172],[-61.359181,-31.57714],[-61.359707,-31.577133],[-61.360618,-31.577146],[-61.36069241,-31.57715069],[-61.36140694,-31.57719574],[-61.362347,-31.577255],[-61.36453595,-31.57744328],[-61.366358,-31.5776],[-61.372084,-31.578038],[-61.374236,-31.5782],[-61.374874,-31.578242],[-61.375546,-31.578271],[-61.376363,-31.578271],[-61.377227,-31.578221],[-61.377856,-31.578145],[-61.378439,-31.578053],[-61.379341,-31.577868],[-61.380162,-31.577641],[-61.380795,-31.577423],[-61.381461,-31.577157],[-61.382056,-31.576885],[-61.38243607,-31.57668918],[-61.382615,-31.576597],[-61.38318102,-31.57628869],[-61.383219,-31.576268],[-61.384606,-31.5755],[-61.38912,-31.573053],[-61.391533,-31.571737],[-61.40168,-31.566197],[-61.407953,-31.562773],[-61.409493,-31.561933],[-61.41193,-31.560603],[-61.41363,-31.559673],[-61.415539,-31.558633],[-61.420458,-31.555948],[-61.422553,-31.554805],[-61.424807,-31.553572],[-61.42979,-31.550852],[-61.431038,-31.550168],[-61.43167,-31.549825],[-61.432293,-31.549528],[-61.433023,-31.549236],[-61.433521,-31.549078],[-61.434035,-31.548941],[-61.434715,-31.548794],[-61.438766,-31.548083],[-61.445002,-31.546979],[-61.449733,-31.546155],[-61.454152,-31.545335],[-61.458399,-31.544611],[-61.460513,-31.544217],[-61.462406,-31.543879],[-61.46385608,-31.54362366],[-61.466245,-31.543203],[-61.46672903,-31.54312017],[-61.470914,-31.542404],[-61.475533,-31.541598],[-61.480336,-31.540741],[-61.486051,-31.539733],[-61.489856,-31.53906],[-61.492219,-31.538612],[-61.494571,-31.5382],[-61.49711713,-31.53774862],[-61.49892,-31.537429],[-61.504517,-31.536441],[-61.50614509,-31.53615338],[-61.511638,-31.535183],[-61.518734,-31.53392],[-61.51973,-31.533751],[-61.520595,-31.533603],[-61.521459,-31.533448],[-61.522522,-31.533257],[-61.52472,-31.532872],[-61.52693156,-31.53247612]]]},"geometry_name":"geom","properties":{"gid":2696,"rtn":"19","typ":41,"rst":1,"hct":1,"fdc":"Dirección Nacional de Vialidad","sag":"IGN"},"bbox":[-61.52693156,-31.6728034,-60.7689,-31.53247612]}],"totalFeatures":294,"numberMatched":294,"numberReturned":294,"timeStamp":"2026-05-19T16:31:06.038Z","crs":{"type":"name","properties":{"name":"urn:ogc:def:crs:EPSG::4326"}},"bbox":[-61.5544336,-34.2448189,-57.2079511,-29.1387036]}