{"type":"FeatureCollection","features":[{"type":"Feature","id":"vial_provincial.829","geometry":{"type":"MultiLineString","coordinates":[[[-60.77400642,-31.18469356],[-60.74373904,-31.18999556]]]},"geometry_name":"geom","properties":{"gid":829,"rtn":"80s","typ":40,"rst":2,"hct":2,"fdc":"IDESF","sag":"IGN"},"bbox":[-60.77400642,-31.18999556,-60.74373904,-31.18469356]},{"type":"Feature","id":"vial_provincial.870","geometry":{"type":"MultiLineString","coordinates":[[[-60.98690944,-31.14196252],[-60.98895666,-31.13863378],[-60.99047919,-31.13841715],[-60.99022378,-31.13709379],[-60.98941829,-31.13720122],[-60.98835316,-31.1324477]]]},"geometry_name":"geom","properties":{"gid":870,"rtn":"50s","typ":40,"rst":1,"hct":2,"fdc":"IDESF","sag":"IGN"},"bbox":[-60.99047919,-31.14196252,-60.98690944,-31.1324477]},{"type":"Feature","id":"vial_provincial.1051","geometry":{"type":"MultiLineString","coordinates":[[[-60.8495484,-31.2621291],[-60.8507507,-31.2670458],[-60.8538342,-31.278663],[-60.8546802,-31.2825854],[-60.857717,-31.2936889],[-60.8584681,-31.296478],[-60.8585443,-31.2967236],[-60.8586432,-31.2970166],[-60.8587776,-31.2973842],[-60.8589696,-31.2978403],[-60.8596261,-31.2993639],[-60.8599292,-31.300058],[-60.8604717,-31.3013078],[-60.8610068,-31.3026398],[-60.8613855,-31.3038768],[-60.8622089,-31.3070903],[-60.865152,-31.3176592],[-60.8651774,-31.3177504],[-60.8675596,-31.3264656],[-60.8719797,-31.3424673],[-60.8764371,-31.3587765],[-60.8766302,-31.3593455],[-60.8768273,-31.3598428],[-60.8770696,-31.3603482],[-60.8774126,-31.3609403],[-60.8779441,-31.3616789],[-60.8788508,-31.3626578],[-60.8801289,-31.3636889],[-60.8856284,-31.3672161],[-60.8861157,-31.3675369],[-60.8866128,-31.367909],[-60.8873553,-31.3685238],[-60.8876666,-31.3688188],[-60.8877626,-31.3689205],[-60.8881582,-31.3693438],[-60.8888451,-31.3702304],[-60.8899431,-31.3721586],[-60.8903807,-31.3729469],[-60.8922418,-31.3761522],[-60.892439,-31.3765734],[-60.8926147,-31.3770605],[-60.8927852,-31.377537],[-60.8928865,-31.3779342],[-60.893045,-31.3789858],[-60.8937004,-31.3832351],[-60.8938238,-31.3840892],[-60.8939995,-31.3851665],[-60.8942422,-31.3866068],[-60.8943187,-31.3871323],[-60.8944395,-31.3878226],[-60.8945896,-31.3884912],[-60.8946191,-31.3885828],[-60.8947465,-31.3890659],[-60.8948256,-31.3892743],[-60.8950228,-31.3898032],[-60.8953325,-31.3904626],[-60.8955847,-31.3909354],[-60.8961117,-31.3917116],[-60.8964443,-31.3921695],[-60.8968627,-31.3926641],[-60.8971252,-31.3929455],[-60.898122,-31.3940321],[-60.8989562,-31.3949433],[-60.8997569,-31.3958546],[-60.9000614,-31.3962628],[-60.9004314,-31.3968104],[-60.9008512,-31.3975156],[-60.9010726,-31.3979848],[-60.9012603,-31.3984469],[-60.9016055,-31.3994795],[-60.9020143,-31.4007946],[-60.902319,-31.4018363],[-60.9031713,-31.404659],[-60.9039551,-31.4072835],[-60.9046706,-31.4093526],[-60.9050866,-31.4104995],[-60.9069203,-31.4163105],[-60.9086967,-31.4223249],[-60.9104212,-31.4281062],[-60.9119295,-31.434339],[-60.9124269,-31.4362062],[-60.9137294,-31.4401784],[-60.9140314,-31.441186],[-60.9142368,-31.4418169],[-60.9143797,-31.4422417],[-60.9147046,-31.4432314],[-60.9147831,-31.4434706],[-60.9150993,-31.444425],[-60.9154602,-31.4455147],[-60.9154596,-31.4456168],[-60.915555,-31.4459559]]]},"geometry_name":"geom","properties":{"gid":1051,"rtn":"6","typ":40,"rst":1,"hct":2,"fdc":"IDESF","sag":"IGN"},"bbox":[-60.915555,-31.4459559,-60.8495484,-31.2621291]},{"type":"Feature","id":"vial_provincial.1092","geometry":{"type":"MultiLineString","coordinates":[[[-60.9195105,-31.1469869],[-60.9200425,-31.1469038],[-60.9302587,-31.1452625],[-60.9309911,-31.1451441],[-60.9354627,-31.1444772],[-60.9397463,-31.1438384],[-60.9406463,-31.1436897],[-60.9415913,-31.1435422],[-60.9421116,-31.1434586],[-60.9457968,-31.1428669],[-60.9534143,-31.1420037],[-60.9584291,-31.1413503],[-60.9597423,-31.1411847],[-60.9618795,-31.1409137],[-60.9632689,-31.140854],[-60.9654361,-31.1407576],[-60.967319,-31.1405349],[-60.9684724,-31.1404316],[-60.9707469,-31.1401768],[-60.9733173,-31.1398399],[-60.9738127,-31.139775],[-60.9752126,-31.1393866],[-60.9762051,-31.1389642],[-60.9770903,-31.1383999],[-60.9781444,-31.1375321],[-60.9795097,-31.13629],[-60.9813202,-31.1346921],[-60.9819666,-31.134233],[-60.9826613,-31.1338151],[-60.9831654,-31.1335839],[-60.9836785,-31.1333273],[-60.9848451,-31.1329538],[-60.9852568,-31.1328349],[-60.9859082,-31.1326974],[-60.9866025,-31.1325978],[-60.987504,-31.1325138],[-60.98835316,-31.1324477]]]},"geometry_name":"geom","properties":{"gid":1092,"rtn":"80s","typ":40,"rst":1,"hct":2,"fdc":"IDESF","sag":"IGN"},"bbox":[-60.98835316,-31.1469869,-60.9195105,-31.1324477]},{"type":"Feature","id":"vial_provincial.1375","geometry":{"type":"MultiLineString","coordinates":[[[-61.2337857,-31.3453293],[-61.2326477,-31.3455297],[-61.2324137,-31.3455693],[-61.231089,-31.3457961],[-61.2283593,-31.346277],[-61.2215382,-31.3474288],[-61.2202811,-31.3476472],[-61.2077586,-31.3498106],[-61.1942838,-31.3520263],[-61.1824514,-31.3539545],[-61.1807514,-31.3542847],[-61.1761103,-31.3554799],[-61.1724641,-31.356454],[-61.1721251,-31.356526],[-61.1715963,-31.3566132],[-61.1627605,-31.3580987],[-61.1472889,-31.3606997],[-61.1462973,-31.3608739],[-61.145992,-31.3609451],[-61.1457365,-31.3610276],[-61.1453977,-31.3611674],[-61.1451841,-31.3612881],[-61.1449706,-31.3614294],[-61.1447704,-31.361589],[-61.1445901,-31.3617514],[-61.1444076,-31.3619589],[-61.1442345,-31.3621989],[-61.144073,-31.3624511],[-61.1438119,-31.3628325],[-61.1436485,-31.3630579],[-61.1418242,-31.3657303],[-61.1400255,-31.368387],[-61.1384071,-31.3706144],[-61.1381315,-31.3709928],[-61.1315981,-31.380458],[-61.1312288,-31.3808289],[-61.1308541,-31.3811087],[-61.1303781,-31.3813418],[-61.1299224,-31.3814969],[-61.1294705,-31.3815958],[-61.1160938,-31.3842262],[-61.0999487,-31.3873437],[-61.0928324,-31.3886776],[-61.0923002,-31.3887905],[-61.0882798,-31.389572],[-61.0881586,-31.3895965],[-61.085522,-31.3901062],[-61.0850025,-31.3902059],[-61.0836865,-31.3904611],[-61.0824381,-31.3907064],[-61.0818779,-31.3908248],[-61.0802289,-31.3911629],[-61.0798319,-31.3912334],[-61.0796936,-31.3912608],[-61.0776521,-31.3916557],[-61.076754,-31.3918411],[-61.0763609,-31.3919662],[-61.0759542,-31.3921256],[-61.0753295,-31.3924639],[-61.0747609,-31.3928714],[-61.0739339,-31.3935012],[-61.0730844,-31.3941361],[-61.0690033,-31.3972304],[-61.0637774,-31.4011483],[-61.0624683,-31.4021521],[-61.0617796,-31.4026802],[-61.061346,-31.4030486],[-61.0611976,-31.4031747],[-61.0551637,-31.4083012],[-61.0472275,-31.4151878],[-61.0466022,-31.415704],[-61.0463445,-31.4158826],[-61.0461226,-31.4160379],[-61.0456756,-31.4162862],[-61.0451542,-31.4165087],[-61.0447392,-31.4166419],[-61.0441509,-31.4167913],[-61.0383503,-31.4178569],[-61.0379455,-31.4179302],[-61.0234721,-31.4206082],[-61.0232766,-31.4206513],[-61.0220592,-31.4208589],[-61.0126147,-31.4226016],[-61.0109129,-31.4229029],[-61.005295,-31.4239553],[-61.001864,-31.424603],[-60.9952439,-31.4258086],[-60.9939332,-31.4260522],[-60.9911876,-31.4265626],[-60.9873655,-31.427273],[-60.9845607,-31.4277612],[-60.9839203,-31.4279136],[-60.9834086,-31.4280587],[-60.9829921,-31.4281888],[-60.9805933,-31.4290483],[-60.968848,-31.4332051],[-60.9684447,-31.433325],[-60.9663563,-31.4338215],[-60.9628908,-31.4346687],[-60.9599052,-31.4353689],[-60.9574434,-31.4359595],[-60.9548342,-31.4365854],[-60.9526547,-31.4371083],[-60.9520523,-31.4372528],[-60.9499081,-31.4377873],[-60.9492035,-31.437963],[-60.9489933,-31.4380127],[-60.9465857,-31.4385823],[-60.9449405,-31.4389715],[-60.9432867,-31.4393511],[-60.9412107,-31.4398538],[-60.9411729,-31.4398628],[-60.9385029,-31.4405255],[-60.9369115,-31.4409129],[-60.9357723,-31.441191],[-60.9349389,-31.441391],[-60.9340641,-31.4415945],[-60.9331224,-31.4418146],[-60.9322804,-31.4420152],[-60.9313738,-31.4422393],[-60.9303431,-31.442484],[-60.9295397,-31.4426666],[-60.9285333,-31.4429045],[-60.9275391,-31.4431326],[-60.926566,-31.4433561],[-60.9255873,-31.4435922],[-60.9255202,-31.4436085],[-60.9254006,-31.4436375],[-60.9253519,-31.4436487],[-60.9247116,-31.4438036],[-60.9243389,-31.4438907],[-60.9232495,-31.4441444],[-60.9221056,-31.4444227],[-60.9210713,-31.4446664],[-60.9198631,-31.4449639],[-60.9197654,-31.4449871],[-60.9187558,-31.4452366],[-60.9177653,-31.4454742],[-60.9173208,-31.445586],[-60.9172799,-31.4455935],[-60.9171878,-31.4456141],[-60.9168117,-31.4457068]]]},"geometry_name":"geom","properties":{"gid":1375,"rtn":"70","typ":40,"rst":1,"hct":2,"fdc":"IDESF","sag":"IGN"},"bbox":[-61.2337857,-31.4457068,-60.9168117,-31.3453293]},{"type":"Feature","id":"vial_provincial.906","geometry":{"type":"MultiLineString","coordinates":[[[-60.9156155,-31.44594],[-60.915555,-31.4459559]]]},"geometry_name":"geom","properties":{"gid":906,"rtn":"70","typ":40,"rst":1,"hct":2,"fdc":"IDESF","sag":"IGN"},"bbox":[-60.9156155,-31.4459559,-60.915555,-31.44594]},{"type":"Feature","id":"vial_provincial.911","geometry":{"type":"MultiLineString","coordinates":[[[-60.9154602,-31.4455147],[-60.9155179,-31.4456059],[-60.9156155,-31.44594]]]},"geometry_name":"geom","properties":{"gid":911,"rtn":"6","typ":40,"rst":1,"hct":2,"fdc":"IDESF","sag":"IGN"},"bbox":[-60.9156155,-31.44594,-60.9154602,-31.4455147]},{"type":"Feature","id":"vial_provincial.1531","geometry":{"type":"MultiLineString","coordinates":[[[-60.760175,-31.2836529],[-60.7599281,-31.2837433],[-60.7597143,-31.2837882],[-60.759568,-31.2837947],[-60.7594228,-31.2837783],[-60.759239,-31.2837305],[-60.7590761,-31.2836469],[-60.7589618,-31.2835636],[-60.7588469,-31.2834494],[-60.7587485,-31.2832964],[-60.7587136,-31.2832111],[-60.7586924,-31.2831035],[-60.7586562,-31.282872]]]},"geometry_name":"geom","properties":{"gid":1531,"rtn":"4","typ":40,"rst":1,"hct":2,"fdc":"IDESF","sag":"IGN"},"bbox":[-60.760175,-31.2837947,-60.7586562,-31.282872]},{"type":"Feature","id":"vial_provincial.1532","geometry":{"type":"MultiLineString","coordinates":[[[-60.7583685,-31.2858843],[-60.7584517,-31.2854558],[-60.7585237,-31.2852364],[-60.75859075,-31.2850965],[-60.7588372,-31.2847254],[-60.7589828,-31.2845757],[-60.7592132,-31.2843757],[-60.7597309,-31.2839913],[-60.760175,-31.2836529]]]},"geometry_name":"geom","properties":{"gid":1532,"rtn":"4","typ":40,"rst":1,"hct":2,"fdc":"IDESF","sag":"IGN"},"bbox":[-60.760175,-31.2858843,-60.7583685,-31.2836529]},{"type":"Feature","id":"vial_provincial.1533","geometry":{"type":"MultiLineString","coordinates":[[[-60.75877373,-31.28181597],[-60.75596076,-31.28163342],[-60.7549671,-31.28157631],[-60.75424755,-31.28157631],[-60.75352229,-31.28161628],[-60.75254576,-31.28177618],[-60.674624,-31.2992656]]]},"geometry_name":"geom","properties":{"gid":1533,"rtn":"4","typ":40,"rst":1,"hct":2,"fdc":"IDESF","sag":"IGN"},"bbox":[-60.75877373,-31.2992656,-60.674624,-31.28157631]},{"type":"Feature","id":"vial_provincial.1694","geometry":{"type":"MultiLineString","coordinates":[[[-60.66893852,-31.42174353],[-60.67242075,-31.42086822],[-60.68116062,-31.41884354],[-60.68054974,-31.41506374],[-60.68457196,-31.41412122],[-60.69680874,-31.41122195],[-60.70288191,-31.40979198],[-60.71363104,-31.40726103],[-60.726327,-31.40430677],[-60.72901981,-31.40368017],[-60.74142765,-31.40070632],[-60.74283439,-31.40017083],[-60.74388577,-31.39993832],[-60.74527171,-31.39962235],[-60.74581406,-31.39955581],[-60.74633933,-31.39955426],[-60.74731709,-31.39962084]]]},"geometry_name":"geom","properties":{"gid":1694,"rtn":"82s","typ":40,"rst":3,"hct":2,"fdc":"IDESF","sag":"IGN"},"bbox":[-60.74731709,-31.42174353,-60.66893852,-31.39955426]},{"type":"Feature","id":"vial_provincial.1539","geometry":{"type":"MultiLineString","coordinates":[[[-60.9061523,-31.0239347],[-60.9020693,-31.0246425],[-60.8912424,-31.0265192],[-60.8803497,-31.0284073],[-60.8696106,-31.0302688],[-60.8694956,-31.0302887],[-60.8693255,-31.0303182],[-60.8587712,-31.0320848],[-60.8536931,-31.0329341],[-60.8529056,-31.0331012],[-60.8520296,-31.0333439],[-60.8514299,-31.0335894],[-60.8508328,-31.033881],[-60.8499449,-31.0344297],[-60.8491229,-31.0350459],[-60.8478153,-31.0361824],[-60.8416696,-31.0417042],[-60.8400351,-31.0432086],[-60.8396615,-31.0435127],[-60.8388676,-31.0441609],[-60.8381683,-31.0446292],[-60.8376534,-31.0448891],[-60.8374802,-31.0449464],[-60.8371211,-31.0450652],[-60.8365326,-31.0452172],[-60.8350102,-31.0455053],[-60.8336279,-31.0457933],[-60.8328994,-31.0459454],[-60.8318159,-31.0461614],[-60.8037563,-31.0516454],[-60.7903388,-31.0539123],[-60.785749,-31.0546878],[-60.7765693,-31.0563091],[-60.7630149,-31.0583678],[-60.7601167,-31.0588838],[-60.7586095,-31.059346],[-60.7566363,-31.060126],[-60.7550416,-31.0607394],[-60.7538286,-31.0611291],[-60.7525474,-31.0614754],[-60.7494808,-31.061966],[-60.747585,-31.062247],[-60.7462097,-31.0624508],[-60.7451462,-31.0626197],[-60.7431589,-31.062921],[-60.7386414,-31.0636021],[-60.7380187,-31.0637169],[-60.7375652,-31.0638117],[-60.7370572,-31.0639545],[-60.736612,-31.0640949],[-60.7361013,-31.0643052],[-60.7357381,-31.0644696],[-60.7354076,-31.0646426],[-60.7348586,-31.0649648],[-60.7345452,-31.0651741],[-60.7314741,-31.0673881],[-60.7311193,-31.0676086],[-60.7307237,-31.0678289],[-60.7303239,-31.0680225],[-60.729934,-31.0681969],[-60.7294272,-31.0683798],[-60.7288896,-31.0685468],[-60.7282899,-31.0686834],[-60.72784,-31.0687693],[-60.7254658,-31.0691323]]]},"geometry_name":"geom","properties":{"gid":1539,"rtn":"62","typ":40,"rst":1,"hct":2,"fdc":"IDESF","sag":"IGN"},"bbox":[-60.9061523,-31.0691323,-60.7254658,-31.0239347]},{"type":"Feature","id":"vial_provincial.1540","geometry":{"type":"MultiLineString","coordinates":[[[-60.9061523,-31.0239347],[-60.9065413,-31.0239747],[-60.9067756,-31.0240381],[-60.9070037,-31.0241437],[-60.9071824,-31.0243339],[-60.9073457,-31.0246207]]]},"geometry_name":"geom","properties":{"gid":1540,"rtn":"62","typ":40,"rst":1,"hct":2,"fdc":"IDESF","sag":"IGN"},"bbox":[-60.9073457,-31.0246207,-60.9061523,-31.0239347]},{"type":"Feature","id":"vial_provincial.1542","geometry":{"type":"MultiLineString","coordinates":[[[-60.9069642,-31.0228836],[-60.9069358,-31.0232457],[-60.9068434,-31.0234887],[-60.9066893,-31.0236577],[-60.9064858,-31.0237951],[-60.9061523,-31.0239347]]]},"geometry_name":"geom","properties":{"gid":1542,"rtn":"62","typ":40,"rst":1,"hct":2,"fdc":"IDESF","sag":"IGN"},"bbox":[-60.9069642,-31.0239347,-60.9061523,-31.0228836]},{"type":"Feature","id":"vial_provincial.1543","geometry":{"type":"MultiLineString","coordinates":[[[-60.7254658,-31.0691323],[-60.72513188,-31.0692132],[-60.72485777,-31.06932742],[-60.72450371,-31.06952729],[-60.72421246,-31.06976714],[-60.72400116,-31.07000699],[-60.72384126,-31.07028681],[-60.72372134,-31.07058377],[-60.72364139,-31.07091499],[-60.72361367,-31.07140457]]]},"geometry_name":"geom","properties":{"gid":1543,"rtn":"62","typ":40,"rst":1,"hct":2,"fdc":"IDESF","sag":"IGN"},"bbox":[-60.7254658,-31.07140457,-60.72361367,-31.0691323]},{"type":"Feature","id":"vial_provincial.1534","geometry":{"type":"MultiLineString","coordinates":[[[-60.760175,-31.2836529],[-60.7613861,-31.2827497],[-60.7644011,-31.2805111],[-60.765997,-31.2793788],[-60.7689428,-31.2771703],[-60.7696878,-31.276684],[-60.7702113,-31.2763423],[-60.7711742,-31.2759135],[-60.772255,-31.2755494],[-60.7738255,-31.275281],[-60.7771,-31.2747214],[-60.7865785,-31.2730829],[-60.7900669,-31.2724839],[-60.7952466,-31.2716206],[-60.8052534,-31.2699032],[-60.8056141,-31.269856],[-60.8081959,-31.2695178],[-60.8109818,-31.269158],[-60.8121281,-31.2690454],[-60.8125123,-31.2690077],[-60.8134834,-31.2689256],[-60.8137713,-31.2689013],[-60.8144609,-31.2687995],[-60.8160968,-31.2683184],[-60.8164107,-31.2682398],[-60.8180843,-31.2678192],[-60.8196014,-31.2674408],[-60.8262433,-31.2661538],[-60.8308945,-31.2653798],[-60.8359547,-31.2645052],[-60.8433829,-31.2632338],[-60.8470116,-31.2625737],[-60.8495484,-31.2621291],[-60.8527807,-31.261606],[-60.8616903,-31.2600284],[-60.8735021,-31.2579744],[-60.8743377,-31.2578833],[-60.8750483,-31.2578631],[-60.875894,-31.2578754],[-60.8795666,-31.2580769],[-60.8803694,-31.2580832],[-60.8809249,-31.2580599],[-60.8816417,-31.2579726],[-60.882227,-31.257852],[-60.8828966,-31.2576828],[-60.8835095,-31.2574864],[-60.8840035,-31.2572885],[-60.8845371,-31.2570253],[-60.8850214,-31.2567464],[-60.8862966,-31.2558736],[-60.8894684,-31.2535134],[-60.8935953,-31.2504876],[-60.894703,-31.2496838],[-60.8971621,-31.2478845],[-60.8992217,-31.2463679],[-60.8998144,-31.2459277],[-60.9002732,-31.2455614],[-60.9007236,-31.245151],[-60.9012138,-31.2446532],[-60.9021579,-31.2435404],[-60.9024905,-31.2431812],[-60.902812,-31.2428491],[-60.9031575,-31.2425408],[-60.9045449,-31.2414913],[-60.9075156,-31.2392869],[-60.9147874,-31.2340015],[-60.9192437,-31.2307421],[-60.9283845,-31.2239988],[-60.9289419,-31.2235117],[-60.9294269,-31.2229904],[-60.9298911,-31.2223584],[-60.9302107,-31.2218338],[-60.9304443,-31.2213451],[-60.930643,-31.2208728],[-60.9308091,-31.2203726],[-60.9309807,-31.2195101],[-60.9310201,-31.2190895],[-60.931041,-31.2183885],[-60.9309652,-31.2177535],[-60.9308268,-31.2171303],[-60.9306523,-31.216545],[-60.9303449,-31.2158378],[-60.9300354,-31.2152872],[-60.929696,-31.2148016],[-60.929286,-31.2143163],[-60.928759,-31.2138074],[-60.9267248,-31.2119606],[-60.9264873,-31.2117284],[-60.925498,-31.2108176],[-60.9249805,-31.2103503],[-60.9244502,-31.2097987],[-60.9240569,-31.2093081],[-60.9236552,-31.2086746],[-60.9233735,-31.2080609],[-60.9231151,-31.2073475],[-60.9229304,-31.2066941],[-60.9228745,-31.206277],[-60.9228297,-31.2056799],[-60.9228447,-31.2050753],[-60.9236508,-31.1949285],[-60.9236885,-31.1944532],[-60.9244039,-31.185423],[-60.9251482,-31.1763192],[-60.9252699,-31.1747917],[-60.9252535,-31.1738895],[-60.9251716,-31.1732491],[-60.924951,-31.1721188],[-60.9242918,-31.169194],[-60.923308,-31.1645355],[-60.9227038,-31.1617092],[-60.9214207,-31.1558299],[-60.920304,-31.1509389],[-60.9196075,-31.147431],[-60.9195105,-31.1469869],[-60.9194079,-31.1465473],[-60.9175828,-31.1380744],[-60.9170039,-31.1352883],[-60.9156327,-31.1292559],[-60.9156137,-31.1291723],[-60.9146818,-31.1248145],[-60.9137521,-31.120467],[-60.9136956,-31.1202071],[-60.9127976,-31.1160881],[-60.9118092,-31.1115086],[-60.9098579,-31.1025973],[-60.9089127,-31.0981238],[-60.9076097,-31.0923412],[-60.9060487,-31.0848765],[-60.9041256,-31.0759845],[-60.9037049,-31.0740602],[-60.9034014,-31.0727896],[-60.9031236,-31.0720368],[-60.9027163,-31.0712475],[-60.9022751,-31.0706354],[-60.9016472,-31.0698948],[-60.9008813,-31.0691775],[-60.90001,-31.0684021],[-60.8991678,-31.0676241],[-60.8959872,-31.0647215],[-60.8952361,-31.0638208],[-60.8946997,-31.0630121],[-60.8943564,-31.062332],[-60.894056,-31.0615233],[-60.8939058,-31.0608064],[-60.8938628,-31.0600711],[-60.8938628,-31.0594094],[-60.8938975,-31.0592511],[-60.894056,-31.0585271],[-60.8943124,-31.0577224],[-60.894707,-31.0567809],[-60.89553914,-31.05496367],[-60.8978501,-31.049917],[-60.9038133,-31.0367555],[-60.9045274,-31.0352092],[-60.9067505,-31.0302795],[-60.9070815,-31.0295315],[-60.9073757,-31.0288392],[-60.9075264,-31.0281968],[-60.9076525,-31.0274751],[-60.907692,-31.0269163],[-60.907655,-31.0261994],[-60.9075629,-31.0255881],[-60.9073457,-31.0246207],[-60.9072301,-31.024106],[-60.9071629,-31.0237595],[-60.9069642,-31.0228836],[-60.9058842,-31.018124],[-60.9047616,-31.013029],[-60.904641,-31.0124816],[-60.9046314,-31.0124392],[-60.9046236,-31.0124051],[-60.9044913,-31.0117846],[-60.9042184,-31.0105049],[-60.9037947,-31.0086231],[-60.9033404,-31.0066515],[-60.9030155,-31.0051634],[-60.9029056,-31.0043634],[-60.902903,-31.0035561],[-60.903018,-31.0027899],[-60.9031812,-31.002127],[-60.9033508,-31.0016275],[-60.9036298,-31.001016],[-60.9039992,-31.000385],[-60.9054387,-30.9976927],[-60.9066392,-30.9954872],[-60.9101534,-30.9890307],[-60.9145658,-30.981172],[-60.9146795,-30.9809694],[-60.9147847,-30.9807714],[-60.9170624,-30.9765942],[-60.9184952,-30.9740139],[-60.9201598,-30.9710509],[-60.9240914,-30.9639884],[-60.9244942,-30.9632513],[-60.9283216,-30.9562991],[-60.9344043,-30.9453166],[-60.9365186,-30.9414848],[-60.9369187,-30.940764],[-60.9434291,-30.9290349],[-60.9470201,-30.9224503],[-60.9502649,-30.9167158],[-60.9540901,-30.9097095],[-60.9651991,-30.8896901],[-60.9665299,-30.8874336],[-60.9669461,-30.8864317],[-60.9672242,-30.8852349],[-60.9672894,-30.8842772],[-60.9672465,-30.8832275],[-60.9668821,-30.8817324],[-60.9668192,-30.8814741],[-60.9656041,-30.8762667],[-60.964695,-30.8721492],[-60.9645311,-30.8714071],[-60.9640631,-30.8693391],[-60.9634431,-30.8666076],[-60.9632348,-30.8656468],[-60.9630367,-30.86473117],[-60.9630292,-30.8646965],[-60.9626718,-30.8631196],[-60.962542,-30.8621975],[-60.962529,-30.8616769],[-60.9625541,-30.8612109],[-60.962617,-30.8607789],[-60.962656,-30.8605317],[-60.962824,-30.8598757],[-60.9630368,-30.8593261],[-60.9632836,-30.8587933],[-60.9634874,-30.8584575],[-60.9636927,-30.8581175],[-60.9638991,-30.8578559],[-60.9641553,-30.8575313],[-60.9646985,-30.8569524],[-60.9650779,-30.8566171],[-60.9655085,-30.856287],[-60.9660007,-30.855952],[-60.9667986,-30.8554924],[-60.9683637,-30.8546802],[-60.9701504,-30.8537556],[-60.9702163,-30.8537215],[-60.9715073,-30.853053],[-60.9727978,-30.8523851],[-60.9739923,-30.851767],[-60.9751886,-30.8511487],[-60.9757773,-30.8508099],[-60.9763098,-30.8504475],[-60.9766892,-30.850141],[-60.9770514,-30.8498131],[-60.9773611,-30.8495043],[-60.977679,-30.8491407],[-60.9779931,-30.848726],[-60.9782818,-30.8482938],[-60.9785125,-30.8478778],[-60.981695,-30.8410685],[-60.9862723,-30.8312836],[-60.9908292,-30.8214808],[-60.9908581,-30.82141885],[-60.9932768,-30.8162346],[-60.9941813,-30.814301],[-60.9950772,-30.8123844],[-60.9969956,-30.8081859],[-60.9970161,-30.8081426],[-60.9971072,-30.8079505],[-61.0002941,-30.8012089],[-61.002829,-30.795709],[-61.0050089,-30.7911101],[-61.0072235,-30.7863476],[-61.0099554,-30.780481],[-61.0122672,-30.7754358],[-61.014654,-30.7703888],[-61.0194017,-30.7601459],[-61.0242256,-30.7498367],[-61.0289928,-30.7395334],[-61.0310058,-30.7352229],[-61.0337732,-30.7292391],[-61.03864529,-30.71899459],[-61.0400214,-30.7157885],[-61.0402731,-30.7152464],[-61.0404192,-30.7148532],[-61.0405744,-30.7143238],[-61.0406673,-30.7139435],[-61.0407128,-30.7136236],[-61.0407424,-30.7133497],[-61.0407666,-30.7130672],[-61.0407707,-30.7127835],[-61.0407157,-30.7108942],[-61.0407125,-30.7102703],[-61.0407288,-30.7099102],[-61.0407579,-30.7095635],[-61.0408453,-30.7091815],[-61.040882,-30.7090223],[-61.0435473,-30.7001665],[-61.0438791,-30.6990124],[-61.0442315,-30.6978921],[-61.044471,-30.6971106],[-61.0447285,-30.6962114],[-61.0450121,-30.6952454],[-61.0450333,-30.6951778],[-61.045176,-30.6947002],[-61.0454887,-30.6936534],[-61.0458291,-30.6925503],[-61.04687397,-30.68904106],[-61.0468943,-30.6889728],[-61.04692412,-30.68887661],[-61.0478534,-30.6858796],[-61.048152,-30.6848921],[-61.0483214,-30.6844131],[-61.0484868,-30.684057],[-61.0487213,-30.6836336],[-61.0490128,-30.6831943],[-61.0493008,-30.6828234],[-61.0495962,-30.6824852],[-61.0505315,-30.6815154],[-61.0511776,-30.6808762],[-61.0513983,-30.6806279],[-61.0523095,-30.6797396],[-61.0535454,-30.6784547],[-61.0588642,-30.6729245],[-61.0591372,-30.6726418],[-61.0645353,-30.6670518],[-61.0701233,-30.6612652],[-61.0703968,-30.6609842],[-61.0751295,-30.6560715],[-61.0855208,-30.6453268],[-61.1084227,-30.6216327],[-61.1162819,-30.6135021],[-61.1271607,-30.6022548],[-61.1378519,-30.5912002],[-61.1729035,-30.5548964],[-61.1761707,-30.5514952],[-61.1763822,-30.5512657],[-61.176604,-30.5510021],[-61.1768353,-30.550708],[-61.1770732,-30.550376],[-61.1773295,-30.5499468],[-61.1774913,-30.5496516],[-61.1780619,-30.5484891],[-61.1786406,-30.5473075],[-61.1853112,-30.5335577],[-61.1856803,-30.5327968],[-61.1859054,-30.5322098],[-61.1860114,-30.5318882],[-61.1860898,-30.5316329],[-61.1861445,-30.5313581],[-61.1861863,-30.5311149],[-61.1863011,-30.5302918],[-61.1863852,-30.5296914],[-61.1864704,-30.529078],[-61.1866769,-30.5275686],[-61.1870536,-30.5248371],[-61.1878046,-30.5193764],[-61.1881427,-30.5169195],[-61.1884809,-30.5144629],[-61.1891564,-30.50955],[-61.1905075,-30.4997223],[-61.1905947,-30.4990909],[-61.190613,-30.4989586],[-61.1906796,-30.4984222],[-61.1906908,-30.4977525],[-61.1905939,-30.4963735],[-61.1905096,-30.4951724],[-61.190493,-30.4949349],[-61.1904764,-30.4946952],[-61.190445,-30.4942149],[-61.1903827,-30.4932543],[-61.1903571,-30.4928563],[-61.1903538,-30.4928044],[-61.1903497,-30.4927411],[-61.1903493,-30.492595],[-61.190348,-30.4923382],[-61.1903602,-30.4921069],[-61.1903625,-30.4920649],[-61.1903647,-30.4920218],[-61.1903691,-30.4919387],[-61.1903794,-30.4918567],[-61.1904102,-30.4916101],[-61.1904388,-30.4914611],[-61.190479,-30.4912507],[-61.190568,-30.4908468],[-61.1906616,-30.4905586],[-61.1907836,-30.4902275],[-61.1908943,-30.4899593],[-61.191074,-30.489588],[-61.1911951,-30.489359],[-61.1917264,-30.488418],[-61.1922988,-30.4874039],[-61.1934467,-30.485368],[-61.1936775,-30.4848845],[-61.1938046,-30.4845555],[-61.1939557,-30.4841196],[-61.1941191,-30.4835193],[-61.1944391,-30.482188],[-61.1945064,-30.4819216],[-61.1947942,-30.4807544],[-61.1948355,-30.480587],[-61.1953664,-30.4783422],[-61.1954526,-30.4779943],[-61.1955214,-30.4777597],[-61.1955837,-30.4775503],[-61.1956409,-30.4773588],[-61.1957542,-30.47698],[-61.1959795,-30.4760815],[-61.1963961,-30.4744147],[-61.1966639,-30.4732032],[-61.196803,-30.4724711],[-61.1968842,-30.4719767],[-61.1969421,-30.471407],[-61.1971107,-30.4699444],[-61.1972032,-30.4694125],[-61.1972566,-30.4691752],[-61.1973065,-30.4689423],[-61.1974185,-30.4684893],[-61.1976437,-30.46758],[-61.1980881,-30.4657667],[-61.198418,-30.4644214],[-61.1989552,-30.4621384],[-61.217089,-30.3879163],[-61.2196382,-30.3780252],[-61.2198666,-30.377088],[-61.2254454,-30.3542432],[-61.225778,-30.3528395],[-61.2259975,-30.3520514]]]},"geometry_name":"geom","properties":{"gid":1534,"rtn":"4","typ":40,"rst":1,"hct":2,"fdc":"IDESF","sag":"IGN"},"bbox":[-61.2259975,-31.2836529,-60.760175,-30.3520514]},{"type":"Feature","id":"vial_provincial.1544","geometry":{"type":"MultiLineString","coordinates":[[[-61.0225208,-30.9885758],[-61.0047417,-30.9916975],[-61.0038599,-30.9917805],[-61.0029661,-30.9918124],[-61.0028654,-30.9918091],[-61.0016699,-30.9917701],[-61.0009821,-30.9917598],[-61.0006911,-30.9917416],[-60.9980393,-30.9914856],[-60.997548,-30.9914538],[-60.9969172,-30.991461],[-60.9963244,-30.9914979],[-60.9957597,-30.9915634],[-60.9900615,-30.9925482],[-60.9844788,-30.993483],[-60.9838587,-30.9936084],[-60.9833969,-30.9937228],[-60.9829165,-30.9938784],[-60.9824791,-30.9940498],[-60.9820328,-30.9942401],[-60.9816398,-30.9944536],[-60.9813217,-30.9946398],[-60.979395,-30.9960567],[-60.9776882,-30.9973061],[-60.977277,-30.9975728],[-60.9766985,-30.9978877],[-60.9761395,-30.998129],[-60.975603,-30.9983401],[-60.9751064,-30.9984789],[-60.9744717,-30.9986334],[-60.9688404,-30.9995762],[-60.9642798,-31.0003672],[-60.9635366,-31.0004491],[-60.9628067,-31.0004862],[-60.9610593,-31.0004942],[-60.9604224,-31.0005494],[-60.9599084,-31.0006545],[-60.9595238,-31.0007701],[-60.9591788,-31.0009228],[-60.9587979,-31.0011126],[-60.9582752,-31.0014383],[-60.9576046,-31.0017759],[-60.954535,-31.0031085],[-60.954292,-31.0032125],[-60.9532792,-31.0036454],[-60.9530586,-31.0037408],[-60.952562,-31.003952],[-60.9519681,-31.004169],[-60.9514409,-31.0043336],[-60.9503412,-31.0045635],[-60.9426846,-31.0058802],[-60.932053,-31.0077084],[-60.9211532,-31.0095827],[-60.9205582,-31.009685],[-60.916107,-31.0104504],[-60.9159614,-31.0104754]]]},"geometry_name":"geom","properties":{"gid":1544,"rtn":"62","typ":40,"rst":1,"hct":2,"fdc":"IDESF","sag":"IGN"},"bbox":[-61.0225208,-31.0104754,-60.9159614,-30.9885758]},{"type":"Feature","id":"vial_provincial.1546","geometry":{"type":"MultiLineString","coordinates":[[[-60.7254658,-31.0691323],[-60.72506335,-31.06911612],[-60.7247664,-31.06908757],[-60.72446373,-31.06903617],[-60.72413251,-31.06895051],[-60.72384697,-31.06881916],[-60.72356144,-31.06864213],[-60.72331017,-31.0684651],[-60.72293897,-31.06813388],[-60.72274697,-31.06779238]]]},"geometry_name":"geom","properties":{"gid":1546,"rtn":"62","typ":40,"rst":1,"hct":2,"fdc":"IDESF","sag":"IGN"},"bbox":[-60.7254658,-31.0691323,-60.72274697,-31.06779238]},{"type":"Feature","id":"vial_provincial.1549","geometry":{"type":"MultiLineString","coordinates":[[[-60.9159614,-31.0104754],[-60.9156634,-31.0105685],[-60.915585,-31.010593],[-60.9136289,-31.0109195],[-60.9125343,-31.0111037],[-60.9114894,-31.0112986],[-60.9103972,-31.011486],[-60.9102821,-31.0115071],[-60.909405,-31.011668],[-60.9091762,-31.0116749],[-60.908108,-31.0118622],[-60.9070647,-31.0120454],[-60.9051862,-31.0123863],[-60.905086,-31.0124038],[-60.904641,-31.0124816]]]},"geometry_name":"geom","properties":{"gid":1549,"rtn":"62","typ":40,"rst":1,"hct":2,"fdc":"IDESF","sag":"IGN"},"bbox":[-60.9159614,-31.0124816,-60.904641,-31.0104754]},{"type":"Feature","id":"vial_provincial.1550","geometry":{"type":"MultiLineString","coordinates":[[[-60.9046236,-31.0124051],[-60.9053888,-31.012268],[-60.9070485,-31.0119706],[-60.9080946,-31.0117872],[-60.9088562,-31.0116515],[-60.9091584,-31.0115961],[-60.9094596,-31.0115408],[-60.9102569,-31.0114041],[-60.9103671,-31.0113853],[-60.9114746,-31.0111951],[-60.9125207,-31.011007],[-60.9136056,-31.0108286],[-60.9155294,-31.0104958],[-60.9156506,-31.0104901],[-60.9159614,-31.0104754]]]},"geometry_name":"geom","properties":{"gid":1550,"rtn":"62","typ":40,"rst":1,"hct":2,"fdc":"IDESF","sag":"IGN"},"bbox":[-60.9159614,-31.0124051,-60.9046236,-31.0104754]},{"type":"Feature","id":"vial_provincial.1626","geometry":{"type":"MultiLineString","coordinates":[[[-60.6727199,-31.426954],[-60.6729861,-31.427741],[-60.6732959,-31.4287152],[-60.67331364,-31.4287762],[-60.6735792,-31.4296996],[-60.673801,-31.4305404]]]},"geometry_name":"geom","properties":{"gid":1626,"rtn":"2","typ":40,"rst":1,"hct":2,"fdc":"IDESF","sag":"IGN"},"bbox":[-60.673801,-31.4305404,-60.6727199,-31.426954]},{"type":"Feature","id":"vial_provincial.1683","geometry":{"type":"MultiLineString","coordinates":[[[-61.03864529,-30.71899459],[-61.02583761,-30.72105759],[-61.01474361,-30.72287359],[-61.00126253,-30.72503129],[-60.98718517,-30.7272956],[-60.97457259,-30.72937047],[-60.9650557,-30.73089713]]]},"geometry_name":"geom","properties":{"gid":1683,"rtn":"76s","typ":40,"rst":2,"hct":2,"fdc":"IDESF","sag":"IGN"},"bbox":[-61.03864529,-30.73089713,-60.9650557,-30.71899459]},{"type":"Feature","id":"vial_provincial.1684","geometry":{"type":"MultiLineString","coordinates":[[[-60.9908581,-30.82141885],[-60.99078342,-30.82118084],[-60.9881352,-30.80967184],[-60.99016377,-30.80772164],[-60.99370575,-30.80352404],[-60.99457493,-30.80190644],[-60.99562186,-30.79952427],[-60.99588948,-30.79831219],[-60.99600819,-30.79625787],[-60.99513042,-30.78784441],[-60.99450985,-30.78178156],[-60.99415694,-30.77690356],[-60.99386278,-30.77613216],[-60.99232856,-30.77336092],[-60.98718244,-30.76542229],[-60.97607071,-30.74809463],[-60.97181862,-30.74130176],[-60.9650557,-30.73089713],[-60.95945046,-30.72221369],[-60.94963944,-30.70695201],[-60.94002699,-30.69190067],[-60.93171185,-30.67872081],[-60.93137777,-30.67812801],[-60.93119325,-30.67755993],[-60.93034146,-30.67388851],[-60.92936386,-30.6691996],[-60.92604339,-30.65457932],[-60.92401458,-30.64543086],[-60.9219442,-30.63606598],[-60.9205813,-30.62986623],[-60.91998413,-30.62697086]]]},"geometry_name":"geom","properties":{"gid":1684,"rtn":"85s","typ":40,"rst":3,"hct":2,"fdc":"IDESF","sag":"IGN"},"bbox":[-60.99600819,-30.82141885,-60.91998413,-30.62697086]},{"type":"Feature","id":"vial_provincial.1692","geometry":{"type":"MultiLineString","coordinates":[[[-61.01928892,-31.37049213],[-61.01534077,-31.3712509],[-60.99859345,-31.37443657],[-60.98720796,-31.37653177],[-60.98152424,-31.3777021],[-60.97576624,-31.37886134],[-60.97012211,-31.38001945],[-60.96351018,-31.38132252],[-60.95290556,-31.38353266]]]},"geometry_name":"geom","properties":{"gid":1692,"rtn":"52s","typ":40,"rst":3,"hct":2,"fdc":"IDESF","sag":"IGN"},"bbox":[-61.01928892,-31.38353266,-60.95290556,-31.37049213]},{"type":"Feature","id":"vial_provincial.1734","geometry":{"type":"MultiLineString","coordinates":[[[-60.74701948,-31.20984915],[-60.64385272,-31.22801315]]]},"geometry_name":"geom","properties":{"gid":1734,"rtn":"80s","typ":40,"rst":3,"hct":2,"fdc":"IDESF","sag":"IGN"},"bbox":[-60.74701948,-31.22801315,-60.64385272,-31.20984915]},{"type":"Feature","id":"vial_provincial.1739","geometry":{"type":"MultiLineString","coordinates":[[[-60.9214207,-31.1558299],[-60.84025092,-31.16878889],[-60.83900598,-31.17220389],[-60.83179289,-31.17494788],[-60.83158825,-31.17500499],[-60.83141693,-31.17502403],[-60.83125989,-31.17500975],[-60.83096007,-31.17490981],[-60.8306793,-31.17485271],[-60.83035569,-31.17484319],[-60.82627254,-31.17553799],[-60.77400642,-31.18469356]]]},"geometry_name":"geom","properties":{"gid":1739,"rtn":"80s","typ":40,"rst":3,"hct":2,"fdc":"IDESF","sag":"IGN"},"bbox":[-60.9214207,-31.18469356,-60.77400642,-31.1558299]},{"type":"Feature","id":"vial_provincial.1777","geometry":{"type":"MultiLineString","coordinates":[[[-60.9684447,-31.433325],[-60.95291563,-31.38357021],[-60.95290556,-31.38353266],[-60.9510381,-31.37656667],[-60.95069474,-31.37549377],[-60.95015227,-31.37497104],[-60.94912633,-31.3741504],[-60.94889423,-31.37385622],[-60.94706175,-31.36864234],[-60.94588614,-31.3652974],[-60.94582195,-31.36460742],[-60.94593255,-31.36421204],[-60.94621118,-31.36369192],[-60.94655243,-31.36317187],[-60.94680607,-31.36294836],[-60.94706216,-31.36269123],[-60.94791256,-31.36055938],[-60.9491822,-31.35688915],[-60.95207369,-31.34828703],[-60.95449224,-31.34109188],[-60.95582948,-31.33711363],[-60.96027761,-31.32386911],[-60.96094809,-31.32169729],[-60.96101086,-31.32106074],[-60.9608826,-31.31978945],[-60.96056351,-31.31792328],[-60.95982852,-31.31354806],[-60.95964617,-31.31239086],[-60.95938258,-31.31073618],[-60.95874225,-31.30676529],[-60.95817646,-31.30317679],[-60.9581237,-31.3028422],[-60.95800134,-31.30192446],[-60.95809082,-31.30131136],[-60.95824178,-31.30075755],[-60.95832695,-31.29995015],[-60.95844652,-31.29629504],[-60.96178572,-31.29066925],[-60.96581085,-31.28377277],[-60.96617356,-31.28313396],[-60.96642188,-31.28259531],[-60.96725212,-31.28028318],[-60.96736376,-31.27992457],[-60.96742758,-31.27938739],[-60.96646054,-31.27054874],[-60.96545337,-31.26057881],[-60.96438288,-31.25909443],[-60.95721574,-31.24983523],[-60.95660473,-31.24904136],[-60.95626691,-31.24857968],[-60.95607877,-31.24822331],[-60.95129755,-31.23767248],[-60.95085116,-31.23632346],[-60.94807932,-31.22794681],[-60.94706175,-31.22483033],[-60.94597213,-31.22149316],[-60.94143585,-31.2073205],[-60.94021751,-31.20351404],[-60.93798052,-31.19645361],[-60.94706175,-31.1949654],[-60.9479085,-31.19482663],[-60.95732147,-31.19330972],[-60.95651592,-31.18927052],[-60.95434575,-31.17879988],[-60.95431453,-31.1782285],[-60.95441427,-31.17800788],[-60.95553826,-31.17679227],[-60.95932669,-31.17269501],[-60.95990875,-31.17205897],[-60.96283124,-31.16886545],[-60.96672437,-31.16468114],[-60.97151404,-31.15945667],[-60.97201741,-31.15883725],[-60.97643976,-31.15414297],[-60.98301804,-31.1470138],[-60.98537935,-31.1443561],[-60.98690944,-31.14196252]]]},"geometry_name":"geom","properties":{"gid":1777,"rtn":"50s","typ":40,"rst":3,"hct":2,"fdc":"IDESF","sag":"IGN"},"bbox":[-60.98690944,-31.433325,-60.93798052,-31.14196252]},{"type":"Feature","id":"vial_provincial.2243","geometry":{"type":"MultiLineString","coordinates":[[[-59.5486853,-30.254693],[-59.5489454,-30.2547602],[-59.5490983,-30.2549016],[-59.5492655,-30.2551404]]]},"geometry_name":"geom","properties":{"gid":2243,"rtn":"60","typ":40,"rst":3,"hct":2,"fdc":"IDECORR","sag":"IGN"},"bbox":[-59.5492655,-30.2551404,-59.5486853,-30.254693]},{"type":"Feature","id":"vial_provincial.2246","geometry":{"type":"MultiLineString","coordinates":[[[-59.5486853,-30.254693],[-59.5491278,-30.25451],[-59.5494416,-30.2541949],[-59.5496409,-30.2538267]]]},"geometry_name":"geom","properties":{"gid":2246,"rtn":"60","typ":40,"rst":3,"hct":2,"fdc":"IDECORR","sag":"IGN"},"bbox":[-59.5496409,-30.254693,-59.5486853,-30.2538267]},{"type":"Feature","id":"vial_provincial.2279","geometry":{"type":"MultiLineString","coordinates":[[[-59.538497,-30.2010778],[-59.5385613,-30.200943],[-59.5386605,-30.200746],[-59.5387034,-30.2005443],[-59.5387061,-30.2003589],[-59.5386605,-30.2001711],[-59.5385747,-30.1999856],[-59.5384554,-30.199785]]]},"geometry_name":"geom","properties":{"gid":2279,"rtn":"126","typ":40,"rst":3,"hct":2,"fdc":"IDECORR","sag":"IGN"},"bbox":[-59.5387061,-30.2010778,-59.5384554,-30.199785]},{"type":"Feature","id":"vial_provincial.856","geometry":{"type":"MultiLineString","coordinates":[[[-60.95269591,-33.4953469],[-60.95271006,-33.49532241],[-60.95279836,-33.49516956],[-60.95622099,-33.48523549],[-60.95795507,-33.48022245]]]},"geometry_name":"geom","properties":{"gid":856,"rtn":"19s","typ":40,"rst":1,"hct":2,"fdc":"IDESF","sag":"IGN"},"bbox":[-60.95795507,-33.4953469,-60.95269591,-33.48022245]},{"type":"Feature","id":"vial_provincial.1378","geometry":{"type":"MultiLineString","coordinates":[[[-60.7759718,-33.5369736],[-60.7822384,-33.5366481],[-60.783872,-33.5376724],[-60.7916046,-33.5385484],[-60.7926619,-33.5386682],[-60.7931045,-33.538336],[-60.7940409,-33.537633],[-60.79413,-33.5375661],[-60.7951416,-33.5368067],[-60.7960876,-33.5360965],[-60.7971003,-33.5353203]]]},"geometry_name":"geom","properties":{"gid":1378,"rtn":"10s","typ":40,"rst":3,"hct":2,"fdc":"IDESF","sag":"IGN"},"bbox":[-60.7971003,-33.5386682,-60.7759718,-33.5353203]},{"type":"Feature","id":"vial_provincial.806","geometry":{"type":"MultiLineString","coordinates":[[[-60.95795507,-33.48022245],[-60.96024727,-33.47360207],[-60.96300738,-33.46562894],[-60.96801967,-33.45110106],[-60.97281122,-33.43736712],[-60.97859927,-33.42042612],[-60.98470046,-33.40282275],[-60.99516663,-33.40536591],[-60.99662506,-33.4012753],[-60.99954466,-33.39993372],[-61.01150166,-33.38462446],[-61.02093787,-33.37275885],[-61.02874178,-33.36280774],[-61.03467671,-33.35498005],[-61.0471055,-33.33942179],[-61.04145477,-33.33630397],[-61.04933559,-33.32642888],[-61.05419374,-33.32026102],[-61.04689108,-33.31622062],[-61.05322976,-33.30829417],[-61.05306652,-33.3082022],[-61.05419498,-33.30661889]]]},"geometry_name":"geom","properties":{"gid":806,"rtn":"19s","typ":40,"rst":3,"hct":2,"fdc":"IDESF","sag":"IGN"},"bbox":[-61.05419498,-33.48022245,-60.95795507,-33.30661889]},{"type":"Feature","id":"vial_provincial.923","geometry":{"type":"MultiLineString","coordinates":[[[-61.0532409,-33.7244512],[-61.0532151,-33.7241991],[-61.0536849,-33.7180059],[-61.0537645,-33.7169564],[-61.0538431,-33.7159278],[-61.053929,-33.7148023],[-61.0522629,-33.7147317],[-61.0509949,-33.7146583],[-61.0497818,-33.7145912],[-61.048508,-33.7145243],[-61.0472206,-33.7144537],[-61.045966,-33.714384],[-61.044724,-33.7143187],[-61.0432469,-33.7142411],[-61.0431782,-33.7141581],[-61.0430118,-33.7139043],[-61.0420428,-33.7127054],[-61.0413675,-33.7119114],[-61.0406795,-33.7110819],[-61.0399512,-33.7102176],[-61.0392289,-33.7093652],[-61.038504,-33.708511],[-61.0378049,-33.7076663],[-61.0357798,-33.7052898],[-61.0345097,-33.7038011],[-61.0341967,-33.7034202],[-61.0338801,-33.702987],[-61.0337085,-33.7027156],[-61.0334832,-33.7022669],[-61.0333405,-33.7019044],[-61.0332044,-33.7014855],[-61.0330991,-33.7009952],[-61.0321987,-33.6963924],[-61.0320292,-33.695864],[-61.0317827,-33.6953702],[-61.0315164,-33.6949655],[-61.0314529,-33.6948853],[-61.0313517,-33.6947576],[-61.0313014,-33.6946941],[-61.0310376,-33.6944273],[-61.0307147,-33.6941569],[-61.0303502,-33.6938874],[-61.0299513,-33.6936393],[-61.0096125,-33.6825317],[-60.9883508,-33.6709325]]]},"geometry_name":"geom","properties":{"gid":923,"rtn":"10s","typ":40,"rst":1,"hct":2,"fdc":"IDESF","sag":"IGN"},"bbox":[-61.053929,-33.7244512,-60.9883508,-33.6709325]},{"type":"Feature","id":"vial_provincial.953","geometry":{"type":"MultiLineString","coordinates":[[[-60.7082618,-33.256061],[-60.7073474,-33.2585405],[-60.70709,-33.2592386],[-60.7067986,-33.2600287],[-60.7065215,-33.2607593],[-60.7062789,-33.2613986],[-60.7060001,-33.2621336],[-60.7058005,-33.2627155],[-60.7052512,-33.2641315],[-60.7048391,-33.2652366],[-60.70442,-33.2663603],[-60.7034224,-33.2690193],[-60.7029085,-33.2703891],[-60.7024038,-33.2717515],[-60.7019411,-33.2730003],[-60.7017445,-33.2730222],[-60.7015042,-33.2729608],[-60.7012495,-33.272935],[-60.6994018,-33.2778417],[-60.697343,-33.2834086],[-60.6955817,-33.2880909],[-60.6953794,-33.288615],[-60.6952581,-33.2890566],[-60.6952196,-33.289333],[-60.6951696,-33.2898022],[-60.6950643,-33.291544],[-60.6950043,-33.3008587],[-60.6948615,-33.3102013],[-60.6948744,-33.310973],[-60.6947544,-33.3182289],[-60.6946945,-33.3230462],[-60.6945146,-33.3262943],[-60.694525,-33.3275282],[-60.6945046,-33.3289044],[-60.6944972,-33.3299999],[-60.6944605,-33.3303782],[-60.6943947,-33.3307119],[-60.6943111,-33.3309839],[-60.6941483,-33.3313571],[-60.6939895,-33.3316651],[-60.6937958,-33.3319339],[-60.6935639,-33.332214],[-60.6933508,-33.3324269],[-60.693031,-33.332693],[-60.6927129,-33.3329038],[-60.6923018,-33.33313],[-60.6839506,-33.3369483],[-60.6760377,-33.3405824],[-60.6716675,-33.3427251],[-60.6704598,-33.3432772],[-60.6698088,-33.3436455],[-60.6683087,-33.3446401],[-60.6676997,-33.3450438],[-60.6591746,-33.3506906],[-60.6582951,-33.3514202],[-60.6575755,-33.3521098],[-60.6569958,-33.3527994],[-60.6566282,-33.3533188],[-60.656479,-33.3533982],[-60.6563189,-33.353468],[-60.6560969,-33.3534957],[-60.6559194,-33.3534648],[-60.6557276,-33.3533882],[-60.6556256,-33.3535461],[-60.6544223,-33.3561433],[-60.6535729,-33.3579692],[-60.6527869,-33.3596915],[-60.6527441,-33.3598371],[-60.6527559,-33.3599656],[-60.6528258,-33.3600673],[-60.6530068,-33.3602542],[-60.6531315,-33.3604367],[-60.6531652,-33.3606436],[-60.6505852,-33.3661641],[-60.6491017,-33.3694282],[-60.6481201,-33.3713367],[-60.6474337,-33.3728215],[-60.6472851,-33.3730746],[-60.6471538,-33.3731936],[-60.6455642,-33.3744305],[-60.6454267,-33.3745329],[-60.6417079,-33.3773144],[-60.6398535,-33.3787014],[-60.6375575,-33.380444],[-60.6281108,-33.3874586],[-60.6205094,-33.3931379],[-60.6165022,-33.3961454],[-60.6164029,-33.3962305],[-60.6163734,-33.3963088],[-60.6163895,-33.3963895],[-60.6164898,-33.3964604],[-60.6187109,-33.3969976],[-60.6194376,-33.3971799]]]},"geometry_name":"geom","properties":{"gid":953,"rtn":"22s","typ":40,"rst":3,"hct":2,"fdc":"IDESF","sag":"IGN"},"bbox":[-60.7082618,-33.3971799,-60.6163734,-33.256061]},{"type":"Feature","id":"vial_provincial.957","geometry":{"type":"MultiLineString","coordinates":[[[-60.7976288,-33.4561488],[-60.79680894,-33.45108393],[-60.79627118,-33.44750522],[-60.79575246,-33.44423109],[-60.79565728,-33.44367905],[-60.79556686,-33.44321744],[-60.7954812,-33.44288907],[-60.79541457,-33.44267016],[-60.79525753,-33.44227041],[-60.79517663,-33.44206102],[-60.79558234,-33.44085159],[-60.79583694,-33.4401663],[-60.79588453,-33.44003305],[-60.79589247,-33.43999507],[-60.79588655,-33.43996067],[-60.79586312,-33.43993787],[-60.79577178,-33.43990528],[-60.79349556,-33.43932873],[-60.787693,-33.43794293],[-60.78501468,-33.43729191],[-60.78397533,-33.43700067],[-60.78372121,-33.43690358],[-60.78353846,-33.43682363],[-60.7833186,-33.43670371],[-60.7828959,-33.4365352],[-60.7826022,-33.4363521],[-60.7819574,-33.4357559],[-60.7815389,-33.4350967],[-60.7813445,-33.4347751],[-60.781176,-33.4344087],[-60.7810289,-33.4340221],[-60.7808926,-33.4335344],[-60.7808301,-33.4330538],[-60.7808626,-33.4321325],[-60.7809971,-33.4314976],[-60.7816419,-33.4298097],[-60.7819017,-33.4291206],[-60.783695,-33.4240094],[-60.7855636,-33.4186309],[-60.7859115,-33.4176263],[-60.7873643,-33.4134317],[-60.7889159,-33.4089507],[-60.7905014,-33.4043843],[-60.7909494,-33.4032308],[-60.7909809,-33.4031496],[-60.791497,-33.4015915],[-60.7922918,-33.399248],[-60.793188,-33.3966127],[-60.7938701,-33.3946314],[-60.7947832,-33.3920289],[-60.7950057,-33.3913945],[-60.7954484,-33.3901322],[-60.7963672,-33.3874072],[-60.7977707,-33.383416],[-60.7985655,-33.3811002],[-60.7994279,-33.3785867],[-60.8008146,-33.3745433],[-60.8016826,-33.3721238],[-60.8024323,-33.3699537],[-60.8032046,-33.3676658],[-60.8038528,-33.3657828],[-60.8046589,-33.3634383],[-60.8062146,-33.3589328],[-60.8076069,-33.354945],[-60.8084242,-33.3524919],[-60.8091908,-33.3501895],[-60.8101772,-33.3473738],[-60.8108762,-33.345382],[-60.8113441,-33.3440588],[-60.8115019,-33.3437056],[-60.8117781,-33.3431311],[-60.8120712,-33.3422317],[-60.8122201,-33.3414222],[-60.812252,-33.3413297],[-60.8123242,-33.3411317],[-60.8123609,-33.341024],[-60.812448,-33.3407497],[-60.8125564,-33.3403123],[-60.8131578,-33.3385872],[-60.8134053,-33.3377833],[-60.8137414,-33.3368546],[-60.8142413,-33.3356766],[-60.8147205,-33.3343674],[-60.815115,-33.33319],[-60.8154758,-33.3320645],[-60.8157633,-33.331245],[-60.8158422,-33.3308871],[-60.8158873,-33.3305574],[-60.818609,-33.3226064],[-60.8194369,-33.3201394],[-60.8200658,-33.3183489],[-60.8203034,-33.3176724],[-60.8208168,-33.3162982],[-60.8210384,-33.3157052],[-60.8211799,-33.3153264],[-60.82129604,-33.31496331],[-60.8213136,-33.3149084],[-60.82314519,-33.30979396],[-60.82371671,-33.30807358],[-60.82457477,-33.30534715],[-60.8270418,-33.29815166],[-60.82953167,-33.2908648],[-60.83116874,-33.28609065],[-60.8332836,-33.2797984],[-60.83433056,-33.27696684],[-60.83508723,-33.27492051],[-60.83573921,-33.27309308],[-60.83706694,-33.26919076],[-60.83780458,-33.26697311],[-60.8381615,-33.26540742],[-60.83837565,-33.2644604],[-60.83848986,-33.26348482],[-60.83852793,-33.26191437],[-60.83849462,-33.26091976],[-60.83842324,-33.26006791],[-60.83833789,-33.25952825],[-60.83817038,-33.25871352],[-60.83803332,-33.25805108],[-60.83778396,-33.25708216],[-60.83455741,-33.24498498],[-60.83309642,-33.23942656],[-60.8322611,-33.236106],[-60.83225376,-33.23607868],[-60.8321753,-33.2357865]]]},"geometry_name":"geom","properties":{"gid":957,"rtn":"20s","typ":40,"rst":3,"hct":2,"fdc":"IDESF","sag":"IGN"},"bbox":[-60.83852793,-33.4561488,-60.7808301,-33.2357865]},{"type":"Feature","id":"vial_provincial.979","geometry":{"type":"MultiLineString","coordinates":[[[-60.59591,-33.5932121],[-60.5960008,-33.5925027],[-60.5961721,-33.5917835],[-60.5963857,-33.5906271],[-60.5965909,-33.5895409],[-60.5980799,-33.5813604],[-60.5989375,-33.5766602],[-60.5999399,-33.5713018],[-60.6000071,-33.5709427],[-60.6001301,-33.570285],[-60.6011215,-33.5648954],[-60.601229,-33.5643113],[-60.6024082,-33.557924],[-60.6035032,-33.5521012],[-60.60350591,-33.55205096],[-60.60350115,-33.55200718],[-60.60349068,-33.55197577],[-60.6034683,-33.5519528],[-60.60341767,-33.55192563],[-60.60334506,-33.55190534],[-60.60324637,-33.55189169]]]},"geometry_name":"geom","properties":{"gid":979,"rtn":"22s","typ":40,"rst":3,"hct":2,"fdc":"IDESF","sag":"IGN"},"bbox":[-60.60350591,-33.5932121,-60.59591,-33.55189169]},{"type":"Feature","id":"vial_provincial.978","geometry":{"type":"MultiLineString","coordinates":[[[-60.6342947,-33.4373898],[-60.6329652,-33.4387437],[-60.6302557,-33.4414922],[-60.6291296,-33.4426439],[-60.6289381,-33.4428054],[-60.6283336,-33.4433151],[-60.6260052,-33.445152],[-60.6255931,-33.4454827],[-60.6253116,-33.4457043],[-60.6250131,-33.4459638],[-60.6247252,-33.4462343],[-60.6244513,-33.4465103],[-60.62416,-33.446812],[-60.6238992,-33.4471112],[-60.6236933,-33.4473733],[-60.6235217,-33.447617],[-60.6233596,-33.4478619],[-60.6231816,-33.4481596],[-60.6230355,-33.4484428],[-60.6228526,-33.4488146],[-60.6227137,-33.4491439],[-60.6225685,-33.4495669],[-60.6224337,-33.4499972],[-60.6223382,-33.4503909],[-60.622253,-33.4507893],[-60.6213228,-33.4559257],[-60.6205269,-33.4602702],[-60.6196971,-33.4648475],[-60.6188842,-33.4690643],[-60.6180968,-33.4733022],[-60.617939,-33.4742756],[-60.6179262,-33.4743549],[-60.617648,-33.4760708],[-60.6170807,-33.4790088],[-60.6161916,-33.483804],[-60.6153449,-33.4882389],[-60.6144305,-33.4933584],[-60.6141871,-33.4946431],[-60.6137107,-33.4971573],[-60.6129233,-33.5014714],[-60.6128191,-33.5020439],[-60.6120935,-33.5060324],[-60.6109674,-33.5119134],[-60.6108655,-33.5125704],[-60.6106449,-33.5137126],[-60.6104151,-33.5148698],[-60.6102136,-33.5160585],[-60.6099958,-33.5173156],[-60.6097737,-33.5184948],[-60.6095897,-33.5194976]]]},"geometry_name":"geom","properties":{"gid":978,"rtn":"22s","typ":40,"rst":1,"hct":2,"fdc":"IDESF","sag":"IGN"},"bbox":[-60.6342947,-33.5194976,-60.6095897,-33.4373898]},{"type":"Feature","id":"vial_provincial.980","geometry":{"type":"MultiLineString","coordinates":[[[-60.5962763,-33.4238179],[-60.6007182,-33.4204574],[-60.6019839,-33.4194988],[-60.6039939,-33.418009],[-60.6091858,-33.4141281],[-60.6101632,-33.4133815],[-60.6240084,-33.4030209],[-60.6249385,-33.4023198],[-60.6252274,-33.4020817],[-60.6254583,-33.4018431],[-60.625678,-33.4015465],[-60.6257853,-33.4013629],[-60.6258754,-33.4011289],[-60.6259838,-33.4008264],[-60.62634,-33.3999399],[-60.6263804,-33.3998243],[-60.6265963,-33.3992006],[-60.6267691,-33.3986777],[-60.6254268,-33.398354],[-60.6245878,-33.3981486],[-60.6240225,-33.3980093],[-60.6233742,-33.3978535],[-60.6226496,-33.3976762],[-60.6212817,-33.3973493],[-60.6199264,-33.3970042],[-60.6198849,-33.3970949],[-60.6197692,-33.3971635],[-60.6196139,-33.3971965],[-60.6194376,-33.3971799]]]},"geometry_name":"geom","properties":{"gid":980,"rtn":"22s","typ":40,"rst":1,"hct":2,"fdc":"IDESF","sag":"IGN"},"bbox":[-60.6267691,-33.4238179,-60.5962763,-33.3970042]},{"type":"Feature","id":"vial_provincial.981","geometry":{"type":"MultiLineString","coordinates":[[[-60.62780216,-33.62297565],[-60.6276809,-33.6228841],[-60.6227367,-33.6182657],[-60.6142821,-33.6103677],[-60.6067973,-33.603375],[-60.6026501,-33.5995616],[-60.6019982,-33.5989105],[-60.59591,-33.5932121]]]},"geometry_name":"geom","properties":{"gid":981,"rtn":"22s","typ":40,"rst":1,"hct":2,"fdc":"IDESF","sag":"IGN"},"bbox":[-60.62780216,-33.62297565,-60.59591,-33.5932121]},{"type":"Feature","id":"vial_provincial.1442","geometry":{"type":"MultiLineString","coordinates":[[[-60.773676,-33.4515334],[-60.7737034,-33.4519372],[-60.7737123,-33.4520685],[-60.7737409,-33.4524911],[-60.7750525,-33.4706866],[-60.7753397,-33.4760671],[-60.7761401,-33.489806],[-60.7761569,-33.4900948],[-60.7777161,-33.5182355],[-60.7784388,-33.5306857],[-60.7784271,-33.5316979],[-60.7782608,-33.5326955],[-60.7779537,-33.5336902],[-60.7775025,-33.5346947],[-60.7769426,-33.5356365],[-60.7759718,-33.5369736]]]},"geometry_name":"geom","properties":{"gid":1442,"rtn":"18","typ":40,"rst":1,"hct":2,"fdc":"IDESF","sag":"IGN"},"bbox":[-60.7784388,-33.5369736,-60.773676,-33.4515334]},{"type":"Feature","id":"vial_provincial.1143","geometry":{"type":"MultiLineString","coordinates":[[[-60.60833246,-33.31836713],[-60.61418717,-33.32209853],[-60.62080588,-33.32628448],[-60.62973172,-33.33365129],[-60.63488658,-33.33788483],[-60.63992533,-33.34131315],[-60.64472232,-33.34457206],[-60.64613858,-33.34562283],[-60.64677627,-33.34614155],[-60.64748535,-33.34679353],[-60.64867984,-33.34793567],[-60.64924139,-33.34844487],[-60.65032643,-33.34933955],[-60.65131153,-33.35009146],[-60.6545,-33.35245664],[-60.65510914,-33.35292778],[-60.65549462,-33.35323235],[-60.6557276,-33.3533882]]]},"geometry_name":"geom","properties":{"gid":1143,"rtn":"13s","typ":40,"rst":2,"hct":2,"fdc":"IDESF","sag":"IGN"},"bbox":[-60.6557276,-33.3533882,-60.60833246,-33.31836713]},{"type":"Feature","id":"vial_provincial.1145","geometry":{"type":"MultiLineString","coordinates":[[[-60.33451923,-33.39898775],[-60.3377712,-33.3976842],[-60.34156485,-33.40024279],[-60.34451157,-33.40218443],[-60.34798368,-33.40452582],[-60.35087901,-33.40646175],[-60.35249514,-33.40760389],[-60.35429402,-33.40879172],[-60.35480798,-33.40915149],[-60.35595583,-33.4098482],[-60.35638984,-33.40997955],[-60.35704086,-33.41012802],[-60.35811448,-33.41044211],[-60.35906245,-33.41076762],[-60.35986195,-33.41111598],[-60.3602855,-33.41135392],[-60.36087665,-33.41174301]]]},"geometry_name":"geom","properties":{"gid":1145,"rtn":"15s","typ":40,"rst":3,"hct":2,"fdc":"IDESF","sag":"IGN"},"bbox":[-60.36087665,-33.41174301,-60.33451923,-33.3976842]},{"type":"Feature","id":"vial_provincial.1166","geometry":{"type":"MultiLineString","coordinates":[[[-60.96024727,-33.47360207],[-60.94611924,-33.47017757],[-60.93933544,-33.46853134],[-60.94199702,-33.46077959],[-60.94541838,-33.45087792],[-60.9484706,-33.4420105],[-60.95153437,-33.43318289],[-60.95457126,-33.42434079],[-60.94217973,-33.42131861],[-60.94076037,-33.42099256],[-60.93990232,-33.42150429],[-60.93242895,-33.41740793],[-60.92923619,-33.41565668],[-60.9287505,-33.41530666],[-60.92736047,-33.41205836],[-60.92197179,-33.40300692],[-60.91661957,-33.39446381],[-60.91627459,-33.39378919],[-60.91241973,-33.38645911],[-60.91156044,-33.38482627],[-60.91705461,-33.38063397],[-60.91128091,-33.37592717],[-60.91038822,-33.37520494],[-60.90727338,-33.37408538],[-60.90450593,-33.37306444]]]},"geometry_name":"geom","properties":{"gid":1166,"rtn":"21s","typ":40,"rst":3,"hct":2,"fdc":"IDESF","sag":"IGN"},"bbox":[-60.96024727,-33.47360207,-60.90450593,-33.37306444]},{"type":"Feature","id":"vial_provincial.1156","geometry":{"type":"MultiLineString","coordinates":[[[-60.87463629,-33.26742498],[-60.87131355,-33.26555586],[-60.86869279,-33.26410015],[-60.86138025,-33.25886127],[-60.85817158,-33.25656155],[-60.85235809,-33.25238922],[-60.84350683,-33.24565951]]]},"geometry_name":"geom","properties":{"gid":1156,"rtn":"29s","typ":40,"rst":2,"hct":2,"fdc":"IDESF","sag":"IGN"},"bbox":[-60.87463629,-33.26742498,-60.84350683,-33.24565951]},{"type":"Feature","id":"vial_provincial.1203","geometry":{"type":"MultiLineString","coordinates":[[[-60.771671,-33.451406],[-60.7623472,-33.4510462],[-60.7522335,-33.4506367],[-60.7192002,-33.4492991],[-60.7040124,-33.4488161],[-60.681165,-33.4480368],[-60.6642267,-33.4474501],[-60.663456,-33.4473895],[-60.6628523,-33.4473166],[-60.6621739,-33.447187],[-60.6616299,-33.4470574],[-60.661082,-33.4469007],[-60.6605165,-33.4467174],[-60.6595175,-33.4463532],[-60.6535389,-33.4442328],[-60.6534016,-33.4441841],[-60.6462218,-33.4416214],[-60.6421768,-33.4402066],[-60.6415697,-33.4399892],[-60.6342947,-33.4373898],[-60.6305947,-33.4360771],[-60.6304006,-33.4360077],[-60.6253151,-33.4341906],[-60.6246412,-33.4339468],[-60.6202432,-33.4323845],[-60.6159853,-33.4308347],[-60.5962763,-33.4238179],[-60.5961114,-33.4237586],[-60.5850489,-33.4197537],[-60.56447878,-33.4124565],[-60.56445264,-33.41244571],[-60.5642487,-33.4123615],[-60.5591511,-33.410542],[-60.5586059,-33.4103456],[-60.5343865,-33.4016523],[-60.5312389,-33.4005225],[-60.5284908,-33.399526],[-60.5277212,-33.3992469],[-60.5272805,-33.3990871],[-60.5192358,-33.3962605],[-60.4985712,-33.3888681],[-60.4936411,-33.3871081],[-60.4934247,-33.3870326],[-60.4896256,-33.3856392],[-60.4853541,-33.3841468],[-60.4847054,-33.3838762],[-60.4841522,-33.3836042],[-60.4835924,-33.38328],[-60.4830865,-33.382955],[-60.4825877,-33.382565],[-60.4821092,-33.3821338],[-60.4756057,-33.3760181],[-60.4575696,-33.3590877],[-60.4575448,-33.3590644],[-60.4456646,-33.3479034],[-60.4400912,-33.3422054],[-60.4322911,-33.3348458],[-60.4186324,-33.3219373],[-60.4138196,-33.3174008],[-60.4025838,-33.306809],[-60.3953485,-33.2999933],[-60.3952158,-33.2998623],[-60.3886126,-33.2936374],[-60.3862429,-33.2914032],[-60.3831908,-33.288526],[-60.3812625,-33.2867055],[-60.3810511,-33.2865084],[-60.3808122,-33.2863008],[-60.38061839,-33.28611961]]]},"geometry_name":"geom","properties":{"gid":1203,"rtn":"90","typ":40,"rst":1,"hct":2,"fdc":"IDESF","sag":"IGN"},"bbox":[-60.771671,-33.451406,-60.38061839,-33.28611961]},{"type":"Feature","id":"vial_provincial.1204","geometry":{"type":"MultiLineString","coordinates":[[[-60.9135357,-33.2052342],[-60.9164358,-33.2135539],[-60.9167032,-33.214291],[-60.9171304,-33.2151564],[-60.9176079,-33.2159915],[-60.9180977,-33.2167688],[-60.9185478,-33.2174261],[-60.9190442,-33.2181314],[-60.9194737,-33.2186657],[-60.9200047,-33.2192734],[-60.9204386,-33.2197047],[-60.9208063,-33.2200661],[-60.9491199,-33.2454225],[-60.9632544,-33.2580779],[-60.9638552,-33.258555],[-60.9645377,-33.2590076],[-60.9664532,-33.2602221],[-60.9668541,-33.260544],[-60.9672894,-33.2609278],[-60.96870588,-33.26221313],[-60.9687302,-33.2622352],[-60.9711565,-33.2643556],[-60.9750505,-33.2678305],[-60.9761577,-33.2688185],[-60.9769998,-33.2695233],[-60.9775646,-33.2699326],[-60.9782738,-33.2703897],[-60.9789829,-33.2707979],[-60.979811,-33.2711871],[-60.9806124,-33.2715081],[-60.9814549,-33.2717868],[-60.9893305,-33.2741505],[-60.991966,-33.2749415],[-60.9928641,-33.2752872],[-60.9938468,-33.2757129],[-60.9957859,-33.2767746],[-60.9959703,-33.2768723],[-60.9971003,-33.2774893],[-60.9979281,-33.277996],[-60.9984339,-33.2784248],[-61.0019957,-33.2818185],[-61.0026876,-33.2824561],[-61.0034534,-33.2830736],[-61.0040704,-33.2834999],[-61.0046161,-33.2838252],[-61.0051361,-33.2841046],[-61.0076172,-33.2852802],[-61.0141888,-33.2883808],[-61.03408822,-33.29766792],[-61.0341231,-33.2976842],[-61.0443455,-33.3024768],[-61.0451702,-33.3028635],[-61.0458794,-33.3031838],[-61.0465971,-33.3035033],[-61.047152,-33.3037309],[-61.0476832,-33.3039197],[-61.0490118,-33.3043808],[-61.0509091,-33.3050326],[-61.0512395,-33.3051543],[-61.0515823,-33.3052993],[-61.0519484,-33.3054415],[-61.0522602,-33.3055891],[-61.0526906,-33.305797],[-61.05419498,-33.30661889],[-61.0542424,-33.3066448],[-61.0630396,-33.3115071],[-61.065521,-33.3128751],[-61.066042,-33.3132066],[-61.0667151,-33.3136921],[-61.0684647,-33.3150245],[-61.0687535,-33.3152399],[-61.0690622,-33.3154484],[-61.0696523,-33.3158042],[-61.0827899,-33.3231351],[-61.0994097,-33.3322507],[-61.1111671,-33.3387118],[-61.1118443,-33.3390786],[-61.1298714,-33.3489549],[-61.1325229,-33.3504267],[-61.1338622,-33.3511404],[-61.1358958,-33.3522232],[-61.1500317,-33.359989],[-61.17005626,-33.37098847],[-61.1721741,-33.3721518],[-61.1730278,-33.3726183],[-61.1743053,-33.373317],[-61.1743404,-33.3733362],[-61.1746636,-33.3734724],[-61.1749408,-33.3735558],[-61.175747,-33.3737844],[-61.176278,-33.3739792],[-61.1773907,-33.3745439],[-61.1779299,-33.3748479],[-61.1784587,-33.375136],[-61.1794895,-33.3757244],[-61.1805783,-33.3763019],[-61.1816678,-33.3769109],[-61.1822802,-33.3772536],[-61.1829169,-33.3776098],[-61.1839948,-33.3781888],[-61.1851172,-33.3787839],[-61.186174,-33.3793675],[-61.186712,-33.3796702],[-61.1872602,-33.3799884],[-61.1877209,-33.3802347],[-61.1880665,-33.3804998],[-61.1882779,-33.380674],[-61.1894337,-33.3816092]]]},"geometry_name":"geom","properties":{"gid":1204,"rtn":"14","typ":40,"rst":1,"hct":2,"fdc":"IDESF","sag":"IGN"},"bbox":[-61.1894337,-33.3816092,-60.9135357,-33.2052342]},{"type":"Feature","id":"vial_provincial.1208","geometry":{"type":"MultiLineString","coordinates":[[[-60.773676,-33.4515334],[-60.7729367,-33.4514998],[-60.7722513,-33.4514606],[-60.771671,-33.451406]]]},"geometry_name":"geom","properties":{"gid":1208,"rtn":"90","typ":40,"rst":1,"hct":2,"fdc":"IDESF","sag":"IGN"},"bbox":[-60.773676,-33.4515334,-60.771671,-33.451406]},{"type":"Feature","id":"vial_provincial.1267","geometry":{"type":"MultiLineString","coordinates":[[[-60.3453693,-33.2322975],[-60.3449654,-33.2323367],[-60.3446549,-33.2323447],[-60.3445882,-33.2323352],[-60.3444731,-33.2323189],[-60.3442167,-33.2322618],[-60.343999,-33.2321799],[-60.3438911,-33.2321199],[-60.3438233,-33.2320818],[-60.3437284,-33.2320292],[-60.3432888,-33.2317096]]]},"geometry_name":"geom","properties":{"gid":1267,"rtn":"21","typ":40,"rst":1,"hct":2,"fdc":"IDESF","sag":"IGN"},"bbox":[-60.3453693,-33.2323447,-60.3432888,-33.2317096]},{"type":"Feature","id":"vial_provincial.1301","geometry":{"type":"MultiLineString","coordinates":[[[-60.8321753,-33.2357865],[-60.8319465,-33.2358287],[-60.8318902,-33.235839],[-60.8316049,-33.2358911],[-60.8306682,-33.2360715],[-60.8302318,-33.2361544],[-60.8291083,-33.236379],[-60.8277651,-33.2366335],[-60.8256218,-33.2370395],[-60.8179457,-33.2383849],[-60.8131119,-33.2393211],[-60.8083564,-33.2402851],[-60.8072705,-33.2405158],[-60.8057392,-33.2408343],[-60.8039445,-33.2411875],[-60.8028797,-33.2414068],[-60.7802003,-33.2456237],[-60.7800125,-33.2456586],[-60.765839,-33.2494114]]]},"geometry_name":"geom","properties":{"gid":1301,"rtn":"26","typ":40,"rst":1,"hct":2,"fdc":"IDESF","sag":"IGN"},"bbox":[-60.8321753,-33.2494114,-60.765839,-33.2357865]},{"type":"Feature","id":"vial_provincial.1380","geometry":{"type":"MultiLineString","coordinates":[[[-60.7759718,-33.5369736],[-60.7530471,-33.5695445],[-60.7493735,-33.5747699],[-60.7475276,-33.5773813],[-60.7466094,-33.5786872],[-60.7456339,-33.5799925],[-60.7453911,-33.5803001],[-60.7451419,-33.5806084],[-60.744648,-33.581234],[-60.7436479,-33.5824721],[-60.7433942,-33.5827783],[-60.7431498,-33.5830916],[-60.7426647,-33.5837172],[-60.7421841,-33.584349],[-60.7417345,-33.5849878],[-60.7413738,-33.5855396],[-60.7410237,-33.5861006],[-60.7406906,-33.5866672],[-60.7403739,-33.5872136],[-60.7403228,-33.5873017],[-60.7402879,-33.58736235]]]},"geometry_name":"geom","properties":{"gid":1380,"rtn":"18","typ":40,"rst":1,"hct":2,"fdc":"IDESF","sag":"IGN"},"bbox":[-60.7759718,-33.58736235,-60.7402879,-33.5369736]},{"type":"Feature","id":"vial_provincial.1381","geometry":{"type":"MultiLineString","coordinates":[[[-60.30890417,-33.32731331],[-60.30960761,-33.32811308],[-60.30983604,-33.32842146],[-60.31006637,-33.32883882],[-60.31021485,-33.32900443],[-60.31113999,-33.32963261],[-60.31160255,-33.3298953],[-60.31203086,-33.33011802],[-60.31518317,-33.33147145],[-60.31755882,-33.33257933],[-60.31940909,-33.33316753],[-60.32159058,-33.33398417],[-60.32381204,-33.33482935],[-60.32397765,-33.33493214],[-60.32481713,-33.3356574],[-60.32672308,-33.33747563],[-60.32782715,-33.33870914],[-60.32811649,-33.33896803],[-60.32912919,-33.33940965],[-60.33509878,-33.34177769],[-60.34415596,-33.34544016],[-60.34664583,-33.34630819],[-60.35451137,-33.34899603],[-60.35782358,-33.35014578],[-60.3595901,-33.35090721],[-60.36393785,-33.35281078],[-60.36760793,-33.35441739],[-60.37117902,-33.35600877],[-60.37434656,-33.35738696],[-60.37875523,-33.35987683],[-60.38302683,-33.36227532],[-60.38793804,-33.36467382],[-60.3910599,-33.36617383],[-60.39715893,-33.36915863],[-60.40526052,-33.37320942],[-60.40631256,-33.37373608],[-60.40666662,-33.37399306],[-60.40675228,-33.37408443],[-60.40690076,-33.37451844],[-60.40725977,-33.37532251],[-60.40748439,-33.37577556],[-60.40770521,-33.37614866],[-60.40783465,-33.37626668],[-60.40802272,-33.37646155],[-60.40803262,-33.37651795],[-60.4080264,-33.37655057],[-60.40800705,-33.37658527],[-60.40792602,-33.37663978],[-60.40735114,-33.37706237],[-60.40338698,-33.38003262],[-60.3895048,-33.39039449],[-60.36820539,-33.4062417],[-60.36345789,-33.40979566],[-60.36087665,-33.41174301],[-60.36110977,-33.41191135],[-60.36470752,-33.41341993],[-60.36614947,-33.41401479],[-60.36821009,-33.41463345],[-60.37400645,-33.41635143],[-60.37692843,-33.41728893],[-60.38898659,-33.4214844],[-60.38991553,-33.42181943],[-60.39407292,-33.42363924],[-60.39743843,-33.42508595],[-60.3995019,-33.42575601],[-60.40747405,-33.4283677],[-60.41307054,-33.43018752],[-60.42145386,-33.42400472],[-60.4228625,-33.42693622],[-60.43050723,-33.43030173],[-60.43076612,-33.43048447],[-60.43684231,-33.43710128],[-60.43897431,-33.43830433],[-60.44371974,-33.4397382],[-60.44375196,-33.43975449],[-60.44377423,-33.43978429],[-60.44377602,-33.43982634],[-60.44376019,-33.43987858],[-60.44373402,-33.43991903],[-60.44365788,-33.43997852],[-60.44343659,-33.44011177],[-60.44006415,-33.44266083],[-60.44003845,-33.44270937],[-60.44003559,-33.44276648],[-60.44003559,-33.44281788],[-60.44004416,-33.44288355],[-60.44007271,-33.44297778],[-60.44028401,-33.44348032],[-60.44450422,-33.45325705],[-60.44548646,-33.45576976],[-60.44963232,-33.46305881],[-60.44970756,-33.46310307],[-60.44974899,-33.46311466],[-60.44980502,-33.4631122],[-60.44987051,-33.46308327],[-60.45589192,-33.45848992],[-60.4559604,-33.45846141],[-60.45601218,-33.45845531],[-60.45605634,-33.45846597],[-60.45715915,-33.45969492],[-60.45792438,-33.4605934],[-60.45800814,-33.46074569],[-60.45806144,-33.46093224],[-60.45818327,-33.46164417],[-60.45832892,-33.46242397],[-60.4583708,-33.46252295],[-60.45842791,-33.46258768],[-60.45850786,-33.46261052],[-60.45859161,-33.46259148],[-60.45871725,-33.46250011],[-60.46436458,-33.45819519],[-60.46442169,-33.45818329],[-60.46445738,-33.45818329],[-60.46450259,-33.45819043],[-60.4645359,-33.45820471],[-60.46457159,-33.45824516],[-60.46461443,-33.45829037],[-60.46506176,-33.45871867],[-60.47818973,-33.47093578],[-60.47827301,-33.47097623],[-60.47833963,-33.47098099],[-60.4784015,-33.47095481],[-60.47861639,-33.47081306],[-60.47991721,-33.46983409],[-60.47997218,-33.46980839],[-60.48001766,-33.46980276],[-60.48006355,-33.46983052],[-60.48015054,-33.46990871],[-60.4807762,-33.47050985],[-60.4955093,-33.48414835],[-60.49561327,-33.48420981],[-60.49564178,-33.48421342],[-60.49568172,-33.48421084],[-60.49572158,-33.48420122],[-60.49582742,-33.4841527],[-60.49713613,-33.48314857],[-60.5036115,-33.47827486],[-60.50369716,-33.47823679],[-60.50376378,-33.47821014],[-60.50383041,-33.47819872],[-60.50388561,-33.47819872],[-60.5039313,-33.47821014],[-60.50404361,-33.47828819],[-60.50436912,-33.47858895],[-60.50799066,-33.48188403],[-60.51481538,-33.48809472],[-60.51483097,-33.48812087],[-60.51483924,-33.48817048],[-60.51483297,-33.48820701],[-60.51481172,-33.48824421],[-60.5147853,-33.48827371],[-60.51457591,-33.48842933],[-60.51284079,-33.4897112],[-60.51281656,-33.4897435],[-60.51281542,-33.48978343],[-60.51283538,-33.48981461],[-60.51305353,-33.49002248],[-60.5146314,-33.49151002],[-60.51789364,-33.49466281],[-60.51808162,-33.49480558],[-60.51833384,-33.49488886],[-60.51854799,-33.49491503],[-60.51875976,-33.49490313],[-60.51907096,-33.4948218],[-60.51920234,-33.49472943],[-60.51931656,-33.49462712],[-60.51945457,-33.49444152],[-60.52008937,-33.4930656]]]},"geometry_name":"geom","properties":{"gid":1381,"rtn":"10s","typ":40,"rst":3,"hct":2,"fdc":"IDESF","sag":"IGN"},"bbox":[-60.52008937,-33.49491503,-60.30890417,-33.32731331]},{"type":"Feature","id":"vial_provincial.1395","geometry":{"type":"MultiLineString","coordinates":[[[-60.834217,-33.2357377],[-60.8329118,-33.2359825],[-60.8322611,-33.236106]]]},"geometry_name":"geom","properties":{"gid":1395,"rtn":"26","typ":40,"rst":1,"hct":2,"fdc":"IDESF","sag":"IGN"},"bbox":[-60.834217,-33.236106,-60.8322611,-33.2357377]},{"type":"Feature","id":"vial_provincial.1397","geometry":{"type":"MultiLineString","coordinates":[[[-60.837989,-33.2350192],[-60.8368432,-33.2352492],[-60.8355087,-33.2354897],[-60.834217,-33.2357377]]]},"geometry_name":"geom","properties":{"gid":1397,"rtn":"26","typ":40,"rst":1,"hct":2,"fdc":"IDESF","sag":"IGN"},"bbox":[-60.837989,-33.2357377,-60.834217,-33.2350192]},{"type":"Feature","id":"vial_provincial.1398","geometry":{"type":"MultiLineString","coordinates":[[[-60.7756864,-33.4515572],[-60.7780437,-33.4516527],[-60.7794275,-33.4517791],[-60.7808094,-33.4519998],[-60.789286,-33.4540475],[-60.7896857,-33.4541441],[-60.7973393,-33.4560785],[-60.7976288,-33.4561488]]]},"geometry_name":"geom","properties":{"gid":1398,"rtn":"90","typ":40,"rst":1,"hct":2,"fdc":"IDESF","sag":"IGN"},"bbox":[-60.7976288,-33.4561488,-60.7756864,-33.4515572]},{"type":"Feature","id":"vial_provincial.1400","geometry":{"type":"MultiLineString","coordinates":[[[-60.771671,-33.451406],[-60.7722581,-33.4513924],[-60.7729179,-33.4514013],[-60.7730344,-33.4514138],[-60.7732317,-33.4514349],[-60.7736704,-33.4514512]]]},"geometry_name":"geom","properties":{"gid":1400,"rtn":"90","typ":40,"rst":1,"hct":2,"fdc":"IDESF","sag":"IGN"},"bbox":[-60.7736704,-33.4514512,-60.771671,-33.4513924]},{"type":"Feature","id":"vial_provincial.1401","geometry":{"type":"MultiLineString","coordinates":[[[-60.84532643,-33.46784999],[-60.8702921,-33.4752582],[-60.8902279,-33.4801536],[-60.9111306,-33.4852249],[-60.9237173,-33.4882785],[-60.9240265,-33.4883541],[-60.9319685,-33.4902999],[-60.9418616,-33.4924925],[-60.9431777,-33.4927904],[-60.9443857,-33.4930967],[-60.94713,-33.4938504],[-60.9474948,-33.4939484],[-60.9484204,-33.4941971],[-60.95269591,-33.4953469],[-60.9527283,-33.4953544],[-60.9532487,-33.4954815],[-60.9536855,-33.4955882],[-60.9557666,-33.4960966],[-60.9562937,-33.4962254],[-60.9736588,-33.500436],[-60.9841585,-33.5030318],[-60.9842228,-33.5030477],[-61.0048157,-33.5093099],[-61.0070924,-33.5100216],[-61.0299915,-33.5170486],[-61.0504228,-33.5233261],[-61.0703944,-33.5294007],[-61.0712957,-33.5296732],[-61.0720662,-33.5298795],[-61.0727247,-33.5300274],[-61.07284158,-33.53004853]]]},"geometry_name":"geom","properties":{"gid":1401,"rtn":"90","typ":40,"rst":1,"hct":2,"fdc":"IDESF","sag":"IGN"},"bbox":[-61.07284158,-33.53004853,-60.84532643,-33.46784999]},{"type":"Feature","id":"vial_provincial.1440","geometry":{"type":"MultiLineString","coordinates":[[[-60.80869035,-33.53766871],[-60.80832182,-33.53749198],[-60.80781988,-33.53725127],[-60.80872493,-33.53542439],[-60.80889244,-33.53473149],[-60.80895336,-33.53420611],[-60.8089229,-33.53361219],[-60.80880869,-33.53262995],[-60.79971439,-33.47460894],[-60.79734955,-33.45912968],[-60.79730387,-33.45880227],[-60.79728483,-33.4586576],[-60.79729024,-33.45848966],[-60.79730387,-33.45843679],[-60.79733474,-33.4583951],[-60.79738042,-33.45835626],[-60.79742725,-33.45832543],[-60.79749768,-33.45830011],[-60.79758601,-33.45828317],[-60.79766824,-33.45826718],[-60.79776365,-33.45823918],[-60.7978119,-33.45821905],[-60.79785606,-33.45818707],[-60.79788698,-33.45814817],[-60.79789526,-33.45809035],[-60.7976288,-33.4561488]]]},"geometry_name":"geom","properties":{"gid":1440,"rtn":"20s","typ":40,"rst":3,"hct":2,"fdc":"IDESF","sag":"IGN"},"bbox":[-60.80895336,-33.53766871,-60.79728483,-33.4561488]},{"type":"Feature","id":"vial_provincial.1439","geometry":{"type":"MultiLineString","coordinates":[[[-60.7976288,-33.4561488],[-60.8198917,-33.4615525],[-60.8407793,-33.4666223],[-60.8449539,-33.4677428],[-60.8452375,-33.4678236],[-60.84532643,-33.46784999]]]},"geometry_name":"geom","properties":{"gid":1439,"rtn":"90","typ":40,"rst":1,"hct":2,"fdc":"IDESF","sag":"IGN"},"bbox":[-60.84532643,-33.46784999,-60.7976288,-33.4561488]},{"type":"Feature","id":"vial_provincial.1441","geometry":{"type":"MultiLineString","coordinates":[[[-60.7736704,-33.4514512],[-60.773676,-33.4515334]]]},"geometry_name":"geom","properties":{"gid":1441,"rtn":"18","typ":40,"rst":1,"hct":2,"fdc":"IDESF","sag":"IGN"},"bbox":[-60.773676,-33.4515334,-60.7736704,-33.4514512]},{"type":"Feature","id":"vial_provincial.1445","geometry":{"type":"MultiLineString","coordinates":[[[-60.80832182,-33.53749198],[-60.81844481,-33.52283831],[-60.82741823,-33.50994544],[-60.82783511,-33.50924873],[-60.82829768,-33.50842639],[-60.82877738,-33.50730709],[-60.83083894,-33.50243586],[-60.83360864,-33.49587426],[-60.84532643,-33.46784999]]]},"geometry_name":"geom","properties":{"gid":1445,"rtn":"26s","typ":40,"rst":3,"hct":2,"fdc":"IDESF","sag":"IGN"},"bbox":[-60.84532643,-33.53749198,-60.80832182,-33.46784999]},{"type":"Feature","id":"vial_provincial.1464","geometry":{"type":"MultiLineString","coordinates":[[[-60.84532643,-33.46784999],[-60.847459,-33.4626389],[-60.84900089,-33.45897643],[-60.85094127,-33.45430342],[-60.85093952,-33.45426161],[-60.85093,-33.45423068],[-60.85090097,-33.45420069],[-60.85080103,-33.45416738],[-60.85070824,-33.45415073],[-60.85062971,-33.45413883],[-60.85058855,-33.45411646],[-60.85057499,-33.45405912],[-60.85058093,-33.45400915],[-60.85065351,-33.45378191],[-60.86101432,-33.42877203],[-60.86632565,-33.41606571],[-60.86637515,-33.41593627],[-60.86636753,-33.41585632],[-60.86634469,-33.41579159],[-60.86624951,-33.41570784],[-60.86617718,-33.41566215],[-60.86590306,-33.41553271],[-60.86578123,-33.41544514],[-60.86573174,-33.41535758],[-60.86572793,-33.41526621],[-60.86583073,-33.41493118],[-60.86731646,-33.41137056],[-60.8673907,-33.41121351],[-60.86745637,-33.41113642],[-60.86756773,-33.41108216],[-60.86769622,-33.41106218],[-60.86785327,-33.41108216],[-60.8680046,-33.41113071],[-60.86815308,-33.41115355],[-60.86826444,-33.41112785],[-60.8683501,-33.41107074],[-60.8684329,-33.41097081],[-60.86858709,-33.41063673],[-60.87169362,-33.40332041],[-60.8721105,-33.40260657],[-60.87310417,-33.40132166],[-60.87429199,-33.40014526],[-60.87820954,-33.39666173],[-60.90450593,-33.37306444]]]},"geometry_name":"geom","properties":{"gid":1464,"rtn":"26s","typ":40,"rst":3,"hct":2,"fdc":"IDESF","sag":"IGN"},"bbox":[-60.90450593,-33.46784999,-60.84532643,-33.37306444]},{"type":"Feature","id":"vial_provincial.1466","geometry":{"type":"MultiLineString","coordinates":[[[-60.7663259,-33.2512381],[-60.7590425,-33.2525368],[-60.7582885,-33.2526487],[-60.7574841,-33.2527324],[-60.7566494,-33.252793],[-60.7557535,-33.2528056],[-60.7549857,-33.2527827],[-60.7541957,-33.2527087],[-60.752816,-33.252501],[-60.746361,-33.2510188],[-60.7453236,-33.2508142],[-60.7442571,-33.2506922],[-60.7433271,-33.2506081],[-60.7423412,-33.2505978],[-60.7415155,-33.2506442],[-60.7403137,-33.2507937],[-60.7385098,-33.2511226],[-60.7384455,-33.2511332],[-60.7280715,-33.2530666],[-60.7225835,-33.2543893],[-60.717723,-33.2555608],[-60.716971,-33.2557084],[-60.7160681,-33.2557914],[-60.7145328,-33.2558879],[-60.7082618,-33.256061]]]},"geometry_name":"geom","properties":{"gid":1466,"rtn":"26","typ":40,"rst":1,"hct":2,"fdc":"IDESF","sag":"IGN"},"bbox":[-60.7663259,-33.256061,-60.7082618,-33.2505978]},{"type":"Feature","id":"vial_provincial.1468","geometry":{"type":"MultiLineString","coordinates":[[[-60.7736704,-33.4514512],[-60.7743811,-33.4514782],[-60.774951,-33.4514998],[-60.7756864,-33.4515572],[-60.7749859,-33.4515669],[-60.7745098,-33.4515759],[-60.774293,-33.4515557],[-60.7741611,-33.4515434],[-60.773676,-33.4515334]]]},"geometry_name":"geom","properties":{"gid":1468,"rtn":"90","typ":40,"rst":1,"hct":2,"fdc":"IDESF","sag":"IGN"},"bbox":[-60.7756864,-33.4515759,-60.7736704,-33.4514512]},{"type":"Feature","id":"vial_provincial.1469","geometry":{"type":"MultiLineString","coordinates":[[[-60.90450593,-33.37306444],[-60.90208007,-33.37216952],[-60.89729631,-33.3703772],[-60.89129304,-33.36807874],[-60.88537967,-33.36275715],[-60.8830818,-33.36064019],[-60.88094855,-33.35636252],[-60.88075667,-33.35597587],[-60.88053505,-33.35568294],[-60.88021037,-33.35546754],[-60.87907568,-33.35488131],[-60.87019723,-33.35057005],[-60.86749443,-33.34816216],[-60.86252818,-33.3437082],[-60.8577927,-33.33960128],[-60.85489366,-33.33706058],[-60.84679048,-33.32977261],[-60.84060282,-33.32106993],[-60.83885056,-33.31692225],[-60.83775342,-33.31428467],[-60.8333828,-33.30821955],[-60.83296864,-33.30804715],[-60.83264116,-33.30801351],[-60.82855385,-33.31114825],[-60.82314519,-33.30979396]]]},"geometry_name":"geom","properties":{"gid":1469,"rtn":"21s","typ":40,"rst":3,"hct":2,"fdc":"IDESF","sag":"IGN"},"bbox":[-60.90450593,-33.37306444,-60.82314519,-33.30801351]},{"type":"Feature","id":"vial_provincial.1646","geometry":{"type":"MultiLineString","coordinates":[[[-60.804199,-33.5418219],[-60.8040902,-33.5419042],[-60.8032428,-33.5411069],[-60.8023947,-33.540309],[-60.8015209,-33.5394867],[-60.8006525,-33.5386695],[-60.8003068,-33.5383442],[-60.7997699,-33.5378664],[-60.7996631,-33.537766],[-60.79917,-33.5372834],[-60.7988093,-33.5369696],[-60.7979364,-33.5361472],[-60.7972005,-33.5354637],[-60.7971003,-33.5353203]]]},"geometry_name":"geom","properties":{"gid":1646,"rtn":"10s","typ":40,"rst":3,"hct":2,"fdc":"IDESF","sag":"IGN"},"bbox":[-60.804199,-33.5419042,-60.7971003,-33.5353203]},{"type":"Feature","id":"vial_provincial.1648","geometry":{"type":"MultiLineString","coordinates":[[[-60.7971003,-33.5353203],[-60.7972991,-33.5354098],[-60.7980019,-33.5360977],[-60.7988873,-33.5369102],[-60.7992481,-33.5372289],[-60.799746,-33.5377027],[-60.7998535,-33.5378028],[-60.8003938,-33.5382788],[-60.8007412,-33.5386023],[-60.8016147,-33.5394156],[-60.8024938,-33.5402343],[-60.8033468,-33.5410285],[-60.804199,-33.5418219]]]},"geometry_name":"geom","properties":{"gid":1648,"rtn":"10s","typ":40,"rst":3,"hct":2,"fdc":"IDESF","sag":"IGN"},"bbox":[-60.804199,-33.5418219,-60.7971003,-33.5353203]},{"type":"Feature","id":"vial_provincial.1649","geometry":{"type":"MultiLineString","coordinates":[[[-60.804199,-33.5418219],[-60.8048987,-33.5413024],[-60.8052422,-33.5414568],[-60.8054589,-33.5415694],[-60.8059103,-33.5417571],[-60.8065905,-33.5407568],[-60.8072526,-33.539783],[-60.8073528,-33.5396357],[-60.8079999,-33.538684],[-60.80869035,-33.53766871],[-60.8100239,-33.5388379],[-60.8109122,-33.5396635],[-60.811747,-33.5404443],[-60.8118011,-33.5403865],[-60.8118848,-33.5403243],[-60.8180254,-33.5373061],[-60.818435,-33.5371917],[-60.8192074,-33.5371559],[-60.8264172,-33.5371291],[-60.8287346,-33.5368608],[-60.8292925,-33.5367892],[-60.8384442,-33.5357071],[-60.8419526,-33.5352779],[-60.8426285,-33.53526],[-60.8538187,-33.5358681],[-60.8607388,-33.5362169],[-60.8612752,-33.5363331],[-60.8621335,-33.5367356],[-60.8681122,-33.5395485],[-60.8680405,-33.5414084],[-60.8681148,-33.5414729],[-60.8682516,-33.54154],[-60.8685628,-33.5416182],[-60.8793211,-33.5441667],[-60.8898246,-33.5467062],[-60.8984292,-33.5488523],[-60.9107096,-33.5518341],[-60.92587799,-33.55552141],[-60.92586031,-33.55554349],[-60.9178484,-33.5634213],[-60.9177947,-33.5635822],[-60.9178484,-33.5637119],[-60.9180576,-33.5638996],[-60.9279442,-33.5711765],[-60.9294838,-33.5722626],[-60.9296233,-33.5724101],[-60.9296554,-33.5725576],[-60.9295642,-33.5727408],[-60.9278745,-33.5748504],[-60.9278315,-33.5749845],[-60.9278584,-33.5751275],[-60.928089,-33.5753018],[-60.9361088,-33.5796505],[-60.9386623,-33.5810627],[-60.9392309,-33.5813666],[-60.9451532,-33.5845664],[-60.9516694,-33.588119],[-60.9600878,-33.5927085],[-60.9658431,-33.595877],[-60.9669542,-33.5964887],[-60.9797273,-33.6034996],[-60.9904792,-33.6093431],[-60.9906076,-33.609413],[-60.9939077,-33.6112479],[-61.0080638,-33.6189901],[-61.0224246,-33.6268456]]]},"geometry_name":"geom","properties":{"gid":1649,"rtn":"10s","typ":40,"rst":3,"hct":2,"fdc":"IDESF","sag":"IGN"},"bbox":[-61.0224246,-33.6268456,-60.804199,-33.53526]},{"type":"Feature","id":"vial_provincial.1675","geometry":{"type":"MultiLineString","coordinates":[[[-60.52010473,-33.49304185],[-60.52013758,-33.49303098],[-60.52017078,-33.49302574],[-60.52021045,-33.49303547],[-60.52025882,-33.49306143],[-60.52059671,-33.49339931],[-60.52718958,-33.49938996],[-60.54614124,-33.51672426],[-60.55161733,-33.52173969],[-60.5516554,-33.5217987],[-60.55166801,-33.521841],[-60.55166558,-33.52188126],[-60.55164831,-33.52191167],[-60.55162685,-33.52193575],[-60.55157735,-33.52197573],[-60.5446594,-33.5272669],[-60.5619875,-33.5438563],[-60.5562008,-33.5476004],[-60.5474031,-33.5533229],[-60.5551815,-33.5606454],[-60.5640663,-33.5689411],[-60.5700724,-33.5663235],[-60.581576,-33.5613098],[-60.5852247,-33.5597195],[-60.5900286,-33.5576257],[-60.60287323,-33.55202241],[-60.60324637,-33.55189169],[-60.60348218,-33.55180908],[-60.6037299,-33.5516839],[-60.6070442,-33.5502513],[-60.6071702,-33.5501847],[-60.6072963,-33.5500796],[-60.6073801,-33.5499645],[-60.6075284,-33.5496549],[-60.6075543,-33.5494916],[-60.6075491,-33.5492665],[-60.6072347,-33.5464584],[-60.6066074,-33.5408555],[-60.6065029,-33.5406301],[-60.6063259,-33.5404021],[-60.6057948,-33.5399505],[-60.6057465,-33.5398253],[-60.6057573,-33.5396777],[-60.6071273,-33.5322936],[-60.609391,-33.5200916],[-60.609424,-33.5198965],[-60.6095897,-33.5194976],[-60.610855,-33.519677],[-60.6121515,-33.5198498],[-60.6134013,-33.5200066],[-60.6146842,-33.5201754],[-60.6160007,-33.5203562],[-60.6161112,-33.5203761],[-60.6162615,-33.520461],[-60.6204128,-33.5242074],[-60.6255197,-33.5288311],[-60.6296546,-33.532583],[-60.6343756,-33.536829],[-60.6383829,-33.5404613],[-60.6411571,-33.5429939],[-60.6443896,-33.5459015],[-60.6497918,-33.5508342],[-60.6582025,-33.5584731],[-60.6658838,-33.5653962],[-60.6659899,-33.5654296],[-60.6660806,-33.565409],[-60.6804012,-33.554816],[-60.6804881,-33.5547741],[-60.6805498,-33.5547751],[-60.6806129,-33.5547762],[-60.6807023,-33.5548285],[-60.6816225,-33.5556972],[-60.6817045,-33.5557238],[-60.6818028,-33.5557326],[-60.6818905,-33.5557182],[-60.7020573,-33.5474761],[-60.7048149,-33.546343],[-60.7205106,-33.5399169],[-60.7298238,-33.5483454],[-60.7300615,-33.5485438],[-60.7301481,-33.5486565],[-60.7303523,-33.5485638],[-60.7389996,-33.5416578],[-60.7472876,-33.535055],[-60.7473759,-33.535021],[-60.7474999,-33.5350227],[-60.7476159,-33.5350889],[-60.7508521,-33.5381085],[-60.7509811,-33.538191],[-60.7511217,-33.5382484],[-60.7512799,-33.5382764],[-60.7514655,-33.5382734],[-60.7667263,-33.537464],[-60.7759718,-33.5369736]]]},"geometry_name":"geom","properties":{"gid":1675,"rtn":"10s","typ":40,"rst":3,"hct":2,"fdc":"IDESF","sag":"IGN"},"bbox":[-60.7759718,-33.5689411,-60.52010473,-33.49302574]},{"type":"Feature","id":"vial_provincial.1717","geometry":{"type":"MultiLineString","coordinates":[[[-60.56445264,-33.41244571],[-60.56243136,-33.41402999],[-60.56151134,-33.41474492],[-60.55817317,-33.41733895],[-60.55777047,-33.41765188],[-60.5570911,-33.41823802],[-60.5559759,-33.41934783],[-60.55527373,-33.4201898],[-60.55479015,-33.42081778],[-60.55430657,-33.42144576],[-60.55339221,-33.42293288],[-60.55204531,-33.42590514],[-60.54488707,-33.44076659],[-60.54206979,-33.44667527],[-60.53261286,-33.466638],[-60.5294339,-33.47332523],[-60.5225011,-33.48790962],[-60.52078694,-33.49149784],[-60.52010473,-33.49304185],[-60.52008937,-33.4930656]]]},"geometry_name":"geom","properties":{"gid":1717,"rtn":"25s","typ":40,"rst":1,"hct":2,"fdc":"IDESF","sag":"IGN"},"bbox":[-60.56445264,-33.4930656,-60.52008937,-33.41244571]},{"type":"Feature","id":"vial_provincial.1718","geometry":{"type":"MultiLineString","coordinates":[[[-60.60074758,-33.31567613],[-60.59877673,-33.31957349],[-60.59871734,-33.31966243],[-60.59869267,-33.31969014],[-60.59866738,-33.31971146],[-60.59863617,-33.319717],[-60.59859991,-33.31971767],[-60.59853601,-33.31970707],[-60.59828474,-33.31961189],[-60.59811342,-33.31953575],[-60.59796494,-33.31949006],[-60.59785453,-33.31948245],[-60.59776697,-33.31949006],[-60.59765656,-33.31953194],[-60.59760326,-33.31960047],[-60.59755758,-33.31969565],[-60.59704742,-33.32070073],[-60.58154886,-33.35171937],[-60.58106916,-33.35268448],[-60.5798642,-33.35465468],[-60.57853932,-33.35679048],[-60.57766558,-33.35830382],[-60.57659197,-33.36045104],[-60.57595808,-33.36172453],[-60.57558117,-33.36222707],[-60.57508434,-33.36276388],[-60.5728743,-33.36444283],[-60.55255561,-33.37980082],[-60.5521273,-33.38006351],[-60.55170471,-33.38022912],[-60.55133922,-33.38035476],[-60.55104798,-33.38058319],[-60.54975736,-33.38178244],[-60.52785096,-33.39863078],[-60.5272805,-33.3990871]]]},"geometry_name":"geom","properties":{"gid":1718,"rtn":"25s","typ":40,"rst":1,"hct":2,"fdc":"IDESF","sag":"IGN"},"bbox":[-60.60074758,-33.3990871,-60.5272805,-33.31567613]},{"type":"Feature","id":"vial_provincial.1720","geometry":{"type":"MultiLineString","coordinates":[[[-60.49582742,-33.4841527],[-60.49461126,-33.48508544],[-60.43793487,-33.52757942],[-60.43502432,-33.52978946],[-60.41375704,-33.54567836]]]},"geometry_name":"geom","properties":{"gid":1720,"rtn":"25s","typ":40,"rst":3,"hct":2,"fdc":"IDESF","sag":"IGN"},"bbox":[-60.49582742,-33.54567836,-60.41375704,-33.4841527]},{"type":"Feature","id":"vial_provincial.1750","geometry":{"type":"MultiLineString","coordinates":[[[-60.92587799,-33.55552141],[-60.93284158,-33.54869666],[-60.93750135,-33.5440662],[-60.93591689,-33.54367715],[-60.93912402,-33.53448469],[-60.94559341,-33.51594669],[-60.95260423,-33.49550559],[-60.95269591,-33.4953469]]]},"geometry_name":"geom","properties":{"gid":1750,"rtn":"19s","typ":40,"rst":3,"hct":2,"fdc":"IDESF","sag":"IGN"},"bbox":[-60.95269591,-33.55552141,-60.92587799,-33.4953469]},{"type":"Feature","id":"vial_provincial.1782","geometry":{"type":"MultiLineString","coordinates":[[[-60.93819319,-33.30200645],[-60.92891972,-33.29713716],[-60.91257435,-33.28829376],[-60.89422903,-33.27830943],[-60.87772241,-33.26914403],[-60.87463629,-33.26742498]]]},"geometry_name":"geom","properties":{"gid":1782,"rtn":"29s","typ":40,"rst":3,"hct":2,"fdc":"IDESF","sag":"IGN"},"bbox":[-60.93819319,-33.30200645,-60.87463629,-33.26742498]},{"type":"Feature","id":"vial_provincial.1787","geometry":{"type":"MultiLineString","coordinates":[[[-61.02874178,-33.36280774],[-61.02112302,-33.35733066],[-61.01576583,-33.35347565],[-61.01199037,-33.3507098],[-61.00513298,-33.34591956],[-60.99238014,-33.33674983],[-60.98205039,-33.32929489],[-60.97196052,-33.32301359],[-60.96457087,-33.31847357],[-60.96286908,-33.31750085]]]},"geometry_name":"geom","properties":{"gid":1787,"rtn":"29s","typ":40,"rst":3,"hct":2,"fdc":"IDESF","sag":"IGN"},"bbox":[-61.02874178,-33.36280774,-60.96286908,-33.31750085]},{"type":"Feature","id":"vial_provincial.1797","geometry":{"type":"MultiLineString","coordinates":[[[-60.90450593,-33.37306444],[-60.93270395,-33.34776071],[-60.95715768,-33.32603861],[-60.95842355,-33.32473467],[-60.96045085,-33.32210774],[-60.96045466,-33.32203921],[-60.96043467,-33.32197354],[-60.96032331,-33.32190501],[-60.96010916,-33.32179936],[-60.95992356,-33.32166516],[-60.95987787,-33.32156522],[-60.95986645,-33.32144244],[-60.95988644,-33.32134251],[-60.96048607,-33.32055443],[-60.96286908,-33.31750085],[-60.96181641,-33.31685744],[-60.94038239,-33.30338272],[-60.93819319,-33.30200645],[-60.93890419,-33.30108373],[-60.93902318,-33.30092931],[-60.94281534,-33.2960079],[-60.94768164,-33.2896925],[-60.95012748,-33.28651833],[-60.9608594,-33.27253357],[-60.96568263,-33.26638436],[-60.96840832,-33.2625953],[-60.96870588,-33.26221313]]]},"geometry_name":"geom","properties":{"gid":1797,"rtn":"26s","typ":40,"rst":3,"hct":2,"fdc":"IDESF","sag":"IGN"},"bbox":[-60.96870588,-33.37306444,-60.90450593,-33.26221313]},{"type":"Feature","id":"vial_provincial.2434","geometry":{"type":"MultiLineString","coordinates":[[[-60.30869427,-33.32706696],[-60.30890417,-33.32731331]]]},"geometry_name":"geom","properties":{"gid":2434,"rtn":"10s","typ":40,"rst":3,"hct":2,"fdc":"IDESF","sag":"IGN"},"bbox":[-60.30890417,-33.32731331,-60.30869427,-33.32706696]},{"type":"Feature","id":"vial_provincial.3127","geometry":{"type":"MultiLineString","coordinates":[[[-60.96442774,-33.9321648],[-60.9643877,-33.9329206],[-60.9636745,-33.9412561],[-60.9631286,-33.94748604],[-60.9622479,-33.9575368],[-60.9621388,-33.9584807],[-60.9619189,-33.9592768],[-60.9617355,-33.9597552],[-60.9616089,-33.9600293],[-60.9615216,-33.9602026],[-60.9612926,-33.9605862],[-60.9610767,-33.9609193],[-60.9608165,-33.9612566],[-60.9605848,-33.9615343],[-60.9602568,-33.9618736],[-60.9600071,-33.9621126],[-60.9596589,-33.9624228],[-60.9591879,-33.9628197],[-60.949565,-33.9706965],[-60.9495056,-33.9707451],[-60.93496878,-33.98262029],[-60.9304675,-33.9862974],[-60.9178503,-33.9966495],[-60.9170084,-33.997338],[-60.8956721,-34.0148071],[-60.8949102,-34.0155304],[-60.8943907,-34.0162013],[-60.8941281,-34.0165996],[-60.8938887,-34.0170173],[-60.8937018,-34.0174303],[-60.8935576,-34.0177835],[-60.8934441,-34.018124],[-60.8933319,-34.0185363],[-60.8932421,-34.0190406],[-60.8927418,-34.0230073],[-60.8926787,-34.0233584],[-60.8925799,-34.0237773],[-60.8924145,-34.0243311],[-60.8922148,-34.0247692],[-60.8919643,-34.0252662],[-60.8916845,-34.0257149],[-60.8914819,-34.0259985],[-60.8911054,-34.026465],[-60.8907125,-34.0268703],[-60.8901381,-34.0273755],[-60.88642344,-34.03047917],[-60.8785343,-34.0370707],[-60.8781584,-34.0374058],[-60.8774793,-34.0379684],[-60.8764718,-34.0387724],[-60.8737899,-34.0410119],[-60.8736359,-34.0411397],[-60.8735341,-34.0412216],[-60.8662475,-34.0473042],[-60.8638088,-34.0493264],[-60.8605052,-34.0520659],[-60.8600416,-34.052526],[-60.8587364,-34.0540315],[-60.8583387,-34.0544582],[-60.8579998,-34.0548078],[-60.8575748,-34.0551708],[-60.8561185,-34.0563595],[-60.8554441,-34.0568937],[-60.8506694,-34.0607613],[-60.8465922,-34.0640606],[-60.8401036,-34.0693191],[-60.8344276,-34.0739161],[-60.8340376,-34.0742956],[-60.8337223,-34.074675],[-60.8333926,-34.0751154],[-60.8330084,-34.0757968],[-60.8314083,-34.0793747],[-60.8255298,-34.0925185],[-60.8251197,-34.0934055],[-60.8247662,-34.0939994],[-60.8243218,-34.0946093],[-60.8238434,-34.0951189],[-60.8234293,-34.0955219],[-60.822791,-34.0960818],[-60.8206393,-34.0979168],[-60.8092628,-34.1076673],[-60.7987696,-34.1158851],[-60.7987071,-34.1159341],[-60.7873899,-34.1257435],[-60.7754765,-34.1357595],[-60.7663321,-34.1441101],[-60.75768089,-34.15132625],[-60.7496974,-34.1579767],[-60.7416828,-34.1646026],[-60.7337189,-34.1711859],[-60.7258353,-34.1777179],[-60.7256908,-34.1778415],[-60.7244881,-34.1788383],[-60.7221629,-34.1807752],[-60.720852,-34.1818758],[-60.7196753,-34.1828635],[-60.7177318,-34.1844833],[-60.7168881,-34.1851865],[-60.7148215,-34.1869172],[-60.7133781,-34.1881057],[-60.7108506,-34.1902373]]]},"geometry_name":"geom","properties":{"gid":3127,"rtn":"31","typ":40,"rst":1,"hct":2,"fdc":"DVP Buenos Aires","sag":"IGN"},"bbox":[-60.96442774,-34.1902373,-60.7108506,-33.9321648]},{"type":"Feature","id":"vial_provincial.3141","geometry":{"type":"MultiLineString","coordinates":[[[-60.5387528,-33.883827],[-60.5387908,-33.88379847],[-60.5410536,-33.8820994],[-60.5417057,-33.8815962],[-60.5418081,-33.8815109],[-60.5428625,-33.880702],[-60.5433198,-33.8803476],[-60.5451897,-33.8788916],[-60.546103,-33.8781795],[-60.5469399,-33.8775362],[-60.5477772,-33.8769128],[-60.5485688,-33.8763106],[-60.5489096,-33.8760514],[-60.5500172,-33.875211],[-60.5522229,-33.8734975],[-60.5537108,-33.8723693],[-60.554735,-33.8715665],[-60.5567744,-33.8699753],[-60.5580815,-33.8689716],[-60.5584841,-33.8686651],[-60.5585556,-33.8686106],[-60.5590184,-33.8682579],[-60.5592874,-33.8680529],[-60.5613227,-33.8665018],[-60.5626346,-33.8655086],[-60.5636395,-33.8647477],[-60.5657973,-33.8631055],[-60.5668986,-33.8622515],[-60.5680378,-33.8613944],[-60.569173,-33.8605315],[-60.5702558,-33.8596873],[-60.5747978,-33.856179],[-60.5793195,-33.8527226],[-60.5833582,-33.849628],[-60.5838141,-33.8492794],[-60.584332,-33.8488922],[-60.585791,-33.8477601],[-60.5882744,-33.8458518],[-60.5914094,-33.8434329],[-60.594541,-33.8410143],[-60.59476726,-33.84083632],[-60.5954674,-33.8402856],[-60.5966344,-33.8390945],[-60.5985443,-33.8368492],[-60.5992913,-33.8356397],[-60.6000318,-33.8342473],[-60.6007191,-33.8325189],[-60.6039803,-33.8228835],[-60.6058146,-33.8173707],[-60.6079985,-33.810807],[-60.6131224,-33.795679],[-60.6139735,-33.7934746],[-60.6148243,-33.7915993],[-60.620285,-33.7818395],[-60.6311025,-33.7623224],[-60.6409033,-33.7446714],[-60.6409591,-33.7445693],[-60.6437007,-33.7395518],[-60.6549859,-33.7191702],[-60.6629131,-33.7048433],[-60.665888,-33.6994624],[-60.66592778,-33.69939046],[-60.6687589,-33.6942701],[-60.6688454,-33.6941232],[-60.672514,-33.6874779],[-60.6746219,-33.6836554],[-60.6746997,-33.6835142],[-60.6773923,-33.6786312],[-60.679136,-33.6754977],[-60.6802524,-33.673498],[-60.6814087,-33.6715237],[-60.6823477,-33.6700299],[-60.6828467,-33.6692597],[-60.6836141,-33.6680439],[-60.6849614,-33.6661263],[-60.6931158,-33.6545702],[-60.6933384,-33.6542479],[-60.6940143,-33.6532888],[-60.69783222,-33.64788015],[-60.70279,-33.6408567],[-60.7087783,-33.6323531],[-60.7115741,-33.6284279],[-60.7155192,-33.6228212],[-60.715651,-33.6226339],[-60.7197047,-33.6168709],[-60.7235473,-33.6113766],[-60.7278177,-33.6053618],[-60.7347033,-33.5956033],[-60.7357753,-33.5940631],[-60.7383429,-33.59043],[-60.7391245,-33.5893017],[-60.7402879,-33.58736235]]]},"geometry_name":"geom","properties":{"gid":3141,"rtn":"32","typ":40,"rst":1,"hct":2,"fdc":"DVP Buenos Aires","sag":"IGN"},"bbox":[-60.7402879,-33.883827,-60.5387528,-33.58736235]},{"type":"Feature","id":"vial_provincial.3142","geometry":{"type":"MultiLineString","coordinates":[[[-60.2409294,-34.2941048],[-60.2408911,-34.2939554],[-60.240865,-34.2938606],[-60.240831,-34.2937366],[-60.2406982,-34.2932485],[-60.2405125,-34.2924947],[-60.2402987,-34.2917389],[-60.2401858,-34.2912789],[-60.2401197,-34.2910137],[-60.2397145,-34.2894729],[-60.2394827,-34.288555],[-60.2391772,-34.2873451],[-60.2390625,-34.2870146],[-60.2389152,-34.2866975],[-60.238566,-34.2860804],[-60.237798,-34.2847549],[-60.2376925,-34.2845327],[-60.2376002,-34.2843186],[-60.2375598,-34.2841872],[-60.237494,-34.2839018],[-60.2374654,-34.2836213],[-60.2374709,-34.2833338],[-60.2374732,-34.2831946],[-60.237627,-34.2811687],[-60.2376368,-34.2809239],[-60.2376477,-34.2806503],[-60.2378352,-34.2779506],[-60.2379246,-34.276664],[-60.2379433,-34.2763857],[-60.2383377,-34.2727016],[-60.2383851,-34.2722778],[-60.2390478,-34.2672142],[-60.2392317,-34.2660751],[-60.2392349,-34.2651588],[-60.2391808,-34.2643415],[-60.2388529,-34.263127],[-60.2384061,-34.2619863],[-60.236081,-34.2567235],[-60.230923,-34.2449246],[-60.2305684,-34.2440414],[-60.2303426,-34.2430871],[-60.2302378,-34.2423458],[-60.2303059,-34.2415272],[-60.23044077,-34.24065724],[-60.23095949,-34.23972925],[-60.23167809,-34.23889644],[-60.23425052,-34.23682412],[-60.23738579,-34.23420493],[-60.24380408,-34.22900016],[-60.2533342,-34.2213635],[-60.2610643,-34.2151367],[-60.2620068,-34.2143788],[-60.2638323,-34.21291064],[-60.2691485,-34.2086351],[-60.2757036,-34.2033725],[-60.2777756,-34.2016999],[-60.278518,-34.2010111],[-60.279168,-34.2003268],[-60.2795928,-34.1997344],[-60.2806595,-34.1976892],[-60.2832832,-34.1922434],[-60.2938916,-34.1695585],[-60.2944364,-34.1686303],[-60.295011,-34.1677485],[-60.2954772,-34.1671317],[-60.2960527,-34.1664699],[-60.3035575,-34.1595579],[-60.3054654,-34.1577839],[-60.3059827,-34.1569991],[-60.3063283,-34.1562498],[-60.3065792,-34.1554926],[-60.3067332,-34.1545888],[-60.3069471,-34.1518092],[-60.3073458,-34.146629],[-60.308468,-34.1317327],[-60.3086902,-34.1305112],[-60.3088565,-34.1300186],[-60.3091837,-34.1293128],[-60.3095882,-34.1286622],[-60.3101965,-34.1279406],[-60.3109719,-34.1272397],[-60.317223,-34.1224277],[-60.3284452,-34.1137589],[-60.3380966,-34.1062575],[-60.3448822,-34.1010796],[-60.3462335,-34.1000186],[-60.3470436,-34.0993941],[-60.3479215,-34.0988471],[-60.3483094,-34.0986271],[-60.3489951,-34.0983025],[-60.3557867,-34.0954524],[-60.3702771,-34.0894071],[-60.3714017,-34.0888318],[-60.37199,-34.0884874],[-60.3735204,-34.0873101],[-60.3915631,-34.0733713],[-60.3925392,-34.0726084],[-60.3930689,-34.0721903],[-60.398332,-34.068176],[-60.4001798,-34.0667216],[-60.4012671,-34.0659096],[-60.406573,-34.061819],[-60.407943,-34.0607503],[-60.4091207,-34.0598131],[-60.4102592,-34.0589654],[-60.41121,-34.0582843],[-60.4153215,-34.055729],[-60.4161344,-34.0552414],[-60.4175284,-34.0543384],[-60.4190591,-34.0531433],[-60.4205024,-34.052019],[-60.4236767,-34.0495464],[-60.4262834,-34.0475159],[-60.4264121,-34.0474157],[-60.4328588,-34.0423937],[-60.4355276,-34.0403408],[-60.4386461,-34.0379184],[-60.4398832,-34.0369439],[-60.4407235,-34.0362993],[-60.4414419,-34.035801],[-60.4421718,-34.0353901],[-60.4427391,-34.0351152],[-60.4435062,-34.0347964],[-60.4440402,-34.0346161],[-60.4445276,-34.0344658],[-60.4452391,-34.0342905],[-60.4461747,-34.0341218],[-60.4468593,-34.0340475],[-60.4474314,-34.0340037],[-60.4484302,-34.0339804],[-60.4500264,-34.0339247],[-60.4541188,-34.0337208],[-60.4549121,-34.0336212],[-60.4554378,-34.0335078],[-60.4559669,-34.0333598],[-60.4572069,-34.0328586],[-60.457705,-34.032628],[-60.4583161,-34.0322781],[-60.4589081,-34.0318623],[-60.459348,-34.0314773],[-60.4597965,-34.0310377],[-60.4603725,-34.0302868],[-60.4617474,-34.0283346],[-60.4624713,-34.027471],[-60.4629737,-34.0269429],[-60.4637693,-34.026252],[-60.4694641,-34.0219405],[-60.4696745,-34.0217808],[-60.4737219,-34.0186904],[-60.4754873,-34.0173558],[-60.4760732,-34.0168999],[-60.4762741,-34.0167339],[-60.4870735,-34.0085403],[-60.4893086,-34.0068268],[-60.4895445,-34.0066469],[-60.4998883,-33.9987691],[-60.5010109,-33.9979334],[-60.501457,-33.9975713],[-60.5020453,-33.9970285],[-60.5023905,-33.9966687],[-60.5029342,-33.9960593],[-60.5033152,-33.9955256],[-60.503711,-33.9949449],[-60.5053121,-33.9925307],[-60.5066922,-33.990397],[-60.5070073,-33.9899068],[-60.5115602,-33.9829493],[-60.5124206,-33.981876],[-60.5131077,-33.9811424],[-60.5141655,-33.9802028],[-60.5179129,-33.9772561],[-60.5226892,-33.9735347],[-60.5254137,-33.971107],[-60.5303279,-33.9666469],[-60.5306339,-33.9663828],[-60.5315368,-33.9655447],[-60.532273,-33.9648613],[-60.53314,-33.9640855],[-60.542211,-33.9559041],[-60.5469641,-33.9515905],[-60.5520363,-33.9470041],[-60.5521005,-33.946946],[-60.5534751,-33.9457102],[-60.5544559,-33.9448284],[-60.5558314,-33.943404],[-60.5561547,-33.9430824],[-60.5573508,-33.9418927],[-60.5608323,-33.9382482],[-60.5620821,-33.9369708],[-60.5650531,-33.933932],[-60.5652839,-33.9336648],[-60.5653971,-33.9334976],[-60.5654654,-33.9332868],[-60.565498,-33.9331572],[-60.5655517,-33.9329265],[-60.566274,-33.9298474],[-60.5666846,-33.9280713],[-60.5668975,-33.9271507],[-60.5672142,-33.9258393],[-60.5678112,-33.9232945],[-60.5681359,-33.9217785],[-60.5686607,-33.9190752],[-60.5688302,-33.9185535],[-60.5689933,-33.9180513],[-60.5693772,-33.9169567],[-60.5699052,-33.9154515],[-60.56999011,-33.91519666],[-60.5699917,-33.9151919]]]},"geometry_name":"geom","properties":{"gid":3142,"rtn":"32","typ":40,"rst":1,"hct":2,"fdc":"DVP Buenos Aires","sag":"IGN"},"bbox":[-60.5699917,-34.2941048,-60.2302378,-33.9151919]},{"type":"Feature","id":"vial_provincial.3404","geometry":{"type":"MultiLineString","coordinates":[[[-61.0729257,-33.9166652],[-61.0717032,-33.9158416],[-61.07124,-33.9155262],[-61.0708087,-33.9151932],[-61.0691135,-33.9137865],[-61.067075,-33.9120591],[-61.0659592,-33.9111331],[-61.0658822,-33.9110694],[-61.06385478,-33.90932848],[-61.0596981,-33.9059495],[-61.05798901,-33.90440735],[-61.0488156,-33.8969391],[-61.018217,-33.8711639],[-61.0173726,-33.8705573],[-61.0111279,-33.8669552],[-61.0105566,-33.8665316],[-60.9941655,-33.8528239],[-60.9841539,-33.8444501],[-60.9735088,-33.83548],[-60.9729701,-33.8349316],[-60.9722417,-33.8340115],[-60.97184,-33.8334815],[-60.9717227,-33.8333267],[-60.9713743,-33.832626],[-60.9710435,-33.8317887],[-60.96991704,-33.82853804],[-60.969519,-33.8273894],[-60.9689707,-33.8259121],[-60.9685409,-33.8248534],[-60.967963,-33.8239546],[-60.9674295,-33.8231175],[-60.9665827,-33.8221644],[-60.9451695,-33.8026406],[-60.9444427,-33.8017347],[-60.9440886,-33.8012624],[-60.9436414,-33.8004649],[-60.9432966,-33.7997293],[-60.9431103,-33.7991563],[-60.9429146,-33.7983665],[-60.9428028,-33.7973212],[-60.9421432,-33.7880973],[-60.9421273,-33.787862],[-60.9401184,-33.7580522],[-60.9398304,-33.7537785],[-60.9397186,-33.7526707],[-60.9395136,-33.7518727],[-60.9390944,-33.7507261],[-60.9386285,-33.7497732],[-60.9384696,-33.749533],[-60.9382185,-33.7491534],[-60.9378085,-33.7486343],[-60.937324,-33.7481075],[-60.93544713,-33.74640101],[-60.9265895,-33.7383475],[-60.9261663,-33.7379657],[-60.9256235,-33.7374759],[-60.925425,-33.7372785],[-60.9252458,-33.7370805]]]},"geometry_name":"geom","properties":{"gid":3404,"rtn":"50","typ":40,"rst":1,"hct":2,"fdc":"DVP Buenos Aires","sag":"IGN"},"bbox":[-61.0729257,-33.9166652,-60.9252458,-33.7370805]},{"type":"Feature","id":"vial_provincial.3405","geometry":{"type":"MultiLineString","coordinates":[[[-60.9252458,-33.7370805],[-60.9249654,-33.7367795],[-60.9248345,-33.7365975],[-60.9247374,-33.7364361],[-60.9246558,-33.7362862],[-60.9245248,-33.7360108],[-60.92436398,-33.73569832],[-60.92427438,-33.73551842],[-60.92423596,-33.73546402],[-60.92417172,-33.73540334],[-60.92406892,-33.73533172],[-60.92399183,-33.73528604],[-60.92391331,-33.73524035],[-60.92380433,-33.73519907],[-60.92368856,-33.73515433]]]},"geometry_name":"geom","properties":{"gid":3405,"rtn":"50","typ":40,"rst":1,"hct":2,"fdc":"DVP Buenos Aires","sag":"IGN"},"bbox":[-60.9252458,-33.7370805,-60.92368856,-33.73515433]},{"type":"Feature","id":"vial_provincial.3406","geometry":{"type":"MultiLineString","coordinates":[[[-60.92428885,-33.73473252],[-60.92429063,-33.73476456],[-60.9242953,-33.7348487],[-60.9243182,-33.7350294],[-60.9243452,-33.7351955],[-60.924416,-33.7354545],[-60.9245186,-33.7357488],[-60.9246425,-33.7360284],[-60.9247913,-33.7363605],[-60.9248899,-33.7365463],[-60.9250101,-33.7367436],[-60.9252458,-33.7370805]]]},"geometry_name":"geom","properties":{"gid":3406,"rtn":"50","typ":40,"rst":1,"hct":2,"fdc":"DVP Buenos Aires","sag":"IGN"},"bbox":[-60.9252458,-33.7370805,-60.92428885,-33.73473252]},{"type":"Feature","id":"vial_provincial.3407","geometry":{"type":"MultiLineString","coordinates":[[[-60.9227255,-33.733677],[-60.9229857,-33.7338727],[-60.9231326,-33.733979],[-60.9232778,-33.7340584],[-60.9234245,-33.7341317],[-60.9235414,-33.7341747],[-60.9236582,-33.7342159],[-60.92382678,-33.73425629]]]},"geometry_name":"geom","properties":{"gid":3407,"rtn":"50","typ":40,"rst":1,"hct":2,"fdc":"DVP Buenos Aires","sag":"IGN"},"bbox":[-60.92382678,-33.73425629,-60.9227255,-33.733677]},{"type":"Feature","id":"vial_provincial.3408","geometry":{"type":"MultiLineString","coordinates":[[[-60.92319804,-33.73476704],[-60.92319697,-33.73474442],[-60.92318805,-33.73455661],[-60.92318091,-33.73447809],[-60.92316618,-33.73432849],[-60.9231308,-33.7342141],[-60.9230901,-33.7341258],[-60.9230458,-33.7340508],[-60.9229928,-33.7339698],[-60.922929,-33.7338889],[-60.9227255,-33.733677]]]},"geometry_name":"geom","properties":{"gid":3408,"rtn":"50","typ":40,"rst":1,"hct":2,"fdc":"DVP Buenos Aires","sag":"IGN"},"bbox":[-60.92319804,-33.73476704,-60.9227255,-33.733677]},{"type":"Feature","id":"vial_provincial.3409","geometry":{"type":"MultiLineString","coordinates":[[[-60.9227255,-33.733677],[-60.9224853,-33.7334766],[-60.922246,-33.7332768],[-60.9212391,-33.7324365],[-60.9099094,-33.7230292],[-60.8942307,-33.7100409],[-60.8897385,-33.7062847],[-60.8883261,-33.7051675],[-60.8876546,-33.7044355],[-60.8793418,-33.6946685],[-60.8782476,-33.6932864],[-60.877883,-33.6927612],[-60.8774658,-33.691984],[-60.8732751,-33.6837829],[-60.8731314,-33.6832309],[-60.8731593,-33.6826075],[-60.8733909,-33.6818175],[-60.8742476,-33.6807],[-60.8750211,-33.6796485],[-60.8765863,-33.6775206],[-60.884621,-33.6670624],[-60.8851408,-33.6663004],[-60.8856446,-33.665449],[-60.8860995,-33.6645277],[-60.8863842,-33.6638047],[-60.8866532,-33.662962],[-60.8868297,-33.6622557],[-60.8877949,-33.6577956],[-60.8878763,-33.6575444],[-60.8880098,-33.6572652]]]},"geometry_name":"geom","properties":{"gid":3409,"rtn":"50","typ":40,"rst":1,"hct":2,"fdc":"DVP Buenos Aires","sag":"IGN"},"bbox":[-60.9227255,-33.733677,-60.8731314,-33.6572652]},{"type":"Feature","id":"vial_provincial.4093","geometry":{"type":"MultiLineString","coordinates":[[[-60.8880098,-33.6572652],[-60.88814533,-33.65696263],[-60.88823813,-33.65661285],[-60.88887344,-33.65376463],[-60.88958728,-33.65059519],[-60.89001558,-33.64881059],[-60.89022974,-33.64757565],[-60.89047244,-33.64664052],[-60.89068659,-33.64576964],[-60.89077225,-33.64550552],[-60.89110062,-33.64406357],[-60.89183587,-33.64087271],[-60.89189298,-33.64060145],[-60.89195009,-33.64050152],[-60.89201433,-33.64046582],[-60.89214996,-33.64046582],[-60.89389173,-33.64084416],[-60.89881721,-33.6419863],[-60.90442084,-33.64323552],[-60.90679078,-33.64384942],[-60.90926067,-33.64462036],[-60.91210888,-33.64558404],[-60.91669886,-33.6470831],[-60.91947443,-33.64798951],[-60.92091764,-33.64846081],[-60.92407995,-33.64951729],[-60.92430838,-33.64958154],[-60.92674257,-33.64988849],[-60.92852002,-33.65014547],[-60.92888408,-33.65023827],[-60.92917675,-33.65038818],[-60.92976924,-33.65071654],[-60.92999053,-33.65080934],[-60.93019754,-33.65086645],[-60.93053305,-33.65088072],[-60.93213204,-33.65081648]]]},"geometry_name":"geom","properties":{"gid":4093,"rtn":"50","typ":40,"rst":3,"hct":2,"fdc":"DVP Buenos Aires","sag":"IGN"},"bbox":[-60.93213204,-33.6572652,-60.8880098,-33.64046582]},{"type":"Feature","id":"vial_provincial.2732","geometry":{"type":"MultiLineString","coordinates":[[[-60.2373837,-34.3203291],[-60.2360436,-34.3186194],[-60.2349289,-34.3171985],[-60.2348858,-34.3171444],[-60.233935,-34.316022],[-60.2336448,-34.3156829],[-60.2333691,-34.3153402],[-60.2331387,-34.315107],[-60.2328025,-34.314803],[-60.2308175,-34.3130154],[-60.2305161,-34.3127216],[-60.2301657,-34.312327],[-60.2297128,-34.3117569],[-60.2293871,-34.3112658],[-60.2290262,-34.3106928],[-60.2287996,-34.3101871],[-60.2284847,-34.3093832],[-60.2277325,-34.3066659],[-60.2274611,-34.3056827],[-60.2272355,-34.304799],[-60.2271879,-34.3046191],[-60.226267,-34.3013663],[-60.2261814,-34.3010414],[-60.2260815,-34.3007102],[-60.2256363,-34.2992347],[-60.2252135,-34.2978336],[-60.225176,-34.2977208],[-60.2249997,-34.2971902],[-60.2249616,-34.2970757],[-60.2247212,-34.2963522],[-60.2243579,-34.2952587],[-60.2241182,-34.2945375],[-60.22299094,-34.29095001],[-60.22295434,-34.29083153],[-60.22292011,-34.29072081],[-60.22281279,-34.29037359],[-60.22277681,-34.2902572],[-60.22239245,-34.2890137],[-60.2212164,-34.2852658],[-60.2204785,-34.2828201],[-60.2203903,-34.2825278],[-60.220224,-34.2820174],[-60.2199504,-34.2815425],[-60.2195187,-34.2809986],[-60.2171938,-34.2787315],[-60.2153155,-34.2768971],[-60.2126177,-34.2743091],[-60.2087751,-34.2706007],[-60.207773,-34.2696226],[-60.1993053,-34.2612782],[-60.1982185,-34.2602034],[-60.1955351,-34.2575575],[-60.1933697,-34.2554279],[-60.1911254,-34.2531929],[-60.188384,-34.250497],[-60.1870284,-34.2491405],[-60.1866647,-34.2486878],[-60.1863899,-34.2480477],[-60.1862556,-34.2471261],[-60.1860371,-34.2456906],[-60.185661,-34.2432226],[-60.1853735,-34.241039],[-60.1851078,-34.2392318],[-60.1849957,-34.238074],[-60.1851871,-34.2357583],[-60.1853307,-34.2343589],[-60.1858408,-34.2292416],[-60.1859723,-34.2278314],[-60.1862463,-34.2253191],[-60.186268,-34.2250249],[-60.1864788,-34.2221692],[-60.1865318,-34.2214513],[-60.1865841,-34.2203835],[-60.18656,-34.2194711],[-60.1863911,-34.2173539],[-60.1863468,-34.21677606],[-60.1861952,-34.2147988],[-60.1861431,-34.214119],[-60.1858872,-34.2103281],[-60.18573156,-34.20896949],[-60.1853787,-34.2058892],[-60.184514,-34.1975329],[-60.1843933,-34.1969107],[-60.1842356,-34.1963292],[-60.18308,-34.1921893],[-60.1805867,-34.1832956],[-60.1804463,-34.1827786],[-60.1804054,-34.1824101],[-60.1803752,-34.182015],[-60.1803067,-34.180167],[-60.1801808,-34.1762644],[-60.1801435,-34.1759552],[-60.1800839,-34.1757186],[-60.1799953,-34.1755179],[-60.1798342,-34.1752927],[-60.1789637,-34.1743833],[-60.1699613,-34.1653988],[-60.1687572,-34.1641513],[-60.1684404,-34.1637281],[-60.1682077,-34.1633881],[-60.1680395,-34.1630836],[-60.16766425,-34.16246599],[-60.1660385,-34.1597902],[-60.1634804,-34.1550521],[-60.1630576,-34.154269],[-60.1617019,-34.151758],[-60.1603776,-34.1493798],[-60.1588126,-34.1465691],[-60.1542083,-34.1383395],[-60.1515868,-34.1336182],[-60.1463023,-34.1253686],[-60.1398124,-34.1149687],[-60.13767029,-34.11153202],[-60.13647505,-34.10975136],[-60.13609156,-34.10930044],[-60.1337463,-34.1067355],[-60.1301897,-34.1030195],[-60.12834846,-34.10107161],[-60.1265852,-34.09926397],[-60.12369929,-34.09594893],[-60.1191114,-34.0907153],[-60.1142743,-34.0852113],[-60.1080421,-34.0778226],[-60.1078088,-34.077518],[-60.1076653,-34.0773019],[-60.1076034,-34.0771261],[-60.107566,-34.0769834],[-60.1075427,-34.0767965],[-60.107566,-34.076607],[-60.1075847,-34.0764557],[-60.1078262,-34.0755737],[-60.1079658,-34.0750051],[-60.1081484,-34.0743425],[-60.10826356,-34.07395202],[-60.10831115,-34.07367838],[-60.10829331,-34.07339879],[-60.10812674,-34.07301213],[-60.10742618,-34.07177205],[-60.10742428,-34.07176868],[-60.10729627,-34.07161708],[-60.10705909,-34.07118649],[-60.10611015,-34.06952027],[-60.10515837,-34.06777137],[-60.10424227,-34.06611764],[-60.10315962,-34.06414864],[-60.10225542,-34.06249491],[-60.10167782,-34.06151349],[-60.10164718,-34.0614315],[-60.10163766,-34.061397],[-60.10163766,-34.06136488],[-60.1016448,-34.06133751],[-60.10166265,-34.0613161],[-60.10186087,-34.06124228],[-60.10200142,-34.06118994],[-60.10256357,-34.06098768],[-60.10292941,-34.06085979],[-60.10299782,-34.06083004],[-60.10303054,-34.06077651],[-60.10303054,-34.06071702],[-60.102977,-34.06062184],[-60.10254275,-34.05977416],[-60.10227501,-34.05922274]]]},"geometry_name":"geom","properties":{"gid":2732,"rtn":"191","typ":40,"rst":1,"hct":2,"fdc":"DVP Buenos Aires","sag":"IGN"},"bbox":[-60.2373837,-34.3203291,-60.10163766,-34.05922274]},{"type":"Feature","id":"vial_provincial.2733","geometry":{"type":"MultiLineString","coordinates":[[[-60.07689319,-34.06343759],[-60.07618379,-34.06346556],[-60.0744444,-34.063349]]]},"geometry_name":"geom","properties":{"gid":2733,"rtn":"191","typ":40,"rst":1,"hct":2,"fdc":"DVP Buenos Aires","sag":"IGN"},"bbox":[-60.07689319,-34.06346556,-60.0744444,-34.063349]},{"type":"Feature","id":"vial_provincial.2734","geometry":{"type":"MultiLineString","coordinates":[[[-60.07461719,-34.06416113],[-60.074748,-34.0639318],[-60.0747647,-34.0637494],[-60.0746982,-34.0635859],[-60.0745611,-34.0634362],[-60.0744444,-34.063349]]]},"geometry_name":"geom","properties":{"gid":2734,"rtn":"191","typ":40,"rst":1,"hct":2,"fdc":"DVP Buenos Aires","sag":"IGN"},"bbox":[-60.0747647,-34.06416113,-60.0744444,-34.063349]},{"type":"Feature","id":"vial_provincial.2735","geometry":{"type":"MultiLineString","coordinates":[[[-60.06415461,-34.06049614],[-60.0635389,-34.06021],[-60.0629942,-34.0599582],[-60.0601101,-34.0586727],[-60.0536193,-34.0557506],[-60.0520537,-34.055181],[-60.0510983,-34.0549676],[-60.0495374,-34.0546189],[-60.038333,-34.0522859],[-60.03544,-34.051676],[-60.0340483,-34.0513587],[-60.0328061,-34.0510105],[-60.02832697,-34.04960879],[-60.019203,-34.0469947],[-60.0190811,-34.0469587],[-60.0172777,-34.0464104],[-60.0069017,-34.0432553],[-60.0028277,-34.0420119],[-60.0016194,-34.0416699],[-59.998236,-34.0406244],[-59.9966412,-34.0401212],[-59.9952223,-34.0394608],[-59.9938831,-34.0385413],[-59.9932428,-34.0379841],[-59.9926509,-34.0373122],[-59.9920978,-34.0366216],[-59.9881061,-34.0315221],[-59.9855653,-34.0282525],[-59.984262,-34.0265929],[-59.9811631,-34.0225888],[-59.976177,-34.0162002],[-59.9742029,-34.0137099],[-59.9734344,-34.01306],[-59.9729795,-34.0127507],[-59.9723674,-34.0123892],[-59.9717365,-34.0120797],[-59.9639977,-34.0084195],[-59.9638047,-34.0083286],[-59.9590269,-34.0060867],[-59.9580088,-34.0055525],[-59.9570696,-34.0049821],[-59.954838,-34.0033278],[-59.953851,-34.0027585],[-59.9527566,-34.0023494],[-59.9520056,-34.0022071],[-59.9422408,-34.001318],[-59.9371569,-34.0008551],[-59.9338245,-34.0003055],[-59.9281168,-33.9992025],[-59.9174003,-33.9971109],[-59.9131274,-33.9962996],[-59.9122542,-33.9961338],[-59.9111652,-33.9959025],[-59.9102586,-33.9956134],[-59.9095935,-33.9953199],[-59.9091697,-33.9951064],[-59.9084524,-33.9946692],[-59.9081007,-33.9944206],[-59.9078125,-33.9942169],[-59.9067661,-33.9933416],[-59.8992316,-33.9870141],[-59.889758,-33.978527],[-59.8789433,-33.9689],[-59.8721839,-33.9628721],[-59.8697216,-33.9606986],[-59.8673727,-33.9586061],[-59.8655537,-33.9570294],[-59.8637456,-33.9553771],[-59.8634181,-33.9550778],[-59.8626709,-33.9544682],[-59.8617053,-33.9537385],[-59.85858,-33.9521348],[-59.8541281,-33.9498796],[-59.8534489,-33.9494771],[-59.8528722,-33.9490555],[-59.8513412,-33.9476688],[-59.8486291,-33.9449602],[-59.8474005,-33.9437331],[-59.843595,-33.9393202],[-59.8396329,-33.935206],[-59.8360065,-33.9317166],[-59.83515628,-33.93091847],[-59.8331794,-33.9290627],[-59.8319864,-33.9279796],[-59.825857,-33.9229034],[-59.8244408,-33.9216927],[-59.8239713,-33.9211887],[-59.8235347,-33.920617],[-59.8231466,-33.9199568],[-59.822824,-33.9193085],[-59.8206214,-33.9138587],[-59.8196168,-33.9113098],[-59.817691,-33.9066031],[-59.817492,-33.9061432],[-59.8173129,-33.9057723],[-59.8172175,-33.9055811],[-59.817045,-33.9053389],[-59.8168208,-33.9050541],[-59.8165066,-33.9046663],[-59.8157459,-33.9037684],[-59.8153127,-33.9032361],[-59.8146414,-33.902432],[-59.8139366,-33.9015877],[-59.8130235,-33.9004806],[-59.8122913,-33.8995819],[-59.8102328,-33.8965205],[-59.808679,-33.8942097],[-59.8072344,-33.8920613],[-59.8056336,-33.8896804],[-59.8010174,-33.8828143],[-59.7988033,-33.8795209],[-59.7972407,-33.8771965],[-59.796378,-33.8759482],[-59.7959713,-33.8754161],[-59.7954476,-33.8748329],[-59.7944123,-33.8736767],[-59.7915613,-33.870443],[-59.7908102,-33.8692249],[-59.7818677,-33.8547203],[-59.7809517,-33.8532348],[-59.7783687,-33.8492833],[-59.7774382,-33.8478555],[-59.7766495,-33.8463355],[-59.7705902,-33.833898],[-59.7702446,-33.8332463],[-59.7698336,-33.8326179],[-59.7693666,-33.8320205],[-59.7688156,-33.8314464],[-59.7634158,-33.8264516],[-59.7467383,-33.8111363],[-59.7428081,-33.8074731],[-59.74239,-33.8070878],[-59.7382782,-33.8033417],[-59.734628,-33.8000161],[-59.7342582,-33.7996289],[-59.7339402,-33.799254],[-59.7335926,-33.7987991],[-59.7333485,-33.7983874],[-59.7328825,-33.7974777],[-59.729803,-33.7896491],[-59.7269862,-33.7826712],[-59.7263281,-33.77995],[-59.7249389,-33.7744615],[-59.7234272,-33.7677273]]]},"geometry_name":"geom","properties":{"gid":2735,"rtn":"191","typ":40,"rst":1,"hct":2,"fdc":"DVP Buenos Aires","sag":"IGN"},"bbox":[-60.06415461,-34.06049614,-59.7234272,-33.7677273]},{"type":"Feature","id":"vial_provincial.2738","geometry":{"type":"MultiLineString","coordinates":[[[-59.6783917,-33.6934369],[-59.6787515,-33.6938636],[-59.6793108,-33.6945153],[-59.6797802,-33.6950677],[-59.6800106,-33.6953388],[-59.6802368,-33.695605],[-59.6803652,-33.6957521],[-59.6804396,-33.6958394],[-59.6804718,-33.6958755],[-59.6806322,-33.6960707],[-59.6808456,-33.6963133],[-59.6811581,-33.6966445],[-59.6815643,-33.6971558],[-59.6818337,-33.6974227],[-59.6821709,-33.6977566],[-59.6826816,-33.6982623],[-59.6827117,-33.6982921],[-59.6834774,-33.6989872],[-59.6835813,-33.6990816],[-59.686618,-33.7016577],[-59.6904021,-33.7048677],[-59.6929231,-33.7070221],[-59.7085498,-33.7203748],[-59.7087237,-33.7205778],[-59.7088277,-33.7207808],[-59.7089336,-33.7211196],[-59.7089463,-33.7214583],[-59.7086398,-33.7249712],[-59.7085266,-33.7265551],[-59.7085662,-33.726857],[-59.7086531,-33.7271609],[-59.7124587,-33.7349426],[-59.717277,-33.7448869],[-59.7173291,-33.7450048],[-59.7176344,-33.7456964],[-59.7179486,-33.7464906],[-59.7196831,-33.7511996],[-59.72036352,-33.7542496],[-59.7208755,-33.7565446],[-59.7210261,-33.7572056]]]},"geometry_name":"geom","properties":{"gid":2738,"rtn":"191","typ":40,"rst":1,"hct":2,"fdc":"DVP Buenos Aires","sag":"IGN"},"bbox":[-59.7210261,-33.7572056,-59.6783917,-33.6934369]},{"type":"Feature","id":"vial_provincial.2739","geometry":{"type":"MultiLineString","coordinates":[[[-59.6783917,-33.6934369],[-59.6781888,-33.6932753],[-59.6779385,-33.6930507],[-59.6778941,-33.692953],[-59.6778674,-33.6928474],[-59.6778119,-33.6927632],[-59.6776889,-33.6926325],[-59.6775749,-33.6925021],[-59.6772705,-33.692149],[-59.6770948,-33.6919335],[-59.67702936,-33.69184844],[-59.677034,-33.691742],[-59.6771402,-33.69178043],[-59.6771902,-33.6918327],[-59.677261,-33.6919072],[-59.6772979,-33.6919647],[-59.6773623,-33.6921033],[-59.6775254,-33.692323],[-59.6776429,-33.692451],[-59.6777637,-33.6925722],[-59.677821,-33.6926346],[-59.6779201,-33.6926983],[-59.6780376,-33.6927488],[-59.6780951,-33.6927836],[-59.6781536,-33.6928344],[-59.6782031,-33.6928911],[-59.6782411,-33.6929517],[-59.6782699,-33.6930254],[-59.678292,-33.6930929],[-59.6783232,-33.6932028],[-59.6783917,-33.6934369]]]},"geometry_name":"geom","properties":{"gid":2739,"rtn":"191","typ":40,"rst":1,"hct":2,"fdc":"DVP Buenos Aires","sag":"IGN"},"bbox":[-59.6783917,-33.6934369,-59.67702936,-33.691742]},{"type":"Feature","id":"vial_provincial.3261","geometry":{"type":"MultiLineString","coordinates":[[[-59.5404215,-33.8508086],[-59.5404892,-33.8510545],[-59.5405535,-33.8513441],[-59.5406308,-33.851713],[-59.5407024,-33.8520268],[-59.5407748,-33.8523431],[-59.5408379,-33.8525815],[-59.5409076,-33.8527251],[-59.5412825,-33.8532795]]]},"geometry_name":"geom","properties":{"gid":3261,"rtn":"41","typ":40,"rst":1,"hct":2,"fdc":"DVP Buenos Aires","sag":"IGN"},"bbox":[-59.5412825,-33.8532795,-59.5404215,-33.8508086]},{"type":"Feature","id":"vial_provincial.3263","geometry":{"type":"MultiLineString","coordinates":[[[-59.5404215,-33.8508086],[-59.5403827,-33.8506292],[-59.5402338,-33.8499421],[-59.5400085,-33.8488862],[-59.53998365,-33.84875916],[-59.5399,-33.8483315],[-59.5398558,-33.8479013],[-59.5398544,-33.8474939],[-59.5399012,-33.8470596],[-59.5399885,-33.8467009],[-59.5400717,-33.846438],[-59.5401748,-33.8461864],[-59.5402836,-33.8459568],[-59.5404162,-33.8457118],[-59.5405925,-33.8454656],[-59.5407369,-33.8452618],[-59.5409312,-33.8450279],[-59.5412277,-33.8447249],[-59.541524,-33.8444666],[-59.5422748,-33.8439253],[-59.5431063,-33.8432993],[-59.5452869,-33.8416195],[-59.54601,-33.8409876],[-59.546485,-33.8405188],[-59.5466414,-33.8403217],[-59.5470224,-33.8397759],[-59.5472714,-33.839258],[-59.5475074,-33.8386074],[-59.5476254,-33.8380638],[-59.5477005,-33.8374489],[-59.5476928,-33.8368162],[-59.547577,-33.836209],[-59.5474188,-33.8358761],[-59.5472607,-33.835426],[-59.5464934,-33.8342078],[-59.5464131,-33.8340803],[-59.5455761,-33.8328692],[-59.5434197,-33.829749],[-59.5417874,-33.8277233],[-59.5406417,-33.8262678],[-59.5370779,-33.8218584],[-59.5356908,-33.8201261],[-59.534702,-33.8188912],[-59.5342936,-33.8183765],[-59.5325926,-33.8162976],[-59.5322504,-33.8158793],[-59.5319045,-33.815444],[-59.5314077,-33.8148388],[-59.5306532,-33.8139321],[-59.5306191,-33.8138896],[-59.5297748,-33.8128368],[-59.5285148,-33.8112733],[-59.5273107,-33.8097576],[-59.5260657,-33.8082153],[-59.5248294,-33.8066864],[-59.522438,-33.8037234],[-59.5212275,-33.802155],[-59.52029812,-33.8010078],[-59.51960807,-33.80016071],[-59.51823869,-33.79852533],[-59.5175567,-33.7976673],[-59.5168019,-33.7967934],[-59.5161521,-33.7960313],[-59.5160319,-33.7958904],[-59.515434,-33.7951528],[-59.5151499,-33.7948081],[-59.514709,-33.7942732],[-59.5140671,-33.7934943],[-59.5136874,-33.7931155],[-59.513233,-33.7927368],[-59.512718,-33.7924158],[-59.5123042,-33.7921797],[-59.5118811,-33.7920056],[-59.5112602,-33.7918068],[-59.510658,-33.7916312],[-59.5090808,-33.791302]]]},"geometry_name":"geom","properties":{"gid":3263,"rtn":"41","typ":40,"rst":1,"hct":2,"fdc":"DVP Buenos Aires","sag":"IGN"},"bbox":[-59.5477005,-33.8508086,-59.5090808,-33.791302]},{"type":"Feature","id":"vial_provincial.3264","geometry":{"type":"MultiLineString","coordinates":[[[-59.50819704,-33.79088625],[-59.5083464,-33.7909292],[-59.5090808,-33.791302]]]},"geometry_name":"geom","properties":{"gid":3264,"rtn":"41","typ":40,"rst":1,"hct":2,"fdc":"DVP Buenos Aires","sag":"IGN"},"bbox":[-59.5090808,-33.791302,-59.50819704,-33.79088625]},{"type":"Feature","id":"vial_provincial.3265","geometry":{"type":"MultiLineString","coordinates":[[[-59.5090808,-33.791302],[-59.5086517,-33.791328],[-59.50789245,-33.79140512]]]},"geometry_name":"geom","properties":{"gid":3265,"rtn":"41","typ":40,"rst":1,"hct":2,"fdc":"DVP Buenos Aires","sag":"IGN"},"bbox":[-59.5090808,-33.79140512,-59.50789245,-33.791302]},{"type":"Feature","id":"vial_provincial.3470","geometry":{"type":"MultiLineString","coordinates":[[[-60.09156674,-33.54834349],[-60.0917397,-33.548499],[-60.0923583,-33.5490661],[-60.0926878,-33.5493682],[-60.0936399,-33.5501942],[-60.0944819,-33.5508917],[-60.096596,-33.5528224],[-60.1023574,-33.5581678],[-60.1050829,-33.5608377],[-60.1108656,-33.5664786],[-60.115078,-33.5707212],[-60.1164945,-33.5720723],[-60.1180495,-33.5735606],[-60.1203435,-33.5758434],[-60.1214279,-33.5769226],[-60.1258322,-33.5819291],[-60.1275842,-33.5839423],[-60.1287148,-33.5852416],[-60.1305249,-33.5872684],[-60.1327952,-33.5898649],[-60.1355058,-33.5929647],[-60.1377493,-33.5954527],[-60.1387658,-33.5967567],[-60.1395687,-33.5979518],[-60.1405426,-33.5994016],[-60.1416139,-33.6011815],[-60.1474364,-33.6108879],[-60.1563996,-33.6258545],[-60.168581,-33.6461906],[-60.169128,-33.6471146],[-60.1699773,-33.648549],[-60.1706126,-33.6496665],[-60.1711256,-33.6509751],[-60.1736448,-33.6581405],[-60.1746904,-33.6611142],[-60.1757362,-33.6640887],[-60.1765109,-33.666501],[-60.1783478,-33.6723201],[-60.1796787,-33.676536],[-60.1814414,-33.6821193],[-60.1822257,-33.6846034],[-60.1834169,-33.6888178],[-60.1847493,-33.6935312],[-60.1856457,-33.6967024],[-60.1860452,-33.6981157],[-60.1881748,-33.7056485],[-60.1894798,-33.70946],[-60.1925556,-33.7184829],[-60.1928311,-33.7194674],[-60.1941164,-33.7231068],[-60.1952865,-33.7266827],[-60.1954957,-33.7272297],[-60.1956936,-33.7279566],[-60.1959157,-33.7291938],[-60.196098,-33.7303449],[-60.1972417,-33.737718],[-60.2007199,-33.7596688],[-60.2010762,-33.7620839],[-60.2032539,-33.7758665],[-60.2032966,-33.776277],[-60.2033068,-33.7765659],[-60.2033171,-33.7768593],[-60.2032852,-33.7774555],[-60.2032138,-33.7780514],[-60.2016713,-33.7875461],[-60.2015558,-33.7882302],[-60.201366,-33.7889985],[-60.2010629,-33.7898739],[-60.2000574,-33.7925778],[-60.1997467,-33.7934569],[-60.1996715,-33.7937161],[-60.1975523,-33.8016041],[-60.1974629,-33.8019352],[-60.1945854,-33.812601],[-60.193082,-33.8181463],[-60.1922623,-33.8209487],[-60.1919445,-33.8217949],[-60.1914769,-33.8227588],[-60.1849294,-33.8342895],[-60.1821136,-33.8392709],[-60.1819644,-33.8395349],[-60.1776556,-33.8471631],[-60.1747823,-33.8522495],[-60.1728443,-33.85568],[-60.1709599,-33.8590155],[-60.1703231,-33.8601287],[-60.1636791,-33.8718034],[-60.163327,-33.8723585],[-60.1629403,-33.8729393],[-60.1626543,-33.8733002],[-60.1623211,-33.8736744],[-60.1615869,-33.8743829],[-60.152159,-33.8822701],[-60.1474531,-33.8862522],[-60.1469293,-33.8867425],[-60.1465644,-33.8870992],[-60.1462211,-33.8874737],[-60.1458862,-33.8879003],[-60.1455827,-33.8883036],[-60.1453264,-33.8886893],[-60.1391268,-33.8990385],[-60.1335989,-33.9082859],[-60.1321619,-33.9106814],[-60.1318715,-33.9112102],[-60.1316839,-33.911585],[-60.1311951,-33.9127541],[-60.1308843,-33.9135879],[-60.1288708,-33.9190404],[-60.1214429,-33.9394539],[-60.1208194,-33.9408222],[-60.1203023,-33.9417216],[-60.1166865,-33.9463742],[-60.1085967,-33.9564817],[-60.0961649,-33.9720117],[-60.0947765,-33.9737459],[-60.0944018,-33.9743264],[-60.0940914,-33.9748877],[-60.0938882,-33.9754724],[-60.0936875,-33.9762728],[-60.0936225,-33.9770599],[-60.0936594,-33.9793744],[-60.0937079,-33.9824137],[-60.0937372,-33.9842486],[-60.0939856,-34.0022437],[-60.0939669,-34.002843],[-60.0939064,-34.0037563],[-60.0938895,-34.003891],[-60.0935086,-34.0069248],[-60.0931858,-34.0096481],[-60.0932111,-34.0113841],[-60.0932991,-34.0173823],[-60.0933705,-34.0209136],[-60.0934039,-34.0225628],[-60.0934213,-34.0234249],[-60.0934806,-34.0263481],[-60.0934893,-34.0272175],[-60.0935125,-34.0295319],[-60.0936111,-34.034616],[-60.0936306,-34.0356205],[-60.0936806,-34.0387602],[-60.0936914,-34.0392225],[-60.0937279,-34.0401987],[-60.09373502,-34.04045732]]]},"geometry_name":"geom","properties":{"gid":3470,"rtn":"51","typ":40,"rst":1,"hct":2,"fdc":"DVP Buenos Aires","sag":"IGN"},"bbox":[-60.2033171,-34.04045732,-60.09156674,-33.54834349]},{"type":"Feature","id":"vial_provincial.3471","geometry":{"type":"MultiLineString","coordinates":[[[-60.0948146,-34.0563217],[-60.0948918,-34.0568115],[-60.0949322,-34.0576731],[-60.0949697,-34.0583122],[-60.0949696,-34.0587913],[-60.0949696,-34.0590854],[-60.0949554,-34.0597415],[-60.0949561,-34.0599846],[-60.0949579,-34.0604693],[-60.0949758,-34.0609473],[-60.0949764,-34.0611216],[-60.0949592,-34.0619824],[-60.0949384,-34.062153],[-60.0949305,-34.062229],[-60.0948922,-34.0632459],[-60.0948948,-34.0634964],[-60.0948934,-34.0636027],[-60.0948731,-34.0639137],[-60.094873,-34.0640879],[-60.0948663,-34.0642328],[-60.0948448,-34.0643726],[-60.094828,-34.0646206],[-60.0946903,-34.0657785],[-60.0946381,-34.0664935],[-60.0946733,-34.0671043],[-60.0946545,-34.0675488],[-60.0946537,-34.068067],[-60.094657,-34.0684094],[-60.0946635,-34.0691545],[-60.0946851,-34.0692993],[-60.0946771,-34.0695992],[-60.0946719,-34.0701464],[-60.0946546,-34.0705428],[-60.0946626,-34.0710591],[-60.0947036,-34.0723627],[-60.0947209,-34.0738048],[-60.0947591,-34.0757297],[-60.0947687,-34.0764416],[-60.0947769,-34.0770458],[-60.0947942,-34.0783171],[-60.0947308,-34.078611]]]},"geometry_name":"geom","properties":{"gid":3471,"rtn":"51","typ":40,"rst":1,"hct":2,"fdc":"DVP Buenos Aires","sag":"IGN"},"bbox":[-60.0949764,-34.078611,-60.0946381,-34.0563217]},{"type":"Feature","id":"vial_provincial.3472","geometry":{"type":"MultiLineString","coordinates":[[[-60.0947308,-34.078611],[-60.0946827,-34.0782973],[-60.094664,-34.0770448],[-60.0946418,-34.0764414],[-60.0946315,-34.0757303],[-60.0945932,-34.0738035],[-60.0945836,-34.0730182],[-60.0945713,-34.0723635],[-60.0945505,-34.0710671],[-60.0945229,-34.0705452],[-60.0945134,-34.0691546],[-60.0944986,-34.0684165],[-60.0944954,-34.068077],[-60.0944838,-34.0675544],[-60.0944627,-34.066492],[-60.094539,-34.0658313],[-60.0945978,-34.0654356],[-60.0946965,-34.0647243],[-60.094746,-34.0643661],[-60.094775,-34.0642249],[-60.0948365,-34.0625441],[-60.094843,-34.0622124],[-60.0948419,-34.0621491],[-60.0948388,-34.0618965],[-60.0948395,-34.0616778],[-60.0948405,-34.0613639],[-60.0948418,-34.0609481],[-60.0948331,-34.0604571],[-60.0948396,-34.0599392],[-60.0948208,-34.059144],[-60.0948271,-34.0587868],[-60.0948212,-34.0583121],[-60.0948062,-34.0576725],[-60.0947916,-34.0567723],[-60.0947952,-34.056701],[-60.0948146,-34.0563217]]]},"geometry_name":"geom","properties":{"gid":3472,"rtn":"51","typ":40,"rst":1,"hct":2,"fdc":"DVP Buenos Aires","sag":"IGN"},"bbox":[-60.094843,-34.078611,-60.0944627,-34.0563217]},{"type":"Feature","id":"vial_provincial.3473","geometry":{"type":"MultiLineString","coordinates":[[[-60.0947308,-34.078611],[-60.0946845,-34.0789756],[-60.0946261,-34.0794711],[-60.0944592,-34.0803907],[-60.0940812,-34.0817917],[-60.0939085,-34.0825458],[-60.0933264,-34.0849623],[-60.0925632,-34.0880691],[-60.0924343,-34.0884357],[-60.0922116,-34.0889535],[-60.0919962,-34.0893453],[-60.0916496,-34.0898616],[-60.090819,-34.090895],[-60.0872874,-34.0948578],[-60.0825983,-34.1000941],[-60.0818302,-34.1009518],[-60.0757056,-34.1077906],[-60.0730653,-34.1107428],[-60.0729592,-34.1108615],[-60.0726917,-34.1111628],[-60.0685561,-34.1158219],[-60.0672901,-34.1169722],[-60.0596179,-34.1232947],[-60.0588037,-34.1239657],[-60.0586142,-34.1241322],[-60.0552221,-34.1269307],[-60.051376,-34.1300956],[-60.044266,-34.1359459],[-60.0427479,-34.1372483],[-60.0396787,-34.1400055],[-60.0349537,-34.1443251],[-60.0273094,-34.1512539],[-60.0234175,-34.1547923],[-60.0195468,-34.1582916],[-60.0081174,-34.1686613],[-60.0077102,-34.1690308],[-60.0071691,-34.1694642],[-60.006713,-34.1697829],[-60.006121,-34.1701226],[-59.996729,-34.1749291],[-59.9876472,-34.1795791],[-59.9820218,-34.1824397],[-59.981661,-34.1826183],[-59.9778255,-34.1845693],[-59.9663757,-34.1904343],[-59.9635868,-34.1918312],[-59.9623,-34.1925537],[-59.9605098,-34.1938248],[-59.9420897,-34.2068757],[-59.9343805,-34.2121977],[-59.9334793,-34.2129961],[-59.9327497,-34.2137946],[-59.9313476,-34.2157456],[-59.9250267,-34.2245407],[-59.915866,-34.2372854],[-59.9152118,-34.2382963],[-59.9109214,-34.244926],[-59.9088655,-34.2482154],[-59.905584,-34.2534654],[-59.9031695,-34.2573084],[-59.8993264,-34.2634623],[-59.8895748,-34.2825116],[-59.8871613,-34.2872146],[-59.8856619,-34.2897143],[-59.8832479,-34.2935856],[-59.8777051,-34.3025209],[-59.8753475,-34.3062942],[-59.8707466,-34.3136772],[-59.8652449,-34.3224289],[-59.8620975,-34.3273173],[-59.8616588,-34.3279987],[-59.855962,-34.3368808],[-59.8559082,-34.3369647],[-59.8534177,-34.3409999],[-59.8508782,-34.345398],[-59.84780325,-34.35077153],[-59.8477853,-34.3508029],[-59.8463512,-34.3532319],[-59.8456494,-34.3544634],[-59.8454052,-34.3550631],[-59.8453177,-34.3553726],[-59.8452423,-34.3557817],[-59.8452157,-34.3561935],[-59.84522,-34.3566359],[-59.8452712,-34.3569807],[-59.8454584,-34.3579097],[-59.8455125,-34.3581333],[-59.8461241,-34.3607755],[-59.8464417,-34.3623744],[-59.8465785,-34.3629979],[-59.8474168,-34.3670326],[-59.8477355,-34.3684752],[-59.8484292,-34.3716152],[-59.8487955,-34.373273],[-59.8490043,-34.3742196],[-59.8492707,-34.3753683],[-59.8495802,-34.3767027],[-59.8497783,-34.3775959],[-59.8501758,-34.3794887],[-59.851259,-34.3844296],[-59.8515321,-34.3857349],[-59.8521543,-34.3887225],[-59.8529497,-34.3929979],[-59.8542935,-34.4002905],[-59.8556545,-34.4076054],[-59.8566216,-34.4128003]]]},"geometry_name":"geom","properties":{"gid":3473,"rtn":"51","typ":40,"rst":1,"hct":2,"fdc":"DVP Buenos Aires","sag":"IGN"},"bbox":[-60.0947308,-34.4128003,-59.8452157,-34.078611]},{"type":"Feature","id":"vial_provincial.3483","geometry":{"type":"MultiLineString","coordinates":[[[-60.0138764,-33.4914103],[-60.0137663,-33.4913722],[-60.0130022,-33.490736],[-60.0122144,-33.49008],[-60.0113594,-33.4893682],[-60.0105298,-33.4886774],[-60.009729,-33.4880114],[-60.0089314,-33.4873409],[-60.0088033,-33.4872378],[-60.0079913,-33.4865647],[-60.007877,-33.4864669],[-60.0070647,-33.4857974],[-60.0062583,-33.4851318],[-60.006136,-33.4850302],[-60.0053307,-33.4843601],[-60.0045308,-33.4836946],[-60.0043982,-33.4835794],[-60.0036152,-33.4829274],[-60.002809,-33.4822664],[-60.0019896,-33.4815945],[-60.0011958,-33.4809185],[-60.0006309,-33.4804552],[-60.0003498,-33.4802206],[-59.9999874,-33.4799275],[-59.9992512,-33.4793183],[-59.9986375,-33.4787698],[-59.9983641,-33.4786105],[-59.9982352,-33.4785145],[-59.998081,-33.4784354]]]},"geometry_name":"geom","properties":{"gid":3483,"rtn":"51","typ":40,"rst":1,"hct":2,"fdc":"DVP Buenos Aires","sag":"IGN"},"bbox":[-60.0138764,-33.4914103,-59.998081,-33.4784354]},{"type":"Feature","id":"vial_provincial.3484","geometry":{"type":"MultiLineString","coordinates":[[[-59.9981784,-33.4783715],[-59.9984157,-33.4785583],[-59.9986985,-33.4787223],[-59.9993081,-33.4792687],[-60.000044,-33.4798795],[-60.0004131,-33.4801772],[-60.0012475,-33.4808663],[-60.0020466,-33.4815467],[-60.0028656,-33.4822184],[-60.003672,-33.4828795],[-60.0044558,-33.4835322],[-60.0045886,-33.4836475],[-60.0053841,-33.4843178],[-60.0061929,-33.4849824],[-60.0063153,-33.4850841],[-60.0071215,-33.4857495],[-60.0079337,-33.486419],[-60.0080487,-33.4865173],[-60.0088588,-33.4871889],[-60.0089855,-33.4872923],[-60.0097808,-33.4879666],[-60.0105869,-33.4886298],[-60.0114165,-33.4893205],[-60.012271,-33.490032],[-60.013059,-33.4906881],[-60.0138336,-33.491333],[-60.0138764,-33.4914103]]]},"geometry_name":"geom","properties":{"gid":3484,"rtn":"51","typ":40,"rst":1,"hct":2,"fdc":"DVP Buenos Aires","sag":"IGN"},"bbox":[-60.0138764,-33.4914103,-59.9981784,-33.4783715]},{"type":"Feature","id":"vial_provincial.4188","geometry":{"type":"MultiLineString","coordinates":[[[-60.10742618,-34.07177205],[-60.10730113,-34.07145539],[-60.10646831,-34.06990636],[-60.10533212,-34.06786598],[-60.10424947,-34.06589102],[-60.10286938,-34.0633569],[-60.10176517,-34.06139257],[-60.10175902,-34.06136131],[-60.10176734,-34.06133394],[-60.10178162,-34.06130658],[-60.10180423,-34.06128398],[-60.10186087,-34.06124228]]]},"geometry_name":"geom","properties":{"gid":4188,"rtn":"191","typ":40,"rst":1,"hct":2,"fdc":"DVP Buenos Aires","sag":"IGN"},"bbox":[-60.10742618,-34.07177205,-60.10175902,-34.06124228]},{"type":"Feature","id":"vial_provincial.4801","geometry":{"type":"MultiLineString","coordinates":[[[-60.0744444,-34.063349],[-60.0723376,-34.063212],[-60.0705767,-34.0631192],[-60.0699982,-34.0630307],[-60.0695026,-34.0628976],[-60.0690565,-34.0627507],[-60.0674754,-34.0620769],[-60.0661848,-34.0614634],[-60.0657609,-34.0612589],[-60.0654102,-34.0610831],[-60.0648416,-34.0608154],[-60.06431973,-34.06057287]]]},"geometry_name":"geom","properties":{"gid":4801,"rtn":"191","typ":40,"rst":1,"hct":2,"fdc":"DVP Buenos Aires","sag":"IGN"},"bbox":[-60.0744444,-34.063349,-60.06431973,-34.06057287]},{"type":"Feature","id":"vial_provincial.4802","geometry":{"type":"MultiLineString","coordinates":[[[-60.06431973,-34.06057287],[-60.06415461,-34.06049614]]]},"geometry_name":"geom","properties":{"gid":4802,"rtn":"191","typ":40,"rst":1,"hct":2,"fdc":"DVP Buenos Aires","sag":"IGN"},"bbox":[-60.06431973,-34.06057287,-60.06415461,-34.06049614]},{"type":"Feature","id":"vial_provincial.4803","geometry":{"type":"MultiLineString","coordinates":[[[-60.09373951,-34.04062028],[-60.0937473,-34.0409034],[-60.0937601,-34.0416985],[-60.093745,-34.0438321],[-60.0938296,-34.0446325],[-60.09385,-34.0449747],[-60.0939021,-34.0452584],[-60.0940261,-34.0457968],[-60.0944876,-34.0478012],[-60.0945794,-34.0483696],[-60.0946795,-34.0490818],[-60.0947056,-34.0495815],[-60.0947071,-34.0503112],[-60.0947652,-34.0538809],[-60.0947762,-34.0545978],[-60.0947866,-34.0552766],[-60.0947921,-34.0556316],[-60.0947969,-34.0559437],[-60.0948146,-34.0563217]]]},"geometry_name":"geom","properties":{"gid":4803,"rtn":"51","typ":40,"rst":1,"hct":2,"fdc":"DVP Buenos Aires","sag":"IGN"},"bbox":[-60.0948146,-34.0563217,-60.09373951,-34.04062028]},{"type":"Feature","id":"vial_provincial.4804","geometry":{"type":"MultiLineString","coordinates":[[[-60.09373502,-34.04045732],[-60.09373951,-34.04062028]]]},"geometry_name":"geom","properties":{"gid":4804,"rtn":"51","typ":40,"rst":1,"hct":2,"fdc":"DVP Buenos Aires","sag":"IGN"},"bbox":[-60.09373951,-34.04062028,-60.09373502,-34.04045732]},{"type":"Feature","id":"vial_provincial.4805","geometry":{"type":"MultiLineString","coordinates":[[[-59.5412825,-33.8532795],[-59.5413185,-33.8533199],[-59.5423321,-33.8544688],[-59.5424895,-33.8546685],[-59.5429211,-33.8551789],[-59.54308667,-33.85536696]]]},"geometry_name":"geom","properties":{"gid":4805,"rtn":"41","typ":40,"rst":1,"hct":2,"fdc":"DVP Buenos Aires","sag":"IGN"},"bbox":[-59.54308667,-33.85536696,-59.5412825,-33.8532795]},{"type":"Feature","id":"vial_provincial.4807","geometry":{"type":"MultiLineString","coordinates":[[[-59.7234272,-33.7677273],[-59.7228379,-33.7652699],[-59.72249632,-33.76366284],[-59.72234197,-33.76297551]]]},"geometry_name":"geom","properties":{"gid":4807,"rtn":"191","typ":40,"rst":1,"hct":2,"fdc":"DVP Buenos Aires","sag":"IGN"},"bbox":[-59.7234272,-33.7677273,-59.72234197,-33.76297551]},{"type":"Feature","id":"vial_provincial.4809","geometry":{"type":"MultiLineString","coordinates":[[[-59.72234197,-33.76297551],[-59.72229165,-33.76275145]]]},"geometry_name":"geom","properties":{"gid":4809,"rtn":"191","typ":40,"rst":1,"hct":2,"fdc":"DVP Buenos Aires","sag":"IGN"},"bbox":[-59.72234197,-33.76297551,-59.72229165,-33.76275145]},{"type":"Feature","id":"vial_provincial.4811","geometry":{"type":"MultiLineString","coordinates":[[[-60.0138764,-33.4914103],[-60.0146858,-33.4920726],[-60.0153731,-33.4926386],[-60.0159433,-33.4931033],[-60.0161934,-33.4933071],[-60.0174415,-33.4943275],[-60.0184339,-33.4951639],[-60.0192075,-33.495816],[-60.0194157,-33.4959914],[-60.019834,-33.4963495],[-60.0201665,-33.4966178],[-60.0209684,-33.4972568],[-60.0244217,-33.5001868],[-60.0279902,-33.5031448],[-60.0316385,-33.5060889],[-60.0336369,-33.5077509],[-60.0342379,-33.5082573],[-60.0351624,-33.5090121],[-60.0361945,-33.5098828],[-60.0370235,-33.5105657],[-60.037859,-33.5112588],[-60.0384052,-33.5117075],[-60.0386464,-33.511912],[-60.0388083,-33.5120492],[-60.042069,-33.514732],[-60.0421655,-33.5148069],[-60.0425312,-33.5151315],[-60.042846,-33.5154054],[-60.0435287,-33.5160986],[-60.0449824,-33.5175615],[-60.0455321,-33.5181055],[-60.0461665,-33.5187269],[-60.0464536,-33.5189796],[-60.0467578,-33.5191809],[-60.0468412,-33.5192218],[-60.0472108,-33.5193934],[-60.0476141,-33.519567],[-60.0480107,-33.5197706],[-60.0483316,-33.5199625],[-60.0486091,-33.5201616],[-60.0489359,-33.5204306],[-60.0492461,-33.5206849],[-60.0493131,-33.5207398],[-60.0528451,-33.5236347],[-60.0563694,-33.5266076],[-60.0578698,-33.5278428],[-60.0582311,-33.5281417],[-60.0585693,-33.528363],[-60.0587354,-33.5284668],[-60.0589506,-33.5286113],[-60.0594058,-33.5288664],[-60.0673693,-33.5330124],[-60.0736642,-33.5363566],[-60.0784457,-33.5388194],[-60.0829829,-33.5412434],[-60.0838382,-33.5417375],[-60.0845293,-33.5421768],[-60.0852349,-33.5426798],[-60.0860132,-33.5433013],[-60.0880775,-33.5451525],[-60.0892734,-33.5462448],[-60.0893858,-33.546356],[-60.0903732,-33.5472408],[-60.0906432,-33.5474931],[-60.0912033,-33.5480167],[-60.09135767,-33.5481555]]]},"geometry_name":"geom","properties":{"gid":4811,"rtn":"51","typ":40,"rst":1,"hct":2,"fdc":"DVP Buenos Aires","sag":"IGN"},"bbox":[-60.09135767,-33.5481555,-60.0138764,-33.4914103]},{"type":"Feature","id":"vial_provincial.4812","geometry":{"type":"MultiLineString","coordinates":[[[-60.09135767,-33.5481555],[-60.09156674,-33.54834349]]]},"geometry_name":"geom","properties":{"gid":4812,"rtn":"51","typ":40,"rst":1,"hct":2,"fdc":"DVP Buenos Aires","sag":"IGN"},"bbox":[-60.09156674,-33.54834349,-60.09135767,-33.5481555]},{"type":"Feature","id":"vial_provincial.2087","geometry":{"type":"MultiLineString","coordinates":[[[-59.0618088,-30.1866283],[-59.0577149,-30.1832192],[-59.0572065,-30.183096],[-59.0460793,-30.1829474],[-59.0439495,-30.1819981],[-59.0417863,-30.1801857],[-59.038292,-30.1753814],[-59.0345981,-30.172303],[-59.0312036,-30.1679299],[-59.019556,-30.1504759],[-59.0135658,-30.1418426],[-59.0081081,-30.1362017],[-59.0043325,-30.1166482],[-58.9770015,-30.1212496],[-58.9742827,-30.1214521],[-58.973012,-30.1159564],[-58.950045,-30.1197831],[-58.9432679,-30.1173812],[-58.9350789,-30.1187247],[-58.9216658,-30.1170556],[-58.9161594,-30.1186025],[-58.9112177,-30.1215336],[-58.9051936,-30.1228769],[-58.8977105,-30.1214521],[-58.8638248,-30.106959],[-58.8591185,-30.1051675],[-58.8220286,-30.09325]]]},"geometry_name":"geom","properties":{"gid":2087,"rtn":"55","typ":40,"rst":3,"hct":2,"fdc":"IDECORR","sag":"IGN"},"bbox":[-59.0618088,-30.1866283,-58.8220286,-30.09325]},{"type":"Feature","id":"vial_provincial.2110","geometry":{"type":"MultiLineString","coordinates":[[[-58.9654699,-30.1675626],[-58.9613691,-30.1881567],[-58.9555832,-30.2177369],[-58.9552837,-30.2181683],[-58.949227,-30.2163854],[-58.9472302,-30.2160403],[-58.9447343,-30.2164429],[-58.9443017,-30.2185134],[-58.9370469,-30.2186572],[-58.934917,-30.2189735],[-58.9323878,-30.2180533]]]},"geometry_name":"geom","properties":{"gid":2110,"rtn":"66","typ":40,"rst":3,"hct":2,"fdc":"IDECORR","sag":"IGN"},"bbox":[-58.9654699,-30.2189735,-58.9323878,-30.1675626]},{"type":"Feature","id":"vial_provincial.2113","geometry":{"type":"MultiLineString","coordinates":[[[-59.0043325,-30.1166482],[-58.9989699,-30.0934654],[-58.9972394,-30.0937533],[-58.9931185,-30.077172],[-58.9953814,-30.0768553],[-58.9955645,-30.0765385],[-58.9963465,-30.0764233],[-58.9963798,-30.0761497],[-58.9946826,-30.0728235],[-58.9930519,-30.0713115],[-58.9900554,-30.063163],[-58.9886411,-30.0625005],[-58.9836659,-30.0516991],[-58.9822204,-30.0495579],[-58.9781965,-30.0398211],[-58.973796,-30.0336689],[-58.9665953,-30.0320187],[-58.9505773,-30.0407135],[-58.9437531,-30.0356207],[-58.9068553,-30.0410801],[-58.9049257,-30.0432394],[-58.8839715,-30.0463307],[-58.8570822,-30.0543675],[-58.8507688,-30.0569282],[-58.8502511,-30.0566227],[-58.8479921,-30.0515918],[-58.8476626,-30.051551],[-58.84458,-30.0527324],[-58.8444217,-30.0527685],[-58.8443171,-30.0527487],[-58.8442034,-30.0526917],[-58.8435916,-30.051551],[-58.8432151,-30.0514288],[-58.8387206,-30.0532009],[-58.8386735,-30.0536082],[-58.8393089,-30.0546674],[-58.8389794,-30.0585575],[-58.8366027,-30.0625087],[-58.8362733,-30.0661949],[-58.8360615,-30.0666022],[-58.815469,-30.0776383]]]},"geometry_name":"geom","properties":{"gid":2113,"rtn":"57","typ":40,"rst":2,"hct":2,"fdc":"IDECORR","sag":"IGN"},"bbox":[-59.0043325,-30.1166482,-58.815469,-30.0320187]},{"type":"Feature","id":"vial_provincial.2125","geometry":{"type":"MultiLineString","coordinates":[[[-57.8259381,-30.2745005],[-57.8170831,-30.3031574],[-57.8003467,-30.3213335],[-57.7980053,-30.3232482],[-57.7942928,-30.3274343]]]},"geometry_name":"geom","properties":{"gid":2125,"rtn":"79","typ":40,"rst":2,"hct":2,"fdc":"IDECORR","sag":"IGN"},"bbox":[-57.8259381,-30.3274343,-57.7942928,-30.2745005]},{"type":"Feature","id":"vial_provincial.2131","geometry":{"type":"MultiLineString","coordinates":[[[-58.28771772,-30.17768634],[-58.2830186,-30.1776462],[-58.2826646,-30.1776952],[-58.2823673,-30.1777931],[-58.2785654,-30.1796348],[-58.2757759,-30.1813227],[-58.2557666,-30.1914406],[-58.2540564,-30.1923448],[-58.2536498,-30.1925636],[-58.2354467,-30.2021411],[-58.2222773,-30.2088814],[-58.2212297,-30.2092118],[-58.2110793,-30.2106431],[-58.1996462,-30.2122379],[-58.1914064,-30.2124604],[-58.1895611,-30.2125346],[-58.1889381,-30.2127229],[-58.1884882,-30.2130167],[-58.1819284,-30.2192494]]]},"geometry_name":"geom","properties":{"gid":2131,"rtn":"77","typ":40,"rst":2,"hct":2,"fdc":"IDECORR","sag":"IGN"},"bbox":[-58.28771772,-30.2192494,-58.1819284,-30.1776462]},{"type":"Feature","id":"vial_provincial.2148","geometry":{"type":"MultiLineString","coordinates":[[[-57.7331648,-30.2925684],[-57.73310806,-30.29339269],[-57.73285772,-30.29539899],[-57.73263593,-30.29717651],[-57.73190777,-30.30301217],[-57.73159029,-30.30554685],[-57.73038793,-30.31306879],[-57.73003759,-30.31587729],[-57.73001282,-30.31614121],[-57.72932769,-30.31568734],[-57.72895887,-30.3154018],[-57.72863765,-30.31515196],[-57.72844729,-30.31505678],[-57.72830452,-30.31502109],[-57.72813796,-30.31504488],[-57.72790001,-30.31530662],[-57.72785243,-30.31548508],[-57.72805468,-30.31567544],[-57.72837591,-30.31591339],[-57.728828,-30.31622272],[-57.729292,-30.31653204],[-57.72957753,-30.31675809],[-57.72992786,-30.31704636],[-57.72989042,-30.3174452],[-57.72970317,-30.31896167],[-57.7296676,-30.3192579],[-57.72932013,-30.32215179],[-57.72867483,-30.32752609],[-57.72752353,-30.33559179],[-57.7262948,-30.34395064],[-57.72622697,-30.34446577],[-57.72538871,-30.35083157],[-57.72434111,-30.35877948]]]},"geometry_name":"geom","properties":{"gid":2148,"rtn":"76","typ":40,"rst":2,"hct":2,"fdc":"IDECORR","sag":"IGN"},"bbox":[-57.7331648,-30.35877948,-57.72434111,-30.2925684]},{"type":"Feature","id":"vial_provincial.2151","geometry":{"type":"MultiLineString","coordinates":[[[-57.72434111,-30.35877948],[-57.72430736,-30.35903313],[-57.72326165,-30.36710212],[-57.7230297,-30.3687171],[-57.72177338,-30.3790015],[-57.72299167,-30.37968679],[-57.72562287,-30.3808465],[-57.72721616,-30.3817031],[-57.7283978,-30.38244696],[-57.72864021,-30.38260242],[-57.72874491,-30.38279754],[-57.72877346,-30.38316873],[-57.72895906,-30.38341144],[-57.72911134,-30.38359228],[-57.72977617,-30.38448886],[-57.73097541,-30.38671128],[-57.73142275,-30.3874156],[-57.73266453,-30.3885389],[-57.7351823,-30.39045893]]]},"geometry_name":"geom","properties":{"gid":2151,"rtn":"76","typ":40,"rst":3,"hct":2,"fdc":"IDECORR","sag":"IGN"},"bbox":[-57.7351823,-30.39045893,-57.72177338,-30.35877948]},{"type":"Feature","id":"vial_provincial.2160","geometry":{"type":"MultiLineString","coordinates":[[[-57.69208267,-30.25074184],[-57.69180866,-30.25355762],[-57.69173882,-30.25419734],[-57.69164196,-30.2548372],[-57.69113845,-30.25867594],[-57.69007571,-30.26661474],[-57.68995461,-30.26765651],[-57.68970635,-30.27017557],[-57.68908703,-30.27453553],[-57.68797338,-30.28248629],[-57.68676832,-30.29043751],[-57.68560435,-30.29849115],[-57.68364771,-30.31486606],[-57.68108636,-30.33052796],[-57.67814092,-30.35423858],[-57.67823539,-30.35430589],[-57.69137405,-30.35574797],[-57.69659149,-30.35626971],[-57.70601084,-30.35715093],[-57.70887046,-30.3575042],[-57.71841427,-30.35825358],[-57.72042651,-30.3584038],[-57.72139787,-30.35849422],[-57.72434111,-30.35877948]]]},"geometry_name":"geom","properties":{"gid":2160,"rtn":"138","typ":40,"rst":2,"hct":2,"fdc":"IDECORR","sag":"IGN"},"bbox":[-57.72434111,-30.35877948,-57.67814092,-30.25074184]},{"type":"Feature","id":"vial_provincial.2197","geometry":{"type":"MultiLineString","coordinates":[[[-57.9562959,-30.2707365],[-57.9556497,-30.2705855],[-57.9552191,-30.27054],[-57.9545138,-30.2705262],[-57.9531043,-30.2706013],[-57.9514312,-30.2706848],[-57.9482159,-30.2708528],[-57.9447412,-30.2710322],[-57.9412029,-30.2711955],[-57.9374563,-30.271375],[-57.9334705,-30.2715742],[-57.9256973,-30.2719979],[-57.908363,-30.272908],[-57.8879488,-30.2739473],[-57.8806672,-30.2743181],[-57.8738839,-30.2746632],[-57.8681788,-30.2749342],[-57.8619427,-30.2752585],[-57.8584585,-30.2754577],[-57.8557023,-30.2756022],[-57.8532016,-30.2757516],[-57.8416137,-30.2764439],[-57.8360835,-30.276755],[-57.8347042,-30.2768186],[-57.8333224,-30.2768743],[-57.8324867,-30.276855],[-57.8316793,-30.2767378],[-57.8306118,-30.2765002],[-57.8294917,-30.27615],[-57.8276339,-30.2752991],[-57.8267059,-30.2748312],[-57.8259381,-30.2745005],[-57.8068455,-30.2655236],[-57.8023668,-30.2634503],[-57.7953519,-30.2602027],[-57.7892132,-30.257608],[-57.7863714,-30.2564338],[-57.7852556,-30.2557666],[-57.7845905,-30.2552847],[-57.7837607,-30.2545111],[-57.7832741,-30.2540791],[-57.7819156,-30.2528905],[-57.7813289,-30.2525229],[-57.78068,-30.2522866],[-57.7761304,-30.2512336],[-57.7741713,-30.2507447],[-57.7731482,-30.2506319],[-57.7720798,-30.2507059],[-57.7704272,-30.2510456],[-57.766663,-30.2521232],[-57.756787,-30.2549847],[-57.7557771,-30.2552764],[-57.7542968,-30.2557277],[-57.7534554,-30.2558778],[-57.7524901,-30.2559721],[-57.750951,-30.2559349],[-57.7474463,-30.2556325],[-57.7404091,-30.2550252],[-57.7383884,-30.2548628],[-57.7325462,-30.2543224],[-57.727304,-30.253908],[-57.7233152,-30.2536567],[-57.7214069,-30.2535469],[-57.7201699,-30.2534581],[-57.7200619,-30.2534504],[-57.7107944,-30.252574],[-57.7014891,-30.2517019],[-57.698655,-30.2514363],[-57.6953019,-30.2510972],[-57.6921457,-30.2507497],[-57.69208267,-30.25074184],[-57.6830146,-30.2496118],[-57.6736823,-30.2486746],[-57.6644274,-30.2477451],[-57.6586316,-30.247163],[-57.6574474,-30.2470355],[-57.6564163,-30.2469289],[-57.6563112,-30.2469223],[-57.6551303,-30.2468255],[-57.6546983,-30.246775],[-57.6540822,-30.2466989],[-57.6531136,-30.2466091],[-57.6524518,-30.2465349],[-57.6522827,-30.2465179],[-57.6518115,-30.2464571],[-57.6506304,-30.2463168],[-57.6505094,-30.2463088],[-57.6499204,-30.2462289],[-57.649581,-30.2461797],[-57.6494704,-30.2461655],[-57.6493265,-30.246155],[-57.6490589,-30.246147],[-57.6481826,-30.2460584],[-57.6470586,-30.2459297],[-57.6465134,-30.2458638],[-57.6457923,-30.2458103]]]},"geometry_name":"geom","properties":{"gid":2197,"rtn":"129","typ":40,"rst":1,"hct":2,"fdc":"IDECORR","sag":"IGN"},"bbox":[-57.9562959,-30.2768743,-57.6457923,-30.2458103]},{"type":"Feature","id":"vial_provincial.2200","geometry":{"type":"MultiLineString","coordinates":[[[-58.0914182,-29.8114815],[-58.0937423,-29.8114258],[-58.0956162,-29.8113809],[-58.096312,-29.8113633],[-58.097847,-29.8113245],[-58.0997406,-29.8112767],[-58.1009958,-29.8112602],[-58.1017934,-29.8113406],[-58.1025391,-29.8114723],[-58.103936,-29.8118316],[-58.1048264,-29.8121454],[-58.1057133,-29.8126061],[-58.1063846,-29.8129421],[-58.1071396,-29.8133391],[-58.1222685,-29.8219201],[-58.1239684,-29.8230707],[-58.125687,-29.82474],[-58.1555563,-29.8577458],[-58.1572562,-29.8596412],[-58.1590868,-29.8614718],[-58.1861636,-29.8866213],[-58.1974749,-29.8970307],[-58.1990209,-29.8984533],[-58.2128478,-29.9112902],[-58.2140246,-29.9121646],[-58.2152388,-29.912877],[-58.2165464,-29.9134113],[-58.2180408,-29.9138809],[-58.2562601,-29.9239028],[-58.2730347,-29.9283711],[-58.2844295,-29.9319812],[-58.2855316,-29.932224],[-58.286559,-29.9324021],[-58.2877919,-29.9324345],[-58.2896226,-29.9323049],[-58.2992168,-29.9310873],[-58.3052738,-29.9303651],[-58.3069202,-29.9302652],[-58.3079476,-29.9302652],[-58.3090124,-29.9303138],[-58.31032,-29.9305566],[-58.3117023,-29.9309937],[-58.3140893,-29.9319943],[-58.3278024,-29.9379548],[-58.3387509,-29.9427135],[-58.3634832,-29.9537846],[-58.3651644,-29.9546262],[-58.3668643,-29.9556135],[-58.3745231,-29.9603716],[-58.4282281,-29.9940282],[-58.4413788,-30.0022303],[-58.4554448,-30.0109493],[-58.457537,-30.011936],[-58.5971886,-30.0616629],[-58.6279172,-30.0724459],[-58.6302895,-30.0732703],[-58.6383779,-30.0768751],[-58.6412547,-30.0781198],[-58.6423755,-30.0785724],[-58.643571,-30.0790089],[-58.6523319,-30.0821932],[-58.6555822,-30.0832115],[-58.666921,-30.0863311],[-58.733758,-30.1098297],[-58.7348788,-30.1102013],[-58.7360182,-30.1104922],[-58.7376247,-30.1106699],[-58.7646173,-30.1124959],[-58.7660863,-30.1126929],[-58.7668062,-30.1127895],[-58.767027,-30.1128191],[-58.7926825,-30.1184221],[-58.8037471,-30.1207476],[-58.8054193,-30.1211841],[-58.8175076,-30.1253853],[-58.8191883,-30.1260343]]]},"geometry_name":"geom","properties":{"gid":2200,"rtn":"126","typ":40,"rst":1,"hct":2,"fdc":"IDECORR","sag":"IGN"},"bbox":[-58.8191883,-30.1260343,-58.0914182,-29.8112602]},{"type":"Feature","id":"vial_provincial.2202","geometry":{"type":"MultiLineString","coordinates":[[[-57.9562959,-30.2707365],[-57.95652008,-30.270759],[-57.95682935,-30.27077516],[-57.95698925,-30.2707428],[-57.95715105,-30.27067047],[-57.95729572,-30.27056387],[-57.95748868,-30.27036344]]]},"geometry_name":"geom","properties":{"gid":2202,"rtn":"129","typ":40,"rst":1,"hct":2,"fdc":"IDECORR","sag":"IGN"},"bbox":[-57.95748868,-30.27077516,-57.9562959,-30.27036344]},{"type":"Feature","id":"vial_provincial.2203","geometry":{"type":"MultiLineString","coordinates":[[[-57.9562959,-30.2707365],[-57.95650937,-30.27083039],[-57.95668783,-30.27091605],[-57.9568413,-30.27106952],[-57.95690398,-30.27116746],[-57.95694015,-30.27128548],[-57.95694464,-30.27144332],[-57.95694266,-30.27167804]]]},"geometry_name":"geom","properties":{"gid":2203,"rtn":"129","typ":40,"rst":1,"hct":2,"fdc":"IDECORR","sag":"IGN"},"bbox":[-57.95694464,-30.27167804,-57.9562959,-30.2707365]},{"type":"Feature","id":"vial_provincial.2278","geometry":{"type":"MultiLineString","coordinates":[[[-58.1819284,-30.2192494],[-58.1769011,-30.2231035],[-58.1760428,-30.2238451],[-58.1757581,-30.2243321],[-58.1755741,-30.2247969],[-58.1754608,-30.2252128],[-58.1739177,-30.231818],[-58.1737196,-30.2324418],[-58.1734647,-30.23309],[-58.1678303,-30.2456018],[-58.1598208,-30.2641817],[-58.1553865,-30.2744474],[-58.1551175,-30.2749364],[-58.1547353,-30.2753399],[-58.1467316,-30.2823055],[-58.1240463,-30.3012566],[-58.1237211,-30.3016497],[-58.1226451,-30.3042989],[-58.1225665,-30.3046683],[-58.1225799,-30.3050302],[-58.1265994,-30.3163627],[-58.1267132,-30.3164],[-58.1270222,-30.3162785],[-58.1273322,-30.3161263],[-58.1411509,-30.311817],[-58.1417673,-30.3117525],[-58.1423651,-30.3118331],[-58.153984,-30.3137844],[-58.1547312,-30.3139456],[-58.1553477,-30.3141714],[-58.156707,-30.3146762],[-58.1578134,-30.3149777],[-58.1590276,-30.3152357],[-58.1802107,-30.3192025],[-58.1807898,-30.3194283],[-58.18107,-30.3196379],[-58.1813315,-30.319912],[-58.1829754,-30.3220889],[-58.1836105,-30.3227822],[-58.19170944,-30.3293592],[-58.19302211,-30.33054596],[-58.19331893,-30.33082743]]]},"geometry_name":"geom","properties":{"gid":2278,"rtn":"77","typ":40,"rst":3,"hct":2,"fdc":"IDECORR","sag":"IGN"},"bbox":[-58.19331893,-30.33082743,-58.1225665,-30.2192494]},{"type":"Feature","id":"vial_provincial.2302","geometry":{"type":"MultiLineString","coordinates":[[[-58.28431885,-30.07333262],[-58.2762479,-30.1089186],[-58.2726495,-30.1245701],[-58.2725082,-30.1254481],[-58.2723705,-30.1262961],[-58.272407,-30.1269782],[-58.2725829,-30.1274677],[-58.2729005,-30.1279247],[-58.276205,-30.1312281],[-58.277365,-30.1323953],[-58.2779441,-30.1331384],[-58.2892727,-30.1518999],[-58.2894508,-30.1523869],[-58.2881355,-30.1729197],[-58.28771772,-30.17768634]]]},"geometry_name":"geom","properties":{"gid":2302,"rtn":"77","typ":40,"rst":3,"hct":2,"fdc":"IDECORR","sag":"IGN"},"bbox":[-58.2894508,-30.17768634,-58.2723705,-30.07333262]},{"type":"Feature","id":"vial_provincial.2306","geometry":{"type":"MultiLineString","coordinates":[[[-57.7061319,-30.1980975],[-57.705375,-30.1975243],[-57.7053385,-30.1974724],[-57.7052384,-30.1973104],[-57.7049929,-30.197021],[-57.7044736,-30.1966263],[-57.7039966,-30.1962942],[-57.7031354,-30.1955991],[-57.697464,-30.1916906],[-57.6969543,-30.1913344],[-57.6905044,-30.198515],[-57.6713611,-30.2028178],[-57.671261,-30.2027486],[-57.6711658,-30.2026829],[-57.6711585,-30.2024996],[-57.6709856,-30.1981611],[-57.6711545,-30.1967354],[-57.6709531,-30.1883669],[-57.6687886,-30.1746357],[-57.6664147,-30.1659735],[-57.6669383,-30.1631362],[-57.6643101,-30.1567002],[-57.6644114,-30.1563574],[-57.6646609,-30.1563762],[-57.6666697,-30.1560219],[-57.6674478,-30.1529069],[-57.6679141,-30.1512566],[-57.6680984,-30.1509378],[-57.670007,-30.148481],[-57.6706034,-30.1476464],[-57.6706793,-30.1473932],[-57.6719697,-30.1440549],[-57.6722083,-30.1433047],[-57.6722734,-30.1429108],[-57.6720348,-30.1403038],[-57.6719589,-30.1391878],[-57.6718396,-30.1385783],[-57.6717854,-30.1382125],[-57.6715143,-30.1380156],[-57.6711889,-30.1376873],[-57.670072,-30.1354741],[-57.6689768,-30.1332702],[-57.6684996,-30.1324355],[-57.6682068,-30.1320697],[-57.6679357,-30.1318258],[-57.6677406,-30.1316383],[-57.6677514,-30.1311318],[-57.667567,-30.1307285],[-57.6672309,-30.1304284],[-57.6667863,-30.1299782],[-57.6664393,-30.1295562],[-57.6661899,-30.1288996],[-57.6659947,-30.1275116],[-57.6657344,-30.1259171],[-57.665344,-30.1230658],[-57.6652356,-30.1213587],[-57.665344,-30.1199892],[-57.6653766,-30.1192764],[-57.6652681,-30.1183946],[-57.6650729,-30.1166218],[-57.6648127,-30.1138359],[-57.6647476,-30.1130573],[-57.6643681,-30.1093519],[-57.6642596,-30.1081418],[-57.6642797,-30.1080115],[-57.664303,-30.1078604],[-57.6644331,-30.1076446],[-57.6639885,-30.1078135],[-57.6633321,-30.1080114],[-57.6626242,-30.1080835],[-57.6616179,-30.1081495],[-57.6587794,-30.1082336],[-57.656156,-30.1083296],[-57.6522001,-30.1084677],[-57.6487092,-30.1085818],[-57.6456,-30.1086718],[-57.6423568,-30.1088007],[-57.6418245,-30.1088219],[-57.6394718,-30.108882],[-57.6390346,-30.108888],[-57.6383336,-30.1087319],[-57.63798975,-30.10865798]]]},"geometry_name":"geom","properties":{"gid":2306,"rtn":"47","typ":40,"rst":3,"hct":2,"fdc":"IDECORR","sag":"IGN"},"bbox":[-57.7061319,-30.2028178,-57.63798975,-30.1076446]},{"type":"Feature","id":"vial_provincial.2337","geometry":{"type":"MultiLineString","coordinates":[[[-58.8191883,-30.1260343],[-58.8210869,-30.1269571],[-58.8223187,-30.1274009],[-58.827626,-30.129247],[-58.8355473,-30.1323775],[-58.8719152,-30.1448086],[-58.9358288,-30.1603882],[-58.9654699,-30.1675626],[-59.0188976,-30.1805889],[-59.0199063,-30.1808149],[-59.0207282,-30.180928],[-59.0216809,-30.181041],[-59.0223907,-30.181138],[-59.0607331,-30.1902934],[-59.06171,-30.1867623],[-59.0618088,-30.1866283],[-59.0620466,-30.1865243],[-59.0737607,-30.186741],[-59.0792153,-30.186192],[-59.0802613,-30.186079],[-59.0813448,-30.1861597],[-59.082559,-30.1863858],[-59.0981381,-30.190374],[-59.0988106,-30.1906162],[-59.0993896,-30.1909552],[-59.107889,-30.1966062],[-59.1084121,-30.1968484],[-59.1194146,-30.2008685],[-59.1198442,-30.2010945],[-59.1214507,-30.20216],[-59.1240846,-30.2034031],[-59.1342278,-30.2089242],[-59.1355167,-30.2094408],[-59.1367496,-30.2098282],[-59.1376836,-30.2100865],[-59.138655,-30.210248],[-59.1521258,-30.2114392],[-59.1530759,-30.2115232],[-59.1667123,-30.2127339],[-59.1672727,-30.2127824],[-59.1677958,-30.2129115],[-59.1777896,-30.2163175],[-59.1895766,-30.2186904],[-59.2028452,-30.2214223],[-59.2030748,-30.2214062],[-59.204079,-30.2209088],[-59.2068183,-30.2198848],[-59.2073039,-30.2197234],[-59.207827,-30.2196589],[-59.2147245,-30.2195513],[-59.217114,-30.2195142],[-59.2218994,-30.2195223],[-59.2262828,-30.2195136],[-59.2269553,-30.2195459],[-59.2275344,-30.219675],[-59.2334525,-30.2216102],[-59.2395269,-30.2236134],[-59.2402928,-30.2237587],[-59.2410774,-30.2238071],[-59.2440662,-30.2236457],[-59.2446266,-30.2235327],[-59.2450188,-30.2234036],[-59.2563763,-30.2173506],[-59.256918,-30.217173],[-59.2574597,-30.2171246],[-59.2757474,-30.2165758],[-59.2761397,-30.2166727],[-59.276532,-30.2168341],[-59.2785307,-30.2180931],[-59.2790164,-30.218303],[-59.2795208,-30.218416],[-59.2886553,-30.2184482],[-59.2894398,-30.2183675],[-59.2900376,-30.2182384],[-59.2931945,-30.2173829],[-59.2936802,-30.2173022],[-59.2942406,-30.2172699],[-59.2960526,-30.2175282],[-59.2965569,-30.2176412],[-59.2970613,-30.2178349],[-59.2986118,-30.218711],[-59.3053263,-30.2219696],[-59.3057057,-30.222241],[-59.3100641,-30.2254399],[-59.3168484,-30.2283794],[-59.3212092,-30.2262043],[-59.3216068,-30.225857],[-59.321943,-30.2254857],[-59.3222419,-30.2246303],[-59.3227025,-30.2228845],[-59.3228918,-30.2221672],[-59.3239923,-30.2184711],[-59.3244088,-30.2171408],[-59.3245919,-30.2168207],[-59.3248794,-30.2165615],[-59.3252106,-30.2164481],[-59.3262635,-30.2163213],[-59.3267251,-30.2164144],[-59.3277788,-30.2168909],[-59.3280788,-30.2170313],[-59.3285305,-30.2170991],[-59.3319218,-30.2166263],[-59.3335076,-30.2163759],[-59.3347947,-30.2161727],[-59.3350198,-30.2161873],[-59.3368961,-30.2164724],[-59.337318,-30.216483],[-59.3532694,-30.2140899]]]},"geometry_name":"geom","properties":{"gid":2337,"rtn":"126","typ":40,"rst":3,"hct":2,"fdc":"IDECORR","sag":"IGN"},"bbox":[-59.3532694,-30.2283794,-58.8191883,-30.1260343]},{"type":"Feature","id":"vial_provincial.2351","geometry":{"type":"MultiLineString","coordinates":[[[-58.28771772,-30.17768634],[-58.2875347,-30.1829921],[-58.2873898,-30.1879353],[-58.2876573,-30.1886291],[-58.2882816,-30.1888989],[-58.2987978,-30.1923792],[-58.3005146,-30.19315],[-58.3216615,-30.2035301],[-58.3228209,-30.2038192],[-58.3340903,-30.204763],[-58.3364958,-30.2048397],[-58.3385364,-30.2046538],[-58.3411306,-30.2046633],[-58.3458942,-30.2046636],[-58.3493275,-30.2045755],[-58.3500515,-30.2046428],[-58.3528166,-30.2050221],[-58.3746048,-30.2112622],[-58.378939,-30.2124705],[-58.3814625,-30.2130061],[-58.3819324,-30.2130268],[-58.3824014,-30.2130253],[-58.401281,-30.2078125],[-58.4020758,-30.2077187],[-58.4028252,-30.2077383],[-58.4038031,-30.2078949],[-58.4049837,-30.2081402],[-58.405804,-30.2081638],[-58.4066784,-30.2080757],[-58.4075294,-30.2078209],[-58.4313985,-30.1995574],[-58.4318537,-30.1993319],[-58.432356,-30.1989577],[-58.4360272,-30.1960308],[-58.4365428,-30.195688],[-58.4374434,-30.1953028],[-58.4385615,-30.1949557],[-58.4419388,-30.1941576],[-58.4447743,-30.1936728],[-58.4452647,-30.1936383],[-58.4457631,-30.1936372],[-58.4507138,-30.194237],[-58.45447,-30.1944404],[-58.4580098,-30.194723],[-58.4592497,-30.1946815],[-58.4611005,-30.1944033],[-58.4629066,-30.194311],[-58.4645337,-30.1943523],[-58.4653947,-30.1944982],[-58.4675836,-30.1952526],[-58.4700276,-30.1960949],[-58.4702466,-30.1960954],[-58.4748441,-30.1961049],[-58.4762286,-30.1963676]]]},"geometry_name":"geom","properties":{"gid":2351,"rtn":"137","typ":40,"rst":3,"hct":2,"fdc":"IDECORR","sag":"IGN"},"bbox":[-58.4762286,-30.2130268,-58.2873898,-30.17768634]},{"type":"Feature","id":"vial_provincial.2378","geometry":{"type":"MultiLineString","coordinates":[[[-58.78528403,-30.21614757],[-58.7857968,-30.2147659],[-58.7860656,-30.2139885],[-58.7867374,-30.211349],[-58.7879084,-30.2070298],[-58.7885227,-30.2047071],[-58.7895593,-30.2009446],[-58.7920898,-30.1917544],[-58.7934471,-30.1867457],[-58.7949403,-30.1809904],[-58.795999,-30.1771219],[-58.7964605,-30.1752622],[-58.7965963,-30.1743799],[-58.7966005,-30.1735916],[-58.7964877,-30.1726018],[-58.7960669,-30.1686246],[-58.7955647,-30.1635888],[-58.7955918,-30.1626114],[-58.7956411,-30.1622176],[-58.7957411,-30.161892],[-58.7962976,-30.1609554],[-58.8001119,-30.1551866],[-58.803261,-30.1504357],[-58.8064916,-30.1454813],[-58.809057,-30.1414498],[-58.8116225,-30.1375677],[-58.8144458,-30.1332512],[-58.816862,-30.1294777],[-58.8182382,-30.1274089],[-58.8191883,-30.1260343],[-58.8198269,-30.1249699],[-58.8199975,-30.1246997],[-58.8226716,-30.1206412],[-58.8278025,-30.1128226],[-58.8283319,-30.1119268],[-58.8287798,-30.1108137],[-58.828902,-30.11023],[-58.8288641,-30.1098438],[-58.8287391,-30.1094292],[-58.8272595,-30.1056014],[-58.8253185,-30.1010541],[-58.8220286,-30.09325],[-58.8218849,-30.0929728],[-58.819867,-30.0880898],[-58.8196039,-30.0874532],[-58.8166448,-30.0804219],[-58.81612578,-30.07920356],[-58.815469,-30.0776383],[-58.8146495,-30.0756982],[-58.8142323,-30.0747508],[-58.8128441,-30.0715989],[-58.8104551,-30.0667531],[-58.8092492,-30.0641952],[-58.8091502,-30.0639852],[-58.8068369,-30.0590782],[-58.8045765,-30.0539548],[-58.8035194,-30.0516886],[-58.8015223,-30.0473169],[-58.7996329,-30.0433694],[-58.7976164,-30.0389773],[-58.7957212,-30.0348658],[-58.7942214,-30.0314842],[-58.7931178,-30.0291071],[-58.7917312,-30.0260651],[-58.7905993,-30.0235749],[-58.78934,-30.0209573],[-58.7878685,-30.0176606],[-58.7867556,-30.0152803],[-58.7864346,-30.0145508],[-58.7863794,-30.0142539],[-58.7864054,-30.0138797],[-58.7866097,-30.013267],[-58.7871641,-30.0122749],[-58.7941087,-29.999903],[-58.7988357,-29.9918788],[-58.8037377,-29.9832127],[-58.8124635,-29.9677047],[-58.8189691,-29.9557554],[-58.8200269,-29.9539426],[-58.8204806,-29.953165],[-58.820692,-29.9526155],[-58.8208871,-29.952066],[-58.8210172,-29.9513756],[-58.8211473,-29.9497129],[-58.8212611,-29.9491634],[-58.821375,-29.9487266],[-58.8216026,-29.9481912],[-58.8218791,-29.9477826],[-58.82674881,-29.9403306],[-58.8279448,-29.938426],[-58.8281887,-29.9379609],[-58.8284326,-29.9374113],[-58.8340254,-29.9227832],[-58.8433627,-29.8979228],[-58.8463369,-29.8902291],[-58.8473692,-29.8874332],[-58.8475241,-29.8867092],[-58.8475413,-29.8861428],[-58.847459,-29.8856095],[-58.8473692,-29.8850675],[-58.8471663,-29.8844392],[-58.8468101,-29.8838201],[-58.8448314,-29.8818844],[-58.833992,-29.8714751],[-58.8140246,-29.852287],[-58.80459583,-29.8430796],[-58.8045754,-29.84306004],[-58.794364,-29.833287],[-58.7709957,-29.8109252],[-58.7685666,-29.8085546],[-58.7618406,-29.802031],[-58.7528343,-29.79336849],[-58.7525852,-29.7931289],[-58.7321461,-29.7733434],[-58.6886293,-29.7308333],[-58.6879138,-29.7300708],[-58.6871951,-29.7294453],[-58.6864665,-29.7289552],[-58.6856423,-29.7285309],[-58.6831972,-29.7275389],[-58.6553607,-29.715741],[-58.6531236,-29.7148071],[-58.6525279,-29.7144796],[-58.6519813,-29.7141251],[-58.6502501,-29.7122339],[-58.639157,-29.700751],[-58.6276645,-29.6888642],[-58.6170111,-29.6777569],[-58.6165404,-29.6772289],[-58.6162291,-29.6768137],[-58.6160363,-29.6763671],[-58.6158632,-29.6758367],[-58.6144264,-29.6704469],[-58.609086,-29.6502478],[-58.6088491,-29.6492774],[-58.6087672,-29.6487554],[-58.6088134,-29.6482847],[-58.6092239,-29.6471213],[-58.6103662,-29.6438329],[-58.6183263,-29.6208727],[-58.6284498,-29.5916469],[-58.6286047,-29.5911838],[-58.6336304,-29.5763274],[-58.6339406,-29.5754297],[-58.634001,-29.5748757],[-58.633887,-29.5743857],[-58.6332878,-29.5734371],[-58.6323982,-29.5721694],[-58.6323244,-29.5720644],[-58.6295326,-29.5681415],[-58.6290584,-29.5673001],[-58.6289862,-29.5668888],[-58.6290204,-29.5664999],[-58.6293431,-29.5654663],[-58.6391306,-29.5337441],[-58.6415349,-29.5274232],[-58.645635,-29.5149986],[-58.6467,-29.5116917],[-58.6475673,-29.5086648],[-58.6519064,-29.4907595],[-58.6564374,-29.4725105],[-58.6565609,-29.471771],[-58.6565609,-29.471417],[-58.6564645,-29.4710999],[-58.6564193,-29.4709604],[-58.6515504,-29.4563758],[-58.6436374,-29.4326833],[-58.6356863,-29.4090486],[-58.6317615,-29.3969348],[-58.6278587,-29.384282],[-58.6216085,-29.36252],[-58.6213697,-29.3618039],[-58.6211658,-29.3614767],[-58.6209187,-29.3612235],[-58.6200888,-29.3608446],[-58.6176899,-29.3598238],[-58.6171615,-29.3595885],[-58.6146585,-29.3578224],[-58.6119605,-29.3560138],[-58.606242,-29.3522098],[-58.60577,-29.351845],[-58.6053303,-29.3514133],[-58.6030594,-29.348006],[-58.6008936,-29.3443725],[-58.600806,-29.3442258],[-58.6001224,-29.3430812],[-58.5998657,-29.3426513],[-58.5997016,-29.3422253],[-58.5996264,-29.3419035]]]},"geometry_name":"geom","properties":{"gid":2378,"rtn":"23","typ":40,"rst":2,"hct":2,"fdc":"IDECORR","sag":"IGN"},"bbox":[-58.8475413,-30.21614757,-58.5996264,-29.3419035]},{"type":"Feature","id":"vial_provincial.2379","geometry":{"type":"MultiLineString","coordinates":[[[-57.6830146,-30.2496118],[-57.6840355,-30.2416165],[-57.6853247,-30.2315193],[-57.6856627,-30.2288721],[-57.6857589,-30.2281185],[-57.6857794,-30.2279583],[-57.6862136,-30.2245571],[-57.6863924,-30.2238993],[-57.6867682,-30.2232454],[-57.6905135,-30.2181614],[-57.6992129,-30.2063518],[-57.7002536,-30.2049239],[-57.7006076,-30.2043954],[-57.7013157,-30.2034774],[-57.7019917,-30.2025966],[-57.7027072,-30.2017601],[-57.7060527,-30.1982033],[-57.7061319,-30.1980975],[-57.7454415,-30.1568277],[-57.7486356,-30.1525581],[-57.7586186,-30.1373206],[-57.7734571,-30.1136089],[-57.7856749,-30.0961242],[-57.8006085,-30.0752305],[-57.8080892,-30.0646034],[-57.8100342,-30.0619217],[-57.8106167,-30.0612792],[-57.8112505,-30.0606138],[-57.8116465,-30.0601846],[-57.8118828,-30.0598651],[-57.8119603,-30.0596669],[-57.8121336,-30.0590964],[-57.8122679,-30.0589868],[-57.8124021,-30.0589257],[-57.8125679,-30.0589004],[-57.8126888,-30.0588968],[-57.8127294,-30.0588956],[-57.812891,-30.058915],[-57.8130031,-30.0589672],[-57.8131619,-30.0590193],[-57.8134092,-30.0590451],[-57.8136474,-30.0590464],[-57.8138949,-30.0589912],[-57.8143309,-30.0588106],[-57.8144785,-30.0587749],[-57.814751,-30.0587783],[-57.8163361,-30.0590204],[-57.8167305,-30.0591697],[-57.8170263,-30.0593038],[-57.8171451,-30.0593376],[-57.8172732,-30.0593391],[-57.8174228,-30.0592832],[-57.81754349,-30.05916805],[-57.81765199,-30.05901672],[-57.81769983,-30.05889578],[-57.81770546,-30.05886806]]]},"geometry_name":"geom","properties":{"gid":2379,"rtn":"25","typ":40,"rst":2,"hct":2,"fdc":"IDECORR","sag":"IGN"},"bbox":[-57.81770546,-30.2496118,-57.6830146,-30.0587749]},{"type":"Feature","id":"vial_provincial.2395","geometry":{"type":"MultiLineString","coordinates":[[[-57.97834525,-30.61682172],[-57.97522229,-30.61713627],[-57.96992204,-30.61780252],[-57.96785191,-30.61801668],[-57.966799,-30.61805832],[-57.96632906,-30.61801668],[-57.96627552,-30.61796909],[-57.96629337,-30.61742776],[-57.96627552,-30.61710058],[-57.96630526,-30.61627967],[-57.9663072,-30.6155465],[-57.966277,-30.6153709],[-57.965225,-30.6137546],[-57.9650134,-30.6134043],[-57.9645437,-30.6125875],[-57.9631347,-30.6103956],[-57.9613853,-30.6073597],[-57.9596971,-30.6046165],[-57.9594861,-30.6041536],[-57.9581247,-30.600682],[-57.9571666,-30.5981766],[-57.9568518,-30.5973534],[-57.9564774,-30.5964004],[-57.9562868,-30.5955768],[-57.9558103,-30.5931195],[-57.9552113,-30.5900972],[-57.9549458,-30.589008],[-57.954163,-30.5868706],[-57.953707,-30.5859109],[-57.9528765,-30.5847196],[-57.9522911,-30.5839709],[-57.9515968,-30.5832425],[-57.9489897,-30.5804108],[-57.9484588,-30.5796961],[-57.9479006,-30.5787159],[-57.9476351,-30.5780556],[-57.9473731,-30.577018],[-57.946968,-30.5753872],[-57.9466958,-30.5743594],[-57.9464643,-30.5737876],[-57.9459402,-30.5729095],[-57.9446809,-30.5711125],[-57.9429928,-30.5687028],[-57.9409643,-30.5658302],[-57.939351,-30.563475],[-57.9390855,-30.5630666],[-57.9388337,-30.5625765],[-57.9385274,-30.5618209],[-57.9380168,-30.5599966],[-57.9363405,-30.554363],[-57.9350624,-30.5500653],[-57.9327871,-30.5425654],[-57.9321551,-30.5411609],[-57.929936,-30.5365542],[-57.9269866,-30.5304026],[-57.923363,-30.5231414],[-57.9219392,-30.5203605],[-57.9203715,-30.5172987],[-57.916467,-30.5097145],[-57.9130646,-30.5031639],[-57.9129573,-30.502905],[-57.9128715,-30.5025938],[-57.9129323,-30.5022593],[-57.9130963,-30.5013579],[-57.9139376,-30.4973026],[-57.9142448,-30.4953616],[-57.9143168,-30.4944374],[-57.9143385,-30.4932212],[-57.9143449,-30.4921622],[-57.9144291,-30.4854768],[-57.9142871,-30.4760916],[-57.9142267,-30.4723402],[-57.913792,-30.4544315],[-57.9135796,-30.4360294],[-57.913644,-30.4353079],[-57.9138602,-30.4343277],[-57.9172489,-30.4234851],[-57.9172703,-30.4232816],[-57.9172258,-30.4231126],[-57.9171925,-30.4229636],[-57.9170467,-30.4227145],[-57.8981337,-30.4062401],[-57.8787104,-30.3893485],[-57.8633058,-30.3752919],[-57.8623715,-30.3744614],[-57.8615362,-30.3736797],[-57.8583501,-30.3703007],[-57.8352329,-30.3461584],[-57.8346383,-30.3457552],[-57.7950816,-30.3277321],[-57.7942928,-30.3274343],[-57.7755515,-30.3191945],[-57.7709755,-30.3172535],[-57.7697554,-30.3167002],[-57.7686215,-30.3160832],[-57.7618186,-30.3122318],[-57.7554298,-30.3090087],[-57.7545103,-30.3085612],[-57.7456616,-30.3042398],[-57.7413727,-30.3021452],[-57.7407935,-30.3017835],[-57.7402882,-30.3013578],[-57.7347054,-30.2951861],[-57.7337194,-30.2940475],[-57.7334483,-30.2936112],[-57.7333127,-30.293292],[-57.7331648,-30.2925684],[-57.7339919,-30.2868787],[-57.7350734,-30.2789803],[-57.7361781,-30.2709126],[-57.7372869,-30.262815],[-57.7383884,-30.2548628]]]},"geometry_name":"geom","properties":{"gid":2395,"rtn":"33","typ":40,"rst":2,"hct":2,"fdc":"IDECORR","sag":"IGN"},"bbox":[-57.97834525,-30.61805832,-57.7331648,-30.2548628]},{"type":"Feature","id":"vial_provincial.4823","geometry":{"type":"MultiLineString","coordinates":[[[-58.7747827,-30.3814292],[-58.7754425,-30.3808045],[-58.7756839,-30.3805314],[-58.7759199,-30.3801936],[-58.7761184,-30.3798373],[-58.7762632,-30.3795179],[-58.7763491,-30.3791153],[-58.7761967,-30.3782258],[-58.7758975,-30.3767786],[-58.7758777,-30.3766827],[-58.7752461,-30.3732123],[-58.7749654,-30.3715572],[-58.7741295,-30.3666281],[-58.7738593,-30.3650344],[-58.7723321,-30.35632],[-58.7706286,-30.3465992],[-58.7697594,-30.3416389],[-58.7691381,-30.3380927],[-58.7681068,-30.332973],[-58.7678626,-30.3319517],[-58.7672965,-30.3295845],[-58.7671276,-30.3289535],[-58.7669192,-30.3279378],[-58.7668932,-30.3271565],[-58.766776,-30.3263751],[-58.7665286,-30.3249818],[-58.7663202,-30.3238098],[-58.7663072,-30.3228071],[-58.7663853,-30.3218044],[-58.7670625,-30.3181712],[-58.768675,-30.3085749],[-58.7702897,-30.2987823],[-58.7724774,-30.2853436],[-58.7743786,-30.274379],[-58.7760455,-30.2643521],[-58.7779467,-30.253101],[-58.7789884,-30.2463816],[-58.7804122,-30.238982],[-58.7810265,-30.2349316],[-58.7813337,-30.2330312],[-58.7826774,-30.2265045],[-58.7838484,-30.2209183],[-58.7842007,-30.2193553],[-58.7845333,-30.2181779],[-58.7848123,-30.2172786],[-58.78528403,-30.21614757]]]},"geometry_name":"geom","properties":{"gid":4823,"rtn":"28","typ":40,"rst":2,"hct":2,"fdc":"OpenStreetMap","sag":"IGN"},"bbox":[-58.78528403,-30.3814292,-58.7663072,-30.21614757]},{"type":"Feature","id":"vial_provincial.4824","geometry":{"type":"MultiLineString","coordinates":[[[-58.4714898,-30.2951485],[-58.4857581,-30.2922824],[-58.4869328,-30.2920043],[-58.4882021,-30.291579],[-58.5363573,-30.2752719],[-58.5373654,-30.275088],[-58.5383826,-30.2749925],[-58.5394873,-30.2749571],[-58.5407548,-30.2751196],[-58.5560437,-30.2781544],[-58.5645413,-30.2799602],[-58.5653099,-30.2801435],[-58.5660901,-30.280394],[-58.5820746,-30.2889438],[-58.5831943,-30.289436],[-58.5841678,-30.2897121],[-58.59845544,-30.2914801],[-58.63899551,-30.29558467],[-58.64030422,-30.2958821],[-58.64143446,-30.29614979],[-58.64229701,-30.29644722],[-58.64336777,-30.29689337],[-58.64756157,-30.3000759],[-58.66106501,-30.3102481],[-58.6724691,-30.3189979],[-58.6763833,-30.3212116],[-58.6955392,-30.3320449],[-58.7160782,-30.343659],[-58.7215676,-30.3467628],[-58.7218637,-30.3469507],[-58.7221739,-30.3472111],[-58.7224717,-30.3475021],[-58.7293888,-30.3543544],[-58.7324316,-30.3573686],[-58.7382624,-30.3632646],[-58.7383908,-30.3633945],[-58.7439483,-30.3690138],[-58.7492797,-30.3744041],[-58.7498246,-30.3747749],[-58.7503863,-30.3751572],[-58.7509511,-30.3755414],[-58.7515345,-30.3758115],[-58.752264,-30.376098],[-58.7526637,-30.376255],[-58.7538172,-30.3765958],[-58.7539542,-30.3772321],[-58.754047,-30.3776626],[-58.7541834,-30.3783817],[-58.7542859,-30.3789049],[-58.7543848,-30.379443],[-58.7545292,-30.3801676],[-58.7547788,-30.3814796],[-58.7550319,-30.3827858],[-58.7553938,-30.384506]]]},"geometry_name":"geom","properties":{"gid":4824,"rtn":"1","typ":40,"rst":3,"hct":2,"fdc":"OpenStreetMap","sag":"IGN"},"bbox":[-58.7553938,-30.384506,-58.4714898,-30.2749571]},{"type":"Feature","id":"vial_provincial.4894","geometry":{"type":"MultiLineString","coordinates":[[[-58.4572924,-30.5827924],[-58.4575756,-30.5826279],[-58.45766492,-30.58251567],[-58.45774884,-30.58239947],[-58.45776498,-30.58234864],[-58.4578021,-30.5821708]]]},"geometry_name":"geom","properties":{"gid":4894,"rtn":"2","typ":40,"rst":1,"hct":2,"fdc":"OpenStreetMap","sag":"IGN"},"bbox":[-58.4578021,-30.5827924,-58.4572924,-30.5821708]},{"type":"Feature","id":"vial_provincial.4895","geometry":{"type":"MultiLineString","coordinates":[[[-58.457998,-30.5827238],[-58.4578445,-30.5826827],[-58.4576888,-30.5826827],[-58.457554,-30.5827045],[-58.4572924,-30.5827924]]]},"geometry_name":"geom","properties":{"gid":4895,"rtn":"2","typ":40,"rst":1,"hct":2,"fdc":"OpenStreetMap","sag":"IGN"},"bbox":[-58.457998,-30.5827924,-58.4572924,-30.5826827]},{"type":"Feature","id":"vial_provincial.4896","geometry":{"type":"MultiLineString","coordinates":[[[-58.4583659,-30.581969],[-58.4582834,-30.5819271],[-58.4585736,-30.581988],[-58.4587647,-30.5819819],[-58.45897,-30.5819332]]]},"geometry_name":"geom","properties":{"gid":4896,"rtn":"2","typ":40,"rst":1,"hct":2,"fdc":"OpenStreetMap","sag":"IGN"},"bbox":[-58.45897,-30.581988,-58.4582834,-30.5819271]},{"type":"Feature","id":"vial_provincial.4897","geometry":{"type":"MultiLineString","coordinates":[[[-58.45897,-30.5819332],[-58.458786,-30.5820612],[-58.458701,-30.5821769],[-58.4585878,-30.5823902]]]},"geometry_name":"geom","properties":{"gid":4897,"rtn":"2","typ":40,"rst":1,"hct":2,"fdc":"OpenStreetMap","sag":"IGN"},"bbox":[-58.45897,-30.5823902,-58.4585878,-30.5819332]},{"type":"Feature","id":"vial_provincial.4898","geometry":{"type":"MultiLineString","coordinates":[[[-58.7765093,-30.3802702],[-58.7766924,-30.3805823],[-58.7768372,-30.3808137],[-58.7769713,-30.3809988],[-58.7771216,-30.3811747],[-58.7774863,-30.3815125]]]},"geometry_name":"geom","properties":{"gid":4898,"rtn":"2","typ":40,"rst":1,"hct":2,"fdc":"OpenStreetMap","sag":"IGN"},"bbox":[-58.7774863,-30.3815125,-58.7765093,-30.3802702]},{"type":"Feature","id":"vial_provincial.4899","geometry":{"type":"MultiLineString","coordinates":[[[-58.7765093,-30.3802702],[-58.7766548,-30.3812256],[-58.7762096,-30.3811932],[-58.7757375,-30.3812117],[-58.7753406,-30.3812534],[-58.7750402,-30.3813413],[-58.7747827,-30.3814292],[-58.774552,-30.3815819],[-58.7737634,-30.3821974],[-58.7735006,-30.3823918],[-58.77283,-30.3828916],[-58.7723955,-30.383197],[-58.7719663,-30.3833821],[-58.7714782,-30.3835117],[-58.7710115,-30.3835395],[-58.7707476,-30.3835252],[-58.7704965,-30.3835117],[-58.7678906,-30.3831019],[-58.7677333,-30.3830803],[-58.7675079,-30.3830609],[-58.7673041,-30.3830601],[-58.7671591,-30.3830736],[-58.7659869,-30.383238],[-58.7647168,-30.3834162],[-58.7618461,-30.3838004],[-58.7599745,-30.384051],[-58.7583737,-30.3842652],[-58.7568552,-30.3843879],[-58.7553938,-30.384506],[-58.7538763,-30.3846286],[-58.7523799,-30.3847496],[-58.7508761,-30.3848711],[-58.7495016,-30.3849388],[-58.7481351,-30.3850238],[-58.7466087,-30.3851351],[-58.745825,-30.3851992],[-58.7457539,-30.385205],[-58.7452045,-30.3852475],[-58.7438396,-30.3853517],[-58.7423303,-30.385465],[-58.7416306,-30.3855221],[-58.740795,-30.3855902],[-58.7408107,-30.385679],[-58.7409542,-30.3864901],[-58.7390992,-30.3867019],[-58.7379721,-30.3868306],[-58.7350101,-30.3872214],[-58.7321028,-30.3875946],[-58.7291432,-30.3879726],[-58.7262,-30.3883393],[-58.7246878,-30.3885474],[-58.7232792,-30.3887413],[-58.7176332,-30.3895038],[-58.7121273,-30.3902473],[-58.7119913,-30.3902864],[-58.711484,-30.3904325],[-58.7105896,-30.3907761],[-58.7100042,-30.3910988],[-58.7092887,-30.3915617],[-58.7081422,-30.3925085],[-58.7075198,-30.3930617],[-58.7060119,-30.3942759],[-58.7051419,-30.3949702],[-58.7044995,-30.3954472],[-58.7039954,-30.3958259],[-58.7034507,-30.3962677],[-58.7029465,-30.3967306],[-58.7026538,-30.3971023],[-58.7024145,-30.3974653],[-58.7021741,-30.3979509],[-58.7017513,-30.399073],[-58.7015317,-30.399599],[-58.7011821,-30.4002933],[-58.700865,-30.4008052],[-58.7004747,-30.4012821],[-58.6699309,-30.4338079],[-58.6693145,-30.4344199],[-58.6685673,-30.435048],[-58.6678388,-30.4356279],[-58.6334676,-30.4594294],[-58.6326457,-30.4601057],[-58.632104,-30.4607176],[-58.6315062,-30.4615549],[-58.6243331,-30.4730507],[-58.6237353,-30.4737591],[-58.6231002,-30.4744031],[-58.6221662,-30.4750309],[-58.6206158,-30.4759969],[-58.6198686,-30.476496],[-58.6193269,-30.4768824],[-58.6188412,-30.4772365],[-58.6183181,-30.4776873],[-58.6176083,-30.4783635],[-58.6170479,-30.4789108],[-58.6164875,-30.4793777],[-58.6159271,-30.4798284],[-58.6148063,-30.480569],[-58.6134053,-30.4815188],[-58.6123779,-30.4822432],[-58.6108461,-30.4834666],[-58.6097253,-30.4843198],[-58.6058025,-30.487153],[-58.6041027,-30.4883764],[-58.6028698,-30.4891973],[-58.6019358,-30.4899539],[-58.6012073,-30.49063],[-58.5998436,-30.4918211],[-58.5989843,-30.4925777],[-58.5977515,-30.4934308],[-58.5888038,-30.4992253],[-58.5864501,-30.5008509],[-58.5809395,-30.5045688],[-58.5801736,-30.5050677],[-58.5793704,-30.5055183],[-58.5750553,-30.5074175],[-58.5739718,-30.5079646],[-58.5730939,-30.5085279],[-58.5601673,-30.5198412],[-58.5589345,-30.520855],[-58.5576269,-30.5217401],[-58.5517382,-30.5259537],[-58.5275953,-30.5421762],[-58.5266554,-30.5427534],[-58.5246193,-30.5438796],[-58.5234798,-30.544507],[-58.5117675,-30.5520037],[-58.4974026,-30.560481],[-58.4958708,-30.5613656],[-58.4945259,-30.562186],[-58.4902295,-30.5647917],[-58.4804038,-30.5705659],[-58.4777699,-30.5720616],[-58.4692871,-30.5766016],[-58.4674117,-30.5776318],[-58.464105,-30.5794482],[-58.4634781,-30.5797926],[-58.4623332,-30.5803362],[-58.4593987,-30.5817296],[-58.4590488,-30.5818958],[-58.45897,-30.5819332]]]},"geometry_name":"geom","properties":{"gid":4899,"rtn":"2","typ":40,"rst":1,"hct":2,"fdc":"OpenStreetMap","sag":"IGN"},"bbox":[-58.7766548,-30.5819332,-58.45897,-30.3802702]},{"type":"Feature","id":"vial_provincial.4900","geometry":{"type":"MultiLineString","coordinates":[[[-58.7763491,-30.3791153],[-58.7763759,-30.3796383],[-58.7764295,-30.3800363],[-58.7765093,-30.3802702]]]},"geometry_name":"geom","properties":{"gid":4900,"rtn":"2","typ":40,"rst":1,"hct":2,"fdc":"OpenStreetMap","sag":"IGN"},"bbox":[-58.7765093,-30.3802702,-58.7763491,-30.3791153]},{"type":"Feature","id":"vial_provincial.5104","geometry":{"type":"MultiLineString","coordinates":[[[-58.7606742,-30.4293793],[-58.7575271,-30.4103839],[-58.757263,-30.4089181],[-58.7570651,-30.4078193],[-58.7566183,-30.405339],[-58.7561539,-30.4027605],[-58.7557089,-30.40029],[-58.7552151,-30.3976136],[-58.7547722,-30.3952229],[-58.7547401,-30.3950725]]]},"geometry_name":"geom","properties":{"gid":5104,"rtn":"28","typ":40,"rst":2,"hct":2,"fdc":"OpenStreetMap","sag":"IGN"},"bbox":[-58.7606742,-30.4293793,-58.7547401,-30.3950725]},{"type":"Feature","id":"vial_provincial.5102","geometry":{"type":"MultiLineString","coordinates":[[[-58.7602612,-30.4299822],[-58.7611438,-30.4298672],[-58.7609199,-30.4297647],[-58.7607861,-30.4296333],[-58.7606742,-30.4293793]]]},"geometry_name":"geom","properties":{"gid":5102,"rtn":"28","typ":40,"rst":2,"hct":2,"fdc":"OpenStreetMap","sag":"IGN"},"bbox":[-58.7611438,-30.4299822,-58.7602612,-30.4293793]},{"type":"Feature","id":"vial_provincial.5103","geometry":{"type":"MultiLineString","coordinates":[[[-58.7606742,-30.4293793],[-58.7605716,-30.4296147],[-58.7604492,-30.4297985],[-58.7602612,-30.4299822]]]},"geometry_name":"geom","properties":{"gid":5103,"rtn":"28","typ":40,"rst":2,"hct":2,"fdc":"OpenStreetMap","sag":"IGN"},"bbox":[-58.7606742,-30.4299822,-58.7602612,-30.4293793]},{"type":"Feature","id":"vial_provincial.960","geometry":{"type":"MultiLineString","coordinates":[[[-61.0146386,-30.4153786],[-61.0077961,-30.4180629],[-61.0074864,-30.4181798],[-61.007216,-30.418246],[-61.0070129,-30.4182756],[-61.0060326,-30.4182965],[-61.0058077,-30.418349],[-61.0056547,-30.4183953],[-61.0021794,-30.4197616],[-61.0006996,-30.4203329],[-61.0005235,-30.4204081],[-61.0002761,-30.4205468],[-60.999093,-30.4214183],[-60.9988268,-30.4215694],[-60.9732562,-30.4315469],[-60.9729467,-30.4316677],[-60.9505605,-30.4404018],[-60.9410318,-30.4441193],[-60.9156783,-30.4540098],[-60.9146591,-30.454463],[-60.9136076,-30.4550271],[-60.9025438,-30.4622634],[-60.8760568,-30.4795852],[-60.8755188,-30.479878],[-60.8742589,-30.4803172],[-60.8738144,-30.4805035],[-60.8689757,-30.4836749],[-60.8686953,-30.4839651],[-60.8675917,-30.485145],[-60.8671876,-30.4854413],[-60.8667841,-30.4857036],[-60.8659072,-30.4861713],[-60.8655146,-30.4863772],[-60.856042,-30.4906104],[-60.819014,-30.5071127],[-60.7827331,-30.5232793],[-60.7587985,-30.5338871],[-60.7585378,-30.5340245],[-60.7580187,-30.534298],[-60.7573267,-30.5346969],[-60.7567717,-30.5350696],[-60.7559196,-30.5357059],[-60.7540318,-30.5373243],[-60.7528017,-30.5383753],[-60.7525919,-30.5385146],[-60.7522488,-30.5386856],[-60.7512058,-30.5391969],[-60.7510524,-30.5392784],[-60.7508566,-30.5394063],[-60.7494441,-30.5406034],[-60.7478204,-30.5419968],[-60.7471361,-30.5426058],[-60.7465546,-30.5430576],[-60.7465175,-30.5431005],[-60.7464298,-30.5431977],[-60.745853,-30.5440643],[-60.7456151,-30.5444228],[-60.7452545,-30.5448012],[-60.7343021,-30.5541747],[-60.7133352,-30.5719511],[-60.7122629,-30.5729043],[-60.7112514,-30.5739779],[-60.7103419,-30.5752015],[-60.7027557,-30.5878189],[-60.6715089,-30.6398459],[-60.6654398,-30.6498929],[-60.6652775,-30.6501171],[-60.665094,-30.6503147],[-60.6645791,-30.6508017],[-60.6640147,-30.651355],[-60.6638149,-30.6516081],[-60.6635723,-30.6520093],[-60.6629527,-30.6530315],[-60.6610778,-30.6561072],[-60.66105948,-30.65618908],[-60.6609544,-30.6564233],[-60.660705,-30.6575539],[-60.6605735,-30.6579485],[-60.6603777,-30.6582946],[-60.6578752,-30.6624868],[-60.6572583,-30.6635089],[-60.6570035,-30.6641203],[-60.6568077,-30.6647409],[-60.6566441,-30.6652854],[-60.6565475,-30.6658276],[-60.6564644,-30.6664205],[-60.6564242,-30.667085],[-60.6564698,-30.668197],[-60.6575829,-30.6852539],[-60.658769,-30.7031847],[-60.6589454,-30.7058513],[-60.6593612,-30.7123787],[-60.6593632,-30.7128195],[-60.6593639,-30.7129851],[-60.6593666,-30.7135985],[-60.6592888,-30.714348],[-60.6591252,-30.7151366],[-60.6588703,-30.7158768],[-60.6584975,-30.7167185],[-60.6581274,-30.7173872],[-60.6576526,-30.7180444],[-60.6570277,-30.7187822],[-60.6562901,-30.7194786],[-60.6538194,-30.7214072],[-60.6537739,-30.7214433],[-60.6455639,-30.7279453],[-60.6397462,-30.732538],[-60.6395954,-30.7326586],[-60.635165,-30.7362014],[-60.6326755,-30.73815],[-60.632438,-30.7383359],[-60.6307662,-30.7396226],[-60.6289881,-30.7409224],[-60.6287322,-30.7411095],[-60.626755,-30.7425549],[-60.6261651,-30.7429837],[-60.6252733,-30.7436246],[-60.6246507,-30.7441479],[-60.6242591,-30.744526],[-60.6236905,-30.7451438],[-60.6233447,-30.7455221],[-60.6218156,-30.7471977],[-60.6210327,-30.7480901],[-60.6202546,-30.7491409],[-60.6197912,-30.7497804],[-60.6191271,-30.7506968],[-60.6186959,-30.7512919],[-60.6164995,-30.7543227],[-60.6156546,-30.7555259],[-60.6148204,-30.756819],[-60.6142733,-30.7577479],[-60.6138843,-30.7584786],[-60.6135276,-30.7593498],[-60.6133962,-30.7598016],[-60.6132714,-30.7605311],[-60.6128677,-30.764995],[-60.6128395,-30.7650812],[-60.6127731,-30.7651602],[-60.6126773,-30.7651994],[-60.599735,-30.7673708],[-60.5891979,-30.7691546],[-60.5905588,-30.7756052],[-60.5910984,-30.7780743]]]},"geometry_name":"geom","properties":{"gid":960,"rtn":"2","typ":40,"rst":3,"hct":2,"fdc":"IDESF","sag":"IGN"},"bbox":[-61.0146386,-30.7780743,-60.5891979,-30.4153786]},{"type":"Feature","id":"vial_provincial.976","geometry":{"type":"MultiLineString","coordinates":[[[-60.3288966,-30.8228954],[-60.3327519,-30.8302331],[-60.3328107,-30.8304623],[-60.3328468,-30.8310905],[-60.3329379,-30.8313743],[-60.3403048,-30.8450357],[-60.3417212,-30.8476621],[-60.3461209,-30.8557186]]]},"geometry_name":"geom","properties":{"gid":976,"rtn":"254s","typ":40,"rst":3,"hct":2,"fdc":"IDESF","sag":"IGN"},"bbox":[-60.3461209,-30.8557186,-60.3288966,-30.8228954]},{"type":"Feature","id":"vial_provincial.995","geometry":{"type":"MultiLineString","coordinates":[[[-60.4421507,-30.860061],[-60.4715504,-30.8532474],[-60.4725375,-30.8542606]]]},"geometry_name":"geom","properties":{"gid":995,"rtn":"281s","typ":40,"rst":3,"hct":2,"fdc":"IDESF","sag":"IGN"},"bbox":[-60.4725375,-30.860061,-60.4421507,-30.8532474]},{"type":"Feature","id":"vial_provincial.1125","geometry":{"type":"MultiLineString","coordinates":[[[-60.6152793,-30.1727905],[-60.5844122,-30.1776616],[-60.5829235,-30.1707491],[-60.5760131,-30.1722763],[-60.552447,-30.1780336],[-60.5515526,-30.1782444],[-60.5328215,-30.1826329],[-60.4910244,-30.1925278],[-60.4706594,-30.1972716],[-60.4627035,-30.1991563],[-60.4242068,-30.2082751],[-60.4234147,-30.208458],[-60.3918995,-30.2158898],[-60.3914632,-30.2159927],[-60.3589554,-30.2235536]]]},"geometry_name":"geom","properties":{"gid":1125,"rtn":"93s","typ":40,"rst":3,"hct":2,"fdc":"IDESF","sag":"IGN"},"bbox":[-60.6152793,-30.2235536,-60.3589554,-30.1707491]},{"type":"Feature","id":"vial_provincial.1015","geometry":{"type":"MultiLineString","coordinates":[[[-60.4016376,-30.3717151],[-60.3996244,-30.3738792],[-60.3982176,-30.3753976],[-60.3971876,-30.3762307],[-60.3963293,-30.376823],[-60.3950633,-30.3774524],[-60.3940548,-30.3778042],[-60.3929962,-30.3780522],[-60.3865726,-30.3790368],[-60.3706921,-30.3818611],[-60.3689864,-30.3821644],[-60.3531868,-30.3845917],[-60.3523929,-30.3847583],[-60.3520334,-30.3848479],[-60.3516314,-30.384968],[-60.3496555,-30.3856528],[-60.3489992,-30.3858441],[-60.3485244,-30.3859559],[-60.3479405,-30.3860679],[-60.3349058,-30.3880848],[-60.3208372,-30.3903504],[-60.3138693,-30.3915721],[-60.3065935,-30.392694],[-60.2951959,-30.3944383],[-60.2924751,-30.3948498],[-60.287824,-30.3955511],[-60.2816663,-30.3965086],[-60.2809039,-30.3966566],[-60.2800546,-30.3968811],[-60.2794109,-30.3971217],[-60.2785656,-30.3974442],[-60.2688382,-30.4026075],[-60.2623555,-30.4060759],[-60.2616124,-30.4065032],[-60.2608752,-30.4070396],[-60.2601661,-30.4076406],[-60.2597512,-30.4080585],[-60.2591059,-30.4088052],[-60.2527956,-30.4174641],[-60.2520055,-30.4185431],[-60.2503586,-30.4207706],[-60.2499984,-30.4212083],[-60.2495666,-30.4216331],[-60.249069,-30.4220637],[-60.2486088,-30.4224218],[-60.2481467,-30.4226938],[-60.2474698,-30.4230543],[-60.2467531,-30.423364],[-60.2459471,-30.423628],[-60.2429641,-30.424538],[-60.2307799,-30.4282547],[-60.2167641,-30.4324944],[-60.2154338,-30.4328644],[-60.2140176,-30.4331605],[-60.2056013,-30.4346101],[-60.1917166,-30.4372562],[-60.1915514,-30.4372876],[-60.1846555,-30.4386018],[-60.1775123,-30.4395749],[-60.1757482,-30.4398171],[-60.1740308,-30.4400713],[-60.1724696,-30.4403455],[-60.1710508,-30.4406002],[-60.169696,-30.4408758],[-60.1664257,-30.4415434],[-60.1648099,-30.4418487],[-60.1602982,-30.4426315],[-60.160063,-30.4426723],[-60.1510961,-30.4442278],[-60.1505714,-30.4442992],[-60.149934,-30.4443368],[-60.1492934,-30.4443533],[-60.1485893,-30.4443283],[-60.1468508,-30.4441893],[-60.1458838,-30.4441182],[-60.1453512,-30.4441044],[-60.1448374,-30.4441037],[-60.1443426,-30.4441353],[-60.1438898,-30.4441755],[-60.1432834,-30.4442641],[-60.1408241,-30.4447116],[-60.1401339,-30.4448262]]]},"geometry_name":"geom","properties":{"gid":1015,"rtn":"39","typ":40,"rst":1,"hct":2,"fdc":"IDESF","sag":"IGN"},"bbox":[-60.4016376,-30.4448262,-60.1401339,-30.3717151]},{"type":"Feature","id":"vial_provincial.1018","geometry":{"type":"MultiLineString","coordinates":[[[-61.2078379,-30.251419],[-61.1761229,-30.2559571],[-61.1229132,-30.2633948],[-61.0705907,-30.2708195],[-61.046756,-30.2741903],[-61.0459114,-30.2742654],[-61.0450763,-30.2742659],[-61.0441201,-30.2741935],[-61.0432549,-30.2740393],[-61.0425035,-30.2738149],[-61.0419593,-30.2736223],[-61.0401625,-30.2730151],[-61.0389993,-30.2726176],[-61.038098,-30.2724323],[-61.0370895,-30.2723581],[-61.035843,-30.2723147],[-60.9717457,-30.2834349],[-60.9694764,-30.2838286],[-60.9069744,-30.2946188],[-60.8356234,-30.30608],[-60.8342287,-30.3063023],[-60.8327481,-30.3066358],[-60.8152652,-30.3104634],[-60.8133718,-30.3108779],[-60.7640686,-30.3194795],[-60.6955776,-30.3311346],[-60.6945189,-30.3312191],[-60.6936878,-30.3311694],[-60.6924589,-30.3309228],[-60.6917566,-30.3307249],[-60.6911949,-30.3304262],[-60.6866719,-30.3273265],[-60.6856626,-30.3267243],[-60.684976,-30.3265021],[-60.6843752,-30.326428],[-60.6837529,-30.3264095],[-60.6828946,-30.3265206],[-60.682037,-30.3267339],[-60.681178,-30.3272429],[-60.6805503,-30.3278514],[-60.6782246,-30.3306499],[-60.677616,-30.331262],[-60.6767594,-30.3317991],[-60.6759208,-30.3322621],[-60.6747693,-30.3326429],[-60.6737536,-30.3327621],[-60.6725696,-30.3326932],[-60.6669845,-30.3319505],[-60.665943,-30.3319102],[-60.6649439,-30.3320051],[-60.6557908,-30.3333885],[-60.654323,-30.3336208],[-60.6494932,-30.3343934],[-60.6482919,-30.3345867],[-60.6300998,-30.3374461],[-60.628153,-30.3377582],[-60.6170009,-30.3394622],[-60.6162053,-30.339524],[-60.6152535,-30.3395573],[-60.6143814,-30.3394684],[-60.6135463,-30.3393436],[-60.6013094,-30.3361044],[-60.6003266,-30.3358942],[-60.5993546,-30.3357332],[-60.5984383,-30.3356719],[-60.59745,-30.3357076],[-60.5842506,-30.3374091],[-60.5776475,-30.3385562],[-60.5716163,-30.3394901],[-60.5638603,-30.3402621],[-60.5425393,-30.3434119],[-60.5223542,-30.3463939],[-60.5211623,-30.3465594]]]},"geometry_name":"geom","properties":{"gid":1018,"rtn":"39","typ":40,"rst":3,"hct":2,"fdc":"IDESF","sag":"IGN"},"bbox":[-61.2078379,-30.3465594,-60.5211623,-30.251419]},{"type":"Feature","id":"vial_provincial.1020","geometry":{"type":"MultiLineString","coordinates":[[[-60.5211623,-30.3465594],[-60.5199575,-30.3467463],[-60.5065592,-30.3486848],[-60.5060334,-30.3487657],[-60.4905981,-30.3509612],[-60.4422907,-30.3581177],[-60.4247828,-30.3607248],[-60.4142696,-30.36222],[-60.4135699,-30.3624599],[-60.4131618,-30.3626461],[-60.4127666,-30.3629112],[-60.4124454,-30.3631733],[-60.4120381,-30.3635559],[-60.4117392,-30.3639749],[-60.4112909,-30.3648131],[-60.4106585,-30.366058],[-60.4104451,-30.3663564],[-60.4101973,-30.3666548],[-60.4099086,-30.3669406],[-60.4095172,-30.3672217],[-60.4090119,-30.3674563],[-60.4077879,-30.3678981],[-60.4077064,-30.3679211],[-60.4074779,-30.3679861],[-60.4069279,-30.3681407],[-60.4049669,-30.3686938],[-60.404759,-30.3687618],[-60.4044719,-30.3688939],[-60.4041914,-30.369051],[-60.4041119,-30.3690955],[-60.4037509,-30.3693902],[-60.4030982,-30.3700775]]]},"geometry_name":"geom","properties":{"gid":1020,"rtn":"39","typ":40,"rst":2,"hct":2,"fdc":"IDESF","sag":"IGN"},"bbox":[-60.5211623,-30.3700775,-60.4030982,-30.3465594]},{"type":"Feature","id":"vial_provincial.1046","geometry":{"type":"MultiLineString","coordinates":[[[-60.4353841,-30.8357265],[-60.4235323,-30.8381908],[-60.4232782,-30.8382982],[-60.4230802,-30.8384296],[-60.4229004,-30.8386208],[-60.4216542,-30.8409239],[-60.4215148,-30.8411557],[-60.4213812,-30.8412905],[-60.4212436,-30.8414037],[-60.4209945,-30.841512],[-60.4207167,-30.8415793],[-60.4129437,-30.8425095],[-60.412663,-30.8425271],[-60.4124715,-30.8424956],[-60.4123402,-30.8424641],[-60.4122032,-30.8423963],[-60.4119014,-30.8422059],[-60.4113169,-30.8418044],[-60.4108492,-30.8414832],[-60.4108477,-30.8413276],[-60.4108761,-30.8411696],[-60.4109681,-30.8408961],[-60.4109428,-30.8407203],[-60.4039687,-30.8286124],[-60.4037989,-30.8282478],[-60.4036998,-30.8278831],[-60.4022416,-30.8200298],[-60.4021284,-30.8198717],[-60.4019017,-30.8198245],[-60.39908048,-30.82029771],[-60.3953612,-30.81214477],[-60.3883083,-30.8133746],[-60.3880615,-30.8133009],[-60.368631,-30.816452],[-60.3288966,-30.8228954],[-60.3285118,-30.8229576],[-60.3282428,-30.822909],[-60.3280446,-30.8227145],[-60.3035791,-30.7772294],[-60.2867752,-30.745976],[-60.2867353,-30.7459018],[-60.277858,-30.7293635],[-60.2774938,-30.7286858],[-60.2583888,-30.693125],[-60.2554297,-30.6876159],[-60.2525006,-30.6822674],[-60.2499775,-30.6775157],[-60.2452036,-30.668672],[-60.2450427,-30.6683974],[-60.2448213,-30.6681756],[-60.2443244,-30.667856],[-60.243927,-30.6674855],[-60.2434805,-30.6667561],[-60.2422355,-30.6644416],[-60.2417109,-30.6634985],[-60.2409379,-30.6624521],[-60.2401692,-30.6616368],[-60.2391339,-30.6608254],[-60.2385128,-30.6604097],[-60.2379268,-30.6600744],[-60.2372369,-30.6597604],[-60.2366254,-30.6595181],[-60.2344796,-30.6588948],[-60.234304,-30.6587996],[-60.2341888,-30.6587006],[-60.2340787,-30.6585777],[-60.2340249,-30.6584802],[-60.2340097,-30.6584526],[-60.2339969,-30.6583825],[-60.2340576,-30.6580662],[-60.2333953,-30.6578825],[-60.2322325,-30.6575598],[-60.2310288,-30.6572258],[-60.2298707,-30.6569045]]]},"geometry_name":"geom","properties":{"gid":1046,"rtn":"60","typ":40,"rst":3,"hct":2,"fdc":"IDESF","sag":"IGN"},"bbox":[-60.4353841,-30.8425271,-60.2298707,-30.6569045]},{"type":"Feature","id":"vial_provincial.1047","geometry":{"type":"MultiLineString","coordinates":[[[-60.90846357,-30.61934133],[-60.8826648,-30.623608],[-60.8822331,-30.6237159],[-60.8818437,-30.6238271],[-60.8814611,-30.6239973],[-60.8811955,-30.6241405],[-60.8808452,-30.62435],[-60.8604274,-30.6386302],[-60.859533,-30.6392878],[-60.848198,-30.6485113],[-60.847532,-30.6490532],[-60.8467677,-30.6497947],[-60.8462474,-30.6503403],[-60.845792,-30.6508719],[-60.8396906,-30.6595335],[-60.8393409,-30.6599884],[-60.8388679,-30.6604602],[-60.8384583,-30.6608083],[-60.8350037,-30.6634314],[-60.8217957,-30.6733283],[-60.8177338,-30.6764879],[-60.8114966,-30.6815742],[-60.8022275,-30.689],[-60.77945793,-30.70612899],[-60.7467791,-30.7306329],[-60.7365568,-30.738291],[-60.7241629,-30.7477053],[-60.7238394,-30.7479929],[-60.7235091,-30.7483449],[-60.7231495,-30.7488911],[-60.7229255,-30.7494672],[-60.7228215,-30.7499844],[-60.7228011,-30.7505326],[-60.722889,-30.7511439],[-60.7231068,-30.7517259],[-60.7251418,-30.7559097],[-60.7253463,-30.7564266],[-60.7254271,-30.7567523],[-60.7254973,-30.7571169],[-60.7255097,-30.757486],[-60.7254849,-30.7579955],[-60.7253841,-30.7585374],[-60.7252506,-30.7589686],[-60.7250664,-30.7593796],[-60.7248212,-30.7598081],[-60.7245575,-30.7601572],[-60.7242638,-30.760501],[-60.7239383,-30.7608024],[-60.718779,-30.7644311],[-60.7169507,-30.7657315],[-60.7151456,-30.7669691],[-60.7130992,-30.7683016],[-60.7108774,-30.7696273],[-60.708933,-30.7708282],[-60.7081662,-30.7712904],[-60.7075169,-30.7716956],[-60.7070415,-30.7719807],[-60.7067185,-30.7721454],[-60.7063231,-30.772304],[-60.7058697,-30.7724356],[-60.7053,-30.7725355],[-60.6999695,-30.7733954],[-60.6790344,-30.7767438],[-60.6300054,-30.7848526],[-60.6295022,-30.7849105],[-60.6289766,-30.7849342],[-60.6285619,-30.784919],[-60.6280418,-30.784875],[-60.6226306,-30.7840319],[-60.6219456,-30.7839411],[-60.6215375,-30.783917],[-60.6210904,-30.7839381],[-60.6202765,-30.7840588],[-60.6091215,-30.7857849],[-60.6083579,-30.7858963],[-60.6067746,-30.7861287],[-60.6052922,-30.7863583],[-60.6037973,-30.7866201],[-60.6026324,-30.7868265],[-60.6019872,-30.7869286],[-60.6011597,-30.7870698],[-60.600042,-30.7872639]]]},"geometry_name":"geom","properties":{"gid":1047,"rtn":"61","typ":40,"rst":3,"hct":2,"fdc":"IDESF","sag":"IGN"},"bbox":[-60.90846357,-30.7872639,-60.600042,-30.61934133]},{"type":"Feature","id":"vial_provincial.1053","geometry":{"type":"MultiLineString","coordinates":[[[-60.6171372,-30.437644],[-60.5964949,-30.4392628],[-60.5923751,-30.4405207],[-60.5916884,-30.4405207],[-60.5905297,-30.4409277],[-60.5899825,-30.4417972],[-60.5787065,-30.446163],[-60.5753269,-30.4479112],[-60.5743423,-30.4437432],[-60.5690207,-30.4445503],[-60.5677846,-30.4447386],[-60.5674685,-30.4446141],[-60.5673946,-30.4442742],[-60.5671729,-30.4432122],[-60.5537146,-30.4454232],[-60.5478612,-30.4463544],[-60.5470946,-30.4470753],[-60.5462933,-30.4471654],[-60.5368511,-30.4475859],[-60.522914,-30.4481659],[-60.5218299,-30.4474863],[-60.5023183,-30.446087],[-60.5009247,-30.446087],[-60.4821883,-30.4466577],[-60.458696,-30.4473786],[-60.4584173,-30.4464474],[-60.4478949,-30.4465976],[-60.4477773,-30.4465986],[-60.4371062,-30.4468012],[-60.4369232,-30.4467928],[-60.4368243,-30.4467089],[-60.4368066,-30.446611],[-60.4367986,-30.4460267],[-60.4367318,-30.4438108],[-60.4317751,-30.4449485],[-60.4310626,-30.4450956],[-60.4302354,-30.4452653],[-60.4300728,-30.4452977]]]},"geometry_name":"geom","properties":{"gid":1053,"rtn":"55s","typ":40,"rst":3,"hct":2,"fdc":"IDESF","sag":"IGN"},"bbox":[-60.6171372,-30.4481659,-60.4300728,-30.437644]},{"type":"Feature","id":"vial_provincial.1054","geometry":{"type":"MultiLineString","coordinates":[[[-60.6558457,-30.9385184],[-60.6571363,-30.9383337],[-60.6576679,-30.9382472],[-60.6579118,-30.9382075],[-60.658902,-30.9380463],[-60.6681469,-30.9365543],[-60.6703302,-30.936202],[-60.6814542,-30.9344067],[-60.681854,-30.9343422],[-60.6933601,-30.9324852],[-60.6949148,-30.9322343],[-60.7045893,-30.9306729],[-60.7082037,-30.9300896],[-60.7152874,-30.9289463],[-60.7155962,-30.9289689],[-60.7159139,-30.9290937],[-60.7163432,-30.9294555],[-60.7166003,-30.9296563],[-60.7168612,-30.9297915],[-60.7171377,-30.929859],[-60.7174384,-30.9298452],[-60.7277327,-30.928128],[-60.7314813,-30.9275202],[-60.7595955,-30.9229468],[-60.7600042,-30.9228803],[-60.7819505,-30.919305],[-60.7840036,-30.9189702],[-60.8038365,-30.9157359],[-60.8415139,-30.9094274],[-60.8426213,-30.9092354]]]},"geometry_name":"geom","properties":{"gid":1054,"rtn":"54s","typ":40,"rst":2,"hct":2,"fdc":"IDESF","sag":"IGN"},"bbox":[-60.8426213,-30.9385184,-60.6558457,-30.9092354]},{"type":"Feature","id":"vial_provincial.1055","geometry":{"type":"MultiLineString","coordinates":[[[-60.1188131,-30.2858122],[-60.1189556,-30.2842875],[-60.120022,-30.272879],[-60.1207618,-30.265882],[-60.1203107,-30.2641833],[-60.1204731,-30.262843],[-60.1210524,-30.2544608],[-60.1218083,-30.2441863],[-60.1222594,-30.237421],[-60.1199859,-30.2277243],[-60.1183078,-30.2204278],[-60.1188131,-30.2193364],[-60.1190476,-30.2185256],[-60.1192281,-30.2158126],[-60.1188852,-30.2143937],[-60.1176583,-30.2118365],[-60.11506,-30.206145],[-60.1129669,-30.1979579],[-60.1107836,-30.1885069],[-60.1099536,-30.1850756],[-60.1118302,-30.1739387],[-60.1119204,-30.172566],[-60.1116317,-30.171864],[-60.110946,-30.170928],[-60.1094123,-30.1693213],[-60.1008416,-30.1637989],[-60.0933534,-30.1588846],[-60.0924332,-30.1583698],[-60.0912607,-30.1583311],[-60.086154,-30.1611],[-60.081149,-30.1640296],[-60.0793677,-30.164823],[-60.0771364,-30.164963],[-60.0721522,-30.1640296],[-60.0710186,-30.163454],[-60.0692192,-30.1620694],[-60.0260343,-30.1275257]]]},"geometry_name":"geom","properties":{"gid":1055,"rtn":"93s","typ":40,"rst":3,"hct":2,"fdc":"IDESF","sag":"IGN"},"bbox":[-60.1222594,-30.2858122,-60.0260343,-30.1275257]},{"type":"Feature","id":"vial_provincial.1056","geometry":{"type":"MultiLineString","coordinates":[[[-60.3313231,-30.1186326],[-60.3315625,-30.1185665],[-60.3319372,-30.118463],[-60.3326985,-30.118332],[-60.3387892,-30.117334],[-60.3423773,-30.1168137],[-60.3478734,-30.1159167],[-60.3520629,-30.1152349],[-60.3594048,-30.1140867],[-60.3627941,-30.1135537],[-60.3635114,-30.1134409],[-60.365635,-30.1131217],[-60.3693601,-30.1125618],[-60.3753954,-30.1115571],[-60.3808086,-30.1106869],[-60.3838884,-30.1102115],[-60.3938229,-30.1086057],[-60.4013101,-30.1074215],[-60.4036391,-30.1070732],[-60.4435211,-30.1007055],[-60.4723119,-30.0961327],[-60.4776263,-30.0953162],[-60.4789474,-30.0953051],[-60.4806873,-30.0951656],[-60.48922,-30.0938627],[-60.4917472,-30.0930318],[-60.4924571,-30.0927975],[-60.493762,-30.0923553],[-60.50015,-30.0900405],[-60.5028644,-30.0896011],[-60.5331784,-30.0846938],[-60.5638231,-30.0798294],[-60.5946722,-30.0749291],[-60.59472493,-30.07492101]]]},"geometry_name":"geom","properties":{"gid":1056,"rtn":"56s","typ":40,"rst":2,"hct":2,"fdc":"IDESF","sag":"IGN"},"bbox":[-60.59472493,-30.1186326,-60.3313231,-30.07492101]},{"type":"Feature","id":"vial_provincial.1077","geometry":{"type":"MultiLineString","coordinates":[[[-60.1414897,-30.4507151],[-60.1413981,-30.4506301],[-60.1406458,-30.4472964],[-60.1403737,-30.4461953],[-60.1403583,-30.4461327],[-60.1403376,-30.4460492],[-60.1401745,-30.4453048],[-60.1401043,-30.4449845],[-60.1401339,-30.4448262]]]},"geometry_name":"geom","properties":{"gid":1077,"rtn":"72s","typ":40,"rst":1,"hct":2,"fdc":"IDESF","sag":"IGN"},"bbox":[-60.1414897,-30.4507151,-60.1401043,-30.4448262]},{"type":"Feature","id":"vial_provincial.1078","geometry":{"type":"MultiLineString","coordinates":[[[-60.1414897,-30.4507151],[-60.1416793,-30.4515514],[-60.1421823,-30.4537704],[-60.1424015,-30.4547378],[-60.1424296,-30.4552863],[-60.143005,-30.4577256],[-60.1432958,-30.458958],[-60.1435051,-30.4598454],[-60.1435215,-30.4599152],[-60.1442103,-30.462952],[-60.1445443,-30.4643974],[-60.1454567,-30.4683459],[-60.1454714,-30.4684094],[-60.1456263,-30.4690832],[-60.1460107,-30.4707553],[-60.146165,-30.4714264],[-60.1466976,-30.4737432],[-60.1469176,-30.4746533],[-60.1474321,-30.476861],[-60.1477707,-30.4783132],[-60.1477892,-30.4783917],[-60.1480651,-30.4795679],[-60.1481485,-30.4799291],[-60.1483521,-30.4808111],[-60.1486292,-30.482011],[-60.1487008,-30.4823211],[-60.148716,-30.4823873],[-60.1490951,-30.4842926],[-60.1495376,-30.4869345],[-60.1497859,-30.4883763],[-60.1499846,-30.4895129],[-60.1502315,-30.4909256],[-60.1509182,-30.4949749],[-60.1514742,-30.4984214],[-60.1520554,-30.5018597],[-60.152185,-30.5022809],[-60.1523539,-30.5027777],[-60.1529172,-30.504162],[-60.1612422,-30.5249438],[-60.164179,-30.5330281],[-60.1682243,-30.540178],[-60.1682989,-30.5403098],[-60.169994,-30.5475171],[-60.1711573,-30.5520924],[-60.1712322,-30.5524324],[-60.1712496,-30.5586434],[-60.1712783,-30.5590346],[-60.1731196,-30.565589],[-60.1731813,-30.5659331],[-60.1732028,-30.5662311],[-60.1731429,-30.5665676],[-60.1699565,-30.5761515],[-60.1698929,-30.5764824],[-60.1698956,-30.5767133],[-60.1699546,-30.5769581],[-60.1700968,-30.5772259],[-60.1710731,-30.5786253],[-60.1753056,-30.5849477],[-60.1754746,-30.5852132],[-60.1756562,-30.5854134],[-60.1825583,-30.5917037],[-60.1827434,-30.5918931],[-60.1829222,-30.5921533],[-60.1882116,-30.6039741],[-60.1883404,-30.6042611],[-60.1902501,-30.6085173],[-60.1951265,-30.6162972],[-60.1982053,-30.6223251],[-60.2005746,-30.6288348],[-60.2008483,-30.6292689],[-60.207368,-30.6373453],[-60.2080133,-30.6379923],[-60.2149785,-30.6444729],[-60.2208928,-30.6489429],[-60.2210068,-30.6491769],[-60.2210248,-30.6494891],[-60.2196382,-30.6539336],[-60.2196424,-30.6540808],[-60.2196735,-30.6541865],[-60.2197579,-30.6542634],[-60.2199385,-30.6543386],[-60.2256457,-30.6559079],[-60.2260269,-30.655983],[-60.2262138,-30.655984],[-60.2262994,-30.6559844],[-60.2266046,-30.6559982],[-60.2274194,-30.6562243],[-60.2277973,-30.6563292],[-60.2287153,-30.6565839],[-60.2298707,-30.6569045]]]},"geometry_name":"geom","properties":{"gid":1078,"rtn":"72s","typ":40,"rst":3,"hct":2,"fdc":"IDESF","sag":"IGN"},"bbox":[-60.2298707,-30.6569045,-60.1414897,-30.4507151]},{"type":"Feature","id":"vial_provincial.1079","geometry":{"type":"MultiLineString","coordinates":[[[-60.0387938,-30.2177234],[-60.0403173,-30.2175791],[-60.0406384,-30.2175822],[-60.0408357,-30.2176509],[-60.0412464,-30.2179764],[-60.041507,-30.2181923],[-60.0457594,-30.2220436],[-60.0546557,-30.2328716],[-60.0620857,-30.2469718],[-60.0631292,-30.248955],[-60.0659677,-30.2506137],[-60.072542,-30.2547242],[-60.0852524,-30.2628005],[-60.0949991,-30.2688933],[-60.0996533,-30.277383],[-60.1006343,-30.2814022],[-60.1040362,-30.2826819],[-60.1052259,-30.282754],[-60.1117376,-30.2825016],[-60.1124889,-30.2826458],[-60.1173669,-30.2850881],[-60.1188131,-30.2858122],[-60.1186507,-30.2871366],[-60.1178207,-30.2948488],[-60.1154389,-30.2998186],[-60.1074997,-30.3085735],[-60.1056592,-30.3169383],[-60.1074275,-30.3193214],[-60.1097912,-30.3224053],[-60.1145367,-30.327327],[-60.1181274,-30.3308935],[-60.1222774,-30.335223],[-60.1211407,-30.3392875],[-60.1197333,-30.3446755],[-60.1190115,-30.3478209],[-60.1199859,-30.356556],[-60.1201702,-30.3607434],[-60.1214294,-30.3691356],[-60.1210324,-30.3761253],[-60.1236488,-30.3909904],[-60.1314075,-30.4050751],[-60.133266,-30.4162325],[-60.1359185,-30.427093],[-60.1371497,-30.4322992],[-60.1382489,-30.436947],[-60.1393432,-30.4415736],[-60.1401339,-30.4448262]]]},"geometry_name":"geom","properties":{"gid":1079,"rtn":"72s","typ":40,"rst":3,"hct":2,"fdc":"IDESF","sag":"IGN"},"bbox":[-60.1401339,-30.4448262,-60.0387938,-30.2175791]},{"type":"Feature","id":"vial_provincial.1114","geometry":{"type":"MultiLineString","coordinates":[[[-60.5211623,-30.3465594],[-60.5209511,-30.3454461],[-60.5208431,-30.3448891],[-60.5207402,-30.344402],[-60.5169932,-30.3251342],[-60.5147163,-30.3135406],[-60.5088564,-30.2836966],[-60.5028915,-30.253246],[-60.4969506,-30.2228405],[-60.4910244,-30.1925278]]]},"geometry_name":"geom","properties":{"gid":1114,"rtn":"86s","typ":40,"rst":3,"hct":2,"fdc":"IDESF","sag":"IGN"},"bbox":[-60.5211623,-30.3465594,-60.4910244,-30.1925278]},{"type":"Feature","id":"vial_provincial.1097","geometry":{"type":"MultiLineString","coordinates":[[[-60.3407124,-30.3452094],[-60.3265767,-30.3474128],[-60.3124001,-30.349591],[-60.3142955,-30.3587024],[-60.3161361,-30.3677749],[-60.3180777,-30.3767584],[-60.3194651,-30.3833821],[-60.319927,-30.3858002],[-60.3208372,-30.3903504]]]},"geometry_name":"geom","properties":{"gid":1097,"rtn":"79s","typ":40,"rst":1,"hct":2,"fdc":"IDESF","sag":"IGN"},"bbox":[-60.3407124,-30.3903504,-60.3124001,-30.3452094]},{"type":"Feature","id":"vial_provincial.1101","geometry":{"type":"MultiLineString","coordinates":[[[-60.3407124,-30.3452094],[-60.3416267,-30.3495561],[-60.3518662,-30.3479872],[-60.3536726,-30.3568055],[-60.3537428,-30.3568874],[-60.3538368,-30.3569344],[-60.3539748,-30.3569373],[-60.3741413,-30.3538293],[-60.3844782,-30.3522726],[-60.3930683,-30.3509789],[-60.3947317,-30.3507284],[-60.39646879,-30.35932001],[-60.39648554,-30.35940834],[-60.39649544,-30.35943956],[-60.3965166,-30.3594769],[-60.39654037,-30.35949438],[-60.39656702,-30.35950428],[-60.39661194,-30.35951798],[-60.3966523,-30.35952864],[-60.3967056,-30.35953702],[-60.3967791,-30.3595477],[-60.3969234,-30.3595629]]]},"geometry_name":"geom","properties":{"gid":1101,"rtn":"79s","typ":40,"rst":3,"hct":2,"fdc":"IDESF","sag":"IGN"},"bbox":[-60.3969234,-30.3595629,-60.3407124,-30.3452094]},{"type":"Feature","id":"vial_provincial.1126","geometry":{"type":"MultiLineString","coordinates":[[[-61.08506,-30.0883387],[-61.0255932,-30.0969556],[-60.9913432,-30.1019182],[-60.9911485,-30.1019464],[-60.9907158,-30.1021061],[-60.9900765,-30.1023952],[-60.9897324,-30.1025327],[-60.9893882,-30.1026703],[-60.9890677,-30.102795],[-60.9889041,-30.1028472],[-60.9888142,-30.1028646],[-60.9887238,-30.1028746],[-60.9837027,-30.1030788],[-60.9714289,-30.1048794],[-60.9681888,-30.1050279],[-60.9576745,-30.1065872],[-60.9520539,-30.1066753],[-60.9499712,-30.1068842],[-60.9411641,-30.1082096],[-60.9335682,-30.1092753],[-60.9328265,-30.1094644],[-60.9273114,-30.1111941],[-60.9259171,-30.1116176],[-60.9012203,-30.1151519],[-60.8960741,-30.1158884],[-60.894698,-30.1160916],[-60.8926136,-30.1163871],[-60.8900057,-30.1167568],[-60.8863292,-30.1171731],[-60.8536492,-30.1219432],[-60.7808047,-30.1323767],[-60.7802897,-30.1322839],[-60.7612996,-30.134882]]]},"geometry_name":"geom","properties":{"gid":1126,"rtn":"93s","typ":40,"rst":3,"hct":2,"fdc":"IDESF","sag":"IGN"},"bbox":[-61.08506,-30.134882,-60.7612996,-30.0883387]},{"type":"Feature","id":"vial_provincial.1130","geometry":{"type":"MultiLineString","coordinates":[[[-61.0146386,-30.4153786],[-61.0116562,-30.3990059],[-61.0107901,-30.3941521],[-61.0111978,-30.3937264],[-61.0110476,-30.3927824],[-61.0105111,-30.3924123],[-61.006284,-30.3699768],[-61.0060694,-30.3697917],[-61.0030009,-30.3688845],[-60.9898045,-30.3700324],[-60.989547,-30.3698657],[-60.978671,-30.3232526],[-60.9783196,-30.3217463],[-60.9694764,-30.2838286]]]},"geometry_name":"geom","properties":{"gid":1130,"rtn":"92s","typ":40,"rst":3,"hct":2,"fdc":"IDESF","sag":"IGN"},"bbox":[-61.0146386,-30.4153786,-60.9694764,-30.2838286]},{"type":"Feature","id":"vial_provincial.1154","geometry":{"type":"MultiLineString","coordinates":[[[-60.8352657,-29.9062004],[-60.8422986,-29.9434941],[-60.8494006,-29.9811396],[-60.8516107,-29.992774],[-60.8517395,-29.9930713],[-60.8521042,-29.9931828],[-60.8524905,-29.9931271],[-60.8534346,-29.9928483],[-60.866438,-29.9910828],[-60.8667169,-29.9911385],[-60.8733473,-30.0268516],[-60.8760939,-30.0417128],[-60.8759652,-30.0424744],[-60.8771239,-30.0484553],[-60.8775101,-30.0491425],[-60.8899839,-30.1166388],[-60.8900057,-30.1167568]]]},"geometry_name":"geom","properties":{"gid":1154,"rtn":"95s","typ":40,"rst":3,"hct":2,"fdc":"IDESF","sag":"IGN"},"bbox":[-60.8900057,-30.1167568,-60.8352657,-29.9062004]},{"type":"Feature","id":"vial_provincial.1159","geometry":{"type":"MultiLineString","coordinates":[[[-60.77945793,-30.70612899],[-60.77087578,-30.69762547],[-60.76154527,-30.68831292],[-60.75226381,-30.67902888],[-60.74776399,-30.67456846],[-60.74708223,-30.67392685],[-60.74689371,-30.67361982],[-60.74663554,-30.67304909],[-60.74642843,-30.67252218],[-60.7462043,-30.67198057],[-60.74589668,-30.67158628],[-60.74548741,-30.67116317],[-60.74487545,-30.67079985],[-60.74417965,-30.67052512],[-60.74353444,-30.67022071],[-60.74310931,-30.66994434],[-60.73914485,-30.66592071],[-60.73399715,-30.66086339],[-60.72782893,-30.65478017],[-60.71737444,-30.66282528],[-60.71048825,-30.66813777],[-60.70461741,-30.67255604],[-60.70453178,-30.67262071],[-60.7044152,-30.67267457],[-60.7042209,-30.67270708],[-60.7039587,-30.67272106],[-60.70336591,-30.67263624],[-60.69632849,-30.67117768],[-60.69539659,-30.67100661],[-60.69326287,-30.67075391],[-60.69209454,-30.67062809],[-60.69148528,-30.67060202],[-60.68972481,-30.67049394],[-60.68935221,-30.67043729],[-60.68911476,-30.67033283],[-60.68891074,-30.67021955],[-60.68846833,-30.66986976],[-60.68800388,-30.66944897],[-60.6872892,-30.66880508],[-60.68638941,-30.6679747],[-60.68561845,-30.66730112],[-60.68532495,-30.66708204],[-60.68515994,-30.6669569],[-60.68472036,-30.66672281],[-60.68267088,-30.66583541],[-60.67799338,-30.66374819],[-60.67314234,-30.66158295],[-60.66819979,-30.65935495],[-60.66223464,-30.65667503],[-60.66105948,-30.65618908]]]},"geometry_name":"geom","properties":{"gid":1159,"rtn":"262s","typ":40,"rst":3,"hct":2,"fdc":"IDESF","sag":"IGN"},"bbox":[-60.77945793,-30.70612899,-60.66105948,-30.65478017]},{"type":"Feature","id":"vial_provincial.1386","geometry":{"type":"MultiLineString","coordinates":[[[-60.4023268,-30.3708809],[-60.4028578,-30.3703012],[-60.4029434,-30.3702077],[-60.4030982,-30.3700775],[-60.403014,-30.3702143],[-60.4029105,-30.3703292],[-60.4023807,-30.3709177]]]},"geometry_name":"geom","properties":{"gid":1386,"rtn":"39","typ":40,"rst":1,"hct":2,"fdc":"IDESF","sag":"IGN"},"bbox":[-60.4030982,-30.3709177,-60.4023268,-30.3700775]},{"type":"Feature","id":"vial_provincial.1387","geometry":{"type":"MultiLineString","coordinates":[[[-60.1401339,-30.4448262],[-60.1394074,-30.4449521],[-60.1341868,-30.4458569],[-60.133462,-30.4460093],[-60.1314171,-30.4466232],[-60.1244981,-30.4487475],[-60.1236448,-30.4489933],[-60.1228867,-30.4491842],[-60.1220022,-30.4493583],[-60.1106765,-30.451288],[-60.1097622,-30.4514718],[-60.109,-30.4516704],[-60.1082583,-30.4519507],[-60.1075155,-30.4523053],[-60.1067017,-30.4528037],[-60.1059846,-30.4533609],[-60.1042482,-30.4549319],[-60.1037884,-30.4553441],[-60.1032552,-30.4557792],[-60.1026834,-30.456183],[-60.1021484,-30.456493],[-60.1013318,-30.4568832],[-60.0930639,-30.460134],[-60.0915679,-30.4607317],[-60.0893598,-30.4615972],[-60.0885152,-30.4619456],[-60.0878098,-30.4623293],[-60.0872177,-30.4627048],[-60.0865471,-30.4632158],[-60.0858539,-30.4638985],[-60.0851977,-30.4646131],[-60.0839707,-30.4660129],[-60.0833998,-30.4665786],[-60.0828849,-30.4670225],[-60.0816515,-30.4679072],[-60.0207235,-30.5103808],[-60.0199157,-30.5109989],[-60.0193855,-30.5115111],[-60.018955,-30.5120207],[-60.0186776,-30.5124029],[-60.0183375,-30.5129713],[-60.0180094,-30.513705],[-60.017834,-30.5142595],[-60.017721,-30.5148234],[-60.017204,-30.5190141],[-60.0170386,-30.5197914],[-60.0168571,-30.5203492],[-60.0165924,-30.5209387],[-60.0162534,-30.5215644],[-60.0158599,-30.5221035],[-60.0119557,-30.5272483],[-60.0047156,-30.536602],[-59.9998754,-30.5429927],[-59.9995648,-30.5433896],[-59.9992308,-30.5438529],[-59.9988921,-30.5443999],[-59.9986618,-30.5448908],[-59.9984653,-30.5453264],[-59.9982224,-30.54594],[-59.9969758,-30.5491838],[-59.9955645,-30.5527266],[-59.9952751,-30.5533397],[-59.9949123,-30.5539825],[-59.9943972,-30.5548598],[-59.9919127,-30.5588883],[-59.9915013,-30.5594772],[-59.9910095,-30.5600652],[-59.9904634,-30.5606752],[-59.9898203,-30.5613156],[-59.9891544,-30.5618869],[-59.9882829,-30.5625446],[-59.9873913,-30.5631317],[-59.9866746,-30.5635484],[-59.9859036,-30.5639354],[-59.9848957,-30.56437],[-59.9837979,-30.5647625],[-59.9827293,-30.5650583],[-59.9815993,-30.5653097],[-59.964213,-30.5688203],[-59.9623383,-30.5689774],[-59.9613889,-30.5688941],[-59.9603956,-30.5687482],[-59.9598225,-30.56858],[-59.9558803,-30.5671837],[-59.9550486,-30.5668955],[-59.9528473,-30.5661653],[-59.9520762,-30.5659934],[-59.9511512,-30.5658857],[-59.9502953,-30.5658456],[-59.9493649,-30.5658857],[-59.9423126,-30.5669917],[-59.9384422,-30.5676422],[-59.9381111,-30.5676939],[-59.9368478,-30.5678913],[-59.9366648,-30.5679134],[-59.9356923,-30.5680719]]]},"geometry_name":"geom","properties":{"gid":1387,"rtn":"39","typ":40,"rst":1,"hct":2,"fdc":"IDESF","sag":"IGN"},"bbox":[-60.1401339,-30.5689774,-59.9356923,-30.4448262]},{"type":"Feature","id":"vial_provincial.1430","geometry":{"type":"MultiLineString","coordinates":[[[-60.1401339,-30.4448262],[-60.1402116,-30.4449485],[-60.140287,-30.4453002],[-60.1404476,-30.4460492],[-60.1404616,-30.4461138],[-60.1404771,-30.4461764],[-60.1415151,-30.4506021],[-60.1414897,-30.4507151]]]},"geometry_name":"geom","properties":{"gid":1430,"rtn":"72s","typ":40,"rst":1,"hct":2,"fdc":"IDESF","sag":"IGN"},"bbox":[-60.1415151,-30.4507151,-60.1401339,-30.4448262]},{"type":"Feature","id":"vial_provincial.1523","geometry":{"type":"MultiLineString","coordinates":[[[-60.2298707,-30.6569045],[-60.2301055,-30.6558046],[-60.2303338,-30.6547354],[-60.2305605,-30.6536734],[-60.2307973,-30.6525641],[-60.2316233,-30.6486854],[-60.2316347,-30.6482261],[-60.2315044,-30.6476328],[-60.2292501,-30.6373634],[-60.2293946,-30.6370178],[-60.2337159,-30.6362991],[-60.2340051,-30.635995],[-60.2318574,-30.6260086],[-60.2318548,-30.6258055],[-60.2319225,-30.625698],[-60.2320529,-30.6256275],[-60.2450136,-30.6234911],[-60.2674871,-30.6197353],[-60.3057254,-30.6133462],[-60.3727355,-30.6024465],[-60.3730877,-30.6024286],[-60.3734016,-30.6025101],[-60.3776625,-30.6047526],[-60.3779566,-30.6048035],[-60.378137,-30.6048178],[-60.3783568,-30.6047733],[-60.3813309,-30.6036303],[-60.3817517,-30.6034787],[-60.3984334,-30.5982969],[-60.4157861,-30.5928485],[-60.4248752,-30.592038],[-60.4265578,-30.591888],[-60.4403806,-30.5922654],[-60.4609783,-30.5928697],[-60.4611982,-30.5928397],[-60.4612988,-30.592715],[-60.4613766,-30.5924934],[-60.4614008,-30.5922394],[-60.4616053,-30.5854366],[-60.4616347,-30.5843989],[-60.4617295,-30.5824168],[-60.4619856,-30.5816588],[-60.4619912,-30.5816023],[-60.4622806,-30.5815279],[-60.4639427,-30.5811489],[-60.4651541,-30.5808853],[-60.4663651,-30.5805922],[-60.467421,-30.5803239]]]},"geometry_name":"geom","properties":{"gid":1523,"rtn":"55s","typ":40,"rst":3,"hct":2,"fdc":"IDESF","sag":"IGN"},"bbox":[-60.467421,-30.6569045,-60.2292501,-30.5803239]},{"type":"Feature","id":"vial_provincial.1553","geometry":{"type":"MultiLineString","coordinates":[[[-60.277858,-30.7293635],[-60.2772564,-30.7294751],[-60.2568488,-30.7327217],[-60.2565299,-30.7327635],[-60.2561138,-30.7327401],[-60.2556256,-30.7326594],[-60.2552501,-30.7325095],[-60.250213,-30.7290512],[-60.2496308,-30.7288213],[-60.2493493,-30.7287515],[-60.248727,-30.7287976],[-60.2438758,-30.729586],[-60.2434376,-30.7296875],[-60.2431534,-30.7298536],[-60.2420643,-30.7306836],[-60.2410291,-30.7315919],[-60.2389584,-30.7333579],[-60.2386097,-30.7335839],[-60.2382944,-30.7337285],[-60.237966,-30.7338053],[-60.2374617,-30.733868],[-60.182058,-30.7389325],[-60.1523177,-30.7416252],[-60.086228,-30.7475819],[-60.0394932,-30.7514545],[-60.0337405,-30.7519382],[-60.0046245,-30.7543865],[-60.0028094,-30.7544415],[-60.0009483,-30.7544561],[-59.9998943,-30.754489],[-59.9988004,-30.7545828],[-59.997545,-30.754739],[-59.9970211,-30.7548211]]]},"geometry_name":"geom","properties":{"gid":1553,"rtn":"73s","typ":40,"rst":3,"hct":2,"fdc":"IDESF","sag":"IGN"},"bbox":[-60.277858,-30.7548211,-59.9970211,-30.7287515]},{"type":"Feature","id":"vial_provincial.1580","geometry":{"type":"MultiLineString","coordinates":[[[-60.3404551,-30.7134745],[-60.3389047,-30.7145505],[-60.338419,-30.7147914],[-60.3377465,-30.7150483],[-60.337018,-30.7152892],[-60.3262397,-30.7171039],[-60.3138548,-30.7218252],[-60.3128648,-30.7220822],[-60.3116319,-30.7221464],[-60.301414,-30.7238164],[-60.3005547,-30.723977],[-60.2997701,-30.7243142],[-60.2985372,-30.7250047],[-60.2977714,-30.7253259],[-60.2870117,-30.7270922],[-60.2777652,-30.7285991],[-60.2774938,-30.7286858]]]},"geometry_name":"geom","properties":{"gid":1580,"rtn":"73s","typ":40,"rst":3,"hct":2,"fdc":"IDESF","sag":"IGN"},"bbox":[-60.3404551,-30.7286858,-60.2774938,-30.7134745]},{"type":"Feature","id":"vial_provincial.1600","geometry":{"type":"MultiLineString","coordinates":[[[-60.5880181,-30.7946794],[-60.5892335,-30.7944648],[-60.5906855,-30.7942056],[-60.5921358,-30.7939467],[-60.5936061,-30.7936804],[-60.5943916,-30.7935565],[-60.5950569,-30.7934403],[-60.5957243,-30.7933327],[-60.5965141,-30.7931958],[-60.5980516,-30.7929378],[-60.5994946,-30.7926976],[-60.5996178,-30.7926789],[-60.6006269,-30.79252]]]},"geometry_name":"geom","properties":{"gid":1600,"rtn":"2","typ":40,"rst":3,"hct":2,"fdc":"IDESF","sag":"IGN"},"bbox":[-60.6006269,-30.7946794,-60.5880181,-30.79252]},{"type":"Feature","id":"vial_provincial.1590","geometry":{"type":"MultiLineString","coordinates":[[[-59.7556472,-29.4580715],[-59.7554328,-29.458647],[-59.7545669,-29.4604296],[-59.7543748,-29.4609488],[-59.754196,-29.4614851],[-59.7540234,-29.4623094],[-59.7539977,-29.4627062],[-59.7539745,-29.4632347],[-59.7539902,-29.4637068],[-59.75407,-29.4642455],[-59.7548004,-29.4670445],[-59.7560131,-29.4716283],[-59.757071,-29.4756618],[-59.7571969,-29.4762172],[-59.7572968,-29.4766743],[-59.7579014,-29.4808133],[-59.7579737,-29.4813992],[-59.7580781,-29.4819329],[-59.7589767,-29.4854949],[-59.7601574,-29.4901023],[-59.7613472,-29.4946065],[-59.7616057,-29.4956248],[-59.7616948,-29.4959761],[-59.7618122,-29.4964792],[-59.761885,-29.4967749],[-59.7620526,-29.4973164],[-59.7623377,-29.4984346],[-59.7624932,-29.4989808],[-59.7625522,-29.4991956],[-59.7626702,-29.4996298],[-59.7627185,-29.4998072],[-59.7631316,-29.5013854],[-59.7631731,-29.5015779],[-59.7632947,-29.5021417],[-59.7633938,-29.5027824],[-59.7634622,-29.5034593],[-59.7634873,-29.5040015],[-59.7634772,-29.50471],[-59.7634064,-29.5057555],[-59.7631684,-29.5075335],[-59.7627618,-29.5107082],[-59.7622061,-29.5150654],[-59.7618793,-29.5174719],[-59.7618095,-29.5185434],[-59.7618389,-29.5196186],[-59.7619275,-29.5205162],[-59.7620581,-29.5212484],[-59.7622083,-29.5219127],[-59.7649619,-29.5321357],[-59.7658048,-29.5352747],[-59.7667046,-29.5385959],[-59.7677936,-29.542672],[-59.7679391,-29.5434721],[-59.7680378,-29.5441031],[-59.7680693,-29.544501],[-59.768108,-29.5454318],[-59.7680816,-29.5461725],[-59.7675026,-29.5511112],[-59.766907,-29.5562326],[-59.7667961,-29.5570974],[-59.766722,-29.5577703],[-59.7666973,-29.5585135],[-59.7666826,-29.5592487],[-59.7667459,-29.5602775],[-59.7668758,-29.5613488],[-59.767055,-29.562269],[-59.7672053,-29.563097],[-59.7678512,-29.5662642],[-59.7680991,-29.56758],[-59.7683472,-29.5692949],[-59.768824,-29.5723971],[-59.7691777,-29.5748459],[-59.7696358,-29.5780238],[-59.7702898,-29.5823374],[-59.7707635,-29.5852998],[-59.7719452,-29.5928558],[-59.7721535,-29.5941622],[-59.7724963,-29.5957781],[-59.7726018,-29.5962265],[-59.7731931,-29.5983237],[-59.7735094,-29.5993952],[-59.7756053,-29.6067057],[-59.7757777,-29.6072516],[-59.7758864,-29.6077827],[-59.7759743,-29.608276],[-59.7760412,-29.6086906],[-59.7760594,-29.6091204],[-59.7760729,-29.6096005],[-59.7760573,-29.610258],[-59.7759909,-29.6109243],[-59.7752099,-29.6153894],[-59.7751225,-29.6158888],[-59.7747645,-29.6179355],[-59.7746852,-29.6185716],[-59.7746359,-29.6190397],[-59.7746113,-29.6194557],[-59.7746274,-29.6200082],[-59.7746643,-29.6205532],[-59.7747275,-29.6210433],[-59.7748786,-29.6218808],[-59.7753898,-29.6241543],[-59.7759691,-29.6269179],[-59.7776992,-29.6348266],[-59.7791137,-29.6413271],[-59.7813365,-29.6515677],[-59.7826605,-29.657631],[-59.7830581,-29.6595317],[-59.7834402,-29.6611511],[-59.7838099,-29.6625499],[-59.7846371,-29.6653129],[-59.7862795,-29.6707509],[-59.7866722,-29.6720378],[-59.7868201,-29.6725959],[-59.7869923,-29.6732396],[-59.7872982,-29.6745174],[-59.7874482,-29.675246],[-59.7879342,-29.6788768],[-59.7884234,-29.6828813],[-59.7886308,-29.6845576],[-59.7887294,-29.685268],[-59.788828,-29.6857912],[-59.7889598,-29.6865048],[-59.7899363,-29.6910835],[-59.7914514,-29.6980377],[-59.7929614,-29.7051168],[-59.7930777,-29.7058811],[-59.7931462,-29.7064333],[-59.79321,-29.7071641],[-59.7932839,-29.7085092],[-59.7932808,-29.7097858],[-59.7932524,-29.7103703],[-59.79321,-29.7109712],[-59.7924213,-29.7197569],[-59.7916468,-29.7283866],[-59.7908792,-29.7369924],[-59.7899271,-29.7476426],[-59.7895975,-29.7512612],[-59.7895459,-29.7519406],[-59.7895336,-29.752464],[-59.7895513,-29.7529353],[-59.7895706,-29.7534824],[-59.7905093,-29.761162],[-59.7908539,-29.7638605],[-59.7911566,-29.766434],[-59.7912328,-29.7673909],[-59.791265,-29.7680733],[-59.7912457,-29.7686705],[-59.7911487,-29.7695083],[-59.7910324,-29.7702529],[-59.7907029,-29.771525],[-59.7900209,-29.7737601],[-59.7897275,-29.7748371],[-59.7896259,-29.7754313],[-59.7895095,-29.7761571],[-59.7894667,-29.7769235],[-59.7894544,-29.77753],[-59.7894859,-29.7782531],[-59.7897078,-29.7809114],[-59.7899232,-29.7835163],[-59.790182,-29.7867865],[-59.7902383,-29.7872906],[-59.7902929,-29.7877329],[-59.7904671,-29.7888321],[-59.790529,-29.7891778],[-59.7908641,-29.7906683],[-59.7911883,-29.7917744],[-59.7931054,-29.7978509],[-59.7937944,-29.8000159],[-59.7944702,-29.8021336],[-59.7946941,-29.8028993],[-59.796826,-29.8096591],[-59.7971517,-29.8106311],[-59.7974418,-29.8113846],[-59.797824,-29.8121145],[-59.7981478,-29.8126582],[-59.7986664,-29.8133858],[-59.7991365,-29.8139824],[-59.7995827,-29.814455],[-59.8007133,-29.8155815],[-59.8025403,-29.8173718],[-59.8053589,-29.8201532],[-59.8064316,-29.8211974],[-59.8076697,-29.8224099],[-59.8080923,-29.8229207],[-59.8083831,-29.823321],[-59.8087112,-29.8238323],[-59.8089786,-29.8243309],[-59.809225,-29.8248393],[-59.8094124,-29.825278],[-59.8096033,-29.8259391],[-59.8097395,-29.8265556],[-59.809791,-29.8268296],[-59.8098664,-29.8274636],[-59.8098756,-29.8281912],[-59.8098192,-29.8288489],[-59.8097121,-29.8295531],[-59.8095289,-29.8301993],[-59.8085877,-29.8332967],[-59.8083274,-29.8341227],[-59.8079717,-29.8353066],[-59.8075214,-29.8367027],[-59.8073395,-29.8373853],[-59.8072093,-29.8380495],[-59.8070618,-29.8388431],[-59.8070022,-29.8395909],[-59.8069726,-29.8403584],[-59.8070055,-29.8409746],[-59.8070665,-29.841476],[-59.8070772,-29.8415644],[-59.8071605,-29.8422412],[-59.807266,-29.842831],[-59.8074122,-29.8434198],[-59.807593,-29.8440595],[-59.8084449,-29.8467523],[-59.8087066,-29.8475955],[-59.80891,-29.8483381],[-59.8094898,-29.8500938],[-59.8100538,-29.8519736],[-59.813478,-29.8628844],[-59.8135038,-29.8629635],[-59.8141895,-29.8651299],[-59.814924,-29.8674425],[-59.815676,-29.8698262],[-59.8160903,-29.8711504],[-59.8167479,-29.8732309],[-59.8183452,-29.8782781],[-59.8189445,-29.8801749],[-59.8192627,-29.8811415],[-59.8199416,-29.8833106],[-59.8208034,-29.8859415],[-59.8216355,-29.8886091],[-59.8218119,-29.889239],[-59.8219969,-29.8897523],[-59.8221955,-29.8902774],[-59.8224012,-29.8907755],[-59.8226102,-29.8912254],[-59.822889,-29.8916801],[-59.8233578,-29.8924549],[-59.823796,-29.893056],[-59.8241958,-29.8935534],[-59.8250208,-29.8944763],[-59.8268394,-29.8964509],[-59.8289316,-29.8986973],[-59.8295315,-29.8993311],[-59.8300144,-29.8999069],[-59.8303572,-29.9004168],[-59.8305321,-29.900712],[-59.8309378,-29.9014118],[-59.8311135,-29.9018112],[-59.8312829,-29.9022718],[-59.8318314,-29.9040667],[-59.8321987,-29.9052602],[-59.8326474,-29.9067178],[-59.832806,-29.9072329],[-59.8329725,-29.9077784],[-59.8332472,-29.9086782],[-59.8335198,-29.9095951],[-59.8337641,-29.9105525],[-59.8340112,-29.9114546],[-59.8342024,-29.9125375],[-59.8346276,-29.915144],[-59.8348847,-29.9165639],[-59.8359459,-29.9227651],[-59.8365381,-29.9263646],[-59.8366383,-29.9271481],[-59.8367353,-29.9278549],[-59.8367934,-29.9285394],[-59.8368604,-29.9296521],[-59.8368792,-29.9308779],[-59.8368525,-29.9322493],[-59.8368476,-29.9327352],[-59.8363913,-29.9374886],[-59.8360963,-29.9405614],[-59.8356858,-29.9449486],[-59.8353505,-29.9485315],[-59.8351119,-29.9510166],[-59.8350993,-29.951151],[-59.8346672,-29.9557657],[-59.8340084,-29.9627866],[-59.8339147,-29.9637377],[-59.8336122,-29.9670004],[-59.8332508,-29.9708979],[-59.8331492,-29.9719083],[-59.8329334,-29.9740557],[-59.8328858,-29.9746118],[-59.8326775,-29.9769209],[-59.8326602,-29.9771116],[-59.8326374,-29.9778957],[-59.8326826,-29.9786658],[-59.8327766,-29.9795734],[-59.8329377,-29.980317],[-59.8330289,-29.980722],[-59.8331402,-29.9811151],[-59.833338,-29.9817841],[-59.8335967,-29.9823889],[-59.8338691,-29.9830054],[-59.8346408,-29.9845458],[-59.8359686,-29.9872968],[-59.8372886,-29.9900293],[-59.8396718,-29.9954212],[-59.8402694,-29.996794],[-59.8409332,-29.998307],[-59.8417099,-30.0000375],[-59.8423572,-30.0014795],[-59.843872,-30.0047546],[-59.8468294,-30.0108338],[-59.8479133,-30.0130204],[-59.8484833,-30.0142409],[-59.848753,-30.01488],[-59.849026,-30.0155662],[-59.8494116,-30.0164863],[-59.8515172,-30.0226873],[-59.8521913,-30.0247161],[-59.8527347,-30.0263953],[-59.8530266,-30.0274034],[-59.8532359,-30.028377],[-59.8534702,-30.0298153],[-59.8535171,-30.0302451],[-59.853588,-30.0309329],[-59.8536446,-30.0322603],[-59.8536897,-30.0341841],[-59.8537145,-30.0361042],[-59.8537785,-30.0394612],[-59.8538442,-30.0428151],[-59.8538806,-30.0446013],[-59.853915,-30.0454584],[-59.8539501,-30.0462154],[-59.8540249,-30.0469323],[-59.854101,-30.0477407],[-59.8541859,-30.0483843],[-59.8542709,-30.0490646],[-59.8547215,-30.0517097],[-59.8555073,-30.0560456],[-59.8557398,-30.0572347],[-59.8558979,-30.0579929],[-59.8561781,-30.0591867],[-59.8566205,-30.0607235],[-59.8570404,-30.0620352],[-59.8574109,-30.0631134],[-59.8596584,-30.0684274],[-59.8600394,-30.0693081],[-59.8617294,-30.0731815],[-59.8622481,-30.0743633],[-59.8638273,-30.0779959],[-59.8657396,-30.0824346],[-59.86762,-30.0867342],[-59.8696802,-30.0914709],[-59.8698488,-30.0918402],[-59.8705935,-30.0936755],[-59.8709081,-30.0944985],[-59.8711139,-30.095071],[-59.8714847,-30.0961495],[-59.8721731,-30.0984951],[-59.8729618,-30.1013336],[-59.8733737,-30.1029229],[-59.8745475,-30.1072201],[-59.8747163,-30.1078404],[-59.8748999,-30.1083973],[-59.8754354,-30.1099903],[-59.8759632,-30.1113673],[-59.8764005,-30.1123932],[-59.8769087,-30.1134993],[-59.8799396,-30.1199613],[-59.8812798,-30.1227028],[-59.8828363,-30.1257153],[-59.8891302,-30.1374455],[-59.8892428,-30.1376393],[-59.8896143,-30.1382784],[-59.8900498,-30.1390466],[-59.8912758,-30.1411655],[-59.8925081,-30.1433144],[-59.893918,-30.1457982],[-59.8947438,-30.1472022],[-59.8952228,-30.1479263],[-59.8957945,-30.1487988],[-59.8964337,-30.14967],[-59.8973077,-30.1508137],[-59.8979625,-30.1515772],[-59.898599,-30.1523013],[-59.899235,-30.1529898],[-59.9000274,-30.1538075],[-59.9017395,-30.1554555],[-59.9035533,-30.157205],[-59.9066376,-30.160178],[-59.9074057,-30.1609216],[-59.9088007,-30.1623305],[-59.9099244,-30.1634952],[-59.9110418,-30.1646924],[-59.9114601,-30.165156],[-59.9138874,-30.1678925],[-59.9153035,-30.1694683],[-59.9163914,-30.1706873],[-59.9179828,-30.1723861],[-59.9190652,-30.1734501],[-59.9199267,-30.1742602],[-59.9222184,-30.176235],[-59.9228709,-30.1767752],[-59.9266613,-30.1799938],[-59.9283265,-30.1814121],[-59.9290021,-30.1820358],[-59.929308,-30.1823128],[-59.9296992,-30.1827108],[-59.9303305,-30.1833799],[-59.9309895,-30.1841085],[-59.9316466,-30.1849012],[-59.9326247,-30.1861916],[-59.936091,-30.1909912],[-59.9405972,-30.1972169],[-59.9441456,-30.2021152],[-59.9446812,-30.2028291],[-59.9450522,-30.2034541],[-59.945293,-30.2039207],[-59.9455706,-30.2045478],[-59.9457908,-30.2051938],[-59.9459782,-30.2060138],[-59.9462933,-30.2079008],[-59.9477021,-30.2165427],[-59.9482423,-30.2198736],[-59.9484824,-30.2213965],[-59.9486335,-30.2221497],[-59.9488291,-30.2227854],[-59.9490897,-30.2234838],[-59.94939,-30.2240955],[-59.9496817,-30.2245923],[-59.9500063,-30.2250779],[-59.9503977,-30.2256042],[-59.951569,-30.2271813],[-59.9541128,-30.2306307],[-59.9570367,-30.2345931],[-59.9597242,-30.2380617],[-59.9602802,-30.2387539],[-59.9650886,-30.2446245],[-59.9653989,-30.244999],[-59.9664823,-30.2462964],[-59.9672677,-30.2473211],[-59.9680957,-30.2486117],[-59.9688926,-30.2498739],[-59.9696287,-30.2510805],[-59.9697697,-30.2513214],[-59.9705078,-30.2525155],[-59.9707163,-30.2528449],[-59.970889,-30.2531091],[-59.9716413,-30.2543752],[-59.971894,-30.2548824],[-59.972223,-30.2556171],[-59.9724895,-30.2564005],[-59.9727182,-30.2571895],[-59.9728002,-30.2575576],[-59.9729889,-30.2584779],[-59.9743464,-30.2652693],[-59.9756186,-30.2715393],[-59.9769322,-30.2784729],[-59.9779657,-30.2840101],[-59.9783044,-30.2858194],[-59.978473,-30.2867334],[-59.9785763,-30.2873695],[-59.9786197,-30.2878268],[-59.9786595,-30.2891754],[-59.9787587,-30.2926639],[-59.9788622,-30.296064],[-59.9790614,-30.303167],[-59.9792673,-30.3099225],[-59.9793383,-30.3122078],[-59.9794764,-30.3162991],[-59.9796719,-30.322234],[-59.9797604,-30.3249754],[-59.9797796,-30.3266409],[-59.9797636,-30.3279485],[-59.9795979,-30.3311656],[-59.9793879,-30.3343939],[-59.9793162,-30.3353182],[-59.9791144,-30.3364488],[-59.9789389,-30.3371689],[-59.978727,-30.3378631],[-59.9783529,-30.3387338],[-59.9778585,-30.3397176],[-59.9769082,-30.3414909],[-59.9763965,-30.3424119],[-59.9753445,-30.3443054],[-59.9718981,-30.3506614],[-59.9714277,-30.3514953],[-59.971168,-30.3519814],[-59.9708958,-30.3525214],[-59.970553,-30.3533492],[-59.9703012,-30.3541399],[-59.97017,-30.3547687],[-59.9697283,-30.3566194],[-59.9690867,-30.3594063],[-59.9684338,-30.3622073],[-59.9671091,-30.3678956],[-59.9661914,-30.3718774],[-59.9659627,-30.3726901],[-59.9656776,-30.3734478],[-59.9654818,-30.3739211],[-59.9653228,-30.3742463],[-59.9649419,-30.374967],[-59.9628574,-30.3780724],[-59.9620469,-30.3792961],[-59.961156,-30.3805394],[-59.9608133,-30.3809529],[-59.9604504,-30.3813403],[-59.9595058,-30.382256],[-59.9583417,-30.3832556],[-59.9561356,-30.3851545],[-59.9544151,-30.3866956],[-59.9537203,-30.3874422],[-59.9531081,-30.388244],[-59.9524824,-30.3891187],[-59.9522263,-30.3895444],[-59.9520385,-30.3898869],[-59.9517517,-30.3904872],[-59.9499095,-30.3949431],[-59.9488732,-30.3974758],[-59.9486348,-30.3981056],[-59.9483963,-30.3988752],[-59.9482377,-30.3995481],[-59.948109,-30.4002924],[-59.9480067,-30.4010973],[-59.9479988,-30.401791],[-59.948012,-30.4024416],[-59.9481188,-30.4067729],[-59.9482145,-30.4106508],[-59.9482977,-30.4119531],[-59.9484275,-30.4149583],[-59.9485141,-30.4164105],[-59.9485384,-30.4172858],[-59.9485138,-30.4179873],[-59.9484275,-30.419252],[-59.948181,-30.4225784],[-59.9479775,-30.4251887],[-59.9479782,-30.4272138],[-59.9479645,-30.4287909],[-59.9479585,-30.4293626],[-59.9479315,-30.4298353],[-59.9473077,-30.4343077],[-59.9471618,-30.4351825],[-59.9470952,-30.4355691],[-59.9469927,-30.4360297],[-59.9467734,-30.4367554],[-59.9465387,-30.4374399],[-59.9451517,-30.4416695],[-59.9447322,-30.4429622],[-59.944405,-30.4439704],[-59.9442228,-30.4447083],[-59.9441258,-30.4452652],[-59.9440348,-30.4459081],[-59.9439726,-30.4464765],[-59.943674,-30.4538002],[-59.9434654,-30.4592802],[-59.943317,-30.4626832],[-59.943238,-30.4636341],[-59.9431251,-30.4642463],[-59.9429539,-30.4650664],[-59.9427336,-30.4658551],[-59.9414451,-30.4705143],[-59.9396285,-30.4770202],[-59.9381953,-30.4822263],[-59.9368496,-30.4870573],[-59.9351309,-30.4932479],[-59.9337348,-30.4982901],[-59.9334705,-30.4991892],[-59.9318209,-30.5051642],[-59.9301712,-30.5108178],[-59.9290514,-30.5148079],[-59.9285048,-30.5169177],[-59.9279823,-30.5188674],[-59.9277645,-30.5196859],[-59.9276396,-30.5203077],[-59.9275967,-30.5205985],[-59.9275467,-30.5209371],[-59.9275289,-30.5215959],[-59.9277258,-30.5251197],[-59.9280056,-30.5297671],[-59.9282779,-30.533325],[-59.9285519,-30.5369317],[-59.9287905,-30.5405405],[-59.9288331,-30.5417471],[-59.9289352,-30.5425298],[-59.9309281,-30.5533328],[-59.9311903,-30.5542579],[-59.931397,-30.5548431],[-59.9327545,-30.5589899],[-59.9342402,-30.5635444],[-59.9354196,-30.5672016],[-59.9356247,-30.5678845],[-59.9356923,-30.5680719],[-59.9358993,-30.5688178],[-59.9359214,-30.5689039],[-59.936066,-30.5694293],[-59.9362541,-30.5702268],[-59.93642,-30.5709147],[-59.9368613,-30.5726508],[-59.9369004,-30.5728315],[-59.9369257,-30.5729303],[-59.9369551,-30.5730445],[-59.9371896,-30.573961],[-59.9372677,-30.5742224],[-59.9374876,-30.5748273],[-59.93776,-30.5755937],[-59.9377895,-30.5756743],[-59.938116,-30.576567],[-59.9381278,-30.5765994],[-59.9388684,-30.5784432],[-59.9390231,-30.5788345],[-59.9393232,-30.5796861],[-59.9398508,-30.5810767],[-59.9401127,-30.5817932],[-59.9401748,-30.5819629],[-59.9402279,-30.5821083],[-59.940303,-30.5823137],[-59.9407739,-30.5834641],[-59.9413424,-30.5850299],[-59.9425036,-30.5880262],[-59.9429056,-30.5891624],[-59.9433051,-30.590162],[-59.9441571,-30.5924073],[-59.9449984,-30.5946593],[-59.9456558,-30.5963954],[-59.9458516,-30.5969229],[-59.9468759,-30.5996217],[-59.9473935,-30.601075],[-59.9474539,-30.6012354],[-59.9477673,-30.6019978],[-59.948011,-30.6026231],[-59.9481402,-30.602917],[-59.9483092,-30.603241],[-59.9484519,-30.6034991],[-59.948618,-30.6037573],[-59.9488569,-30.6041193],[-59.9491378,-30.6044592],[-59.9529967,-30.6090201],[-59.9531916,-30.6092818],[-59.9534153,-30.6096063],[-59.9536082,-30.6099095],[-59.9538192,-30.6103068],[-59.9539661,-30.6106242],[-59.9541082,-30.6109816],[-59.9542269,-30.6113326],[-59.9542869,-30.6115511],[-59.954422,-30.6120764],[-59.9546611,-30.6130083],[-59.9547864,-30.6135103],[-59.9550717,-30.6146743],[-59.9564993,-30.620299],[-59.9567249,-30.6210476],[-59.9570675,-30.6219867],[-59.9573562,-30.6227084],[-59.9586217,-30.6257761],[-59.9596444,-30.6283237],[-59.9600654,-30.6294188],[-59.9603415,-30.6303432],[-59.960616,-30.6314402],[-59.9619675,-30.6368999],[-59.9635691,-30.6432731],[-59.9637289,-30.6437956],[-59.9638581,-30.6441765],[-59.9640288,-30.644603],[-59.964254,-30.6450663],[-59.9660641,-30.6485578],[-59.9676188,-30.6514408],[-59.9689451,-30.6539769],[-59.9715563,-30.6588917],[-59.972425,-30.6605152],[-59.974224,-30.663937],[-59.97741,-30.6699619],[-59.978048,-30.6711255],[-59.9806263,-30.6760481],[-59.9841937,-30.6827523],[-59.9870466,-30.6881383],[-59.9892681,-30.6922909],[-59.989532,-30.6928276],[-59.9897393,-30.6933023],[-59.9899081,-30.6937942],[-59.9900269,-30.6942518],[-59.9901135,-30.6947001],[-59.9904759,-30.6981329],[-59.9915291,-30.7073843],[-59.9920253,-30.7117077],[-59.9922593,-30.7137461],[-59.9931676,-30.7217337],[-59.9939209,-30.7282852],[-59.9943333,-30.7319646],[-59.9944605,-30.7330996],[-59.9949515,-30.7373442],[-59.9957562,-30.744504],[-59.9960908,-30.7475465],[-59.996339,-30.7496484],[-59.9967266,-30.7529956],[-59.9968508,-30.7537699],[-59.9970211,-30.7548211],[-59.9972313,-30.7560142],[-59.9974752,-30.7574886],[-59.9980319,-30.760957],[-59.9985487,-30.764082],[-59.9987933,-30.7654482],[-60.0000484,-30.7728309],[-60.000719,-30.7767782],[-60.0016927,-30.7827711],[-60.0019429,-30.784155],[-60.0024568,-30.7872603],[-60.0032455,-30.7920033],[-60.0036399,-30.7944594],[-60.0040377,-30.7970487],[-60.0052335,-30.8039674],[-60.0059078,-30.8079657],[-60.0064187,-30.8110707],[-60.0065854,-30.8119469],[-60.006822,-30.8130335],[-60.0105788,-30.8302862],[-60.0113645,-30.8338935],[-60.0122338,-30.8378958],[-60.0126475,-30.8398003],[-60.0128361,-30.840683],[-60.0129909,-30.8412088],[-60.0131604,-30.8416719],[-60.0133619,-30.8421263],[-60.0136564,-30.8426481],[-60.0330536,-30.8699787],[-60.0360134,-30.8740831],[-60.0372895,-30.8759395],[-60.0395506,-30.879109],[-60.0401657,-30.8799708],[-60.0414624,-30.8817882],[-60.0425334,-30.8833106],[-60.0491336,-30.8925805],[-60.049495,-30.8931192],[-60.0498068,-30.8936844],[-60.050071,-30.8942784],[-60.0502949,-30.8949596],[-60.0504479,-30.8957038],[-60.0505041,-30.896493],[-60.0505659,-30.9021065],[-60.0508582,-30.9286711],[-60.0508945,-30.9292055],[-60.0509608,-30.9298106],[-60.0510295,-30.9302359],[-60.0511662,-30.9309403],[-60.0513053,-30.9314895],[-60.0519719,-30.9337132],[-60.0565115,-30.9488249],[-60.0566642,-30.9492366],[-60.0568827,-30.949748],[-60.0572276,-30.9503661],[-60.0576772,-30.9510545],[-60.0596891,-30.9540391],[-60.0621721,-30.9577047],[-60.0624316,-30.9581],[-60.0626224,-30.9584121],[-60.0627714,-30.9586652],[-60.0629517,-30.9590416],[-60.0631191,-30.9594463],[-60.0632643,-30.95987],[-60.063412,-30.960446],[-60.0636781,-30.9619499],[-60.0644418,-30.9661435],[-60.0665884,-30.9781109],[-60.0672331,-30.9819018],[-60.0684364,-30.9884535],[-60.0686359,-30.9895266],[-60.0688333,-30.9907359],[-60.068976,-30.9915525],[-60.0691064,-30.9921818],[-60.0692078,-30.9925438],[-60.0693172,-30.9928476],[-60.0694224,-30.9931034],[-60.0697942,-30.9938486],[-60.0701801,-30.9945073],[-60.0709133,-30.9956785],[-60.0716966,-30.996948],[-60.0730518,-30.9991106],[-60.0768804,-31.0052425],[-60.0901712,-31.026541],[-60.0906002,-31.0273267],[-60.0910365,-31.0282469],[-60.091232,-31.0288768],[-60.091332,-31.0295131],[-60.0914385,-31.0301625],[-60.0914569,-31.0307069],[-60.0914429,-31.0312744],[-60.091402,-31.0318478],[-60.0912881,-31.032501],[-60.091262,-31.0325948],[-60.0910874,-31.0332231],[-60.0908857,-31.0337803],[-60.0906241,-31.0343772],[-60.0901813,-31.0350961],[-60.0895596,-31.0360062],[-60.0886628,-31.0371493],[-60.0884112,-31.0375101],[-60.0882251,-31.0377835],[-60.0879174,-31.0382904],[-60.0876502,-31.0387671],[-60.087445,-31.0392031],[-60.0872666,-31.0397004],[-60.0871887,-31.0400045],[-60.0871064,-31.0404324],[-60.0870617,-31.0408828],[-60.0870441,-31.0413192],[-60.0870489,-31.0416759],[-60.0870741,-31.0420101],[-60.0871185,-31.042409],[-60.0871699,-31.0427339],[-60.0875872,-31.0444625],[-60.0877476,-31.0451652],[-60.0891005,-31.0508587],[-60.0904649,-31.0566],[-60.0918337,-31.0623598],[-60.0932025,-31.0681189],[-60.093832,-31.070751],[-60.0942174,-31.0724167],[-60.0945573,-31.0738387],[-60.0946848,-31.0743673],[-60.0949157,-31.0753059],[-60.0951644,-31.0762948],[-60.0953497,-31.0770914],[-60.0954524,-31.0775691],[-60.0955465,-31.0780668],[-60.0955946,-31.0786941],[-60.0955881,-31.0789968],[-60.0955708,-31.0792765],[-60.0955265,-31.0796483],[-60.0954518,-31.080144],[-60.0953426,-31.0806002],[-60.0952227,-31.0809927],[-60.0950633,-31.0814024],[-60.0929613,-31.0861033],[-60.0924329,-31.0872587],[-60.0923059,-31.0875864],[-60.0921406,-31.0880902],[-60.0920427,-31.08853],[-60.0919581,-31.0889698],[-60.0919017,-31.0894789],[-60.0919046,-31.0895625],[-60.0919027,-31.0898695],[-60.0919126,-31.0902746],[-60.0919588,-31.0906971],[-60.0920521,-31.0912094],[-60.0922835,-31.0921884],[-60.0924315,-31.0928371],[-60.0924808,-31.0930268],[-60.0927072,-31.0940019],[-60.0929184,-31.0948801],[-60.0931545,-31.095819],[-60.0933541,-31.0967254],[-60.0935619,-31.0975995],[-60.0936666,-31.0980011],[-60.0937967,-31.0985135],[-60.0940499,-31.099555],[-60.0943578,-31.1008791],[-60.0946291,-31.1020291],[-60.0949213,-31.103139],[-60.0949457,-31.1032385],[-60.0951562,-31.1040795],[-60.0952264,-31.1043479],[-60.0954246,-31.1051668],[-60.0955064,-31.1055833],[-60.0956033,-31.1060756],[-60.0957478,-31.1066771],[-60.0958679,-31.1071381],[-60.0961083,-31.1079221],[-60.0961317,-31.1079656],[-60.0961624,-31.1080199],[-60.0963222,-31.1083337],[-60.0965431,-31.1086642],[-60.0967695,-31.1089375],[-60.0969572,-31.1091232],[-60.0971635,-31.1093232],[-60.0976071,-31.1096372],[-60.0980008,-31.1098597],[-60.0983323,-31.1099995],[-60.098747,-31.1101508],[-60.1009942,-31.1108436],[-60.1029236,-31.1114896],[-60.1035417,-31.1117432],[-60.1041079,-31.1120069],[-60.1047874,-31.1123706],[-60.1053361,-31.1127022],[-60.1058518,-31.1130595],[-60.1063418,-31.1134235],[-60.1067978,-31.1137947],[-60.107086,-31.1140615],[-60.1075222,-31.1144898],[-60.1078648,-31.1148735],[-60.1081916,-31.1152581],[-60.1089198,-31.116202],[-60.1099291,-31.1174294],[-60.1106724,-31.1183159],[-60.1112318,-31.1189315],[-60.1115136,-31.1192024],[-60.1118045,-31.1194839],[-60.1121836,-31.1198072],[-60.1124843,-31.1200416],[-60.1129364,-31.120394],[-60.1140126,-31.1211862],[-60.1168766,-31.123269],[-60.117843,-31.1239496],[-60.1183163,-31.1243118],[-60.1188555,-31.1247587],[-60.1193772,-31.1252137],[-60.12041,-31.1261635],[-60.1211059,-31.1268205],[-60.1219387,-31.127548],[-60.1224016,-31.127942],[-60.1227903,-31.1282381],[-60.1229639,-31.1283597],[-60.1237952,-31.1289364],[-60.1250864,-31.1297471],[-60.1259832,-31.1303281],[-60.1269022,-31.1309669],[-60.1274586,-31.1314032],[-60.1278678,-31.1317675],[-60.1283181,-31.1321847],[-60.1288167,-31.132738],[-60.1292234,-31.1332338],[-60.1296785,-31.1338965],[-60.1300989,-31.1346114],[-60.1304004,-31.1352091],[-60.1306499,-31.135842],[-60.1308409,-31.1363652],[-60.1309933,-31.1369065],[-60.13168,-31.139606],[-60.1330439,-31.1454077],[-60.1332883,-31.1463143],[-60.1335848,-31.147196],[-60.1338043,-31.1477527],[-60.1340669,-31.1483178],[-60.1343133,-31.1487186],[-60.1358226,-31.1509396],[-60.1364538,-31.1517707],[-60.1367727,-31.1521958],[-60.1376167,-31.1533828],[-60.1378303,-31.1536897],[-60.1380575,-31.1540305],[-60.1383796,-31.1545826],[-60.1386068,-31.1550253],[-60.1387938,-31.1553813],[-60.1389121,-31.1556421],[-60.1392177,-31.1563711],[-60.1393741,-31.1568382],[-60.1424239,-31.16871],[-60.142442,-31.1687823],[-60.1430323,-31.1711499],[-60.1441154,-31.1753338],[-60.144314,-31.1762199],[-60.1444497,-31.176705],[-60.1446164,-31.1771607],[-60.1447889,-31.1776351],[-60.1449121,-31.1779304],[-60.14506,-31.1782572],[-60.1451351,-31.1784022],[-60.1453188,-31.1787212],[-60.1455622,-31.1791615],[-60.1458325,-31.1795743],[-60.1462857,-31.1802373]]]},"geometry_name":"geom","properties":{"gid":1590,"rtn":"1","typ":40,"rst":1,"hct":2,"fdc":"IDESF","sag":"IGN"},"bbox":[-60.1462857,-31.1802373,-59.7539745,-29.4580715]},{"type":"Feature","id":"vial_provincial.1605","geometry":{"type":"MultiLineString","coordinates":[[[-60.5880181,-30.7946794],[-60.5874755,-30.7947792],[-60.5868134,-30.7948967],[-60.5866284,-30.7949307],[-60.5863744,-30.7949713],[-60.5851838,-30.7951613],[-60.5848852,-30.7952135],[-60.5839375,-30.7953601],[-60.5826707,-30.7955622],[-60.5814197,-30.7957622],[-60.5802552,-30.7959481],[-60.579685,-30.7960392],[-60.5789876,-30.7961561],[-60.5778061,-30.7963391],[-60.5771247,-30.7964541],[-60.5763182,-30.7965777],[-60.5756854,-30.7966836],[-60.5734695,-30.797049],[-60.5629773,-30.7986574],[-60.5524566,-30.8003022],[-60.5508779,-30.8004868],[-60.5420083,-30.8019227],[-60.5315464,-30.8035613],[-60.5193209,-30.8055391],[-60.5224638,-30.8170594],[-60.5224502,-30.817226],[-60.5223871,-30.8173942],[-60.5223032,-30.817538],[-60.5221391,-30.8176395],[-60.4616006,-30.8302611],[-60.4353841,-30.8357265],[-60.4352415,-30.8359899],[-60.4421507,-30.860061],[-60.4438152,-30.8666922],[-60.448275,-30.8841554],[-60.4528238,-30.9019639],[-60.4530645,-30.9029062],[-60.4593084,-30.922106],[-60.4594251,-30.9225131],[-60.4634749,-30.9366806],[-60.463787,-30.9377694],[-60.4659537,-30.9453282],[-60.46637,-30.9468472],[-60.466442,-30.9468278],[-60.467268,-30.9467098],[-60.467808,-30.9492079],[-60.4681096,-30.9505165],[-60.4684217,-30.9518319],[-60.4686455,-30.9518226],[-60.4687781,-30.9518464],[-60.4688866,-30.9519153],[-60.4689744,-30.9519819],[-60.4695609,-30.954729],[-60.4707917,-30.9600742],[-60.4717441,-30.9642495],[-60.4719519,-30.9651754],[-60.4738763,-30.973749],[-60.4742818,-30.9748469],[-60.4849328,-30.9965584],[-60.4898696,-31.0065547],[-60.4900845,-31.0069348],[-60.4902979,-31.007289],[-60.5049485,-31.0257981],[-60.5049951,-31.0259678],[-60.5047272,-31.0263072],[-60.5047055,-31.0264099],[-60.5047272,-31.0265169],[-60.5107747,-31.0341501],[-60.5108084,-31.034235],[-60.5107378,-31.0342833],[-60.504457,-31.0355357],[-60.5043845,-31.0356216],[-60.504375,-31.0357497],[-60.504457,-31.0358463],[-60.5062692,-31.0380201],[-60.5081473,-31.0397704],[-60.5087101,-31.0406053],[-60.5097615,-31.0421651],[-60.5103548,-31.0430451],[-60.511841,-31.044639],[-60.5200144,-31.0534043],[-60.5202485,-31.0535838],[-60.5213577,-31.0542278],[-60.521863,-31.0545974],[-60.5263613,-31.0579019],[-60.5268913,-31.0583453],[-60.5289023,-31.060415],[-60.5290872,-31.0604889],[-60.5292674,-31.0604895],[-60.5299593,-31.0604049],[-60.5301409,-31.060415],[-60.5303217,-31.0604613],[-60.5329685,-31.0621549],[-60.5330565,-31.0622112],[-60.5348527,-31.0639934],[-60.5352471,-31.0642995],[-60.5370957,-31.0658302],[-60.5374654,-31.0661997],[-60.5406676,-31.0697467],[-60.5432376,-31.0723149],[-60.5479555,-31.0782375],[-60.548095,-31.0785223],[-60.548213,-31.0788347],[-60.5489377,-31.0819096],[-60.5499262,-31.0873273],[-60.5513381,-31.0930251],[-60.5561481,-31.114403]]]},"geometry_name":"geom","properties":{"gid":1605,"rtn":"2","typ":40,"rst":3,"hct":2,"fdc":"IDESF","sag":"IGN"},"bbox":[-60.5880181,-31.114403,-60.4352415,-30.7946794]},{"type":"Feature","id":"vial_provincial.1681","geometry":{"type":"MultiLineString","coordinates":[[[-60.0395506,-30.879109],[-60.0406316,-30.8786058],[-60.041268,-30.8781579],[-60.0415626,-30.8779105],[-60.0429214,-30.8766735],[-60.0445187,-30.8751385],[-60.0447628,-30.8749424],[-60.0450288,-30.8747921],[-60.0460846,-30.8743943],[-60.0471637,-30.8740514],[-60.0477413,-30.8738942],[-60.0482987,-30.8738472],[-60.0520124,-30.8736478],[-60.0539995,-30.8735691],[-60.0645248,-30.8730004],[-60.0661071,-30.8730451],[-60.0830857,-30.8739707],[-60.0855962,-30.8754256],[-60.0934096,-30.8790472],[-60.1048368,-30.8842622],[-60.1120902,-30.8876229],[-60.1228153,-30.892592],[-60.1231704,-30.8928287],[-60.1239612,-30.893571],[-60.1249067,-30.8940432],[-60.1253784,-30.8942262],[-60.1274177,-30.8943824],[-60.1283184,-30.8942826],[-60.1291055,-30.8941485],[-60.1295296,-30.893988],[-60.130925,-30.8931844],[-60.140199,-30.8889968],[-60.1412321,-30.8884348],[-60.1473799,-30.8842162],[-60.1475015,-30.8841073],[-60.1475998,-30.8839784],[-60.1476632,-30.8838247],[-60.1477056,-30.8829708],[-60.1477645,-30.8828557],[-60.1478488,-30.8827721],[-60.1536224,-30.877677],[-60.1537763,-30.877596],[-60.1539161,-30.8775401],[-60.1540761,-30.8775019],[-60.1646248,-30.8770647],[-60.173401,-30.8752783],[-60.1831125,-30.8706612],[-60.184996,-30.869762],[-60.1859815,-30.8693816],[-60.1985623,-30.8660326],[-60.1988421,-30.8660098],[-60.1991138,-30.8660799],[-60.2110378,-30.8699188],[-60.2145139,-30.8713923],[-60.2249423,-30.8763649],[-60.2411134,-30.8725043],[-60.2430499,-30.872042],[-60.2628935,-30.8673636],[-60.2632112,-30.8672607],[-60.2634484,-30.8671387],[-60.2731321,-30.8599929],[-60.2762577,-30.857759],[-60.276798,-30.8574322],[-60.2785808,-30.8565924],[-60.2789637,-30.856418],[-60.2807792,-30.855516],[-60.2822834,-30.8547905],[-60.2841702,-30.8539258],[-60.2848621,-30.8536659],[-60.2853993,-30.853511],[-60.2861489,-30.8533723],[-60.2866928,-30.8533277],[-60.2918044,-30.8533413],[-60.2926098,-30.8533982],[-60.29317,-30.8535043],[-60.2933182,-30.8535323],[-60.2936601,-30.8536472],[-60.2940318,-30.8539002],[-60.3005354,-30.8596123],[-60.3027917,-30.8614052],[-60.303361,-30.8619255],[-60.3035688,-30.8622236],[-60.3036519,-30.8622862],[-60.3038261,-30.8623488],[-60.3040172,-30.8623236],[-60.3071681,-30.8617778],[-60.3452892,-30.8558327],[-60.3455786,-30.855793],[-60.3461209,-30.8557186],[-60.37305821,-30.85141356],[-60.4071926,-30.8459583],[-60.4073284,-30.8459253],[-60.4074414,-30.8458911],[-60.4075495,-30.8458518],[-60.4076642,-30.8457833],[-60.40773,-30.8457237],[-60.4078005,-30.8456511],[-60.4090852,-30.8437008],[-60.4092745,-30.8433382],[-60.4093436,-30.8429472],[-60.4093978,-30.842369],[-60.409461,-30.8420918],[-60.4095704,-30.8418789],[-60.4097792,-30.8416712],[-60.4100651,-30.8415347],[-60.4103259,-30.8414867],[-60.4108492,-30.8414832]]]},"geometry_name":"geom","properties":{"gid":1681,"rtn":"281s","typ":40,"rst":3,"hct":2,"fdc":"IDESF","sag":"IGN"},"bbox":[-60.4108492,-30.8943824,-60.0395506,-30.8414832]},{"type":"Feature","id":"vial_provincial.1704","geometry":{"type":"MultiLineString","coordinates":[[[-60.0692192,-30.1620694],[-60.0681576,-30.1622405],[-60.0678305,-30.1623652],[-60.0675278,-30.1625361],[-60.0634612,-30.1680277],[-60.0588908,-30.174079],[-60.0543024,-30.1802078],[-60.0531868,-30.1816077],[-60.0518013,-30.1825565],[-60.0437221,-30.1879848],[-60.0430696,-30.1959478],[-60.0427324,-30.2006755],[-60.0419767,-30.2059473],[-60.0402609,-30.2119037],[-60.040139,-30.2124658],[-60.0400902,-30.2129295],[-60.0401471,-30.2134284],[-60.0406489,-30.2155306],[-60.0406024,-30.2158595],[-60.0405455,-30.2160633],[-60.0403666,-30.2164568],[-60.0401086,-30.2168577],[-60.0398218,-30.2171383],[-60.0395626,-30.2173308],[-60.0392678,-30.2175243],[-60.0387938,-30.2177234],[-60.0240798,-30.2193826],[-60.0179118,-30.220018],[-60.0175387,-30.220072],[-60.0172446,-30.2201407],[-60.0169156,-30.2202982],[-60.0113088,-30.2245172],[-60.0111307,-30.2247092],[-60.0110347,-30.2248805],[-60.0106433,-30.2255411],[-60.0082596,-30.2295897],[-60.0035889,-30.2342009],[-59.9978031,-30.2399126],[-59.997374,-30.2400053],[-59.9847703,-30.2419737],[-59.9749337,-30.2435099],[-59.9653989,-30.244999]]]},"geometry_name":"geom","properties":{"gid":1704,"rtn":"56s","typ":40,"rst":3,"hct":2,"fdc":"IDESF","sag":"IGN"},"bbox":[-60.0692192,-30.244999,-59.9653989,-30.1620694]},{"type":"Feature","id":"vial_provincial.1738","geometry":{"type":"MultiLineString","coordinates":[[[-61.0817319,-30.84215615],[-61.01799629,-30.85261271],[-61.01425006,-30.8542117],[-61.01362569,-30.85444013],[-60.97515266,-30.8605049],[-60.97469581,-30.8606648],[-60.97442169,-30.86080186],[-60.97410189,-30.86104171],[-60.97386204,-30.86138435],[-60.97358793,-30.86198969],[-60.97340519,-30.86257218],[-60.97326813,-30.86289198],[-60.97295975,-30.86304046],[-60.9630367,-30.86473117]]]},"geometry_name":"geom","properties":{"gid":1738,"rtn":"69s","typ":40,"rst":3,"hct":2,"fdc":"IDESF","sag":"IGN"},"bbox":[-61.0817319,-30.86473117,-60.9630367,-30.84215615]},{"type":"Feature","id":"vial_provincial.1766","geometry":{"type":"MultiLineString","coordinates":[[[-61.0318641,-30.6138964],[-61.0317525,-30.6136736],[-61.0314113,-30.6131061],[-61.0311542,-30.6127533],[-61.0307944,-30.6123303],[-61.0304677,-30.6119883],[-61.0300834,-30.6116603],[-61.0296223,-30.6113208],[-61.0292187,-30.6110534],[-61.0287432,-30.6107873],[-61.028109,-30.6104547],[-61.0274643,-30.6101809],[-61.0268929,-30.6099936],[-61.0262687,-30.6098398],[-61.0256633,-30.609736],[-61.0249001,-30.6096638],[-61.0243813,-30.6096514],[-61.0238665,-30.6096721],[-61.0232466,-30.609734],[-61.0224783,-30.609846],[-61.0173995,-30.610711],[-61.0041233,-30.6129388],[-60.9907599,-30.6151715],[-60.9774265,-30.6173991],[-60.9640482,-30.6196342],[-60.9507025,-30.621852],[-60.9373129,-30.6240771],[-60.9238919,-30.6263079],[-60.9200139,-30.6269659],[-60.91998413,-30.62697086],[-60.9197693,-30.6270067],[-60.91794241,-30.61771499],[-60.90846357,-30.61934133]]]},"geometry_name":"geom","properties":{"gid":1766,"rtn":"61","typ":40,"rst":1,"hct":2,"fdc":"IDESF","sag":"IGN"},"bbox":[-61.0318641,-30.6270067,-60.90846357,-30.6096514]},{"type":"Feature","id":"vial_provincial.1769","geometry":{"type":"MultiLineString","coordinates":[[[-60.98835316,-31.1324477],[-60.9884196,-31.1324285],[-60.9884766,-31.1324223],[-60.9885302,-31.1324165],[-60.9885672,-31.1324125],[-60.9898065,-31.1321685],[-60.9902779,-31.132029],[-60.9909681,-31.1318131],[-60.9918491,-31.1314671],[-60.9920918,-31.1313718],[-60.9926248,-31.131112],[-60.9933617,-31.1306557],[-60.9938904,-31.1302747],[-60.9941143,-31.1301026],[-60.9945166,-31.1297582],[-60.9946398,-31.1296343],[-60.9950614,-31.1292104],[-60.9964827,-31.1276919],[-60.9969977,-31.1271316],[-60.9973544,-31.1267735],[-60.9980276,-31.126188],[-60.9986499,-31.1257517],[-60.9997577,-31.1250996],[-61.0004792,-31.1247988],[-61.001501,-31.1244746],[-61.0026276,-31.1242248],[-61.0038077,-31.1240636],[-61.0049585,-31.1239125],[-61.0069728,-31.1236416],[-61.0090897,-31.1233558],[-61.0103229,-31.1231893],[-61.013815,-31.1227296],[-61.0164249,-31.1223856],[-61.0186726,-31.1220986],[-61.0201983,-31.1218971],[-61.0232806,-31.1214901],[-61.0278726,-31.1208862],[-61.0281797,-31.1208412],[-61.0300387,-31.1205686],[-61.0305328,-31.1204962]]]},"geometry_name":"geom","properties":{"gid":1769,"rtn":"80s","typ":40,"rst":1,"hct":2,"fdc":"IDESF","sag":"IGN"},"bbox":[-61.0305328,-31.1324477,-60.98835316,-31.1204962]},{"type":"Feature","id":"vial_provincial.2085","geometry":{"type":"MultiLineString","coordinates":[[[-59.25942798,-30.35998433],[-59.2594533,-30.3598276],[-59.25945278,-30.35963027],[-59.25943136,-30.35933402],[-59.25935284,-30.35911273],[-59.2591269,-30.358625],[-59.2587972,-30.358163],[-59.2583761,-30.3576504],[-59.257645,-30.3568984],[-59.2567212,-30.3559435],[-59.2557778,-30.354952],[-59.2554971,-30.3546253],[-59.2549781,-30.3541464],[-59.2542078,-30.3532873],[-59.25363,-30.3526367],[-59.253124,-30.3519888],[-59.2523733,-30.3510705],[-59.2515899,-30.3501156],[-59.2507412,-30.3490931],[-59.2506302,-30.3489382],[-59.2503462,-30.3486142],[-59.2499643,-30.34811],[-59.2498403,-30.3479748],[-59.2495824,-30.347648],[-59.2489818,-30.3468931],[-59.2489067,-30.3467438],[-59.2488839,-30.3465325],[-59.2489296,-30.3461719],[-59.2490405,-30.3453466],[-59.2491548,-30.3445184],[-59.2492625,-30.3438564],[-59.2492919,-30.3434479],[-59.2493735,-30.3429662],[-59.2494551,-30.3425211],[-59.2495204,-30.342014],[-59.2495661,-30.3415435],[-59.2496575,-30.341152],[-59.2497325,-30.3406393],[-59.2498533,-30.3396561],[-59.249961,-30.3393603],[-59.2500655,-30.3388983],[-59.2502026,-30.3378446],[-59.2503789,-30.336698],[-59.250467,-30.3359712],[-59.2503984,-30.3356021],[-59.2498435,-30.3350337],[-59.2486512,-30.3338838],[-59.247355,-30.3326481],[-59.2459595,-30.3312565],[-59.2453091,-30.330625],[-59.2436742,-30.3290502],[-59.2414703,-30.3268749],[-59.2400522,-30.3254949],[-59.2379385,-30.3234054],[-59.2363262,-30.3218031],[-59.2357526,-30.3213041],[-59.2355042,-30.3210585],[-59.2350526,-30.3207427],[-59.2336164,-30.3199006],[-59.2325235,-30.3192574],[-59.2316428,-30.3185088],[-59.2305544,-30.3175693],[-59.229895,-30.3167817],[-59.229493,-30.3163022],[-59.2276097,-30.3141774],[-59.2264987,-30.3129726],[-59.2256858,-30.3122124],[-59.224787,-30.3113468],[-59.2236534,-30.3101576],[-59.2228044,-30.3092102],[-59.2211785,-30.3072918],[-59.2193404,-30.3051512],[-59.2182429,-30.303884],[-59.2170958,-30.3024764],[-59.2162964,-30.3015327],[-59.2158131,-30.300944],[-59.2156957,-30.3007724],[-59.2156144,-30.3005345],[-59.215366,-30.2994739],[-59.2150905,-30.2980818],[-59.2143325,-30.2946308],[-59.2139493,-30.2929999],[-59.2138033,-30.2920702],[-59.2134383,-30.2884617],[-59.2131463,-30.2858852],[-59.2130916,-30.2853179],[-59.2129091,-30.2848451],[-59.2123707,-30.2834741],[-59.2107922,-30.2797786],[-59.2086479,-30.274633],[-59.2069599,-30.2704092],[-59.2051988,-30.2659645],[-59.2048521,-30.2647744],[-59.2047152,-30.2637499],[-59.2043959,-30.2611964],[-59.2038301,-30.2567513],[-59.2035017,-30.2537799],[-59.2033922,-30.2534568],[-59.2027717,-30.2526213],[-59.2004449,-30.2494763],[-59.1996877,-30.2483989],[-59.1995142,-30.2481521],[-59.1993317,-30.2477659],[-59.1991857,-30.2474033],[-59.1990854,-30.247025],[-59.1990854,-30.2466781],[-59.1992314,-30.2457165],[-59.1994595,-30.2442109],[-59.2001894,-30.240104],[-59.2004906,-30.238354],[-59.2006913,-30.2379992],[-59.2012205,-30.2348065],[-59.2017041,-30.2316216],[-59.201768,-30.2307071],[-59.2017589,-30.2299897],[-59.2019596,-30.2284997],[-59.2023885,-30.2259847],[-59.2027991,-30.2234302],[-59.2030089,-30.2219085],[-59.2030748,-30.2214062]]]},"geometry_name":"geom","properties":{"gid":2085,"rtn":"53","typ":40,"rst":3,"hct":2,"fdc":"IDECORR","sag":"IGN"},"bbox":[-59.2594533,-30.35998433,-59.1990854,-30.2214062]},{"type":"Feature","id":"vial_provincial.2090","geometry":{"type":"MultiLineString","coordinates":[[[-59.50375791,-30.32531224],[-59.50370913,-30.32525495],[-59.5036663,-30.32523782],[-59.50361202,-30.32523045],[-59.50353231,-30.3252471],[-59.50343118,-30.32528518],[-59.50330686,-30.32530297],[-59.50317837,-30.32530297],[-59.50304988,-30.32539934],[-59.50292139,-30.3253922],[-59.5024681,-30.32540648],[-59.50243955,-30.32552783],[-59.48373007,-30.32659053],[-59.4825348,-30.3260641],[-59.4786831,-30.3252584],[-59.4780287,-30.3249621],[-59.4744235,-30.3224146],[-59.4706766,-30.3197265],[-59.470019,-30.3192133],[-59.4665522,-30.3166771],[-59.4644001,-30.3149248],[-59.4625123,-30.3131769],[-59.4616312,-30.3121865],[-59.4610762,-30.3118657],[-59.4599193,-30.3114479],[-59.4589819,-30.311159],[-59.4541665,-30.3105754],[-59.451568,-30.3102906],[-59.4491916,-30.3100058],[-59.4483164,-30.3098431],[-59.4476365,-30.3096164],[-59.446997,-30.3093491],[-59.4463978,-30.3089829],[-59.4443648,-30.307745],[-59.4410526,-30.3057108],[-59.4376732,-30.3036533],[-59.434186,-30.3015319],[-59.4301468,-30.2990209],[-59.4270232,-30.2971086],[-59.4246199,-30.2956148],[-59.4241015,-30.2952835],[-59.4224118,-30.2937606],[-59.4204528,-30.2918249],[-59.4178273,-30.2893021],[-59.4150201,-30.2865641],[-59.4134246,-30.2850062],[-59.4132563,-30.2847562],[-59.4131217,-30.2844656],[-59.4127716,-30.2832797],[-59.4119974,-30.280559],[-59.4111492,-30.2776754],[-59.4104154,-30.2751988],[-59.4094191,-30.2716464],[-59.4087795,-30.2694255],[-59.4084295,-30.2683324],[-59.407763,-30.2659834],[-59.4070494,-30.2635646],[-59.4063493,-30.2611515],[-59.4060531,-30.2600875],[-59.405501,-30.2582907],[-59.4051173,-30.2569882],[-59.4046866,-30.2556074],[-59.4042152,-30.2540051],[-59.404121,-30.2537318],[-59.4036094,-30.2529409],[-59.4027409,-30.2516092],[-59.4019668,-30.2504229],[-59.4016436,-30.2499228],[-59.4008627,-30.2487365],[-59.4005463,-30.2482421],[-59.4004521,-30.2479804],[-59.400102,-30.2462998],[-59.3995769,-30.243392],[-59.3991663,-30.2414262],[-59.3989239,-30.2399839],[-59.3984125,-30.2372472],[-59.3984055,-30.2372097],[-59.3974429,-30.2323938],[-59.39698,-30.2303439],[-59.3963563,-30.2274352],[-59.3958926,-30.2253783],[-59.3953914,-30.2227161],[-59.3951585,-30.2216697],[-59.3949646,-30.2207143],[-59.3948566,-30.2202164],[-59.3947612,-30.2197113],[-59.394594,-30.2187789],[-59.3945177,-30.2184057],[-59.3939647,-30.2154675]]]},"geometry_name":"geom","properties":{"gid":2090,"rtn":"52","typ":40,"rst":3,"hct":2,"fdc":"IDECORR","sag":"IGN"},"bbox":[-59.50375791,-30.32659053,-59.3939647,-30.2154675]},{"type":"Feature","id":"vial_provincial.2091","geometry":{"type":"MultiLineString","coordinates":[[[-59.3532694,-30.2140899],[-59.3531293,-30.2130188],[-59.3529025,-30.2117802],[-59.3522947,-30.2089972],[-59.352195,-30.2088325],[-59.351814,-30.2082132],[-59.3498001,-30.204897],[-59.3472057,-30.2006242],[-59.3451736,-30.1972529],[-59.3431053,-30.1938108],[-59.3404565,-30.189467],[-59.3383428,-30.1859541],[-59.337608,-30.1847073],[-59.3375173,-30.1844093],[-59.3374992,-30.1837585],[-59.3374538,-30.1822843],[-59.3374266,-30.1819863],[-59.3373631,-30.1815785],[-59.336837,-30.1775008],[-59.3367372,-30.1763088],[-59.3377985,-30.1734306],[-59.339259,-30.1694074],[-59.3400573,-30.1671644],[-59.3405925,-30.1657135],[-59.3406198,-30.1654703],[-59.3404928,-30.1647566],[-59.3398396,-30.1607409],[-59.339894,-30.1606076],[-59.3399757,-30.1604978],[-59.3404565,-30.160286],[-59.340783,-30.1601291],[-59.3410189,-30.1599017],[-59.3411731,-30.1598232],[-59.341663,-30.1596507],[-59.3436406,-30.1590702],[-59.3438039,-30.158984],[-59.3438401,-30.1587643],[-59.3438764,-30.1579643],[-59.3439853,-30.1569995],[-59.344457,-30.1540581],[-59.3449469,-30.1508421],[-59.345092,-30.1497439],[-59.3455637,-30.1466846],[-59.3457089,-30.1457981],[-59.3455456,-30.1455157],[-59.3436315,-30.1433114],[-59.3425338,-30.1419307],[-59.3423978,-30.1415228],[-59.3419623,-30.138628],[-59.3413183,-30.1347838],[-59.340647,-30.1305158],[-59.339885,-30.1255493],[-59.3397126,-30.1245057],[-59.339631,-30.1237682],[-59.3395856,-30.1221283],[-59.339631,-30.1215633],[-59.3397398,-30.1214299],[-59.3399757,-30.1213515],[-59.3455274,-30.1204805],[-59.3517505,-30.1195311],[-59.3563769,-30.1188249],[-59.3914016,-30.1135329],[-59.3917085,-30.113477],[-59.3917893,-30.1132814],[-59.3916923,-30.1126667],[-59.390691,-30.1074553],[-59.3896896,-30.1023414],[-59.3896089,-30.1018384],[-59.3897381,-30.1016986],[-59.4016737,-30.0999241],[-59.4077497,-30.0990389],[-59.4080673,-30.0989977],[-59.4084589,-30.0989977],[-59.408967,-30.0989519],[-59.4102848,-30.0987642],[-59.4169452,-30.0977043],[-59.4179918,-30.0975589],[-59.4186766,-30.0974919],[-59.419917,-30.0973018],[-59.4211366,-30.0971071],[-59.4260802,-30.0963181],[-59.4301891,-30.0956921],[-59.4304733,-30.095625],[-59.4309385,-30.0954238],[-59.431507,-30.0953455],[-59.4346209,-30.0948648],[-59.4349568,-30.0948313],[-59.4352799,-30.0948984],[-59.4396342,-30.0941606],[-59.4439109,-30.0935233],[-59.4442598,-30.0934227],[-59.4446474,-30.0932774],[-59.4453451,-30.0931656],[-59.4494281,-30.0924725],[-59.4501775,-30.0922713],[-59.4508494,-30.0920589],[-59.4513792,-30.0919024],[-59.4518443,-30.0917906],[-59.4524128,-30.0918129],[-59.4533044,-30.0919135],[-59.4541054,-30.0917906],[-59.4563407,-30.0914552],[-59.4566767,-30.0914664],[-59.47762811,-30.08810872]]]},"geometry_name":"geom","properties":{"gid":2091,"rtn":"51","typ":40,"rst":3,"hct":2,"fdc":"IDECORR","sag":"IGN"},"bbox":[-59.47762811,-30.2140899,-59.3367372,-30.08810872]},{"type":"Feature","id":"vial_provincial.2105","geometry":{"type":"MultiLineString","coordinates":[[[-59.3639453,-30.3166261],[-59.363913,-30.3167059],[-59.3637812,-30.3167798],[-59.3632932,-30.3169435],[-59.3619081,-30.3174166],[-59.3616723,-30.3174525],[-59.3613856,-30.3174685],[-59.3603103,-30.3174864],[-59.3592582,-30.3174705],[-59.3580997,-30.3174804],[-59.3566822,-30.3174824],[-59.3555654,-30.3174884],[-59.353818,-30.3174835],[-59.3505302,-30.3174601],[-59.3486965,-30.3174601],[-59.3459958,-30.3174328],[-59.3448351,-30.3174562],[-59.3446499,-30.3174952],[-59.3444422,-30.3176316],[-59.3443338,-30.3178305],[-59.3440267,-30.3182437],[-59.3431911,-30.3194367],[-59.3428615,-30.3199357],[-59.3427124,-30.3201268],[-59.3425363,-30.32031],[-59.342306,-30.3204542],[-59.3419311,-30.3205946],[-59.3409375,-30.3207739],[-59.3405627,-30.3208558],[-59.3401788,-30.3209727],[-59.3396865,-30.3212222],[-59.3389729,-30.3216667],[-59.3374961,-30.3226218],[-59.3356715,-30.3237835],[-59.3331649,-30.3253663],[-59.3314397,-30.3264617],[-59.3284138,-30.3284108],[-59.3268963,-30.3293503],[-59.3264131,-30.3296076],[-59.3260743,-30.3297986],[-59.3256408,-30.3298961],[-59.3239652,-30.3298688],[-59.322949,-30.3298688],[-59.3205644,-30.3298688],[-59.3186676,-30.329861],[-59.3181843,-30.3298727],[-59.3179856,-30.3299467],[-59.3178592,-30.3300559],[-59.317805,-30.3302976],[-59.317823,-30.3318412],[-59.3178321,-30.3334589],[-59.317805,-30.3343711],[-59.3176875,-30.3349675],[-59.3174979,-30.3355327],[-59.3173217,-30.3360004],[-59.316694,-30.3371698],[-59.3152532,-30.3399139],[-59.3150636,-30.3402608],[-59.3146571,-30.3408415],[-59.3138984,-30.3419368],[-59.3136951,-30.3422213],[-59.313519,-30.3424123],[-59.313239,-30.3425838],[-59.3130448,-30.3426812],[-59.3120557,-30.34311],[-59.3110847,-30.3435192],[-59.3089123,-30.3444702],[-59.3068168,-30.3453511],[-59.3064555,-30.3454252],[-59.3056516,-30.3454641],[-59.3045677,-30.345507],[-59.3032941,-30.3455421],[-59.3026166,-30.3455772],[-59.2999159,-30.3456629],[-59.2982945,-30.3457019],[-59.2960499,-30.3457331],[-59.2946408,-30.3457759],[-59.2926536,-30.3457993],[-59.2921117,-30.3458773],[-59.2911587,-30.3461033],[-59.2897135,-30.3464775],[-59.2893296,-30.3465827],[-59.2888057,-30.3466256],[-59.2872702,-30.3467074],[-59.2849082,-30.3468166],[-59.2813358,-30.3470426],[-59.2810286,-30.3470504],[-59.2806944,-30.3470075],[-59.2803422,-30.3469179],[-59.2774337,-30.3458461],[-59.2752613,-30.3450159],[-59.2729896,-30.344139],[-59.2710973,-30.3433945],[-59.2683649,-30.3423071],[-59.2669874,-30.3417068],[-59.2653751,-30.3411494],[-59.2630808,-30.3403231],[-59.2605246,-30.3394071],[-59.25884,-30.338803],[-59.2565638,-30.3379766],[-59.254947,-30.3373881],[-59.2535695,-30.3368774],[-59.25151,-30.3361602],[-59.25067,-30.3358796],[-59.2503984,-30.3356021]]]},"geometry_name":"geom","properties":{"gid":2105,"rtn":"67","typ":40,"rst":3,"hct":2,"fdc":"IDECORR","sag":"IGN"},"bbox":[-59.3639453,-30.3470504,-59.2503984,-30.3166261]},{"type":"Feature","id":"vial_provincial.2111","geometry":{"type":"MultiLineString","coordinates":[[[-59.3168484,-30.2283794],[-59.316726,-30.2285488],[-59.3167861,-30.2287048],[-59.3169266,-30.228855],[-59.317408,-30.2290629],[-59.318899,-30.2297735],[-59.3202698,-30.2304321],[-59.3205172,-30.2304668],[-59.3207579,-30.2304552],[-59.3211056,-30.2302935],[-59.3218143,-30.2299122],[-59.3246761,-30.2283697],[-59.3252578,-30.2280866],[-59.3256256,-30.2279768],[-59.3262474,-30.2279248],[-59.3297912,-30.2275955],[-59.3315965,-30.2274511],[-59.3320177,-30.2274049],[-59.3322986,-30.2274049],[-59.3325727,-30.2274569],[-59.3328669,-30.2275666],[-59.3353074,-30.2286932],[-59.3384166,-30.2300566],[-59.3404025,-30.2309405],[-59.3419671,-30.2316395],[-59.3447419,-30.23287],[-59.3476037,-30.2341525],[-59.3477307,-30.2343258],[-59.3480718,-30.2348399],[-59.349409,-30.2369427],[-59.3508265,-30.2391436],[-59.3510673,-30.2395364],[-59.3512277,-30.2397559],[-59.3523978,-30.2411711],[-59.3534275,-30.2423784],[-59.3554602,-30.244816],[-59.3571987,-30.2468781],[-59.3590909,-30.2491308],[-59.3612841,-30.2517761],[-59.3634036,-30.2542944],[-59.365122,-30.2564371],[-59.3661919,-30.2579157],[-59.3669809,-30.2590072],[-59.3669942,-30.259192],[-59.3668672,-30.2593942],[-59.3659177,-30.2605492],[-59.3643732,-30.2624666],[-59.3630292,-30.264101],[-59.3625411,-30.2647478],[-59.3624408,-30.2649442],[-59.3623138,-30.2652098],[-59.3619193,-30.2663475],[-59.361371,-30.2680107],[-59.3609497,-30.2691714],[-59.3607491,-30.2698759],[-59.3604416,-30.2708461],[-59.3602142,-30.271516],[-59.3595523,-30.2733927],[-59.3592313,-30.274282],[-59.359111,-30.2746862],[-59.3589104,-30.2750038],[-59.3577135,-30.2766784],[-59.356082,-30.2789823],[-59.3559149,-30.2792017],[-59.3558681,-30.2793403],[-59.3558614,-30.2796752],[-59.356169,-30.2820022],[-59.3564498,-30.2846698],[-59.3567641,-30.2874643],[-59.3570516,-30.2900451],[-59.3573926,-30.2929665],[-59.3574862,-30.293896],[-59.3575731,-30.2943752],[-59.3576667,-30.2947389],[-59.3579743,-30.2954375],[-59.3586496,-30.2970425],[-59.3588034,-30.2974293],[-59.3588235,-30.2976948],[-59.3584022,-30.3000502],[-59.3581214,-30.3017648],[-59.3577536,-30.3039527],[-59.3573725,-30.3062041],[-59.3573591,-30.3063946],[-59.3573993,-30.3065677],[-59.3580545,-30.3076068],[-59.359813,-30.3103083],[-59.3616384,-30.3130848],[-59.3633167,-30.3156361],[-59.3639453,-30.3166261]]]},"geometry_name":"geom","properties":{"gid":2111,"rtn":"65","typ":40,"rst":3,"hct":2,"fdc":"IDECORR","sag":"IGN"},"bbox":[-59.3669942,-30.3166261,-59.316726,-30.2274049]},{"type":"Feature","id":"vial_provincial.2108","geometry":{"type":"MultiLineString","coordinates":[[[-59.2960526,-30.2175282],[-59.2961612,-30.2168952],[-59.2962973,-30.2150806],[-59.2963688,-30.2142836],[-59.2964368,-30.2136895],[-59.2965049,-30.2130101],[-59.2964266,-30.2127601],[-59.2960556,-30.2118513],[-59.2959944,-30.2115395],[-59.296042,-30.2109366],[-59.2961577,-30.2103513],[-59.2962939,-30.2101337],[-59.2964981,-30.209919],[-59.2978322,-30.2089278],[-59.2981283,-30.2087101],[-59.2993399,-30.2078366],[-59.2999117,-30.2074366],[-59.301188,-30.2065189],[-59.301467,-30.2062954],[-59.3016338,-30.2060571],[-59.3020252,-30.2050336],[-59.3026038,-30.2034717],[-59.3032198,-30.2017657],[-59.3034444,-30.2014186],[-59.3036112,-30.201198],[-59.3038869,-30.2008509],[-59.3040877,-30.2004479],[-59.3045369,-30.1992596],[-59.305289,-30.1973682],[-59.3053367,-30.1970152],[-59.305255,-30.1967564],[-59.3047888,-30.1957386],[-59.3042919,-30.1946884],[-59.3042544,-30.1945001],[-59.3042953,-30.1943295],[-59.304816,-30.1929205],[-59.3050202,-30.1923763],[-59.3050338,-30.1920909],[-59.3049113,-30.1918674],[-59.3045369,-30.1915379],[-59.3038426,-30.1912025],[-59.3024847,-30.1906377],[-59.2995135,-30.1894404],[-59.2993025,-30.1893639],[-59.2991561,-30.1892492],[-59.2989349,-30.1890168],[-59.2972434,-30.1870781],[-59.2970767,-30.1869869],[-59.296852,-30.1869134],[-59.2955894,-30.1867575],[-59.2926284,-30.1863986],[-59.2904264,-30.1861103],[-59.2902392,-30.1860573],[-59.2900487,-30.1859337],[-59.2898649,-30.1857308],[-59.2879964,-30.1834743],[-59.2877888,-30.1831772],[-59.2867814,-30.1816356],[-59.2856855,-30.1800351],[-59.2848721,-30.1789053],[-59.2845862,-30.1785258],[-59.2844365,-30.1783699],[-59.2840042,-30.1780874],[-59.2824795,-30.177043],[-59.2797023,-30.1751511],[-59.2765576,-30.1730298],[-59.2732257,-30.1707495],[-59.2701388,-30.1686604],[-59.2687094,-30.1676894],[-59.2682806,-30.1673216],[-59.2679981,-30.1670097],[-59.2678007,-30.1667979],[-59.2674127,-30.1665213],[-59.2665789,-30.1659563],[-59.2654864,-30.1652825],[-59.2653468,-30.1651059],[-59.2652652,-30.1648764],[-59.2652073,-30.1645792],[-59.2649282,-30.1632374],[-59.2648125,-30.1628137],[-59.2644177,-30.161925],[-59.2642237,-30.1614925],[-59.2641829,-30.1611923],[-59.2642203,-30.1608274],[-59.2643156,-30.1605302],[-59.2646866,-30.1593914],[-59.2647342,-30.1591148],[-59.2646696,-30.1587381],[-59.2643462,-30.1571608],[-59.2640399,-30.15561],[-59.2637098,-30.153859],[-59.2633354,-30.1518844],[-59.2632776,-30.1517019],[-59.263087,-30.1514694],[-59.2619434,-30.1500774],[-59.2606093,-30.1484705],[-59.2603915,-30.1482557],[-59.2601635,-30.1481026],[-59.2588293,-30.147208],[-59.2576824,-30.1464869],[-59.2575497,-30.1464133],[-59.2574476,-30.1463898],[-59.2573421,-30.1464075],[-59.2568452,-30.1465664],[-59.2545002,-30.1473139],[-59.2523459,-30.1480144],[-59.2501269,-30.1487413],[-59.2481018,-30.1494182],[-59.2479249,-30.1494653],[-59.2478398,-30.1494182],[-59.2477717,-30.1492769],[-59.247428,-30.1475346],[-59.2473803,-30.1474316],[-59.2472306,-30.1473757],[-59.2467133,-30.1474405],[-59.2446236,-30.1477348],[-59.2427007,-30.1479967],[-59.2398861,-30.1483675],[-59.2379359,-30.1486412],[-59.2355569,-30.1489738],[-59.2332256,-30.1492887],[-59.2293526,-30.1498214],[-59.2270485,-30.1501245],[-59.2252651,-30.1503746]]]},"geometry_name":"geom","properties":{"gid":2108,"rtn":"63","typ":40,"rst":3,"hct":2,"fdc":"IDECORR","sag":"IGN"},"bbox":[-59.3053367,-30.2175282,-59.2252651,-30.1463898]},{"type":"Feature","id":"vial_provincial.2244","geometry":{"type":"MultiLineString","coordinates":[[[-59.4046866,-30.2556074],[-59.4050854,-30.2558354],[-59.4160175,-30.2542195],[-59.4410348,-30.2579737],[-59.4417686,-30.2579774],[-59.4452431,-30.2574776],[-59.4506911,-30.2578185],[-59.4549677,-30.2572415],[-59.4550413,-30.2571072],[-59.4551325,-30.2562824],[-59.4552344,-30.2560553],[-59.4554168,-30.2559534],[-59.4567418,-30.2557542],[-59.4590361,-30.255395],[-59.4649011,-30.2545355],[-59.4674081,-30.2541517],[-59.4676423,-30.2541741],[-59.4678408,-30.2542853],[-59.4693214,-30.2559256],[-59.4696218,-30.2561249],[-59.4698544,-30.25616],[-59.4818537,-30.2543254],[-59.4821423,-30.254364],[-59.4824696,-30.2544845],[-59.4847977,-30.2555225],[-59.4853612,-30.2556364],[-59.4861576,-30.2556661],[-59.4873083,-30.2557125],[-59.487931,-30.2558055],[-59.4934753,-30.2575565]]]},"geometry_name":"geom","properties":{"gid":2244,"rtn":"60","typ":40,"rst":3,"hct":2,"fdc":"IDECORR","sag":"IGN"},"bbox":[-59.4934753,-30.2579774,-59.4046866,-30.2541517]},{"type":"Feature","id":"vial_provincial.2280","geometry":{"type":"MultiLineString","coordinates":[[[-59.4907562,-30.2129776],[-59.4944352,-30.213779],[-59.4973192,-30.2146278],[-59.497753,-30.2146434],[-59.5277816,-30.2098938],[-59.5284753,-30.209747],[-59.5290415,-30.2094901],[-59.5295087,-30.2091353],[-59.538497,-30.2010778]]]},"geometry_name":"geom","properties":{"gid":2280,"rtn":"126","typ":40,"rst":3,"hct":2,"fdc":"IDECORR","sag":"IGN"},"bbox":[-59.538497,-30.2146434,-59.4907562,-30.2010778]},{"type":"Feature","id":"vial_provincial.2282","geometry":{"type":"MultiLineString","coordinates":[[[-59.5397054,-30.2009116],[-59.5395296,-30.2008503],[-59.5393713,-30.2008155],[-59.5391742,-30.2008213],[-59.5389274,-30.2008886],[-59.5387611,-30.2009326],[-59.538497,-30.2010778]]]},"geometry_name":"geom","properties":{"gid":2282,"rtn":"126","typ":40,"rst":3,"hct":2,"fdc":"IDECORR","sag":"IGN"},"bbox":[-59.5397054,-30.2010778,-59.538497,-30.2008155]},{"type":"Feature","id":"vial_provincial.2338","geometry":{"type":"MultiLineString","coordinates":[[[-59.3532694,-30.2140899],[-59.3534748,-30.2142191],[-59.357021,-30.2181925],[-59.3573042,-30.2183998],[-59.3577098,-30.2184502],[-59.3641594,-30.217485],[-59.3739645,-30.2160176],[-59.3761368,-30.2156925],[-59.3838186,-30.2145429],[-59.3926982,-30.2131807],[-59.3934888,-30.2130871],[-59.3939647,-30.2154675],[-59.3941892,-30.2156514],[-59.3943423,-30.2157414],[-59.3945454,-30.2158259],[-59.3949037,-30.2159181],[-59.4037482,-30.2146129],[-59.4136899,-30.2131602],[-59.4319357,-30.2104809],[-59.4403589,-30.2092439],[-59.4672602,-30.2052905],[-59.4682378,-30.2052207],[-59.4688667,-30.2053291],[-59.4698004,-30.2056628],[-59.4907562,-30.2129776]]]},"geometry_name":"geom","properties":{"gid":2338,"rtn":"126","typ":40,"rst":2,"hct":2,"fdc":"IDECORR","sag":"IGN"},"bbox":[-59.4907562,-30.2184502,-59.3532694,-30.2052207]},{"type":"Feature","id":"vial_provincial.2363","geometry":{"type":"MultiLineString","coordinates":[[[-59.4136899,-30.2131602],[-59.4130545,-30.2101611],[-59.4138148,-30.2100094],[-59.4149073,-30.2098267],[-59.4152245,-30.209715],[-59.4156474,-30.2092074],[-59.4164815,-30.2080907],[-59.4165637,-30.2077658],[-59.4161055,-30.2065069],[-59.4156004,-30.20471],[-59.4156121,-30.2042734],[-59.416129,-30.2031059],[-59.4168339,-30.2017555],[-59.4171074,-30.2013359],[-59.4174682,-30.2009941],[-59.4181848,-30.2006489],[-59.4268427,-30.1972679],[-59.4271833,-30.1970344],[-59.4273125,-30.1967399],[-59.4277002,-30.1948819],[-59.4278858,-30.192117],[-59.4280761,-30.1918053],[-59.42985,-30.1902822],[-59.4301319,-30.1898253],[-59.4329865,-30.1841693],[-59.4345254,-30.1801379],[-59.4346429,-30.1796504],[-59.4344667,-30.1790817],[-59.4329748,-30.1755579],[-59.4325636,-30.1743087],[-59.4324931,-30.1740244],[-59.4324931,-30.1736486],[-59.4327046,-30.1726127],[-59.4335504,-30.1680425],[-59.4338089,-30.1667222],[-59.4340556,-30.1660417],[-59.4348309,-30.1634924],[-59.4349836,-30.163015],[-59.4352538,-30.1624564],[-59.4374036,-30.1586373],[-59.4375433,-30.1582209],[-59.437474,-30.1578857],[-59.4364638,-30.154808],[-59.4364285,-30.1543814],[-59.4366165,-30.1541071],[-59.4375798,-30.1532742],[-59.4412802,-30.1501354],[-59.4478235,-30.1448835],[-59.4486106,-30.1442333],[-59.4489865,-30.14402],[-59.4504314,-30.1435121],[-59.4506664,-30.1431565],[-59.4509013,-30.1419679],[-59.4510658,-30.1415412],[-59.4514065,-30.1413584],[-59.4518646,-30.1412974],[-59.4531921,-30.1410231],[-59.453474,-30.1407488],[-59.4535708,-30.1405334],[-59.4535894,-30.1402911],[-59.4526987,-30.1347243],[-59.4524637,-30.1335051],[-59.4524755,-30.132479],[-59.4524402,-30.1297866],[-59.4522993,-30.1291769],[-59.4522818,-30.1288854],[-59.4523462,-30.1285267],[-59.4524402,-30.1281711],[-59.4525225,-30.1276224],[-59.4525342,-30.1219019],[-59.4525342,-30.1188434],[-59.4526752,-30.1182134],[-59.4529101,-30.1179695],[-59.4531803,-30.1178273],[-59.4561994,-30.1173598],[-59.4580353,-30.1170098],[-59.4587975,-30.116657],[-59.4648447,-30.1106499],[-59.4675693,-30.1065396],[-59.4731181,-30.0965936],[-59.47762811,-30.08810872],[-59.4794052,-30.0824413],[-59.4797601,-30.0817301],[-59.4801337,-30.0811967],[-59.4807501,-30.0806794],[-59.4816468,-30.0801622],[-59.4827676,-30.0792408],[-59.4844114,-30.0776405],[-59.4858946,-30.0759037],[-59.4869121,-30.0747856],[-59.4872997,-30.0741287],[-59.4877681,-30.0730664],[-59.4890763,-30.070257],[-59.4895932,-30.0689711],[-59.4899,-30.0681185],[-59.4902069,-30.0676013],[-59.4905461,-30.067196],[-59.4926805,-30.065711],[-59.4936993,-30.0651384],[-59.4943079,-30.0648522],[-59.4945924,-30.0647491],[-59.4951018,-30.0647033],[-59.4975693,-30.0643541],[-59.4981647,-30.0642968],[-59.498727,-30.0641193],[-59.499587,-30.063833],[-59.5003346,-30.0636326],[-59.5011747,-30.0633636],[-59.5022597,-30.0630887],[-59.5032454,-30.0627509],[-59.5037349,-30.0625105],[-59.5040723,-30.0622184],[-59.5043634,-30.0617146],[-59.5046148,-30.0613768],[-59.50523,-30.0607012],[-59.5059577,-30.059619],[-59.5066656,-30.0586571],[-59.5069368,-30.058491],[-59.5074396,-30.0583765],[-59.5096161,-30.0579986],[-59.5130495,-30.0574547],[-59.5160066,-30.0569909],[-59.5168521,-30.0568591],[-59.5187983,-30.0565557],[-59.5254653,-30.0555286],[-59.5293475,-30.0549206],[-59.5301362,-30.0548033],[-59.5310605,-30.0547713],[-59.5312264,-30.054725],[-59.53181574,-30.05456037]]]},"geometry_name":"geom","properties":{"gid":2363,"rtn":"153","typ":40,"rst":3,"hct":2,"fdc":"IDECORR","sag":"IGN"},"bbox":[-59.53181574,-30.2131602,-59.4130545,-30.05456037]},{"type":"Feature","id":"vial_provincial.2372","geometry":{"type":"MultiLineString","coordinates":[[[-59.52756773,-30.12358337],[-59.5274619,-30.1261356],[-59.5274064,-30.1263008],[-59.5273547,-30.126468],[-59.5272211,-30.1266166],[-59.526862,-30.1270186],[-59.52674,-30.1272872],[-59.5266756,-30.1276393],[-59.526703,-30.1279167],[-59.5272021,-30.1309076],[-59.527629,-30.1371106],[-59.5293935,-30.1470069],[-59.5374133,-30.1928556],[-59.5374508,-30.1931895],[-59.5373758,-30.1936693],[-59.5371236,-30.1954336],[-59.537011,-30.1964605],[-59.5370217,-30.1976521],[-59.5370136,-30.19787],[-59.5370552,-30.1984348],[-59.537188,-30.1987162],[-59.5374401,-30.1989805],[-59.5384554,-30.199785],[-59.5397054,-30.2009116],[-59.5410827,-30.2019755],[-59.5414154,-30.2022875],[-59.5417127,-30.2026362],[-59.5421091,-30.2031562],[-59.5425763,-30.2036945],[-59.5427886,-30.2039576],[-59.5429924,-30.204143],[-59.5432338,-30.2042774],[-59.5436629,-30.2044999],[-59.5445534,-30.2049543],[-59.5447895,-30.2051258],[-59.5449772,-30.2053391],[-59.5451221,-30.205608],[-59.546313,-30.2080326],[-59.5465222,-30.2084869],[-59.5480349,-30.2123069],[-59.5482603,-30.2128075],[-59.5485392,-30.2133267],[-59.5496335,-30.2150419],[-59.5500734,-30.2156445],[-59.5504382,-30.2163028],[-59.5511356,-30.2177305],[-59.5512107,-30.2179438],[-59.5512858,-30.2182219],[-59.5513609,-30.2187411],[-59.5514682,-30.2193437],[-59.5515647,-30.2198721],[-59.5521226,-30.2230241],[-59.5521763,-30.2235526],[-59.5521441,-30.2239512],[-59.5497194,-30.2326928],[-59.5495906,-30.2332675],[-59.5496121,-30.2338329],[-59.5498159,-30.2360576],[-59.5499018,-30.2366694],[-59.5500412,-30.2371884],[-59.5508888,-30.2396911],[-59.5510497,-30.2401267],[-59.5511034,-30.2404604],[-59.5511141,-30.240757],[-59.5510283,-30.2410999],[-59.5507708,-30.2416746],[-59.5506099,-30.2420268],[-59.5505348,-30.2424254],[-59.550524,-30.2428239],[-59.5504704,-30.2451132],[-59.5503524,-30.2464108],[-59.5502451,-30.2474118],[-59.5500621,-30.2482057],[-59.5499119,-30.2490584],[-59.549869,-30.2495959],[-59.5498904,-30.2501706],[-59.549869,-30.251672],[-59.5496409,-30.2538267],[-59.5496034,-30.2543712],[-59.549455,-30.2547903],[-59.5492655,-30.2551404],[-59.5476374,-30.2584743],[-59.5474442,-30.259123],[-59.5473155,-30.2598458],[-59.547294,-30.2604389],[-59.5474442,-30.2610876],[-59.5482167,-30.2635155],[-59.5482596,-30.2639973],[-59.5482596,-30.2643495],[-59.5477661,-30.2741901],[-59.5477232,-30.2748202],[-59.547809,-30.2753946],[-59.551135,-30.2834553],[-59.5512852,-30.2839927],[-59.551607,-30.2876985],[-59.5515641,-30.2881988],[-59.5510491,-30.289292],[-59.5509318,-30.2897453],[-59.5506414,-30.2968698],[-59.5505771,-30.2974812],[-59.5504483,-30.2980741],[-59.547511,-30.30574],[-59.5470795,-30.3063923],[-59.5464275,-30.3069991],[-59.5365956,-30.3159396],[-59.5350421,-30.3167759],[-59.534634,-30.3170993],[-59.5341128,-30.3178758],[-59.5246133,-30.3309722],[-59.5243343,-30.3310648],[-59.5239266,-30.3309907],[-59.5176181,-30.3278051],[-59.5165667,-30.3275273],[-59.5153436,-30.3273051],[-59.5089647,-30.3262019],[-59.507541,-30.3260155],[-59.5062293,-30.3255337],[-59.5056662,-30.32552],[-59.50383721,-30.32548924]]]},"geometry_name":"geom","properties":{"gid":2372,"rtn":"31","typ":40,"rst":3,"hct":2,"fdc":"IDECORR","sag":"IGN"},"bbox":[-59.5521763,-30.3310648,-59.50383721,-30.12358337]},{"type":"Feature","id":"vial_provincial.2433","geometry":{"type":"MultiLineString","coordinates":[[[-59.4934753,-30.2575565],[-59.5030912,-30.2613285],[-59.5044002,-30.2615695],[-59.5055803,-30.2615509],[-59.5409686,-30.2558653],[-59.5486853,-30.254693]]]},"geometry_name":"geom","properties":{"gid":2433,"rtn":"60","typ":40,"rst":3,"hct":2,"fdc":"IDECORR","sag":"IGN"},"bbox":[-59.5486853,-30.2615695,-59.4934753,-30.254693]},{"type":"Feature","id":"vial_provincial.2508","geometry":{"type":"MultiLineString","coordinates":[[[-60.6006269,-30.79252],[-60.6008654,-30.7926414],[-60.6005609,-30.7926899],[-60.5996522,-30.7928265],[-60.5995293,-30.7928454],[-60.5980873,-30.7930945],[-60.5965478,-30.7933444],[-60.5957547,-30.7934753],[-60.595087,-30.7935758],[-60.5944175,-30.7936773],[-60.593633,-30.7937969],[-60.5921628,-30.7940641],[-60.590715,-30.7943331],[-60.5892588,-30.7945761],[-60.5881023,-30.7947588],[-60.5880181,-30.7946794]]]},"geometry_name":"geom","properties":{"gid":2508,"rtn":"2","typ":40,"rst":3,"hct":2,"fdc":"IDESF","sag":"IGN"},"bbox":[-60.6008654,-30.7947588,-60.5880181,-30.79252]},{"type":"Feature","id":"vial_provincial.2510","geometry":{"type":"MultiLineString","coordinates":[[[-60.4023807,-30.3709177],[-60.4018735,-30.3714941],[-60.4016376,-30.3717151]]]},"geometry_name":"geom","properties":{"gid":2510,"rtn":"39","typ":40,"rst":1,"hct":2,"fdc":"IDESF","sag":"IGN"},"bbox":[-60.4023807,-30.3717151,-60.4016376,-30.3709177]},{"type":"Feature","id":"vial_provincial.2511","geometry":{"type":"MultiLineString","coordinates":[[[-60.4016376,-30.3717151],[-60.4018923,-30.3713678],[-60.4023268,-30.3708809]]]},"geometry_name":"geom","properties":{"gid":2511,"rtn":"39","typ":40,"rst":1,"hct":2,"fdc":"IDESF","sag":"IGN"},"bbox":[-60.4023268,-30.3717151,-60.4016376,-30.3708809]},{"type":"Feature","id":"vial_provincial.4836","geometry":{"type":"MultiLineString","coordinates":[[[-59.4487292,-30.6941662],[-59.43480426,-30.62743494],[-59.42404909,-30.62791083],[-59.4222407,-30.62686387],[-59.41529268,-30.559192],[-59.38302719,-30.56033414],[-59.32877548,-30.5613811],[-59.32392138,-30.55452826],[-59.32592012,-30.55376683],[-59.32377861,-30.53739614],[-59.32268406,-30.52721204],[-59.31921004,-30.52725963],[-59.31464148,-30.52378562],[-59.29755695,-30.51450572],[-59.29574856,-30.51269733],[-59.28913366,-30.50946126],[-59.28118626,-30.50198976],[-59.2765701,-30.49889646],[-59.27380993,-30.49485137],[-59.26362583,-30.48366791],[-59.25705852,-30.4775289],[-59.24849246,-30.4717706],[-59.2425426,-30.4673779],[-59.2414447,-30.4628318],[-59.2410204,-30.4615657],[-59.2404492,-30.4597537],[-59.2401586,-30.4588786],[-59.2399236,-30.4581414],[-59.2398028,-30.457922],[-59.2397114,-30.4577784],[-59.2390358,-30.457151],[-59.238347,-30.4565545],[-59.2380402,-30.4562534],[-59.2379161,-30.4561014],[-59.2378313,-30.4559411],[-59.2376942,-30.4555893],[-59.2374232,-30.4546326],[-59.2373351,-30.4542274],[-59.2373155,-30.4539854],[-59.2373221,-30.4524462],[-59.2373286,-30.4514614],[-59.2373482,-30.4512616],[-59.2375277,-30.4508367],[-59.237952,-30.4499643],[-59.2381185,-30.4496801],[-59.2382099,-30.4495563],[-59.2399138,-30.4487346],[-59.2421857,-30.4476766],[-59.2437525,-30.4469533],[-59.2441899,-30.4467226],[-59.2443531,-30.446565],[-59.2450582,-30.4457939],[-59.2456588,-30.4451748],[-59.2467687,-30.4439535],[-59.2477675,-30.4428869],[-59.2493245,-30.4411815],[-59.2507836,-30.4393551],[-59.2519555,-30.4378663],[-59.2528792,-30.4367124],[-59.2547105,-30.4343315],[-59.2559182,-30.4326822],[-59.2563785,-30.4320292],[-59.2570346,-30.4309935],[-59.2575144,-30.4301745],[-59.258115,-30.4291218],[-59.258967,-30.4276807],[-59.2596851,-30.4264451],[-59.2607264,-30.4245818],[-59.2614837,-30.423287],[-59.262241,-30.4219725],[-59.2626392,-30.4212604],[-59.2632757,-30.4201964],[-59.2639351,-30.419017],[-59.264836,-30.4174997],[-59.2652473,-30.416796],[-59.2653387,-30.4165708],[-59.2654529,-30.4160529],[-59.2656912,-30.414924],[-59.2657957,-30.4146031],[-59.2659099,-30.4143329],[-59.266455,-30.4132604],[-59.2667945,-30.4125454],[-59.2668435,-30.412337],[-59.2668108,-30.4120809],[-59.2664159,-30.4109914],[-59.2660992,-30.4100287],[-59.2655509,-30.4083199],[-59.2651722,-30.4071403],[-59.2646728,-30.4055863],[-59.2641114,-30.4038605],[-59.263687,-30.402557],[-59.263279,-30.4012957],[-59.2628742,-30.4001302],[-59.2626588,-30.3994263],[-59.2624629,-30.3988351],[-59.2622605,-30.3980411],[-59.2620157,-30.3967178],[-59.2619667,-30.3965146],[-59.261784,-30.3957577],[-59.2615842,-30.3949903],[-59.2614021,-30.394243],[-59.2610985,-30.3929647],[-59.2606513,-30.3911148],[-59.2602531,-30.3894676],[-59.2599169,-30.3880935],[-59.2595904,-30.3869306],[-59.2593848,-30.3862689],[-59.2590616,-30.3852834],[-59.2589702,-30.384892],[-59.2588364,-30.3843767],[-59.2587189,-30.3838219],[-59.2586862,-30.3833883],[-59.2586308,-30.3829237],[-59.2585589,-30.3825604],[-59.258461,-30.382352],[-59.2582684,-30.3821436],[-59.2581444,-30.3819691],[-59.2579714,-30.3816424],[-59.2577821,-30.3810398],[-59.2575601,-30.3803189],[-59.2572794,-30.3794544],[-59.2570541,-30.3788039],[-59.2569073,-30.3785026],[-59.25678,-30.3783167],[-59.2567506,-30.3781928],[-59.2567343,-30.3779309],[-59.2566788,-30.3775789],[-59.256571,-30.3772128],[-59.2563915,-30.3765398],[-59.2559574,-30.3751458],[-59.2555265,-30.3738025],[-59.2551087,-30.3724902],[-59.2548084,-30.3714904],[-59.2545113,-30.3705188],[-59.2543253,-30.369964],[-59.254211,-30.369581],[-59.2541555,-30.3693585],[-59.2541686,-30.3691304],[-59.2543873,-30.3687361],[-59.2545472,-30.3683756],[-59.254779,-30.3678855],[-59.2551479,-30.367204],[-59.2552752,-30.3669449],[-59.2553437,-30.3667477],[-59.2554123,-30.3664238],[-59.2555853,-30.3658127],[-59.2556407,-30.3656634],[-59.2557321,-30.3655451],[-59.2559411,-30.3654212],[-59.2561206,-30.3652184],[-59.256274,-30.3649903],[-59.2564209,-30.3645481],[-59.2565221,-30.3643003],[-59.2566396,-30.3640045],[-59.2568616,-30.3635793],[-59.2571031,-30.3630948],[-59.2573675,-30.36254],[-59.2575634,-30.3622302],[-59.2578408,-30.362033],[-59.2584316,-30.3616274],[-59.2588299,-30.3613204],[-59.259153,-30.3610247],[-59.2592412,-30.3608613],[-59.2593195,-30.3606557],[-59.25941467,-30.36006667],[-59.25942798,-30.35998433]]]},"geometry_name":"geom","properties":{"gid":4836,"rtn":"49","typ":40,"rst":3,"hct":2,"fdc":"OpenStreetMap","sag":"IGN"},"bbox":[-59.4487292,-30.6941662,-59.2373155,-30.35998433]},{"type":"Feature","id":"vial_provincial.4845","geometry":{"type":"MultiLineString","coordinates":[[[-59.6141781,-30.8596522],[-59.6177689,-30.85609311],[-59.6186255,-30.85509374],[-59.61988662,-30.85290463],[-59.62876201,-30.84253018],[-59.62902375,-30.83917514],[-59.62883339,-30.83717639],[-59.62802437,-30.83518954],[-59.62690603,-30.83082323],[-59.62678705,-30.8274206],[-59.62602563,-30.82161472],[-59.62719156,-30.81516638],[-59.63061085,-30.81102755],[-59.63826319,-30.80234727],[-59.6426414,-30.80025335],[-59.64300815,-30.79949478],[-59.64049037,-30.78721152],[-59.63856301,-30.77747953],[-59.63689738,-30.76998422],[-59.63665944,-30.76893726],[-59.63394685,-30.75482706],[-59.63394685,-30.7542084],[-59.63444654,-30.75392286],[-59.63249538,-30.74307252],[-59.63485105,-30.73883708]]]},"geometry_name":"geom","properties":{"gid":4845,"rtn":"6","typ":40,"rst":1,"hct":2,"fdc":"OpenStreetMap","sag":"IGN"},"bbox":[-59.64300815,-30.8596522,-59.6141781,-30.73883708]},{"type":"Feature","id":"vial_provincial.4918","geometry":{"type":"MultiLineString","coordinates":[[[-59.7771886,-30.9544241],[-59.7774673,-30.9541467],[-59.7784536,-30.9534839],[-59.7794429,-30.9527863],[-59.7805604,-30.9519662],[-59.7807492,-30.9518207],[-59.7815073,-30.9512536],[-59.781636,-30.9511586],[-59.7817897,-30.9510674],[-59.7820865,-30.9509232]]]},"geometry_name":"geom","properties":{"gid":4918,"rtn":"A02","typ":40,"rst":1,"hct":2,"fdc":"OpenStreetMap","sag":"IGN"},"bbox":[-59.7820865,-30.9544241,-59.7771886,-30.9509232]},{"type":"Feature","id":"vial_provincial.5125","geometry":{"type":"MultiLineString","coordinates":[[[-59.581497,-30.7447313],[-59.5816867,-30.7447083],[-59.60029651,-30.74193038],[-59.63351379,-30.7374094],[-59.63447033,-30.73793288],[-59.63485105,-30.73883708]]]},"geometry_name":"geom","properties":{"gid":5125,"rtn":"A401","typ":40,"rst":1,"hct":2,"fdc":"OpenStreetMap","sag":"IGN"},"bbox":[-59.63485105,-30.7447313,-59.581497,-30.7374094]},{"type":"Feature","id":"vial_provincial.810","geometry":{"type":"MultiLineString","coordinates":[[[-60.84350683,-33.24565951],[-60.8422136,-33.245898],[-60.8418768,-33.2459598],[-60.8412539,-33.2460741],[-60.8411118,-33.2460999],[-60.8408329,-33.2449971],[-60.8405402,-33.2438926],[-60.8402491,-33.2427936],[-60.8399584,-33.2416965],[-60.8396635,-33.2405834],[-60.8396484,-33.2405266],[-60.8395141,-33.2400198],[-60.8393632,-33.2394502],[-60.8390676,-33.2383454],[-60.8387746,-33.2372502],[-60.8384741,-33.2361267],[-60.8381945,-33.2350817],[-60.8381197,-33.2350309],[-60.837989,-33.2350192]]]},"geometry_name":"geom","properties":{"gid":810,"rtn":"26","typ":40,"rst":2,"hct":2,"fdc":"IDESF","sag":"IGN"},"bbox":[-60.84350683,-33.2460999,-60.837989,-33.2350192]},{"type":"Feature","id":"vial_provincial.811","geometry":{"type":"MultiLineString","coordinates":[[[-60.96870588,-33.26221313],[-60.96932488,-33.26141811],[-60.96946762,-33.26123479],[-60.97124856,-33.2590091],[-60.97717367,-33.25136347],[-60.97918963,-33.24870354],[-60.97988819,-33.24778183],[-60.98064872,-33.24658916],[-60.98132306,-33.24581821],[-60.98256055,-33.24452593],[-60.98337282,-33.24388786],[-60.98448055,-33.24320913],[-60.98558804,-33.24251127],[-60.99019687,-33.23931353],[-60.99064432,-33.23883859],[-60.9912158,-33.23797648],[-60.99564227,-33.23275027],[-60.99580269,-33.23229442],[-60.99568977,-33.23181818],[-60.99366968,-33.22598109],[-60.98836092,-33.21103675],[-60.98478057,-33.20084861],[-60.98187397,-33.19270261],[-60.98166756,-33.19248549],[-60.98157416,-33.19240042],[-60.98142425,-33.19233855],[-60.98126839,-33.19229135]]]},"geometry_name":"geom","properties":{"gid":811,"rtn":"26s","typ":40,"rst":3,"hct":2,"fdc":"IDESF","sag":"IGN"},"bbox":[-60.99580269,-33.26221313,-60.96870588,-33.19229135]},{"type":"Feature","id":"vial_provincial.896","geometry":{"type":"MultiLineString","coordinates":[[[-60.99504312,-32.18704986],[-60.994814,-32.18709313]]]},"geometry_name":"geom","properties":{"gid":896,"rtn":"41s","typ":40,"rst":1,"hct":2,"fdc":"IDESF","sag":"IGN"},"bbox":[-60.99504312,-32.18709313,-60.994814,-32.18704986]},{"type":"Feature","id":"vial_provincial.816","geometry":{"type":"MultiLineString","coordinates":[[[-61.0764818,-33.1664743],[-61.0764048,-33.1665491],[-61.0762569,-33.1666316],[-61.0740866,-33.167423],[-61.0739841,-33.1674586],[-61.0725096,-33.1679703],[-61.0717132,-33.1682467],[-61.0709736,-33.1685033],[-61.0677593,-33.1696187],[-61.0676482,-33.1696573],[-61.0591517,-33.1725325],[-61.0558847,-33.1736387],[-61.0309159,-33.1798973],[-61.0307779,-33.1799319],[-61.029763,-33.1801665],[-61.0062209,-33.1860493],[-60.999921,-33.187619],[-60.9837256,-33.1916543],[-60.9822011,-33.1920341],[-60.9821522,-33.19204765],[-60.9816775,-33.1921792],[-60.98126839,-33.19229135],[-60.981173,-33.1923175],[-60.9518804,-33.1995572],[-60.9516544,-33.1995931],[-60.951537,-33.1995922],[-60.9514498,-33.1995842],[-60.9513361,-33.1995601],[-60.9512218,-33.1995263],[-60.9511175,-33.1994761],[-60.951041,-33.1994279],[-60.9509639,-33.1993746],[-60.9485464,-33.197475],[-60.9482917,-33.1972969],[-60.9480639,-33.1971553],[-60.947711,-33.1969684],[-60.9473885,-33.1968339],[-60.9470438,-33.1967129],[-60.9467771,-33.1966225],[-60.9459827,-33.1964146],[-60.9456241,-33.1963336],[-60.945134,-33.1962282],[-60.9446125,-33.1961489],[-60.9441466,-33.1961015],[-60.9439428,-33.196076],[-60.9395028,-33.1955437],[-60.9393255,-33.1955458],[-60.9391164,-33.1955979],[-60.9389511,-33.1957289],[-60.9375019,-33.1975813],[-60.937348,-33.19769],[-60.9370734,-33.1976682],[-60.9345888,-33.1967709],[-60.9244792,-33.2078914],[-60.924326,-33.2080199],[-60.9239991,-33.2080052],[-60.9145812,-33.2044955],[-60.9144404,-33.2044435],[-60.9142759,-33.2044205],[-60.914099,-33.2045037],[-60.9135357,-33.2052342]]]},"geometry_name":"geom","properties":{"gid":816,"rtn":"26","typ":40,"rst":3,"hct":2,"fdc":"IDESF","sag":"IGN"},"bbox":[-61.0764818,-33.2080199,-60.9135357,-33.1664743]},{"type":"Feature","id":"vial_provincial.838","geometry":{"type":"MultiLineString","coordinates":[[[-60.98187397,-33.19270261],[-60.98185731,-33.19255746],[-60.98186097,-33.19246798],[-60.98187635,-33.1924147],[-60.98197137,-33.19225249],[-60.9821522,-33.19204765]]]},"geometry_name":"geom","properties":{"gid":838,"rtn":"26s","typ":40,"rst":3,"hct":2,"fdc":"IDESF","sag":"IGN"},"bbox":[-60.9821522,-33.19270261,-60.98185731,-33.19204765]},{"type":"Feature","id":"vial_provincial.874","geometry":{"type":"MultiLineString","coordinates":[[[-60.95598843,-32.36002835],[-60.9560163,-32.3599798],[-60.9571507,-32.357853],[-60.95824,-32.35577],[-60.95931352,-32.3534482],[-60.95953,-32.35298],[-60.9608,-32.34978],[-60.96152,-32.34766],[-60.96564,-32.33396],[-60.96618,-32.33201],[-60.96755,-32.3274],[-60.96908,-32.32182],[-60.9721029,-32.3106672],[-60.97215603,-32.31046925],[-60.9724689,-32.3093037],[-60.9729356,-32.3077327],[-60.9734424,-32.3061055],[-60.9744029,-32.3033],[-60.97448735,-32.30307977],[-60.9754851,-32.3004777],[-60.97738,-32.2959],[-60.97781,-32.29485],[-60.98141,-32.28659],[-60.98328,-32.28227],[-60.98349789,-32.2817485],[-60.9845,-32.27935],[-60.98622,-32.27506],[-60.9869472,-32.2732628],[-60.9877632,-32.2711523],[-60.989171,-32.2675235],[-60.98955262,-32.26653125],[-60.9905445,-32.2639523],[-60.99077396,-32.26336522]]]},"geometry_name":"geom","properties":{"gid":874,"rtn":"AP01","typ":40,"rst":1,"hct":2,"fdc":"IDESF","sag":"IGN"},"bbox":[-60.99077396,-32.36002835,-60.95598843,-32.26336522]},{"type":"Feature","id":"vial_provincial.875","geometry":{"type":"MultiLineString","coordinates":[[[-60.9787921,-32.2594765],[-60.9790564,-32.2595563],[-60.9792444,-32.2596131],[-60.979903,-32.2598331],[-60.987684,-32.2623833],[-60.9895974,-32.2630104],[-60.9904169,-32.2632453],[-60.99058016,-32.26330013]]]},"geometry_name":"geom","properties":{"gid":875,"rtn":"40s","typ":40,"rst":3,"hct":2,"fdc":"IDESF","sag":"IGN"},"bbox":[-60.99058016,-32.26330013,-60.9787921,-32.2594765]},{"type":"Feature","id":"vial_provincial.921","geometry":{"type":"MultiLineString","coordinates":[[[-60.9503304,-33.0945878],[-60.9502239,-33.0947307],[-60.9362343,-33.1134959],[-60.9222671,-33.132227],[-60.9204559,-33.1346459],[-60.9168805,-33.1392867],[-60.9167173,-33.1394022],[-60.9165528,-33.1394729],[-60.916379,-33.1395203],[-60.9161715,-33.1395445],[-60.9159518,-33.1395201],[-60.9150023,-33.139133],[-60.9148204,-33.1391059],[-60.9146806,-33.1391179],[-60.9145229,-33.1391602],[-60.914384,-33.1392339],[-60.9142367,-33.1393552],[-60.9137934,-33.1399162],[-60.9135681,-33.1401867],[-60.8913767,-33.1667835]]]},"geometry_name":"geom","properties":{"gid":921,"rtn":"11s","typ":40,"rst":3,"hct":2,"fdc":"IDESF","sag":"IGN"},"bbox":[-60.9503304,-33.1667835,-60.8913767,-33.0945878]},{"type":"Feature","id":"vial_provincial.880","geometry":{"type":"MultiLineString","coordinates":[[[-60.82873365,-32.63407738],[-60.8296912,-32.6307829],[-60.8302126,-32.6289666],[-60.83078,-32.62699],[-60.830987,-32.6263586],[-60.8312019,-32.6257335],[-60.8315927,-32.6247805],[-60.831991,-32.623954],[-60.83259,-32.62291],[-60.8331281,-32.6220414],[-60.8338677,-32.6210343],[-60.83522,-32.61948],[-60.8381179,-32.6162263],[-60.84025,-32.61386],[-60.8420632,-32.6120199],[-60.84381,-32.61043],[-60.8485873,-32.6062492],[-60.85166,-32.60356],[-60.8527725,-32.6025972],[-60.8530068,-32.6023814],[-60.8547003,-32.6008504],[-60.8603324,-32.5956814],[-60.8620553,-32.5940863],[-60.8659976,-32.5904446],[-60.8674747,-32.5890866],[-60.8682,-32.58841],[-60.8705212,-32.5860007],[-60.8708961,-32.5855434],[-60.8719466,-32.5843009],[-60.872061,-32.584157],[-60.87297,-32.58294],[-60.87389,-32.58171],[-60.87469,-32.58053],[-60.8752656,-32.5796772],[-60.8760422,-32.5783629],[-60.877186,-32.5763638],[-60.8782993,-32.5743842],[-60.8789456,-32.5731949],[-60.8795583,-32.5720529],[-60.8800989,-32.5709617],[-60.8805644,-32.5699284],[-60.8810323,-32.5687736],[-60.88146,-32.567643],[-60.8818799,-32.5663821],[-60.88232,-32.56483],[-60.8824807,-32.5642029],[-60.882647,-32.563475],[-60.8829256,-32.5621222],[-60.8831405,-32.5608549],[-60.883349,-32.55944],[-60.8835955,-32.5574124],[-60.8836692,-32.5567338],[-60.8840471,-32.5535076],[-60.8844744,-32.5498964],[-60.8856041,-32.5401975],[-60.8857735,-32.5388716],[-60.8860595,-32.5370045],[-60.8865327,-32.5341901],[-60.8867696,-32.5329478],[-60.8870137,-32.5317086],[-60.8873644,-32.5300362],[-60.8876574,-32.5287123],[-60.8879812,-32.5273901],[-60.8882914,-32.5261223],[-60.88928,-32.52238],[-60.8908122,-32.5175755],[-60.8913508,-32.5160519],[-60.8925269,-32.5128738],[-60.8933262,-32.5107202],[-60.8938638,-32.5092649],[-60.8944742,-32.5077045],[-60.89501,-32.5064],[-60.89659,-32.50294],[-60.89799,-32.50016],[-60.9005313,-32.49539673],[-60.90372,-32.48942],[-60.90848,-32.48056],[-60.91022,-32.47698],[-60.91106,-32.47507],[-60.9118542,-32.4733252],[-60.9137732,-32.4683813],[-60.9147072,-32.465975],[-60.9152041,-32.4648083],[-60.91526565,-32.46463019],[-60.91543705,-32.46413415],[-60.91567,-32.46346],[-60.9166823,-32.46087991],[-60.91844,-32.4564],[-60.91895,-32.45501],[-60.92011,-32.4517],[-60.92035014,-32.45091473],[-60.92148,-32.44722],[-60.92449,-32.43619],[-60.92678,-32.42784],[-60.92798,-32.42422],[-60.92856165,-32.42254775],[-60.9291,-32.421],[-60.9301783,-32.4182539],[-60.93103,-32.41613],[-60.9327444,-32.4123236],[-60.93386705,-32.41000265],[-60.9349897,-32.4076817],[-60.93582,-32.4061],[-60.9366084,-32.4046609],[-60.93685,-32.40422],[-60.93788,-32.40218],[-60.93893,-32.39958],[-60.9393,-32.39862],[-60.93968,-32.39741],[-60.94043,-32.39464],[-60.9410536,-32.3929009],[-60.9413776,-32.3919976],[-60.94256,-32.3887],[-60.94270966,-32.38828351],[-60.94408,-32.38447],[-60.94556,-32.38042],[-60.94715,-32.37641],[-60.94878,-32.37282],[-60.94977,-32.37083],[-60.9512,-32.36825],[-60.954141,-32.3632517],[-60.9544617,-32.3626758],[-60.9555335,-32.3608208],[-60.95598843,-32.36002835]]]},"geometry_name":"geom","properties":{"gid":880,"rtn":"AP01","typ":40,"rst":1,"hct":2,"fdc":"IDESF","sag":"IGN"},"bbox":[-60.95598843,-32.63407738,-60.82873365,-32.36002835]},{"type":"Feature","id":"vial_provincial.881","geometry":{"type":"MultiLineString","coordinates":[[[-60.9558027,-32.35993344],[-60.9555991,-32.3598294],[-60.9535807,-32.3587298],[-60.9530596,-32.3584459],[-60.9527227,-32.3582687],[-60.9521214,-32.3579411],[-60.9493254,-32.3564327],[-60.9478437,-32.3556333],[-60.9469315,-32.3551458],[-60.9458328,-32.3545463],[-60.9454063,-32.3543101],[-60.9447205,-32.3539326],[-60.9435672,-32.3533251],[-60.9433355,-32.3532008],[-60.9431313,-32.353088],[-60.9428544,-32.352943],[-60.9428202,-32.352925],[-60.9427627,-32.3528949]]]},"geometry_name":"geom","properties":{"gid":881,"rtn":"65","typ":40,"rst":1,"hct":2,"fdc":"IDESF","sag":"IGN"},"bbox":[-60.9558027,-32.35993344,-60.9427627,-32.3528949]},{"type":"Feature","id":"vial_provincial.882","geometry":{"type":"MultiLineString","coordinates":[[[-60.95598843,-32.36002835],[-60.9558027,-32.35993344]]]},"geometry_name":"geom","properties":{"gid":882,"rtn":"65","typ":40,"rst":1,"hct":2,"fdc":"IDESF","sag":"IGN"},"bbox":[-60.95598843,-32.36002835,-60.9558027,-32.35993344]},{"type":"Feature","id":"vial_provincial.922","geometry":{"type":"MultiLineString","coordinates":[[[-61.0155401,-33.046017],[-61.0143069,-33.0453916],[-61.0060913,-33.0563962],[-60.997959,-33.0672501],[-60.9927436,-33.0741724],[-60.9865368,-33.0825171],[-60.9837696,-33.0861809],[-60.9760923,-33.0821123],[-60.974473,-33.0842736],[-60.9722347,-33.0872782],[-60.96906,-33.0915396],[-60.96504,-33.0969027],[-60.9626838,-33.1000786],[-60.962148,-33.1008223]]]},"geometry_name":"geom","properties":{"gid":922,"rtn":"11s","typ":40,"rst":3,"hct":2,"fdc":"IDESF","sag":"IGN"},"bbox":[-61.0155401,-33.1008223,-60.962148,-33.0453916]},{"type":"Feature","id":"vial_provincial.893","geometry":{"type":"MultiLineString","coordinates":[[[-60.994814,-32.18709313],[-60.99483,-32.18693],[-60.99551,-32.18056],[-60.99594,-32.17408],[-60.99603,-32.17044],[-60.99597231,-32.16432538],[-60.99588,-32.15454],[-60.99536,-32.142],[-60.99457,-32.13477],[-60.993343,-32.1221826],[-60.9932617,-32.1206676],[-60.9932129,-32.118946],[-60.9933,-32.11673],[-60.99345,-32.1154],[-60.99369,-32.11353],[-60.99624,-32.10091],[-60.99667,-32.09806],[-60.9967,-32.09443],[-60.9963873,-32.0921341],[-60.9959813,-32.0900805],[-60.9934769,-32.0798425],[-60.9919454,-32.0734546],[-60.99163507,-32.07220442]]]},"geometry_name":"geom","properties":{"gid":893,"rtn":"AP01","typ":40,"rst":1,"hct":2,"fdc":"IDESF","sag":"IGN"},"bbox":[-60.9967,-32.18709313,-60.99163507,-32.07220442]},{"type":"Feature","id":"vial_provincial.895","geometry":{"type":"MultiLineString","coordinates":[[[-60.99077396,-32.26336522],[-60.99146,-32.26161],[-60.99221,-32.25946],[-60.99274,-32.25772],[-60.99326,-32.25586],[-60.99356,-32.25466],[-60.99393,-32.25292],[-60.99418,-32.25159],[-60.99438,-32.25032],[-60.99461,-32.2485],[-60.99496,-32.24491],[-60.99554,-32.23747],[-60.99580324,-32.23398022],[-60.9959067,-32.2326087],[-60.9960257,-32.2307213],[-60.9959928,-32.2286819],[-60.9959853,-32.2280477],[-60.9959,-32.22382],[-60.9956,-32.22018],[-60.99477223,-32.21039863],[-60.99451,-32.2073],[-60.99429,-32.20464],[-60.99414,-32.20123],[-60.99416,-32.19981],[-60.99414,-32.19771],[-60.99422894,-32.19606113],[-60.99427,-32.1953],[-60.99472,-32.19011],[-60.99504312,-32.18704986],[-60.99506,-32.18689],[-60.99571,-32.1808],[-60.99594,-32.17797],[-60.99624,-32.17241],[-60.99626,-32.17037],[-60.99624,-32.16827],[-60.99621176,-32.16647967],[-60.99604951,-32.15619414],[-60.99596,-32.15052],[-60.995888,-32.1472165],[-60.9956994,-32.1436168],[-60.99548721,-32.14112597],[-60.99416522,-32.12863249],[-60.99382,-32.12537],[-60.9937008,-32.1239868],[-60.99352,-32.12222],[-60.99345,-32.12031],[-60.99345,-32.11855],[-60.99358,-32.11623],[-60.99371,-32.11486],[-60.99397,-32.11317],[-60.99454674,-32.11028632],[-60.99476,-32.10922],[-60.99483198,-32.1088881],[-60.9953,-32.10673],[-60.99627912,-32.10211194],[-60.99657,-32.10074],[-60.99671926,-32.09978218],[-60.9968025,-32.099248],[-60.99685138,-32.09881161],[-60.9969795,-32.0976679],[-60.9970137,-32.095766],[-60.9969449,-32.0942498],[-60.9966579,-32.092144],[-60.99639143,-32.09081662],[-60.9962295,-32.09001],[-60.9936957,-32.079815],[-60.99310887,-32.07739265],[-60.9921434,-32.0734073],[-60.99184023,-32.07216828]]]},"geometry_name":"geom","properties":{"gid":895,"rtn":"AP01","typ":40,"rst":1,"hct":2,"fdc":"IDESF","sag":"IGN"},"bbox":[-60.9970137,-32.26336522,-60.99077396,-32.07216828]},{"type":"Feature","id":"vial_provincial.898","geometry":{"type":"MultiLineString","coordinates":[[[-60.99163507,-32.07220442],[-60.9915347,-32.0722221],[-60.987788,-32.0728937],[-60.9870039,-32.0730206],[-60.9863223,-32.0731307],[-60.9860326,-32.0731811],[-60.9852886,-32.0733095],[-60.9844318,-32.0734543],[-60.9779226,-32.0745994],[-60.9775592,-32.0746623],[-60.9772533,-32.0746954],[-60.9769492,-32.0747075],[-60.9767768,-32.0747049],[-60.976524,-32.0746925],[-60.9762788,-32.0746617],[-60.9760479,-32.0746224],[-60.9758408,-32.0745722],[-60.975552,-32.0744885],[-60.9753463,-32.0744144],[-60.975118,-32.0743099],[-60.9743938,-32.0739295],[-60.9742216,-32.0738651],[-60.9740339,-32.0738128],[-60.9737955,-32.0737787],[-60.9735768,-32.0737633],[-60.9733491,-32.0737609],[-60.9731272,-32.0737804],[-60.9728892,-32.0738301],[-60.9726916,-32.0738954],[-60.9724961,-32.0739573]]]},"geometry_name":"geom","properties":{"gid":898,"rtn":"80","typ":40,"rst":1,"hct":2,"fdc":"IDESF","sag":"IGN"},"bbox":[-60.99163507,-32.0747075,-60.9724961,-32.07220442]},{"type":"Feature","id":"vial_provincial.899","geometry":{"type":"MultiLineString","coordinates":[[[-60.99058016,-32.26330013],[-60.9912551,-32.2615631],[-60.99251,-32.2577],[-60.99324,-32.25483],[-60.99416,-32.25032],[-60.9947,-32.2447],[-60.9955721,-32.2341398],[-60.9956859,-32.2326107],[-60.9957829,-32.2303804],[-60.99577996,-32.22990744],[-60.9957705,-32.2283693],[-60.99571,-32.22372],[-60.99418,-32.20603],[-60.99399,-32.20106],[-60.99393,-32.19878],[-60.99412,-32.19515],[-60.99427,-32.19264],[-60.994814,-32.18709313]]]},"geometry_name":"geom","properties":{"gid":899,"rtn":"AP01","typ":40,"rst":1,"hct":2,"fdc":"IDESF","sag":"IGN"},"bbox":[-60.9957829,-32.26330013,-60.99058016,-32.18709313]},{"type":"Feature","id":"vial_provincial.900","geometry":{"type":"MultiLineString","coordinates":[[[-60.99058016,-32.26330013],[-60.99077396,-32.26336522]]]},"geometry_name":"geom","properties":{"gid":900,"rtn":"40s","typ":40,"rst":3,"hct":2,"fdc":"IDESF","sag":"IGN"},"bbox":[-60.99077396,-32.26336522,-60.99058016,-32.26330013]},{"type":"Feature","id":"vial_provincial.901","geometry":{"type":"MultiLineString","coordinates":[[[-60.9558027,-32.35993344],[-60.9569866,-32.3577381],[-60.95878,-32.35409],[-60.96022,-32.35068],[-60.96159,-32.34677],[-60.96822,-32.32422],[-60.9718938,-32.3106776],[-60.9722784,-32.3092515],[-60.9727215,-32.3076989],[-60.9738471,-32.3042239],[-60.9748694,-32.301487],[-60.9752861,-32.3004239],[-60.97622,-32.29819],[-60.98331,-32.28167],[-60.98472,-32.27813],[-60.986747,-32.2732097],[-60.9875536,-32.2711091],[-60.9889671,-32.2674804],[-60.9903458,-32.2639033],[-60.99058016,-32.26330013]]]},"geometry_name":"geom","properties":{"gid":901,"rtn":"AP01","typ":40,"rst":1,"hct":2,"fdc":"IDESF","sag":"IGN"},"bbox":[-60.99058016,-32.35993344,-60.9558027,-32.26330013]},{"type":"Feature","id":"vial_provincial.934","geometry":{"type":"MultiLineString","coordinates":[[[-60.77985078,-32.72735356],[-60.79811896,-32.72422366],[-60.8005838,-32.7236852],[-60.8010181,-32.7231263],[-60.8011382,-32.7229718],[-60.801303,-32.7227596],[-60.8061678,-32.716604],[-60.8065597,-32.7161082],[-60.8135004,-32.7072344],[-60.8141228,-32.7064417],[-60.8142119,-32.7063146],[-60.8142868,-32.706229],[-60.8150773,-32.7057409],[-60.8159797,-32.7051893],[-60.8163908,-32.7049225],[-60.8168602,-32.7046359],[-60.8177749,-32.7040776],[-60.8187127,-32.7035052],[-60.818217,-32.7029352],[-60.8563144,-32.6795545],[-60.856413,-32.6794942],[-60.8634128,-32.675212],[-60.8658816,-32.6733758],[-60.8664279,-32.6729646],[-60.8676145,-32.6720152],[-60.8686485,-32.6712175],[-60.8696768,-32.6704175],[-60.8706412,-32.6696822],[-60.8716398,-32.6688998],[-60.8726464,-32.6681289],[-60.8736473,-32.6673467],[-60.8746668,-32.666581],[-60.8756428,-32.6658124],[-60.8767498,-32.6649705],[-60.877701,-32.6642273],[-60.8792754,-32.6629702],[-60.8799045,-32.6625099],[-60.8803093,-32.6623509],[-60.880728,-32.6622373],[-60.8971559,-32.6593237],[-60.9011198,-32.6586324],[-60.9046306,-32.6580722],[-60.9112859,-32.6570885],[-60.9131259,-32.6566748],[-60.9140449,-32.6563559],[-60.9149176,-32.6559594],[-60.9155455,-32.6555693],[-60.9161118,-32.6551402],[-60.9166943,-32.6546135],[-60.9172868,-32.6540079],[-60.9180289,-32.6531167],[-60.9214064,-32.6488467],[-60.9224682,-32.6474282],[-60.9303843,-32.63709],[-60.9306171,-32.6367859],[-60.9433105,-32.6202061],[-60.9439465,-32.6193753],[-60.9443135,-32.618899],[-60.9447135,-32.6183608],[-60.9483887,-32.6134107],[-60.9488451,-32.612791],[-60.9492718,-32.6122239],[-60.95012,-32.6110672],[-60.9509511,-32.6099346],[-60.9514074,-32.6093444],[-60.9514652,-32.6092697],[-60.9516213,-32.6090651]]]},"geometry_name":"geom","properties":{"gid":934,"rtn":"10","typ":40,"rst":3,"hct":2,"fdc":"IDESF","sag":"IGN"},"bbox":[-60.9516213,-32.72735356,-60.77985078,-32.6090651]},{"type":"Feature","id":"vial_provincial.937","geometry":{"type":"MultiLineString","coordinates":[[[-61.0765382,-33.1663576],[-61.0759634,-33.1657506],[-61.0754575,-33.1653437],[-61.0750261,-33.1651257],[-61.0745425,-33.1649444],[-61.073307,-33.1644359],[-61.0664231,-33.161814],[-61.0657569,-33.1615293],[-61.0650609,-33.1612029],[-61.064493,-33.1608835],[-61.0639063,-33.1605396],[-61.0631921,-33.1600647],[-61.0604932,-33.158218],[-61.0599195,-33.1578449],[-61.04833817,-33.15000156],[-61.0442707,-33.1472469],[-61.0429835,-33.1463609],[-61.0410238,-33.1450509],[-61.040259,-33.1445709],[-61.038936,-33.1438268],[-61.0340343,-33.141083],[-61.0325887,-33.1402736],[-61.0250829,-33.1360907],[-61.0234083,-33.1351439],[-61.0103534,-33.1277797],[-61.0100536,-33.1276106],[-61.0054753,-33.1250805],[-60.9991346,-33.1215301],[-60.9892793,-33.1160115],[-60.9860955,-33.1141958],[-60.9832843,-33.1126357],[-60.9767895,-33.1088723],[-60.9725949,-33.1065672],[-60.9710474,-33.1057162],[-60.9671033,-33.103551],[-60.9666944,-33.103318],[-60.962148,-33.1008223],[-60.9584927,-33.0987749],[-60.9541762,-33.0965481],[-60.9503304,-33.0945878],[-60.9414089,-33.0892584],[-60.9379803,-33.0872355],[-60.9295587,-33.0824974],[-60.9196063,-33.0768978],[-60.9167741,-33.0753042],[-60.9166958,-33.0752601],[-60.9016306,-33.0667737],[-60.8997062,-33.0656984],[-60.8987249,-33.0651517],[-60.8973369,-33.0643671],[-60.8962501,-33.0637662],[-60.8955821,-33.063403],[-60.8949718,-33.0631086],[-60.8946232,-33.0629489],[-60.8941133,-33.0627424],[-60.8935248,-33.0625234],[-60.8922745,-33.0621014],[-60.8904077,-33.0614605],[-60.8790015,-33.0575966],[-60.8757287,-33.0564773],[-60.8722208,-33.0551545],[-60.8713073,-33.0548076],[-60.8706437,-33.0545275],[-60.870394,-33.0543711],[-60.8701644,-33.0541917],[-60.8699326,-33.0539631],[-60.8693464,-33.0533393]]]},"geometry_name":"geom","properties":{"gid":937,"rtn":"17s","typ":40,"rst":1,"hct":2,"fdc":"IDESF","sag":"IGN"},"bbox":[-61.0765382,-33.1663576,-60.8693464,-33.0533393]},{"type":"Feature","id":"vial_provincial.963","geometry":{"type":"MultiLineString","coordinates":[[[-60.9118892,-32.7711901],[-60.9118824,-32.7710471],[-60.911929,-32.7709495],[-60.9174438,-32.7637462],[-60.9176877,-32.7633498],[-60.9053825,-32.7571183],[-60.9044295,-32.7566357],[-60.8995322,-32.7541676],[-60.8876115,-32.7481598],[-60.8765325,-32.7426171],[-60.8685362,-32.7384369],[-60.8445159,-32.7256401],[-60.8487812,-32.7200539],[-60.8355242,-32.7126784],[-60.820771,-32.70462],[-60.8187127,-32.7035052]]]},"geometry_name":"geom","properties":{"gid":963,"rtn":"18s","typ":40,"rst":3,"hct":2,"fdc":"IDESF","sag":"IGN"},"bbox":[-60.9176877,-32.7711901,-60.8187127,-32.7035052]},{"type":"Feature","id":"vial_provincial.974","geometry":{"type":"MultiLineString","coordinates":[[[-60.8334388,-32.6328809],[-60.8338074,-32.6339078],[-60.8340914,-32.6346635],[-60.8344206,-32.6355285],[-60.8346406,-32.6361097],[-60.8346882,-32.6362267],[-60.8347871,-32.6364846],[-60.8353996,-32.6380827],[-60.835415,-32.6381227],[-60.8357118,-32.638893],[-60.8359148,-32.6394094],[-60.8360109,-32.6396247],[-60.8361277,-32.6398669],[-60.8363346,-32.6402223],[-60.8363811,-32.6403022],[-60.8366725,-32.6407719],[-60.8368567,-32.6410311],[-60.8369074,-32.6411024],[-60.8371604,-32.6414224],[-60.8373374,-32.6416464],[-60.8377897,-32.6422429],[-60.8380749,-32.6426191],[-60.8386097,-32.6433246],[-60.838886,-32.643689],[-60.8390461,-32.6438883],[-60.8395292,-32.6444894],[-60.8397651,-32.6447829],[-60.8405739,-32.645797],[-60.8407321,-32.6459863],[-60.8410232,-32.6463486],[-60.8420103,-32.6475845],[-60.8422678,-32.647823],[-60.8428428,-32.6483722],[-60.8434952,-32.648842],[-60.8443277,-32.6492972],[-60.8445788,-32.6494106],[-60.8452718,-32.6497236],[-60.8473661,-32.650533],[-60.8478983,-32.6507498],[-60.8484476,-32.65101],[-60.8485963,-32.6510967],[-60.8488939,-32.6512702],[-60.8494003,-32.6516026],[-60.8497179,-32.6518916],[-60.8500698,-32.6522674],[-60.8505075,-32.6527661],[-60.8507231,-32.6530702],[-60.8508251,-32.6532141],[-60.8511942,-32.6537127],[-60.8514946,-32.6541463],[-60.8517349,-32.6544426],[-60.8520039,-32.6547122],[-60.8522528,-32.6549457],[-60.8526737,-32.6553249],[-60.8539456,-32.6564586],[-60.8547905,-32.657232],[-60.8562509,-32.6585044],[-60.8577756,-32.6598329],[-60.8582323,-32.6602308],[-60.8585756,-32.6605054],[-60.8589707,-32.6607969],[-60.8592708,-32.6610184],[-60.8598888,-32.661358],[-60.8599459,-32.6613838],[-60.8605755,-32.6616687],[-60.8614119,-32.6619612],[-60.8621376,-32.6621601],[-60.8624401,-32.6622042],[-60.8627813,-32.662254],[-60.8635788,-32.6623229],[-60.8643692,-32.6623263],[-60.8649704,-32.6623072],[-60.865588,-32.662254],[-60.8666142,-32.6620713],[-60.8679826,-32.6618277],[-60.869004,-32.6616543],[-60.8694898,-32.6616032],[-60.8698967,-32.6615604],[-60.8703146,-32.6615405],[-60.8709781,-32.6615748],[-60.8719652,-32.6617627],[-60.8724716,-32.6619072],[-60.8733127,-32.6622179],[-60.8736839,-32.6624105],[-60.8741024,-32.6626804],[-60.8748382,-32.6632429],[-60.8752338,-32.6636053],[-60.8755088,-32.6638538],[-60.8759725,-32.6642867],[-60.8761013,-32.664407],[-60.8767498,-32.6649705]]]},"geometry_name":"geom","properties":{"gid":974,"rtn":"26s","typ":40,"rst":1,"hct":2,"fdc":"IDESF","sag":"IGN"},"bbox":[-60.8767498,-32.6649705,-60.8334388,-32.6328809]},{"type":"Feature","id":"vial_provincial.1043","geometry":{"type":"MultiLineString","coordinates":[[[-61.156004,-32.1539459],[-61.1524747,-32.1545805],[-61.1517877,-32.1547154],[-61.1510142,-32.1548613],[-61.1448839,-32.1559791],[-61.1312322,-32.1585096],[-61.1175823,-32.1611079],[-61.1166855,-32.1612689],[-61.1144579,-32.1616785],[-61.1132498,-32.161904],[-61.1119912,-32.1621343],[-61.1107303,-32.1623651],[-61.1094611,-32.1626013],[-61.1082457,-32.1628231],[-61.107047,-32.1630432],[-61.1065457,-32.1631358],[-61.1038909,-32.1636195],[-61.1028673,-32.163811],[-61.0947049,-32.1653127],[-61.0902847,-32.1661013],[-61.0765502,-32.1686119],[-61.0629627,-32.1710955],[-61.0628387,-32.1711149],[-61.0591421,-32.1718225],[-61.0491028,-32.1736518],[-61.0484759,-32.1737734],[-61.0424747,-32.1749041],[-61.0410155,-32.1752347],[-61.0399674,-32.1755304],[-61.038837,-32.1759827],[-61.0374806,-32.1766263],[-61.0359118,-32.1774631],[-61.0343156,-32.1784876],[-61.0332994,-32.179082],[-61.0320772,-32.1797014],[-61.0309768,-32.1801382],[-61.0297369,-32.1805568],[-61.0276291,-32.1810423],[-60.9982112,-32.1864571],[-60.9954686,-32.1869695],[-60.99504312,-32.18704986]]]},"geometry_name":"geom","properties":{"gid":1043,"rtn":"41s","typ":40,"rst":1,"hct":2,"fdc":"IDESF","sag":"IGN"},"bbox":[-61.156004,-32.18704986,-60.99504312,-32.1539459]},{"type":"Feature","id":"vial_provincial.1241","geometry":{"type":"MultiLineString","coordinates":[[[-60.91526565,-32.46463019],[-60.9154542,-32.4646019],[-60.9179874,-32.46419605]]]},"geometry_name":"geom","properties":{"gid":1241,"rtn":"28s","typ":40,"rst":1,"hct":2,"fdc":"IDESF","sag":"IGN"},"bbox":[-60.9179874,-32.46463019,-60.91526565,-32.46419605]},{"type":"Feature","id":"vial_provincial.1248","geometry":{"type":"MultiLineString","coordinates":[[[-61.1584801,-32.5802196],[-61.1581206,-32.5803055],[-61.1579704,-32.5803055],[-61.1577505,-32.5802648],[-61.157485,-32.5801857],[-61.1573642,-32.580179],[-61.157147,-32.5802151],[-61.1569297,-32.5802897],[-61.1564482,-32.5804374],[-61.1545031,-32.5809157],[-61.1450226,-32.5828772],[-61.1365525,-32.5845955],[-61.1315633,-32.5855033],[-61.1263961,-32.5864026],[-61.1220558,-32.5873062],[-61.1218933,-32.5873389],[-61.1099316,-32.5898053],[-61.0817561,-32.5957046],[-61.080614,-32.5960431],[-61.0793962,-32.5964531],[-61.0736091,-32.5986062],[-61.0731928,-32.5987611],[-61.0672448,-32.6010099],[-61.0665838,-32.601206],[-61.0657498,-32.6014431],[-61.0647626,-32.6016616],[-61.0617849,-32.6022571],[-61.0440775,-32.6058593],[-61.0435043,-32.6060336],[-61.0428713,-32.6062222],[-61.0422928,-32.6064446],[-61.0416458,-32.6067225],[-61.039125,-32.608042],[-61.0386888,-32.6082207],[-61.0380189,-32.6084952],[-61.0373979,-32.608698],[-61.0368652,-32.6088456],[-61.0367532,-32.6088767],[-61.03591,-32.6090542],[-61.0353002,-32.60915],[-61.0346172,-32.609198],[-61.03355559,-32.60920373],[-61.0332649,-32.6092053],[-61.0204356,-32.6084464],[-61.0106508,-32.6078676],[-61.0062513,-32.6076073],[-60.989576,-32.6057626],[-60.9891326,-32.6057413],[-60.9890664,-32.6057381],[-60.9889221,-32.6057312],[-60.9884672,-32.6057093],[-60.9869534,-32.6057057],[-60.9843463,-32.605778],[-60.9730102,-32.6063416],[-60.9617347,-32.6068946],[-60.9613559,-32.60693],[-60.9608729,-32.6069917],[-60.9604275,-32.6070772],[-60.9602952,-32.6071114],[-60.9598301,-32.607233],[-60.9596974,-32.6072737],[-60.959192,-32.6074559],[-60.9580182,-32.6079661],[-60.9561956,-32.6089405],[-60.9560565,-32.6090198],[-60.9554784,-32.6092429],[-60.9547379,-32.6095013],[-60.9546394,-32.6095219],[-60.9543224,-32.6095435],[-60.9542748,-32.6095389],[-60.9542302,-32.6095335],[-60.9541811,-32.6095254],[-60.9532714,-32.6093704],[-60.9516213,-32.6090651],[-60.9496322,-32.6087119],[-60.9494666,-32.6086835],[-60.9481167,-32.6084445],[-60.9473532,-32.6083088],[-60.9471479,-32.6082704],[-60.9452629,-32.6079287],[-60.9434336,-32.6076122],[-60.9416092,-32.6072811],[-60.9397576,-32.6069589],[-60.9388095,-32.6068127],[-60.9381675,-32.6067396],[-60.9379422,-32.6067495],[-60.9375249,-32.6067802],[-60.9374598,-32.6067851],[-60.9372805,-32.6067979],[-60.9368649,-32.6068568],[-60.9360868,-32.6069797],[-60.9350425,-32.6073196],[-60.9348387,-32.607386],[-60.9340858,-32.6076311],[-60.9333969,-32.6078569],[-60.9325244,-32.6081429],[-60.932017,-32.608314],[-60.9310515,-32.6086257],[-60.9264418,-32.6101367],[-60.9218305,-32.6116482],[-60.9188841,-32.612614],[-60.9152259,-32.6138247],[-60.9087777,-32.6159],[-60.8987732,-32.6191958],[-60.8974425,-32.6195655],[-60.8959985,-32.6198278],[-60.8936294,-32.620264],[-60.882198,-32.6223689],[-60.8812101,-32.6225538],[-60.8809318,-32.6226059],[-60.8751014,-32.6236697],[-60.8647872,-32.6255237],[-60.8562936,-32.6270527],[-60.8517869,-32.6278641],[-60.8499606,-32.6282814],[-60.8365999,-32.6319174]]]},"geometry_name":"geom","properties":{"gid":1248,"rtn":"91","typ":40,"rst":1,"hct":2,"fdc":"IDESF","sag":"IGN"},"bbox":[-61.1584801,-32.6319174,-60.8365999,-32.580179]},{"type":"Feature","id":"vial_provincial.1249","geometry":{"type":"MultiLineString","coordinates":[[[-60.8365999,-32.6319174],[-60.8362577,-32.6320599],[-60.8356032,-32.6322757],[-60.8344976,-32.6325856],[-60.8343788,-32.6326161],[-60.8334388,-32.6328809],[-60.8325538,-32.6331171],[-60.8323595,-32.6331696],[-60.8312465,-32.6334562],[-60.8308322,-32.6335574],[-60.8304628,-32.6336393],[-60.8302776,-32.6336743],[-60.8300236,-32.6337202],[-60.8313585,-32.6333398],[-60.8325574,-32.6330267],[-60.8334115,-32.6327978],[-60.8343863,-32.6325274],[-60.8349005,-32.6323847],[-60.8365999,-32.6319174]]]},"geometry_name":"geom","properties":{"gid":1249,"rtn":"91","typ":40,"rst":1,"hct":2,"fdc":"IDESF","sag":"IGN"},"bbox":[-60.8365999,-32.6337202,-60.8300236,-32.6319174]},{"type":"Feature","id":"vial_provincial.1259","geometry":{"type":"MultiLineString","coordinates":[[[-60.9372805,-32.6067979],[-60.9376244,-32.6062913],[-60.9398167,-32.6030166],[-60.9412941,-32.6010716],[-60.9418353,-32.6003559],[-60.9421853,-32.5999372],[-60.9627436,-32.5730127],[-60.9703841,-32.5630062],[-60.9718246,-32.5611213],[-60.9854668,-32.543268],[-60.998154,-32.5264481],[-60.9986904,-32.5257245],[-60.999141,-32.5250008],[-61.0001477,-32.5233127],[-61.000891,-32.5218396],[-61.0018673,-32.5203293],[-61.0088523,-32.5115094],[-61.0098646,-32.5104947],[-61.0108532,-32.5096483],[-61.0120361,-32.5087621],[-61.0132629,-32.5080749],[-61.014375,-32.5075908],[-61.0158314,-32.507185],[-61.0182575,-32.5067286],[-61.019955,-32.5063949],[-61.021778,-32.5060663],[-61.0225888,-32.5059137],[-61.0249484,-32.5054834],[-61.0253703,-32.5055079],[-61.0272399,-32.5051741]]]},"geometry_name":"geom","properties":{"gid":1259,"rtn":"10","typ":40,"rst":1,"hct":2,"fdc":"IDESF","sag":"IGN"},"bbox":[-61.0272399,-32.6067979,-60.9372805,-32.5051741]},{"type":"Feature","id":"vial_provincial.1276","geometry":{"type":"MultiLineString","coordinates":[[[-61.02583504,-32.88463447],[-61.0255078,-32.8833394],[-61.0253471,-32.8827027],[-61.0251875,-32.8820705],[-61.0250202,-32.8814075],[-61.0248579,-32.8807646],[-61.0246956,-32.8801215],[-61.0245364,-32.8795067],[-61.0262342,-32.8791982],[-61.026986,-32.8790616],[-61.0269011,-32.8787159],[-61.0268185,-32.8783794],[-61.0268093,-32.8783419],[-61.0266441,-32.8776694],[-61.0265863,-32.8774342],[-61.0258597,-32.8775507],[-61.0241317,-32.8778407],[-61.0239759,-32.8772161],[-61.0238175,-32.8765813],[-61.023656,-32.875934],[-61.0235011,-32.8753131],[-61.023339,-32.8746639],[-61.0231777,-32.8740171],[-61.0229361,-32.8730491],[-61.0228939,-32.8728799],[-61.0224171,-32.87089],[-61.018601,-32.8556716],[-61.0129309,-32.8327489],[-61.0127338,-32.8323157],[-61.0125203,-32.8318685],[-61.0073656,-32.824354],[-61.0010133,-32.8151056],[-60.9917472,-32.8016132],[-60.9861142,-32.793403],[-60.9849471,-32.7917018],[-60.9701223,-32.7700904],[-60.9583018,-32.7528215],[-60.9581811,-32.7527576],[-60.9562309,-32.7524742]]]},"geometry_name":"geom","properties":{"gid":1276,"rtn":"18s","typ":40,"rst":3,"hct":2,"fdc":"IDESF","sag":"IGN"},"bbox":[-61.026986,-32.88463447,-60.9562309,-32.7524742]},{"type":"Feature","id":"vial_provincial.1327","geometry":{"type":"MultiLineString","coordinates":[[[-60.9224682,-32.6474282],[-60.9292974,-32.6499216],[-60.9349627,-32.6545715],[-60.9366512,-32.6559573],[-60.9444246,-32.6623171],[-60.9524388,-32.6667837],[-60.9524964,-32.6668288],[-60.9525215,-32.6668841],[-60.9525311,-32.6669529],[-60.9525002,-32.6670227],[-60.952102,-32.6675614],[-60.9520669,-32.6676231],[-60.9520683,-32.667678],[-60.9520932,-32.667742],[-60.9521546,-32.6677992],[-60.9548465,-32.669189],[-60.9605197,-32.6721182],[-60.9647792,-32.6749248],[-60.9744161,-32.6800618],[-60.9768813,-32.6813227],[-60.9812033,-32.6835333],[-60.9837139,-32.6848358],[-60.9898325,-32.6890481],[-60.9986184,-32.6925621],[-61.0046847,-32.6949883],[-61.0058572,-32.6955479],[-61.0059684,-32.6956135],[-61.0155245,-32.7039027],[-61.0214522,-32.7100914],[-61.0217194,-32.7103703],[-61.0222912,-32.7110832],[-61.0225966,-32.7114697],[-61.0228267,-32.7117467]]]},"geometry_name":"geom","properties":{"gid":1327,"rtn":"26s","typ":40,"rst":3,"hct":2,"fdc":"IDESF","sag":"IGN"},"bbox":[-61.0228267,-32.7117467,-60.9224682,-32.6474282]},{"type":"Feature","id":"vial_provincial.1394","geometry":{"type":"MultiLineString","coordinates":[[[-60.834217,-33.2357377],[-60.8341285,-33.23542],[-60.8328282,-33.2356666],[-60.8321753,-33.2357865]]]},"geometry_name":"geom","properties":{"gid":1394,"rtn":"26","typ":40,"rst":1,"hct":2,"fdc":"IDESF","sag":"IGN"},"bbox":[-60.834217,-33.2357865,-60.8321753,-33.23542]},{"type":"Feature","id":"vial_provincial.1459","geometry":{"type":"MultiLineString","coordinates":[[[-60.9135357,-33.2052342],[-60.9133358,-33.2054935],[-60.9131862,-33.2056875],[-60.9130189,-33.2059045],[-60.9046412,-33.216769],[-60.9009158,-33.2215998],[-60.8922986,-33.232773],[-60.8888569,-33.2371222],[-60.8886424,-33.2372837],[-60.8883098,-33.2374093],[-60.84350683,-33.24565951]]]},"geometry_name":"geom","properties":{"gid":1459,"rtn":"26","typ":40,"rst":3,"hct":2,"fdc":"IDESF","sag":"IGN"},"bbox":[-60.9135357,-33.24565951,-60.84350683,-33.2052342]},{"type":"Feature","id":"vial_provincial.1460","geometry":{"type":"MultiLineString","coordinates":[[[-60.7919903,-33.0940961],[-60.7923808,-33.0948758],[-60.7924848,-33.0950768],[-60.792955,-33.0959705],[-60.7940215,-33.0979749],[-60.7946064,-33.0988906],[-60.7953037,-33.0997319],[-60.7960655,-33.1004536],[-60.7967256,-33.1009619],[-60.7975139,-33.1014787],[-60.7984969,-33.1020431],[-60.7996216,-33.1026616],[-60.8002605,-33.1030787],[-60.8011338,-33.1037561],[-60.8016935,-33.1042904],[-60.8021937,-33.104808],[-60.8027496,-33.105461],[-60.8060851,-33.1095336],[-60.8086857,-33.1127201],[-60.8091995,-33.1132811],[-60.8095584,-33.1136274],[-60.8100037,-33.1140296],[-60.8104473,-33.1143876],[-60.8108583,-33.1146915],[-60.8114997,-33.1151084],[-60.8123682,-33.1156069],[-60.8187304,-33.1188421],[-60.8264621,-33.122804],[-60.8362718,-33.1278304],[-60.8373479,-33.1284521],[-60.8384857,-33.1292361],[-60.8407151,-33.1309585],[-60.856848,-33.1434226],[-60.8568964,-33.14346],[-60.8735719,-33.1562898],[-60.8779815,-33.1596112],[-60.8816871,-33.1624677],[-60.8835616,-33.1639705],[-60.8841557,-33.1644093],[-60.8847315,-33.1647616],[-60.8852032,-33.1650174],[-60.8856484,-33.165233],[-60.8860748,-33.165414],[-60.8866677,-33.1656439],[-60.8872593,-33.1658381],[-60.8878398,-33.1659919],[-60.8885452,-33.1661462],[-60.8895269,-33.1663354],[-60.8904771,-33.1665357],[-60.8909968,-33.1666699],[-60.8913767,-33.1667835],[-60.8918041,-33.1669259],[-60.8922683,-33.1671045],[-60.892767,-33.1673143],[-60.8932878,-33.1675748],[-60.8936575,-33.1677791],[-60.8940297,-33.1680021],[-60.894438,-33.1682685],[-60.8948389,-33.1685405],[-60.8956745,-33.1691972],[-60.8960317,-33.1694734],[-60.8965898,-33.169905],[-60.8975003,-33.1706089],[-60.8981542,-33.1711145],[-60.8991771,-33.1719054],[-60.8998655,-33.1724377],[-60.9007457,-33.1731182],[-60.901179,-33.1734904],[-60.9015992,-33.1738881],[-60.9020728,-33.1743879],[-60.9023494,-33.1747102],[-60.9026432,-33.1750821],[-60.9028478,-33.1753622],[-60.9031125,-33.1757556],[-60.9034609,-33.1763409],[-60.9037702,-33.1769505],[-60.9040917,-33.1776999],[-60.9059505,-33.1831643],[-60.9062571,-33.1840536],[-60.9069113,-33.1859512],[-60.9092005,-33.1927032],[-60.9131316,-33.204072],[-60.9135357,-33.2052342]]]},"geometry_name":"geom","properties":{"gid":1460,"rtn":"14","typ":40,"rst":1,"hct":2,"fdc":"IDESF","sag":"IGN"},"bbox":[-60.9135357,-33.2052342,-60.7919903,-33.0940961]},{"type":"Feature","id":"vial_provincial.1465","geometry":{"type":"MultiLineString","coordinates":[[[-60.8321753,-33.2357865],[-60.8312956,-33.2325006],[-60.8307601,-33.2304753],[-60.8220204,-33.1970987],[-60.8179808,-33.1815906],[-60.8167901,-33.1769895],[-60.8138703,-33.1657721],[-60.8137436,-33.1652886],[-60.812729,-33.161417],[-60.8078561,-33.1429623],[-60.8073584,-33.1408957],[-60.8071574,-33.1401599],[-60.8068097,-33.1391539],[-60.8061474,-33.1375578],[-60.8057169,-33.1365378],[-60.8056549,-33.1363074],[-60.8056175,-33.1360874],[-60.8056235,-33.1358568],[-60.8056055,-33.1356784],[-60.805529,-33.1354123],[-60.8054453,-33.1352065]]]},"geometry_name":"geom","properties":{"gid":1465,"rtn":"20s","typ":40,"rst":3,"hct":2,"fdc":"IDESF","sag":"IGN"},"bbox":[-60.8321753,-33.2357865,-60.8054453,-33.1352065]},{"type":"Feature","id":"vial_provincial.1482","geometry":{"type":"MultiLineString","coordinates":[[[-60.8300236,-32.6337202],[-60.829024,-32.6339944],[-60.82873365,-32.63407738]]]},"geometry_name":"geom","properties":{"gid":1482,"rtn":"91","typ":40,"rst":1,"hct":2,"fdc":"IDESF","sag":"IGN"},"bbox":[-60.8300236,-32.63407738,-60.82873365,-32.6337202]},{"type":"Feature","id":"vial_provincial.1566","geometry":{"type":"MultiLineString","coordinates":[[[-61.3539357,-32.3809962],[-61.3538652,-32.3807003],[-61.3537836,-32.3804137],[-61.3536889,-32.3801307],[-61.3534993,-32.3797157],[-61.3533825,-32.3794793],[-61.3532591,-32.3792373],[-61.3529307,-32.378638],[-61.3525803,-32.3780424],[-61.3524128,-32.3777967],[-61.3522629,-32.3775473],[-61.3520337,-32.3772141],[-61.3518111,-32.3768698],[-61.3516987,-32.3766892],[-61.3516017,-32.3765068],[-61.3515136,-32.3763188],[-61.3514364,-32.3761382],[-61.3514012,-32.3760526],[-61.3510972,-32.3750842],[-61.3510352,-32.3747748],[-61.3509072,-32.3739056],[-61.3509032,-32.372723],[-61.3508895,-32.3719921],[-61.3508445,-32.3715617],[-61.3508059,-32.3713516],[-61.3505656,-32.3703973],[-61.3502903,-32.3692905],[-61.3500059,-32.368131],[-61.3498904,-32.367474],[-61.3497911,-32.3668988],[-61.3497677,-32.3667881],[-61.3497164,-32.3665389],[-61.3495034,-32.3656289],[-61.3489498,-32.3633703],[-61.3486765,-32.362195],[-61.3474979,-32.3575802],[-61.3463524,-32.3530247],[-61.3451733,-32.3485903],[-61.3449876,-32.3480691],[-61.3447785,-32.3476531],[-61.3445502,-32.3472726],[-61.344366,-32.3470278],[-61.3440799,-32.346701],[-61.3436839,-32.3463119],[-61.3432857,-32.3459809],[-61.3428715,-32.3456952],[-61.3424188,-32.3454477],[-61.3419429,-32.3452296],[-61.3412906,-32.3450211],[-61.3407024,-32.3448707],[-61.3401501,-32.3447798],[-61.3397342,-32.344736],[-61.3393553,-32.344729],[-61.3389228,-32.3447492],[-61.3384132,-32.3447977],[-61.33785,-32.3448733],[-61.3303061,-32.3463171],[-61.3168258,-32.3488139],[-61.3032742,-32.3512953],[-61.2897775,-32.3537677],[-61.2762473,-32.3562196],[-61.2652634,-32.3582343],[-61.2644329,-32.3584332],[-61.2627304,-32.3589011],[-61.260509,-32.3595484],[-61.2598076,-32.3597182],[-61.2591277,-32.3598638],[-61.2213819,-32.3668382],[-61.200892,-32.3705973],[-61.2002731,-32.3706874],[-61.1997111,-32.3707439],[-61.1992322,-32.3707521],[-61.1987633,-32.3707414],[-61.1975006,-32.3706684],[-61.1801599,-32.3694888],[-61.18009172,-32.36948386],[-61.1713332,-32.368849],[-61.1623094,-32.3683342],[-61.1376213,-32.3667533],[-61.1292286,-32.3658337],[-61.1285992,-32.3657698],[-61.1221575,-32.3650586],[-61.1055546,-32.363204],[-61.1048503,-32.3631404],[-61.1041195,-32.3630968],[-61.1033406,-32.3631052],[-61.102585,-32.3631395],[-61.1018073,-32.3631841],[-61.1010029,-32.3632761],[-61.0922214,-32.3645745],[-61.0919744,-32.3646004],[-61.0916476,-32.3646377],[-61.0902195,-32.3648577],[-61.0895629,-32.3649467],[-61.0849473,-32.365616],[-61.0780348,-32.3665926],[-61.0773051,-32.3667119],[-61.0767932,-32.3668327],[-61.0764401,-32.3669598],[-61.0760704,-32.3671255],[-61.075719,-32.3673329],[-61.0754146,-32.367562],[-61.0751132,-32.3678424],[-61.0748452,-32.3681772],[-61.0746524,-32.3685014],[-61.0740482,-32.3696626],[-61.0737784,-32.3700496],[-61.0734704,-32.3703852],[-61.0731025,-32.3707021],[-61.0727108,-32.3709529],[-61.0718069,-32.3713689],[-61.0708225,-32.3715438],[-61.0403339,-32.3762338],[-61.0255201,-32.3785666],[-61.0249337,-32.3786064],[-61.0243436,-32.3786264],[-61.0237629,-32.3785855],[-61.0231565,-32.3785041],[-61.0225181,-32.378367],[-61.0218486,-32.378157],[-61.0090716,-32.3736863],[-61.0086259,-32.373531],[-61.0048246,-32.3722066],[-61.0038773,-32.3719905],[-61.0033275,-32.3719528],[-61.0028098,-32.3719153],[-61.0017524,-32.3719964],[-60.994805,-32.3731961],[-60.9940831,-32.37328],[-60.9932643,-32.3733379],[-60.9925825,-32.3733398],[-60.9917773,-32.3732772],[-60.979474,-32.3719601],[-60.9782911,-32.3717404],[-60.9776748,-32.3715567],[-60.9772456,-32.3714287],[-60.9762639,-32.3710001],[-60.958389,-32.3613217],[-60.9561981,-32.3601355],[-60.95598843,-32.36002835]]]},"geometry_name":"geom","properties":{"gid":1566,"rtn":"65","typ":40,"rst":1,"hct":2,"fdc":"IDESF","sag":"IGN"},"bbox":[-61.3539357,-32.3809962,-60.95598843,-32.344729]},{"type":"Feature","id":"vial_provincial.1572","geometry":{"type":"MultiLineString","coordinates":[[[-60.97200193,-32.07383268],[-60.97229266,-32.07393789],[-60.9724961,-32.0739573],[-60.97237832,-32.07413776],[-60.97226814,-32.07434258]]]},"geometry_name":"geom","properties":{"gid":1572,"rtn":"80","typ":40,"rst":1,"hct":2,"fdc":"IDESF","sag":"IGN"},"bbox":[-60.9724961,-32.07434258,-60.97200193,-32.07383268]},{"type":"Feature","id":"vial_provincial.1587","geometry":{"type":"MultiLineString","coordinates":[[[-60.82850847,-32.63414173],[-60.8294723,-32.6307536],[-60.8300095,-32.6289264],[-60.83006329,-32.62874339],[-60.8305874,-32.6269603],[-60.8307899,-32.626313],[-60.83095845,-32.62581216],[-60.8310039,-32.6256771],[-60.831392,-32.6247167],[-60.8318193,-32.6238465],[-60.8324176,-32.6227832],[-60.83289999,-32.62203331],[-60.8329577,-32.6219436],[-60.8337029,-32.6209226],[-60.8350575,-32.6193315],[-60.8351658,-32.61921096],[-60.8379636,-32.6160971],[-60.8400994,-32.6137277],[-60.84052002,-32.61329593],[-60.8419131,-32.6118659],[-60.84345924,-32.61048937],[-60.84411,-32.60991],[-60.8484283,-32.6061337],[-60.85000086,-32.60475842],[-60.85115239,-32.60375136],[-60.8521922,-32.602842],[-60.8526351,-32.6024501],[-60.8528666,-32.6022465],[-60.85590331,-32.59947602],[-60.8565452,-32.5988904],[-60.85845621,-32.59713494],[-60.860302,-32.5954394],[-60.8621731,-32.593709],[-60.86245198,-32.59345122],[-60.86424769,-32.59179141],[-60.8658293,-32.5903295],[-60.8672472,-32.5890315],[-60.8681631,-32.5881681],[-60.86904,-32.58727],[-60.86913663,-32.58716945],[-60.86941102,-32.58688391],[-60.8701184,-32.5861478],[-60.8707289,-32.5854555],[-60.87084049,-32.58532028],[-60.8717778,-32.5841845],[-60.871888,-32.5840522],[-60.87323,-32.58227],[-60.87464044,-32.58023035],[-60.87469927,-32.58014528],[-60.8747729,-32.5800388],[-60.8753192,-32.5791845],[-60.8757269,-32.5784658],[-60.87668016,-32.57677085],[-60.87681,-32.57654],[-60.8776259,-32.5751704],[-60.8784467,-32.5736831],[-60.8792352,-32.5722207],[-60.87926979,-32.57215029],[-60.879944,-32.5707781],[-60.88018156,-32.57024695],[-60.8805817,-32.5693523],[-60.8811871,-32.5677714],[-60.8815527,-32.5667302],[-60.8819722,-32.5652916],[-60.8821857,-32.5645239],[-60.8822193,-32.56438373],[-60.8823949,-32.5636513],[-60.88244376,-32.56340992],[-60.8827098,-32.5620957],[-60.8830337,-32.5601447],[-60.8833543,-32.5575724],[-60.8834545,-32.5567331],[-60.8835425,-32.55598899],[-60.88380326,-32.55378425],[-60.8838362,-32.5535057],[-60.8842997,-32.5494545],[-60.88450599,-32.54770847],[-60.88465336,-32.54646116],[-60.88528529,-32.5411126],[-60.8853455,-32.540603],[-60.88546015,-32.5397279],[-60.8855748,-32.5388528],[-60.8859274,-32.5365704],[-60.88614248,-32.53523057],[-60.88621,-32.53481],[-60.8863378,-32.5341101],[-60.8865041,-32.5332576],[-60.88661267,-32.53268972],[-60.8867861,-32.5317826],[-60.88715,-32.52996],[-60.8874724,-32.5285969],[-60.8877942,-32.5272717],[-60.88781054,-32.52720703],[-60.8881617,-32.5258176],[-60.88833778,-32.52512606],[-60.8885188,-32.5244151],[-60.89007754,-32.5192977],[-60.89039389,-32.51825914],[-60.8905748,-32.5176652],[-60.8909449,-32.5165727],[-60.89136405,-32.51543346],[-60.89212744,-32.51335857],[-60.8923253,-32.5128208],[-60.8931286,-32.5106701],[-60.89319786,-32.51048329],[-60.893683,-32.5091748],[-60.8942811,-32.5076344],[-60.89484,-32.50625],[-60.89549019,-32.50482106],[-60.89661,-32.50236],[-60.89713005,-32.50136151],[-60.89786,-32.49996],[-60.90035,-32.4953],[-60.90141279,-32.49330447],[-60.90350363,-32.48937865],[-60.9077238,-32.48145475],[-60.90844,-32.48011],[-60.90869606,-32.47959438],[-60.90987551,-32.47721931],[-60.9099,-32.47717],[-60.9116499,-32.4732289],[-60.9128106,-32.4703327],[-60.91300804,-32.46981205],[-60.91317985,-32.469359],[-60.91374601,-32.46786609],[-60.91379332,-32.46774132],[-60.9140465,-32.4670737],[-60.9149172,-32.4649292],[-60.91501734,-32.46466744],[-60.91805,-32.45674],[-60.91983,-32.45203],[-60.92262,-32.44232],[-60.92565,-32.43102],[-60.9274267,-32.4251836],[-60.92818,-32.42297],[-60.9290267,-32.4206396],[-60.93041,-32.41709],[-60.9324612,-32.4123454],[-60.9346031,-32.4078049],[-60.9351029,-32.4065778],[-60.935559,-32.4054591],[-60.9359192,-32.4044184],[-60.9369115,-32.4015734],[-60.9374725,-32.4002586],[-60.93879,-32.39751256],[-60.9393059,-32.3964373],[-60.94011,-32.39473],[-60.9408607,-32.3927809],[-60.9412,-32.3919],[-60.94399,-32.3842],[-60.94661,-32.37718],[-60.94867,-32.37265],[-60.95056,-32.36894],[-60.9521592,-32.3662146],[-60.9535908,-32.3637749],[-60.9549568,-32.3613829],[-60.9557667,-32.3600002],[-60.9558027,-32.35993344]]]},"geometry_name":"geom","properties":{"gid":1587,"rtn":"AP01","typ":40,"rst":1,"hct":2,"fdc":"IDESF","sag":"IGN"},"bbox":[-60.9558027,-32.63414173,-60.82850847,-32.35993344]},{"type":"Feature","id":"vial_provincial.1659","geometry":{"type":"MultiLineString","coordinates":[[[-60.8875202,-32.4660543],[-60.8870634,-32.4658592],[-60.8867259,-32.4657091],[-60.8864103,-32.4655953],[-60.8833984,-32.4642381],[-60.8715584,-32.4589028],[-60.8707296,-32.4586017],[-60.8705965,-32.4585537],[-60.8695039,-32.4582675],[-60.8632641,-32.4567628],[-60.8625065,-32.4564995],[-60.861717,-32.4561484],[-60.8570701,-32.45337],[-60.8542715,-32.4517139],[-60.8422368,-32.4451851],[-60.8409816,-32.444473],[-60.8401514,-32.4439164],[-60.8389655,-32.4432879],[-60.8382002,-32.4428545],[-60.8364774,-32.4420467],[-60.8340883,-32.4407381],[-60.8315669,-32.439359],[-60.8284718,-32.4376912],[-60.8256319,-32.4361756],[-60.825146,-32.4359593],[-60.8246765,-32.4358032],[-60.8241891,-32.4356763],[-60.8226231,-32.4353689],[-60.8220549,-32.4352566],[-60.8216315,-32.4351353],[-60.8215651,-32.435109],[-60.82126,-32.4349883],[-60.8206949,-32.4347318]]]},"geometry_name":"geom","properties":{"gid":1659,"rtn":"95","typ":40,"rst":1,"hct":2,"fdc":"IDESF","sag":"IGN"},"bbox":[-60.8875202,-32.4660543,-60.8206949,-32.4347318]},{"type":"Feature","id":"vial_provincial.1741","geometry":{"type":"MultiLineString","coordinates":[[[-60.99077396,-32.26336522],[-60.9909073,-32.26341],[-60.9936878,-32.2642983],[-61.0001466,-32.2663854],[-61.0195452,-32.2726534],[-61.0207592,-32.2730177],[-61.0215637,-32.2732432],[-61.0224653,-32.2734299],[-61.0233347,-32.2735281],[-61.0240242,-32.2735666],[-61.0250039,-32.2735752],[-61.0260998,-32.273475],[-61.0271049,-32.2733286],[-61.0367376,-32.2717408],[-61.0435688,-32.2706815],[-61.0477752,-32.2699478],[-61.0562924,-32.2685662],[-61.0633328,-32.2674293],[-61.0634548,-32.2674096],[-61.0678515,-32.2666996],[-61.0754822,-32.2654209],[-61.0801207,-32.264656],[-61.0816825,-32.2644361],[-61.0822856,-32.2643965],[-61.0833087,-32.2644311],[-61.0842669,-32.2645406],[-61.0851998,-32.2647037],[-61.0859643,-32.2648373],[-61.0869533,-32.2649515],[-61.0875474,-32.2649946],[-61.0882553,-32.2650238],[-61.0892073,-32.2649596],[-61.0901785,-32.2648079],[-61.0976134,-32.2634587],[-61.1119574,-32.260995],[-61.1254558,-32.2586473],[-61.1268461,-32.2584357],[-61.12752471,-32.25833338],[-61.1276416,-32.2583393],[-61.12773546,-32.25835854],[-61.12787496,-32.25839887],[-61.12803334,-32.25845826],[-61.1281292,-32.2584981]]]},"geometry_name":"geom","properties":{"gid":1741,"rtn":"40s","typ":40,"rst":3,"hct":2,"fdc":"IDESF","sag":"IGN"},"bbox":[-61.1281292,-32.2735752,-60.99077396,-32.25833338]},{"type":"Feature","id":"vial_provincial.1742","geometry":{"type":"MultiLineString","coordinates":[[[-60.9179874,-32.46419605],[-60.918331,-32.464141],[-60.9235293,-32.4632692],[-60.9373569,-32.460985],[-60.9449848,-32.4597531],[-60.9608609,-32.457189],[-60.9632578,-32.4675162],[-60.9645458,-32.4730654],[-60.9657526,-32.4784321],[-60.9672998,-32.485312],[-60.9683644,-32.4900457],[-60.9698173,-32.4965053],[-60.9706232,-32.5002204],[-60.9707431,-32.5004989],[-60.9717393,-32.5017767],[-60.9719067,-32.5020082],[-60.9737004,-32.5063888],[-60.9737759,-32.5064514],[-60.9739138,-32.5064626],[-60.9778389,-32.5057395],[-60.977983,-32.5057502],[-60.978062,-32.5058019],[-60.9781221,-32.5058738],[-60.9800731,-32.5136422],[-60.9822496,-32.5132545],[-61.0001477,-32.5233127]]]},"geometry_name":"geom","properties":{"gid":1742,"rtn":"28s","typ":40,"rst":3,"hct":2,"fdc":"IDESF","sag":"IGN"},"bbox":[-61.0001477,-32.5233127,-60.9179874,-32.457189]},{"type":"Feature","id":"vial_provincial.1744","geometry":{"type":"MultiLineString","coordinates":[[[-60.994814,-32.18709313],[-60.9945812,-32.1871371],[-60.99174,-32.187654],[-60.9826727,-32.189314],[-60.9819465,-32.1894445],[-60.9810697,-32.1896083]]]},"geometry_name":"geom","properties":{"gid":1744,"rtn":"41s","typ":40,"rst":1,"hct":2,"fdc":"IDESF","sag":"IGN"},"bbox":[-60.994814,-32.1896083,-60.9810697,-32.18709313]},{"type":"Feature","id":"vial_provincial.1809","geometry":{"type":"MultiLineString","coordinates":[[[-60.91501734,-32.46466744],[-60.91526565,-32.46463019]]]},"geometry_name":"geom","properties":{"gid":1809,"rtn":"28s","typ":40,"rst":1,"hct":2,"fdc":"IDESF","sag":"IGN"},"bbox":[-60.91526565,-32.46466744,-60.91501734,-32.46463019]},{"type":"Feature","id":"vial_provincial.1810","geometry":{"type":"MultiLineString","coordinates":[[[-60.8334115,-32.6327978],[-60.8334388,-32.6328809]]]},"geometry_name":"geom","properties":{"gid":1810,"rtn":"26s","typ":40,"rst":1,"hct":2,"fdc":"IDESF","sag":"IGN"},"bbox":[-60.8334388,-32.6328809,-60.8334115,-32.6327978]},{"type":"Feature","id":"vial_provincial.2478","geometry":{"type":"MultiLineString","coordinates":[[[-60.8875955,-32.466083],[-60.8875202,-32.4660543]]]},"geometry_name":"geom","properties":{"gid":2478,"rtn":"95","typ":40,"rst":1,"hct":2,"fdc":"IDESF","sag":"IGN"},"bbox":[-60.8875955,-32.466083,-60.8875202,-32.4660543]},{"type":"Feature","id":"vial_provincial.2477","geometry":{"type":"MultiLineString","coordinates":[[[-60.91501734,-32.46466744],[-60.914779,-32.4647032],[-60.9125095,-32.4650763],[-60.9120059,-32.4651551],[-60.9111031,-32.4652965],[-60.9102435,-32.4654354],[-60.9095857,-32.4655373],[-60.9080191,-32.4657888],[-60.903189,-32.4665641],[-60.8972243,-32.4673642],[-60.897099,-32.4673815],[-60.8968184,-32.4674203],[-60.8965267,-32.4674607],[-60.8951891,-32.4676725],[-60.8937783,-32.4678856],[-60.893105,-32.4679509],[-60.8924969,-32.4679311],[-60.8917626,-32.4678067],[-60.8911872,-32.4676725],[-60.8906966,-32.4674902],[-60.8885292,-32.4665279],[-60.8882086,-32.4663554],[-60.88798,-32.4662414],[-60.8879176,-32.4662106],[-60.8878673,-32.4661859],[-60.8877875,-32.4661563],[-60.8875955,-32.466083]]]},"geometry_name":"geom","properties":{"gid":2477,"rtn":"95","typ":40,"rst":1,"hct":2,"fdc":"IDESF","sag":"IGN"},"bbox":[-60.91501734,-32.4679509,-60.8875955,-32.46466744]},{"type":"Feature","id":"vial_provincial.1661","geometry":{"type":"MultiLineString","coordinates":[[[-60.8198936,-32.4342871],[-60.8200201,-32.4343317],[-60.8202652,-32.4344638],[-60.8203279,-32.4344976],[-60.8205619,-32.4346238],[-60.8206949,-32.4347318]]]},"geometry_name":"geom","properties":{"gid":1661,"rtn":"95","typ":40,"rst":1,"hct":2,"fdc":"IDESF","sag":"IGN"},"bbox":[-60.8206949,-32.4347318,-60.8198936,-32.4342871]},{"type":"Feature","id":"vial_provincial.1658","geometry":{"type":"MultiLineString","coordinates":[[[-60.8206949,-32.4347318],[-60.8205217,-32.4346736],[-60.8202922,-32.4345438],[-60.8202305,-32.4345091],[-60.8199692,-32.4343612],[-60.8198936,-32.4342871]]]},"geometry_name":"geom","properties":{"gid":1658,"rtn":"95","typ":40,"rst":1,"hct":2,"fdc":"IDESF","sag":"IGN"},"bbox":[-60.8206949,-32.4347318,-60.8198936,-32.4342871]},{"type":"Feature","id":"vial_provincial.1660","geometry":{"type":"MultiLineString","coordinates":[[[-60.8136624,-32.4308865],[-60.8146074,-32.4314049],[-60.8146784,-32.4314438],[-60.8147544,-32.4314855],[-60.8148443,-32.4315334],[-60.8157712,-32.4320272],[-60.8158627,-32.4320759],[-60.8159454,-32.4321217],[-60.8168663,-32.4326315],[-60.8169355,-32.4326698],[-60.8170185,-32.432715],[-60.8179446,-32.4332195],[-60.8180235,-32.4332625],[-60.8181093,-32.4333093],[-60.8191278,-32.4338654],[-60.8198936,-32.4342871]]]},"geometry_name":"geom","properties":{"gid":1660,"rtn":"95","typ":40,"rst":1,"hct":2,"fdc":"IDESF","sag":"IGN"},"bbox":[-60.8198936,-32.4342871,-60.8136624,-32.4308865]},{"type":"Feature","id":"vial_provincial.826","geometry":{"type":"MultiLineString","coordinates":[[[-60.80705272,-31.54796864],[-60.80709341,-31.54790607],[-60.80736649,-31.54754357],[-60.8076901,-31.54720458],[-60.80857891,-31.5464909],[-60.80895486,-31.54619585],[-60.81220061,-31.54381877],[-60.81282688,-31.54333716],[-60.81336369,-31.54288792],[-60.81360544,-31.54264617],[-60.81397664,-31.54227687],[-60.8142222,-31.54201609],[-60.81454009,-31.54166202],[-60.81505786,-31.54108714],[-60.81640083,-31.53973942],[-60.81709801,-31.53917311],[-60.81780471,-31.53863297],[-60.81836865,-31.53819753],[-60.81931091,-31.53748131],[-60.82571728,-31.53259618],[-60.83083978,-31.52868435],[-60.8314908,-31.52821607],[-60.83270147,-31.52749652],[-60.83400922,-31.52682266],[-60.83526558,-31.52610311],[-60.83583618,-31.52570837],[-60.83609934,-31.52552633],[-60.83637631,-31.52529504],[-60.83649943,-31.52516511],[-60.83657176,-31.52499379],[-60.8365413,-31.52481104],[-60.83648039,-31.52465114],[-60.83601973,-31.52328438],[-60.82301751,-31.47714352]]]},"geometry_name":"geom","properties":{"gid":826,"rtn":"5","typ":40,"rst":1,"hct":2,"fdc":"IDESF","sag":"IGN"},"bbox":[-60.83657176,-31.54796864,-60.80705272,-31.47714352]},{"type":"Feature","id":"vial_provincial.808","geometry":{"type":"MultiLineString","coordinates":[[[-60.9329,-31.68620045],[-60.93241747,-31.68437391],[-60.93960759,-31.68308778],[-60.93981921,-31.68393861],[-60.94182779,-31.68359231],[-60.94161421,-31.68274156],[-60.9458977,-31.68198163],[-60.94883108,-31.68154535],[-60.94691845,-31.67363627],[-60.94521099,-31.66729732],[-60.94499411,-31.66640777],[-60.94485517,-31.66574445],[-60.94468022,-31.66479051],[-60.94453274,-31.66394817],[-60.94323017,-31.65818968],[-60.94147399,-31.65071677],[-60.93960451,-31.64272856]]]},"geometry_name":"geom","properties":{"gid":808,"rtn":"50s","typ":40,"rst":1,"hct":2,"fdc":"IDESF","sag":"IGN"},"bbox":[-60.94883108,-31.68620045,-60.93241747,-31.64272856]},{"type":"Feature","id":"vial_provincial.883","geometry":{"type":"MultiLineString","coordinates":[[[-60.88028317,-31.81656432],[-60.8802586,-31.8164102],[-60.8798079,-31.8139144],[-60.8794049,-31.8123296],[-60.8788564,-31.8106744],[-60.8781684,-31.8090073],[-60.8774352,-31.8075773],[-60.8766513,-31.8062196],[-60.8754906,-31.8045388],[-60.8741951,-31.8028951],[-60.8676455,-31.795505],[-60.8673922,-31.7952103],[-60.8569232,-31.7834975],[-60.8537817,-31.7798298],[-60.8495584,-31.7744637],[-60.84583,-31.7692655],[-60.838348,-31.7584706],[-60.8338789,-31.7519055],[-60.8329534,-31.7503925],[-60.8320254,-31.7486046],[-60.8312296,-31.7466644],[-60.8305942,-31.7445633],[-60.8301878,-31.7429312],[-60.8300548,-31.742156],[-60.8299525,-31.7413156],[-60.8298535,-31.740136],[-60.8298098,-31.738045],[-60.8299482,-31.7355639],[-60.8303271,-31.7304372],[-60.8304337,-31.7270908],[-60.8303021,-31.7243866],[-60.8300998,-31.7225135],[-60.8297881,-31.7206266],[-60.8286612,-31.7164207],[-60.8268939,-31.7116323],[-60.8258743,-31.70896],[-60.8257673,-31.7086795],[-60.8256733,-31.7084468],[-60.824985,-31.7067442],[-60.82416,-31.7046595],[-60.8233098,-31.7025783],[-60.8225943,-31.7010507],[-60.8218172,-31.699543],[-60.8212751,-31.6985328],[-60.8203481,-31.6970047],[-60.819323,-31.6954575],[-60.8179884,-31.6936002],[-60.8161528,-31.6913496],[-60.8125181,-31.6868819],[-60.8117376,-31.6859146],[-60.8109309,-31.6849491],[-60.8096851,-31.6835637],[-60.808952,-31.6827393],[-60.8084605,-31.6821547],[-60.8077245,-31.6812544],[-60.8070317,-31.6803419],[-60.8066868,-31.6798869],[-60.8063619,-31.6794148],[-60.8057324,-31.6784799],[-60.8052063,-31.6776484],[-60.8046946,-31.6768093],[-60.8042174,-31.6759653],[-60.8037718,-31.6751115],[-60.8030503,-31.6736788],[-60.8029007,-31.6733818],[-60.8024753,-31.6725328],[-60.8020182,-31.6716936],[-60.8010961,-31.6700283],[-60.8003852,-31.6687388],[-60.8002029,-31.6684245],[-60.79961972,-31.66738369]]]},"geometry_name":"geom","properties":{"gid":883,"rtn":"AP01","typ":40,"rst":1,"hct":2,"fdc":"IDESF","sag":"IGN"},"bbox":[-60.88028317,-31.81656432,-60.79961972,-31.66738369]},{"type":"Feature","id":"vial_provincial.888","geometry":{"type":"MultiLineString","coordinates":[[[-60.99163507,-32.07220442],[-60.9910161,-32.0697108],[-60.9906118,-32.0680817],[-60.990199,-32.0663138],[-60.9894908,-32.0632807],[-60.9890108,-32.0609638],[-60.988644,-32.0577503],[-60.9886189,-32.055917],[-60.9886189,-32.0530977],[-60.9887454,-32.051629],[-60.9895465,-32.0449497],[-60.9902361,-32.0392742],[-60.9904155,-32.037573],[-60.9905137,-32.0358626],[-60.9905128,-32.0342483],[-60.990528,-32.0337124],[-60.9904876,-32.0325771],[-60.9904527,-32.0311298],[-60.9904379,-32.0299231],[-60.9904991,-32.02823],[-60.9905941,-32.0265135],[-60.9906325,-32.0256027],[-60.9906752,-32.0247554],[-60.9907125,-32.022919],[-60.9905808,-32.020479],[-60.9903525,-32.0181947],[-60.9903049,-32.0177184],[-60.989155,-32.006211],[-60.988969,-32.0041122],[-60.9885403,-32.0021182],[-60.987922,-31.9999865],[-60.9871359,-31.9979445],[-60.9861396,-31.9961026],[-60.9834736,-31.9922466],[-60.9818936,-31.9905053],[-60.9802369,-31.988887],[-60.9686366,-31.9780651],[-60.9642233,-31.9738604],[-60.95417499,-31.96305331]]]},"geometry_name":"geom","properties":{"gid":888,"rtn":"AP01","typ":40,"rst":1,"hct":2,"fdc":"IDESF","sag":"IGN"},"bbox":[-60.99163507,-32.07220442,-60.95417499,-31.96305331]},{"type":"Feature","id":"vial_provincial.890","geometry":{"type":"MultiLineString","coordinates":[[[-60.95444907,-31.96300073],[-60.95417499,-31.96305331]]]},"geometry_name":"geom","properties":{"gid":890,"rtn":"64","typ":40,"rst":1,"hct":2,"fdc":"IDESF","sag":"IGN"},"bbox":[-60.95444907,-31.96305331,-60.95417499,-31.96300073]},{"type":"Feature","id":"vial_provincial.891","geometry":{"type":"MultiLineString","coordinates":[[[-60.99184023,-32.07216828],[-60.99159826,-32.0711794],[-60.9908367,-32.068067],[-60.9902246,-32.065527],[-60.9896708,-32.063229],[-60.9892417,-32.0609954],[-60.9889001,-32.0577276],[-60.9888199,-32.0557495],[-60.9888392,-32.0537446],[-60.9889526,-32.0516352],[-60.9897516,-32.0449621],[-60.9904533,-32.0392904],[-60.9907159,-32.0376116],[-60.9909962,-32.0359941],[-60.9912611,-32.0341429],[-60.99145712,-32.03292688],[-60.9915523,-32.0318558],[-60.9916257,-32.0305396],[-60.9916434,-32.0292217],[-60.9916215,-32.0278683],[-60.9915581,-32.0266992],[-60.9914432,-32.0255342],[-60.9909213,-32.0217362],[-60.9907552,-32.0200674],[-60.9905684,-32.0181574],[-60.9905234,-32.0176969],[-60.9905197,-32.0176595],[-60.9894012,-32.0062224],[-60.98936689,-32.00592101],[-60.9891872,-32.0043428],[-60.9887897,-32.0021183],[-60.9880397,-31.9995383],[-60.9872355,-31.9976573],[-60.9861994,-31.9957984],[-60.98384408,-31.99237165],[-60.9835889,-31.9920004],[-60.9828291,-31.9911107],[-60.982121,-31.9903753],[-60.9803574,-31.9886599],[-60.97047013,-31.97946291],[-60.9689716,-31.978069],[-60.9645074,-31.9737716],[-60.96093828,-31.96994964],[-60.95444907,-31.96300073]]]},"geometry_name":"geom","properties":{"gid":891,"rtn":"AP01","typ":40,"rst":1,"hct":2,"fdc":"IDESF","sag":"IGN"},"bbox":[-60.99184023,-32.07216828,-60.95444907,-31.96300073]},{"type":"Feature","id":"vial_provincial.904","geometry":{"type":"MultiLineString","coordinates":[[[-60.915608,-31.4460139],[-60.9157799,-31.4459738],[-60.9159461,-31.4459354],[-60.9163686,-31.4458334],[-60.916541,-31.4457933],[-60.9168117,-31.4457068],[-60.9165276,-31.4457511],[-60.9162418,-31.4458007],[-60.9158836,-31.4458803],[-60.9156155,-31.44594]]]},"geometry_name":"geom","properties":{"gid":904,"rtn":"70","typ":40,"rst":1,"hct":2,"fdc":"IDESF","sag":"IGN"},"bbox":[-60.9168117,-31.4460139,-60.915608,-31.4457068]},{"type":"Feature","id":"vial_provincial.905","geometry":{"type":"MultiLineString","coordinates":[[[-60.915555,-31.4459559],[-60.915608,-31.4460139]]]},"geometry_name":"geom","properties":{"gid":905,"rtn":"6","typ":40,"rst":1,"hct":2,"fdc":"IDESF","sag":"IGN"},"bbox":[-60.915608,-31.4460139,-60.915555,-31.4459559]},{"type":"Feature","id":"vial_provincial.907","geometry":{"type":"MultiLineString","coordinates":[[[-60.9156155,-31.44594],[-60.915608,-31.4460139]]]},"geometry_name":"geom","properties":{"gid":907,"rtn":"6","typ":40,"rst":1,"hct":2,"fdc":"IDESF","sag":"IGN"},"bbox":[-60.9156155,-31.4460139,-60.915608,-31.44594]},{"type":"Feature","id":"vial_provincial.909","geometry":{"type":"MultiLineString","coordinates":[[[-60.95444907,-31.96300073],[-60.95260251,-31.96102336],[-60.95231697,-31.9607176],[-60.9511916,-31.9595125],[-60.9492625,-31.957442],[-60.9431444,-31.9508614],[-60.94214821,-31.94979393],[-60.9381746,-31.945536],[-60.9357422,-31.9428188],[-60.9333813,-31.9400588],[-60.9317623,-31.9380442],[-60.9301779,-31.9360066],[-60.9286021,-31.9339008],[-60.9270742,-31.9317711],[-60.9251145,-31.9288992],[-60.92473426,-31.92832691],[-60.923196,-31.9260117],[-60.91933921,-31.92015977],[-60.9173196,-31.9170954],[-60.9151669,-31.913818],[-60.91446679,-31.91268821],[-60.9135944,-31.9112804],[-60.9124989,-31.909439],[-60.9095076,-31.9040628],[-60.90533074,-31.8953753],[-60.9032458,-31.8910388],[-60.9019938,-31.888101],[-60.9007087,-31.8848483],[-60.8990171,-31.88011208],[-60.8988791,-31.8797257],[-60.8951139,-31.8669478],[-60.8944625,-31.8649373],[-60.8937943,-31.8630318],[-60.8933008,-31.8616832],[-60.8927,-31.8601386],[-60.892482,-31.859697],[-60.8921474,-31.8588014],[-60.8913643,-31.85688514],[-60.8911121,-31.856268],[-60.89054238,-31.85490655],[-60.8879506,-31.848713],[-60.88631439,-31.84474037],[-60.8862305,-31.8445367],[-60.8854088,-31.8424248],[-60.8847151,-31.8403098],[-60.8842528,-31.8387561],[-60.883842,-31.837207],[-60.88341,-31.83529867],[-60.8833545,-31.8350535],[-60.88290351,-31.83254281],[-60.8828687,-31.832349],[-60.8824562,-31.8296401],[-60.88118531,-31.8210198],[-60.8808583,-31.8188017],[-60.88085222,-31.81876175],[-60.88051232,-31.8165284]]]},"geometry_name":"geom","properties":{"gid":909,"rtn":"AP01","typ":40,"rst":1,"hct":2,"fdc":"IDESF","sag":"IGN"},"bbox":[-60.95444907,-31.96300073,-60.88051232,-31.8165284]},{"type":"Feature","id":"vial_provincial.910","geometry":{"type":"MultiLineString","coordinates":[[[-60.915555,-31.4459559],[-60.9150173,-31.4460754],[-60.9144049,-31.4462283],[-60.9141163,-31.4462938],[-60.9135881,-31.4464268],[-60.9125214,-31.4466818],[-60.9123789,-31.4467159],[-60.9120095,-31.4468043],[-60.9115884,-31.4469233],[-60.911366,-31.4469846],[-60.9111464,-31.4470657],[-60.9100912,-31.4473207],[-60.9091614,-31.4475476],[-60.9082108,-31.4477795],[-60.9072961,-31.4480031],[-60.9070506,-31.4480626],[-60.9064018,-31.4482208],[-60.9055072,-31.4484319],[-60.904689,-31.4486277],[-60.9045912,-31.4486511],[-60.902819,-31.4490933],[-60.901933,-31.4493188],[-60.9013508,-31.4494639],[-60.9005376,-31.4496666],[-60.8991144,-31.4500214],[-60.8980107,-31.4502976],[-60.8973101,-31.4504724],[-60.8955299,-31.4509183],[-60.8941506,-31.4512634],[-60.8937272,-31.4513713],[-60.8928384,-31.4515887],[-60.892754,-31.4516094],[-60.8882867,-31.4527808],[-60.8879843,-31.4528736],[-60.8867561,-31.4533535],[-60.8841422,-31.4543311],[-60.8822168,-31.4550512],[-60.8799753,-31.4558895],[-60.8781749,-31.4565629],[-60.8757813,-31.4574581],[-60.8726075,-31.4586449],[-60.8695402,-31.4597922],[-60.8628622,-31.4622896],[-60.8565661,-31.4646442],[-60.8498684,-31.4671198],[-60.8457687,-31.4686351],[-60.8392572,-31.4710532],[-60.832047,-31.473781],[-60.8261711,-31.4759621],[-60.8246404,-31.4765412],[-60.8230497,-31.4771315],[-60.82301751,-31.47714352],[-60.8182286,-31.4789321],[-60.8108387,-31.4816942],[-60.8034307,-31.4844926],[-60.802579,-31.4848066],[-60.795742,-31.4873272],[-60.792911,-31.4884211],[-60.7920236,-31.4886944],[-60.7914444,-31.488831],[-60.7905694,-31.4889991],[-60.7869707,-31.4896717],[-60.7850111,-31.49005],[-60.7835199,-31.4903758],[-60.7822259,-31.4906491],[-60.7803156,-31.4910484],[-60.7786519,-31.4914057],[-60.777592,-31.4916579],[-60.7762117,-31.4920258],[-60.774819,-31.4924041],[-60.7733278,-31.492761],[-60.7697908,-31.4935496],[-60.768127,-31.4939489],[-60.7632147,-31.4950934],[-60.7619531,-31.4953873],[-60.7592626,-31.4960127],[-60.7570848,-31.4965188],[-60.7557349,-31.4968326],[-60.7544455,-31.4971261],[-60.7532176,-31.4974045],[-60.7525569,-31.497559],[-60.75220545,-31.49764091],[-60.75211364,-31.49766231],[-60.7518095,-31.4977332],[-60.7512588,-31.4978565],[-60.7489765,-31.4983774],[-60.7481652,-31.4985644],[-60.7472549,-31.4987743],[-60.739068,-31.5006671],[-60.7355728,-31.5015006],[-60.7346154,-31.5017129],[-60.7333067,-31.5020068],[-60.7326675,-31.5021569],[-60.7319396,-31.5023279],[-60.7308081,-31.5025879],[-60.7304606,-31.5026677],[-60.7295381,-31.5028798],[-60.729117,-31.5029768],[-60.7285838,-31.5031025],[-60.7281243,-31.5032054]]]},"geometry_name":"geom","properties":{"gid":910,"rtn":"70","typ":40,"rst":1,"hct":2,"fdc":"IDESF","sag":"IGN"},"bbox":[-60.915555,-31.5032054,-60.7281243,-31.4459559]},{"type":"Feature","id":"vial_provincial.912","geometry":{"type":"MultiLineString","coordinates":[[[-60.8716414,-31.8179972],[-60.8724282,-31.8178727],[-60.8726845,-31.8178303],[-60.8768843,-31.8171357],[-60.880076,-31.8165968],[-60.88028317,-31.81656432]]]},"geometry_name":"geom","properties":{"gid":912,"rtn":"36s","typ":40,"rst":1,"hct":2,"fdc":"IDESF","sag":"IGN"},"bbox":[-60.88028317,-31.8179972,-60.8716414,-31.81656432]},{"type":"Feature","id":"vial_provincial.914","geometry":{"type":"MultiLineString","coordinates":[[[-60.88028317,-31.81656432],[-60.88051232,-31.8165284]]]},"geometry_name":"geom","properties":{"gid":914,"rtn":"36s","typ":40,"rst":1,"hct":2,"fdc":"IDESF","sag":"IGN"},"bbox":[-60.88051232,-31.81656432,-60.88028317,-31.8165284]},{"type":"Feature","id":"vial_provincial.915","geometry":{"type":"MultiLineString","coordinates":[[[-60.95417499,-31.96305331],[-60.9526068,-31.9613667],[-60.9499853,-31.9585481],[-60.9430092,-31.9510473],[-60.9379915,-31.9456363],[-60.9355453,-31.9428955],[-60.93525439,-31.94255962],[-60.933148,-31.9401276],[-60.9315632,-31.9381153],[-60.9299918,-31.9360959],[-60.9284228,-31.9339925],[-60.9268865,-31.9318601],[-60.924918,-31.9289749],[-60.9229488,-31.9260115],[-60.9201022,-31.9216486],[-60.9171495,-31.9172009],[-60.9149903,-31.9138918],[-60.9134053,-31.9113696],[-60.9122589,-31.9094619],[-60.9114665,-31.9080692],[-60.9100539,-31.9055289],[-60.9092688,-31.9040622],[-60.9075231,-31.9005885],[-60.9061401,-31.8976773],[-60.9056157,-31.8965509],[-60.9031717,-31.8913691],[-60.9017973,-31.8881522],[-60.9004975,-31.8849196],[-60.8986739,-31.8797618],[-60.8973026,-31.8752845],[-60.8970049,-31.8741866],[-60.8967555,-31.8733666],[-60.8951461,-31.8678155],[-60.8946338,-31.8660729],[-60.8939284,-31.8639566],[-60.8933383,-31.8624053],[-60.8926865,-31.8606945],[-60.8919758,-31.8589244],[-60.8909243,-31.8563546],[-60.8877613,-31.8487999],[-60.8860502,-31.8446123],[-60.8852329,-31.8424966],[-60.8845302,-31.8403816],[-60.8840413,-31.8388242],[-60.8836527,-31.8372523],[-60.8831296,-31.8350989],[-60.8826438,-31.8323791],[-60.8822446,-31.8296665],[-60.8806423,-31.8188168],[-60.88028317,-31.81656432]]]},"geometry_name":"geom","properties":{"gid":915,"rtn":"AP01","typ":40,"rst":1,"hct":2,"fdc":"IDESF","sag":"IGN"},"bbox":[-60.95417499,-31.96305331,-60.88028317,-31.81656432]},{"type":"Feature","id":"vial_provincial.1026","geometry":{"type":"MultiLineString","coordinates":[[[-60.88051232,-31.8165284],[-60.8807063,-31.816498],[-60.8838837,-31.8159982],[-60.8844589,-31.8159043],[-60.9064296,-31.812264],[-60.9577143,-31.8035546],[-60.9782457,-31.8002241],[-60.9781377,-31.7993282],[-60.9779507,-31.7985094],[-60.9774806,-31.7964513],[-60.9772395,-31.7953954],[-60.9770016,-31.7943537],[-60.9767468,-31.7932384],[-60.9765075,-31.7921904],[-60.9762675,-31.7911396],[-60.976024,-31.790077],[-60.9757804,-31.7890066],[-60.97497857,-31.78549571],[-60.9749666,-31.7854433],[-60.97627044,-31.78524305],[-60.9768763,-31.78515],[-60.9883326,-31.7831115],[-61.0019344,-31.7808108],[-61.0154431,-31.7785258],[-61.01548079,-31.77851939],[-61.0290421,-31.7762135],[-61.042604,-31.7739103],[-61.0576673,-31.7713833],[-61.1019229,-31.7634287]]]},"geometry_name":"geom","properties":{"gid":1026,"rtn":"36s","typ":40,"rst":1,"hct":2,"fdc":"IDESF","sag":"IGN"},"bbox":[-61.1019229,-31.8165284,-60.88051232,-31.7634287]},{"type":"Feature","id":"vial_provincial.1052","geometry":{"type":"MultiLineString","coordinates":[[[-60.95558127,-31.63893876],[-60.9536934,-31.6341001],[-60.9528922,-31.6317345],[-60.9506082,-31.6243891],[-60.949969,-31.6224497],[-60.9479587,-31.6163494],[-60.9468884,-31.6129172],[-60.9451448,-31.6075789],[-60.9438412,-31.6033838],[-60.9423675,-31.5988814],[-60.9422871,-31.5986031],[-60.9419158,-31.5973188],[-60.9415923,-31.5962055],[-60.9411434,-31.5946738],[-60.9411358,-31.5946396],[-60.940911,-31.5938491],[-60.9406964,-31.5930907],[-60.9404649,-31.5922994],[-60.9403393,-31.5918649],[-60.9402257,-31.5915057],[-60.9399683,-31.5906651],[-60.9397204,-31.5898569],[-60.9394832,-31.5890874],[-60.9392153,-31.588263],[-60.9389515,-31.5874512],[-60.9386865,-31.5866358],[-60.9384265,-31.5858356],[-60.9381675,-31.585073],[-60.93789057,-31.5842574],[-60.93788148,-31.58423062],[-60.9376345,-31.5834229],[-60.9373903,-31.5826243],[-60.9371526,-31.5818474],[-60.9369284,-31.581109],[-60.9365025,-31.5797219],[-60.9364466,-31.5795391],[-60.9363347,-31.5791863],[-60.9357217,-31.5771604],[-60.9353181,-31.5758932],[-60.9349224,-31.5746796],[-60.9343474,-31.5729302],[-60.9333439,-31.5695374],[-60.9330898,-31.5686219],[-60.9320974,-31.5651178],[-60.9318246,-31.5642376],[-60.929133,-31.5555502],[-60.9264019,-31.5469488],[-60.9260949,-31.5459763],[-60.9251636,-31.5430142],[-60.9250177,-31.5422688],[-60.9250028,-31.5417457],[-60.9250103,-31.5411397],[-60.9251046,-31.5407262],[-60.9253726,-31.5399545],[-60.9280003,-31.5352002],[-60.9296134,-31.5324065],[-60.9303308,-31.5311653],[-60.9306339,-31.5306273],[-60.9308643,-31.5300361],[-60.9310081,-31.5295106],[-60.9310529,-31.5285368],[-60.931016,-31.5279696],[-60.9309232,-31.5274622],[-60.9302519,-31.5243138],[-60.9302376,-31.5242448],[-60.9292536,-31.5194917],[-60.9278995,-31.514839],[-60.9265515,-31.510207],[-60.9252028,-31.505473],[-60.9239165,-31.500989],[-60.9237959,-31.500226],[-60.9238011,-31.4997693],[-60.9244604,-31.4945476],[-60.9244788,-31.4939641],[-60.9244595,-31.4936889],[-60.9243477,-31.4931274],[-60.9240639,-31.4921713],[-60.9235091,-31.4903997],[-60.922909,-31.4885155],[-60.9211819,-31.4829619],[-60.9209936,-31.4823601],[-60.9192099,-31.4766608],[-60.918352,-31.4739195],[-60.9174515,-31.4710063],[-60.9162133,-31.4670868],[-60.9160251,-31.4664304],[-60.9159233,-31.4661518],[-60.9155925,-31.4650419],[-60.9151883,-31.4636991],[-60.91398242,-31.45982813],[-60.9137694,-31.4591443],[-60.9136654,-31.4588018],[-60.9134926,-31.4582617],[-60.912837,-31.4562248],[-60.9123423,-31.4546428],[-60.9122353,-31.4543005],[-60.9121934,-31.4541615],[-60.9120905,-31.45382],[-60.9119415,-31.4533483],[-60.9119218,-31.453273],[-60.9116976,-31.4524419],[-60.9116424,-31.452256],[-60.9115797,-31.4519819],[-60.9115393,-31.451535],[-60.9115267,-31.4511154],[-60.9115538,-31.4508053],[-60.9115658,-31.4507005],[-60.9116056,-31.4503832],[-60.911638,-31.4502301],[-60.9116943,-31.450051],[-60.9118351,-31.4495769],[-60.9120543,-31.4490508],[-60.9123263,-31.4484577],[-60.9126154,-31.4478034],[-60.9126818,-31.4476609],[-60.9128642,-31.4471928],[-60.912915,-31.4470194],[-60.9129358,-31.4469099],[-60.9129435,-31.4468217],[-60.9129394,-31.4467288],[-60.9129313,-31.4466611]]]},"geometry_name":"geom","properties":{"gid":1052,"rtn":"6","typ":40,"rst":1,"hct":2,"fdc":"IDESF","sag":"IGN"},"bbox":[-60.95558127,-31.63893876,-60.9115267,-31.4466611]},{"type":"Feature","id":"vial_provincial.1067","geometry":{"type":"MultiLineString","coordinates":[[[-60.95417499,-31.96305331],[-60.9539473,-31.963097],[-60.9494798,-31.9639478],[-60.9441838,-31.9649287],[-60.9394336,-31.96582],[-60.9389562,-31.9659096],[-60.9359251,-31.9664761],[-60.9342735,-31.966776],[-60.932744,-31.9670497],[-60.9326783,-31.9670615],[-60.9316181,-31.9672512],[-60.9315304,-31.9672669],[-60.9309577,-31.9673694],[-60.9299621,-31.9675476],[-60.9297973,-31.9675771],[-60.9285416,-31.9678019],[-60.9278518,-31.9679391],[-60.9270159,-31.9681019],[-60.9267132,-31.9681567]]]},"geometry_name":"geom","properties":{"gid":1067,"rtn":"64","typ":40,"rst":1,"hct":2,"fdc":"IDESF","sag":"IGN"},"bbox":[-60.95417499,-31.9681567,-60.9267132,-31.96305331]},{"type":"Feature","id":"vial_provincial.1068","geometry":{"type":"MultiLineString","coordinates":[[[-61.04862895,-31.9309327],[-61.0478496,-31.9312121],[-61.0477572,-31.9312455],[-61.047131,-31.9314717],[-61.0470708,-31.93149344],[-61.0459688,-31.9318914],[-61.0447732,-31.9323232],[-61.0435227,-31.9327748],[-61.0411778,-31.9336081],[-61.0407894,-31.9337597],[-61.0392116,-31.9343757],[-61.0367407,-31.9353457],[-61.0250451,-31.9395289],[-61.02487,-31.9395915],[-61.0238403,-31.9399597],[-60.9744355,-31.9575335],[-60.97393,-31.9577152],[-60.964986,-31.9609477],[-60.9642145,-31.9611707],[-60.9633894,-31.9613755],[-60.96179431,-31.96166523]]]},"geometry_name":"geom","properties":{"gid":1068,"rtn":"64","typ":40,"rst":2,"hct":2,"fdc":"IDESF","sag":"IGN"},"bbox":[-61.04862895,-31.96166523,-60.96179431,-31.9309327]},{"type":"Feature","id":"vial_provincial.1164","geometry":{"type":"MultiLineString","coordinates":[[[-60.99568123,-31.57167156],[-60.98292473,-31.57466306],[-60.9791233,-31.5755689],[-60.97851183,-31.57566124],[-60.97772933,-31.57566723],[-60.97646829,-31.57547225],[-60.9751058,-31.57533656],[-60.97439165,-31.57537122],[-60.97296538,-31.57564515],[-60.96345984,-31.5779163],[-60.95076694,-31.58104298],[-60.94074975,-31.58353221],[-60.93789057,-31.5842574]]]},"geometry_name":"geom","properties":{"gid":1164,"rtn":"250s","typ":40,"rst":1,"hct":2,"fdc":"IDESF","sag":"IGN"},"bbox":[-60.99568123,-31.5842574,-60.93789057,-31.57167156]},{"type":"Feature","id":"vial_provincial.1346","geometry":{"type":"MultiLineString","coordinates":[[[-60.92590516,-31.96825546],[-60.9265063,-31.9681772],[-60.9267132,-31.9681567],[-60.9265084,-31.9682178],[-60.92591358,-31.96830474]]]},"geometry_name":"geom","properties":{"gid":1346,"rtn":"64","typ":40,"rst":1,"hct":2,"fdc":"IDESF","sag":"IGN"},"bbox":[-60.9267132,-31.96830474,-60.92590516,-31.9681567]},{"type":"Feature","id":"vial_provincial.1348","geometry":{"type":"MultiLineString","coordinates":[[[-60.915608,-31.4460139],[-60.9154898,-31.446042],[-60.9152372,-31.4461076],[-60.9148406,-31.4462011],[-60.9147442,-31.4462202],[-60.9140222,-31.4463901],[-60.913793,-31.4464448],[-60.913621,-31.4464924],[-60.9130622,-31.4466242],[-60.9129313,-31.4466611],[-60.9117133,-31.4469572],[-60.9111464,-31.4470657]]]},"geometry_name":"geom","properties":{"gid":1348,"rtn":"70","typ":40,"rst":1,"hct":2,"fdc":"IDESF","sag":"IGN"},"bbox":[-60.915608,-31.4470657,-60.9111464,-31.4460139]},{"type":"Feature","id":"vial_provincial.1349","geometry":{"type":"MultiLineString","coordinates":[[[-60.96179431,-31.96166523],[-60.954579,-31.9629758],[-60.95444907,-31.96300073]]]},"geometry_name":"geom","properties":{"gid":1349,"rtn":"64","typ":40,"rst":1,"hct":2,"fdc":"IDESF","sag":"IGN"},"bbox":[-60.96179431,-31.96300073,-60.95444907,-31.96166523]},{"type":"Feature","id":"vial_provincial.1383","geometry":{"type":"MultiLineString","coordinates":[[[-60.88051232,-31.8165284],[-60.880488,-31.8163686],[-60.88039203,-31.81584084],[-60.8800328,-31.8138653],[-60.87962548,-31.81227703],[-60.8790858,-31.8105988],[-60.8783755,-31.8089241],[-60.8776512,-31.8074978],[-60.87716303,-31.80667325],[-60.87700274,-31.8064025],[-60.87682927,-31.8061095],[-60.8756688,-31.804429],[-60.874371,-31.8028043],[-60.8678166,-31.7953764],[-60.8675793,-31.7951072],[-60.85756837,-31.78394464],[-60.8570845,-31.7834051],[-60.8539221,-31.7797433],[-60.849671,-31.7744008],[-60.8459762,-31.7692193],[-60.8384996,-31.7584078],[-60.8339915,-31.7518426],[-60.8330938,-31.7503391],[-60.83225172,-31.74868239],[-60.8321826,-31.7485464],[-60.8314102,-31.7466422],[-60.8310354,-31.7454832],[-60.8306914,-31.7442851],[-60.8303685,-31.7429232],[-60.8301152,-31.7413522],[-60.8300286,-31.7401801],[-60.830006,-31.7380484],[-60.8301178,-31.7356174],[-60.8305133,-31.7304671],[-60.8306087,-31.7271378],[-60.8304904,-31.7243958],[-60.8302816,-31.7225074],[-60.8299541,-31.7206281],[-60.828854,-31.7164033],[-60.82797835,-31.71398848],[-60.8271076,-31.7115872],[-60.8260125,-31.7089157],[-60.8258978,-31.7086359],[-60.8258117,-31.7084105],[-60.8251589,-31.7067009],[-60.824721,-31.705554],[-60.8241278,-31.7040411],[-60.8234905,-31.7025031],[-60.8231619,-31.7017473],[-60.822797,-31.7010042],[-60.822409,-31.7002246],[-60.82213057,-31.69970032],[-60.8219979,-31.6994505],[-60.8214547,-31.6984602],[-60.8205367,-31.6969345],[-60.8200364,-31.6961591],[-60.8195163,-31.6953724],[-60.8181629,-31.6935243],[-60.8171311,-31.6922252],[-60.8160612,-31.6909303],[-60.8122598,-31.6862427],[-60.8111327,-31.6848542],[-60.810026,-31.6833913],[-60.8096609,-31.6828496],[-60.8090169,-31.6818942],[-60.8084046,-31.6809058],[-60.8078268,-31.6799273],[-60.8072231,-31.6789365],[-60.8066194,-31.6779677],[-60.80651253,-31.67781389],[-60.8055213,-31.6763873],[-60.8049492,-31.6756069],[-60.8043858,-31.6748289],[-60.8040206,-31.6743308],[-60.8038019,-31.6740324],[-60.8032704,-31.6732607],[-60.8027369,-31.6724349],[-60.8022281,-31.6716105],[-60.8014871,-31.6702889],[-60.8007668,-31.6689946],[-60.800707,-31.6688746],[-60.79984292,-31.66734681]]]},"geometry_name":"geom","properties":{"gid":1383,"rtn":"AP01","typ":40,"rst":1,"hct":2,"fdc":"IDESF","sag":"IGN"},"bbox":[-60.88051232,-31.8165284,-60.79984292,-31.66734681]},{"type":"Feature","id":"vial_provincial.1524","geometry":{"type":"MultiLineString","coordinates":[[[-60.72230093,-31.53132504],[-60.72172948,-31.53146756],[-60.7202372,-31.5318653],[-60.7194554,-31.5320497],[-60.7180942,-31.5323707],[-60.7126551,-31.5336847],[-60.7096984,-31.5343989],[-60.6991645,-31.5369733],[-60.6884698,-31.5395971]]]},"geometry_name":"geom","properties":{"gid":1524,"rtn":"5","typ":40,"rst":1,"hct":2,"fdc":"IDESF","sag":"IGN"},"bbox":[-60.72230093,-31.5395971,-60.6884698,-31.53132504]},{"type":"Feature","id":"vial_provincial.1529","geometry":{"type":"MultiLineString","coordinates":[[[-60.7855768,-31.64198092],[-60.78574776,-31.64187151]]]},"geometry_name":"geom","properties":{"gid":1529,"rtn":"5","typ":40,"rst":1,"hct":2,"fdc":"IDESF","sag":"IGN"},"bbox":[-60.78574776,-31.64198092,-60.7855768,-31.64187151]},{"type":"Feature","id":"vial_provincial.1573","geometry":{"type":"MultiLineString","coordinates":[[[-60.78574776,-31.64187151],[-60.78593012,-31.6417548],[-60.78661301,-31.64125899],[-60.78742237,-31.64043929],[-60.79195996,-31.63517376],[-60.79977451,-31.62634305],[-60.80425726,-31.62133137],[-60.8089408,-31.61600084],[-60.80963138,-31.61507594],[-60.81005332,-31.61432492],[-60.81039251,-31.61338934],[-60.81050148,-31.6125393],[-60.81045876,-31.61096569],[-60.80966522,-31.59997852],[-60.80926248,-31.59378545],[-60.80875617,-31.5856943],[-60.80847104,-31.58110294],[-60.80781431,-31.57169931],[-60.80777148,-31.5711092],[-60.80731462,-31.56419449],[-60.80695767,-31.55929942],[-60.80674292,-31.55600819],[-60.80657232,-31.55507979],[-60.80609261,-31.55233234],[-60.80609261,-31.55183503],[-60.80609499,-31.55129727],[-60.80612354,-31.55030028],[-60.80616479,-31.55001879],[-60.80624823,-31.54959929],[-60.80634959,-31.54927949],[-60.80650829,-31.5489384],[-60.80675362,-31.54842859],[-60.80705272,-31.54796864]]]},"geometry_name":"geom","properties":{"gid":1573,"rtn":"5","typ":40,"rst":3,"hct":2,"fdc":"IDESF","sag":"IGN"},"bbox":[-60.81050148,-31.64187151,-60.78574776,-31.54796864]},{"type":"Feature","id":"vial_provincial.1574","geometry":{"type":"MultiLineString","coordinates":[[[-60.78458626,-31.67013666],[-60.78278473,-31.66665391],[-60.78234109,-31.66583217],[-60.78169292,-31.66493684],[-60.78081113,-31.66394292],[-60.77943434,-31.66295202],[-60.7783805,-31.66228397],[-60.77755539,-31.66186805],[-60.78326743,-31.66086716],[-60.7889099,-31.65994407],[-60.7884135,-31.65740075],[-60.78809868,-31.65571813],[-60.78785839,-31.65407019],[-60.78749072,-31.6522152],[-60.78635039,-31.64758066],[-60.78520697,-31.64260662],[-60.78518603,-31.64240675],[-60.78519174,-31.64232489],[-60.78520973,-31.64224642],[-60.78522629,-31.64221791],[-60.78524618,-31.64219773],[-60.78532499,-31.64213948],[-60.78539923,-31.64209456],[-60.7855768,-31.64198092]]]},"geometry_name":"geom","properties":{"gid":1574,"rtn":"5","typ":40,"rst":3,"hct":2,"fdc":"IDESF","sag":"IGN"},"bbox":[-60.7889099,-31.67013666,-60.77755539,-31.64198092]},{"type":"Feature","id":"vial_provincial.892","geometry":{"type":"MultiLineString","coordinates":[[[-60.99184023,-32.07216828],[-60.99163507,-32.07220442]]]},"geometry_name":"geom","properties":{"gid":892,"rtn":"80","typ":40,"rst":1,"hct":2,"fdc":"IDESF","sag":"IGN"},"bbox":[-60.99184023,-32.07220442,-60.99163507,-32.07216828]},{"type":"Feature","id":"vial_provincial.1571","geometry":{"type":"MultiLineString","coordinates":[[[-61.17663808,-32.03934926],[-61.1756404,-32.0395597],[-61.1752169,-32.0396351],[-61.1748595,-32.0396986],[-61.1740593,-32.03984],[-61.1732803,-32.0399776],[-61.1660528,-32.0412544],[-61.1592872,-32.0424495],[-61.1448428,-32.0450106],[-61.1418921,-32.0455406],[-61.132125,-32.0472408],[-61.1192865,-32.0495186],[-61.1069744,-32.05169691],[-61.1068258,-32.0517232],[-61.1064852,-32.0517822],[-61.1058971,-32.0518985],[-61.10581,-32.0519138],[-61.1055917,-32.0519519],[-61.1052233,-32.0520162],[-61.104703,-32.0521071],[-61.10444743,-32.05215252],[-61.0870375,-32.0552469],[-61.086888,-32.0552737],[-61.076461,-32.0571431],[-61.0652504,-32.0591289],[-61.0454754,-32.0626575],[-61.044667,-32.0627912],[-61.0356339,-32.0643827],[-61.0245728,-32.0663564],[-60.9947976,-32.0716255],[-60.9919338,-32.0721518],[-60.99184023,-32.07216828]]]},"geometry_name":"geom","properties":{"gid":1571,"rtn":"80","typ":40,"rst":1,"hct":2,"fdc":"IDESF","sag":"IGN"},"bbox":[-61.17663808,-32.07216828,-60.99184023,-32.03934926]},{"type":"Feature","id":"vial_provincial.1699","geometry":{"type":"MultiLineString","coordinates":[[[-60.9329,-31.68620045],[-60.93440073,-31.69208566],[-60.93703883,-31.70282928],[-60.93817748,-31.70751829],[-60.94192524,-31.72285588],[-60.94307736,-31.72279382],[-60.94789112,-31.72603575],[-60.94901665,-31.72835447],[-60.95263377,-31.73580617],[-60.9550686,-31.74085877],[-60.95604802,-31.74289122],[-60.95955068,-31.75019229],[-60.96227344,-31.75570077],[-60.96537321,-31.76208831],[-60.96773352,-31.76703634],[-60.97190391,-31.7755946],[-60.97297322,-31.77801766],[-60.97319878,-31.778649],[-60.97491475,-31.78550689],[-60.97497857,-31.78549571]]]},"geometry_name":"geom","properties":{"gid":1699,"rtn":"50s","typ":40,"rst":3,"hct":2,"fdc":"IDESF","sag":"IGN"},"bbox":[-60.97497857,-31.78550689,-60.9329,-31.68620045]},{"type":"Feature","id":"vial_provincial.1708","geometry":{"type":"MultiLineString","coordinates":[[[-60.99568123,-31.57167156],[-61.0017905,-31.57018545],[-61.00790148,-31.56872358],[-61.0131084,-31.5674721],[-61.01907478,-31.56605852],[-61.0261726,-31.56438702],[-61.03981695,-31.56113727],[-61.0430524,-31.56036292],[-61.0432522,-31.5603151],[-61.04378921,-31.56022037],[-61.0440918,-31.560167],[-61.04459166,-31.56011033],[-61.044659,-31.5601027],[-61.04520737,-31.56006918],[-61.0452624,-31.56006582],[-61.0453462,-31.5600607],[-61.04596382,-31.56007988],[-61.0460031,-31.5600811],[-61.0467585,-31.5601261],[-61.0479186,-31.5601379],[-61.04823172,-31.560115],[-61.048553,-31.5600915],[-61.0490879,-31.5600114],[-61.0497179,-31.5598962],[-61.0524011,-31.5591765],[-61.0535527,-31.5588839],[-61.0578377,-31.5577656],[-61.0614828,-31.5568192],[-61.0636231,-31.5562251],[-61.0688961,-31.5545944],[-61.0701136,-31.5542305],[-61.0711415,-31.5539283],[-61.0721545,-31.5536344],[-61.0731629,-31.5533381],[-61.07448005,-31.55293806]]]},"geometry_name":"geom","properties":{"gid":1708,"rtn":"50s","typ":40,"rst":2,"hct":2,"fdc":"IDESF","sag":"IGN"},"bbox":[-61.07448005,-31.57167156,-60.99568123,-31.55293806]},{"type":"Feature","id":"vial_provincial.1736","geometry":{"type":"MultiLineString","coordinates":[[[-60.99568123,-31.57167156],[-60.99613333,-31.57314683],[-61.01071657,-31.61847322],[-61.0016118,-31.62063472],[-61.00402362,-31.63037295]]]},"geometry_name":"geom","properties":{"gid":1736,"rtn":"50s","typ":40,"rst":3,"hct":2,"fdc":"IDESF","sag":"IGN"},"bbox":[-61.01071657,-31.63037295,-60.99568123,-31.57167156]},{"type":"Feature","id":"vial_provincial.2479","geometry":{"type":"MultiLineString","coordinates":[[[-60.92591358,-31.96830474],[-60.9258332,-31.9683163]]]},"geometry_name":"geom","properties":{"gid":2479,"rtn":"64","typ":40,"rst":1,"hct":2,"fdc":"IDESF","sag":"IGN"},"bbox":[-60.92591358,-31.9683163,-60.9258332,-31.96830474]},{"type":"Feature","id":"vial_provincial.2480","geometry":{"type":"MultiLineString","coordinates":[[[-60.925823,-31.9682663],[-60.92590516,-31.96825546]]]},"geometry_name":"geom","properties":{"gid":2480,"rtn":"64","typ":40,"rst":1,"hct":2,"fdc":"IDESF","sag":"IGN"},"bbox":[-60.92590516,-31.9682663,-60.925823,-31.96825546]},{"type":"Feature","id":"vial_provincial.2481","geometry":{"type":"MultiLineString","coordinates":[[[-60.7890353,-31.6845236],[-60.7894099,-31.68443458],[-60.78983074,-31.68435602],[-60.78992614,-31.68433638],[-60.790058,-31.68431113],[-60.79086533,-31.68417435],[-60.791101,-31.68413087],[-60.79118237,-31.68411403],[-60.7911436,-31.68402826],[-60.79112485,-31.683999],[-60.79110451,-31.6839513],[-60.79107084,-31.68389309],[-60.79098553,-31.68368424],[-60.7896378,-31.68111823],[-60.7888345,-31.67954588],[-60.78807688,-31.67803064],[-60.78688143,-31.67579965],[-60.78591696,-31.67396557],[-60.78458626,-31.67013666]]]},"geometry_name":"geom","properties":{"gid":2481,"rtn":"5","typ":40,"rst":3,"hct":2,"fdc":"IDESF","sag":"IGN"},"bbox":[-60.79118237,-31.6845236,-60.78458626,-31.67013666]},{"type":"Feature","id":"vial_provincial.2482","geometry":{"type":"MultiLineString","coordinates":[[[-60.79955627,-31.66727046],[-60.7990756,-31.6664126],[-60.7985536,-31.6654786],[-60.7964157,-31.6616713],[-60.7956439,-31.6602531],[-60.7945924,-31.6583448],[-60.7938971,-31.6570146],[-60.7932476,-31.6556654],[-60.7930893,-31.6553138],[-60.7914022,-31.651373],[-60.7901443,-31.6486924],[-60.7895676,-31.6476398],[-60.788948,-31.646578],[-60.788264,-31.6455048],[-60.7879098,-31.6449817],[-60.7875318,-31.6444682],[-60.7866559,-31.6433039],[-60.7857196,-31.642147],[-60.78559524,-31.64200237],[-60.7855768,-31.64198092],[-60.7853436,-31.6417097],[-60.7828499,-31.6387596],[-60.7815259,-31.6372468],[-60.7801576,-31.6357518],[-60.7787096,-31.6343113],[-60.7779861,-31.6335828],[-60.7772108,-31.6328651],[-60.7763866,-31.6321454],[-60.7759593,-31.6317896],[-60.7755273,-31.6314377],[-60.7746447,-31.6307518],[-60.7737294,-31.6300838],[-60.7732157,-31.6297339],[-60.7726809,-31.629382],[-60.7715952,-31.628702],[-60.7704137,-31.6280081],[-60.7702519,-31.6279184],[-60.770005,-31.6277815],[-60.7695777,-31.6275608],[-60.7684114,-31.6269617],[-60.7678078,-31.6266793],[-60.7671808,-31.6264035],[-60.766388,-31.6260572],[-60.7655485,-31.6257285],[-60.7647687,-31.6254373],[-60.7639681,-31.6251615],[-60.7631209,-31.6248681],[-60.7622478,-31.6246144],[-60.7613825,-31.6243695],[-60.7604886,-31.6241379],[-60.7586984,-31.6236856],[-60.7568537,-31.6232422],[-60.756206,-31.6230922],[-60.7555116,-31.6229466],[-60.7549934,-31.6228473],[-60.754053,-31.6227061],[-60.7533819,-31.6226223],[-60.752685,-31.6225671],[-60.7520192,-31.6225186],[-60.7513248,-31.6224965],[-60.7505268,-31.6224899],[-60.7497263,-31.6225164],[-60.7490604,-31.6225561],[-60.7483943,-31.6226267],[-60.7477106,-31.6226973],[-60.7470214,-31.6227877],[-60.7463348,-31.6229068],[-60.7456638,-31.6230414],[-60.7448866,-31.6232201],[-60.7441274,-31.6234253],[-60.7433813,-31.6236459],[-60.7426533,-31.6238864],[-60.7410703,-31.6244666],[-60.7354495,-31.6265297],[-60.7347958,-31.6267679],[-60.7343035,-31.6269509],[-60.7331027,-31.6273814],[-60.7316723,-31.6279049],[-60.7315213,-31.6279471],[-60.73118676,-31.62804058],[-60.73107368,-31.62807217],[-60.7308195,-31.6281432],[-60.7305702,-31.6282128],[-60.730265,-31.6282806],[-60.729859,-31.6283612],[-60.7294463,-31.6284131],[-60.7290471,-31.6284515],[-60.728808,-31.6284649],[-60.7285554,-31.6284688],[-60.7283073,-31.6284553],[-60.7280727,-31.6284323],[-60.727774,-31.6284067],[-60.7272135,-31.6283125],[-60.7268674,-31.6282267],[-60.7265437,-31.628133],[-60.7263067,-31.6280463],[-60.7261541,-31.6279891],[-60.7253414,-31.6276449],[-60.7240828,-31.6270169],[-60.7234468,-31.6267077],[-60.7230106,-31.6265059],[-60.7227994,-31.6264081],[-60.7221206,-31.6261373],[-60.721771,-31.6260125],[-60.7215728,-31.6259607],[-60.7214275,-31.6259228],[-60.7210876,-31.6258473],[-60.7207605,-31.6258012],[-60.7204447,-31.6257647],[-60.7200523,-31.6257321],[-60.7197433,-31.6257225],[-60.719423,-31.6257282],[-60.7188959,-31.6257577],[-60.7188655,-31.6257594],[-60.71877401,-31.62576517],[-60.71373001,-31.62651034]]]},"geometry_name":"geom","properties":{"gid":2482,"rtn":"AP01","typ":40,"rst":1,"hct":2,"fdc":"IDESF","sag":"IGN"},"bbox":[-60.79955627,-31.66727046,-60.71373001,-31.6224899]},{"type":"Feature","id":"vial_provincial.2483","geometry":{"type":"MultiLineString","coordinates":[[[-60.79961972,-31.66738369],[-60.79955627,-31.66727046]]]},"geometry_name":"geom","properties":{"gid":2483,"rtn":"AP01","typ":40,"rst":1,"hct":2,"fdc":"IDESF","sag":"IGN"},"bbox":[-60.79961972,-31.66738369,-60.79955627,-31.66727046]},{"type":"Feature","id":"vial_provincial.2484","geometry":{"type":"MultiLineString","coordinates":[[[-60.79978074,-31.66723687],[-60.7988837,-31.6656508],[-60.7977308,-31.6635905],[-60.7975547,-31.6633129],[-60.7963103,-31.661024],[-60.7959055,-31.6602988],[-60.7947907,-31.6582997],[-60.79414792,-31.65706499],[-60.7941067,-31.6569858],[-60.7934809,-31.6556471],[-60.79332,-31.6553206],[-60.7915953,-31.6513319],[-60.7903374,-31.6486216],[-60.7897553,-31.6475599],[-60.7891277,-31.6464821],[-60.7884464,-31.6454181],[-60.7880943,-31.6448982],[-60.7877142,-31.6443723],[-60.7868054,-31.6431847],[-60.78653181,-31.6428426],[-60.785869,-31.6420138],[-60.78574776,-31.64187151],[-60.7855091,-31.6415914],[-60.7830273,-31.6386662],[-60.7816964,-31.6371414],[-60.7803141,-31.6356484],[-60.7788656,-31.6341899],[-60.7781355,-31.6334715],[-60.7773696,-31.6327558],[-60.7765384,-31.6320242],[-60.7761157,-31.6316663],[-60.7756721,-31.6313104],[-60.7747801,-31.6306146],[-60.7738648,-31.6299525],[-60.7733511,-31.6295947],[-60.772807,-31.6292448],[-60.7717166,-31.6285549],[-60.7705139,-31.6278601],[-60.7701545,-31.6276553],[-60.7687301,-31.6269197],[-60.7680098,-31.6265756],[-60.7672663,-31.6262425],[-60.7664709,-31.6258939],[-60.7656314,-31.6255652],[-60.764849,-31.625274],[-60.7640536,-31.6249916],[-60.7632064,-31.6247115],[-60.7623178,-31.6244489],[-60.7614524,-31.6241974],[-60.7605456,-31.623968],[-60.7584522,-31.6234341],[-60.7566411,-31.6229911],[-60.7558516,-31.6228255],[-60.7554854,-31.6227512],[-60.7550981,-31.6226771],[-60.7547468,-31.6226156],[-60.7544532,-31.6225702],[-60.754028,-31.6225093],[-60.7536169,-31.622458],[-60.7528881,-31.6223855],[-60.7526316,-31.6223658],[-60.7523708,-31.6223482],[-60.7520373,-31.6223421],[-60.75133,-31.6223244],[-60.7505476,-31.6223112],[-60.7497289,-31.622331],[-60.7483697,-31.6224446],[-60.7476743,-31.6225208],[-60.7469973,-31.6226163],[-60.7463141,-31.6227259],[-60.7456297,-31.6228547],[-60.7448399,-31.6230436],[-60.7440756,-31.623251],[-60.7433269,-31.6234716],[-60.7425885,-31.6237165],[-60.7418164,-31.6239967],[-60.7410133,-31.6242923],[-60.7354109,-31.6263464],[-60.7350475,-31.6264717],[-60.7345471,-31.6266462],[-60.7344602,-31.6266793],[-60.7331446,-31.6271798],[-60.7326076,-31.62737287],[-60.7319898,-31.627595],[-60.731491,-31.6277557],[-60.7314275,-31.6277725],[-60.73109422,-31.62786054],[-60.73098018,-31.62789067],[-60.7306988,-31.627965],[-60.7305118,-31.6280144],[-60.7302605,-31.6280789],[-60.7298523,-31.6281653],[-60.7296425,-31.6282018],[-60.7294057,-31.6282345],[-60.7289997,-31.6282729],[-60.7285486,-31.6282921],[-60.7283276,-31.6282806],[-60.7281201,-31.6282614],[-60.7277682,-31.6282095],[-60.7274254,-31.6281442],[-60.7272605,-31.6281055],[-60.7268363,-31.6279987],[-60.7263884,-31.6278597],[-60.7259962,-31.6277152],[-60.7256779,-31.6275928],[-60.7254659,-31.6274929],[-60.7228834,-31.6262369],[-60.7225541,-31.6261044],[-60.72251565,-31.62608998],[-60.7222112,-31.6259758],[-60.7218549,-31.6258644],[-60.7214167,-31.6257571],[-60.7211376,-31.625705],[-60.7207858,-31.6256531],[-60.7204317,-31.6256185],[-60.7200595,-31.6256013],[-60.7198404,-31.6256013],[-60.7197528,-31.6256013],[-60.7194145,-31.6256128],[-60.7188922,-31.6256538],[-60.7187676,-31.6256636],[-60.7151337,-31.62623337],[-60.71373572,-31.62639612]]]},"geometry_name":"geom","properties":{"gid":2484,"rtn":"AP01","typ":40,"rst":1,"hct":2,"fdc":"IDESF","sag":"IGN"},"bbox":[-60.79978074,-31.66723687,-60.71373572,-31.6223112]},{"type":"Feature","id":"vial_provincial.2485","geometry":{"type":"MultiLineString","coordinates":[[[-60.79984292,-31.66734681],[-60.79978074,-31.66723687]]]},"geometry_name":"geom","properties":{"gid":2485,"rtn":"AP01","typ":40,"rst":1,"hct":2,"fdc":"IDESF","sag":"IGN"},"bbox":[-60.79984292,-31.66734681,-60.79978074,-31.66723687]},{"type":"Feature","id":"vial_provincial.4957","geometry":{"type":"MultiLineString","coordinates":[[[-59.1598335,-33.7471936],[-59.1605769,-33.7468159]]]},"geometry_name":"geom","properties":{"gid":4957,"rtn":"45","typ":40,"rst":2,"hct":2,"fdc":"OpenStreetMap","sag":"IGN"},"bbox":[-59.1605769,-33.7471936,-59.1598335,-33.7468159]},{"type":"Feature","id":"vial_provincial.2737","geometry":{"type":"MultiLineString","coordinates":[[[-59.7210261,-33.7572056],[-59.721554,-33.7586184],[-59.72186507,-33.75990869],[-59.72201974,-33.76058089],[-59.72233204,-33.76196098],[-59.72248134,-33.76270515]]]},"geometry_name":"geom","properties":{"gid":2737,"rtn":"191","typ":40,"rst":1,"hct":2,"fdc":"DVP Buenos Aires","sag":"IGN"},"bbox":[-59.72248134,-33.76270515,-59.7210261,-33.7572056]},{"type":"Feature","id":"vial_provincial.2736","geometry":{"type":"MultiLineString","coordinates":[[[-59.72229165,-33.76275145],[-59.72211799,-33.76197818],[-59.7217895,-33.7606286],[-59.7213267,-33.7586465],[-59.7210261,-33.7572056]]]},"geometry_name":"geom","properties":{"gid":2736,"rtn":"191","typ":40,"rst":1,"hct":2,"fdc":"DVP Buenos Aires","sag":"IGN"},"bbox":[-59.72229165,-33.76275145,-59.7210261,-33.7572056]},{"type":"Feature","id":"vial_provincial.3260","geometry":{"type":"MultiLineString","coordinates":[[[-59.5412825,-33.8532795],[-59.5408016,-33.8527853],[-59.5405763,-33.8525169],[-59.5404465,-33.8523811],[-59.5403698,-33.8522529],[-59.5403323,-33.8521694],[-59.5403162,-33.8520847],[-59.5403188,-33.8519968],[-59.5403242,-33.851931],[-59.5403443,-33.8518241],[-59.5403648,-33.8517364],[-59.5403993,-33.8515891],[-59.5404503,-33.8512906],[-59.5404583,-33.8511425],[-59.5404355,-33.850971],[-59.5404215,-33.8508086]]]},"geometry_name":"geom","properties":{"gid":3260,"rtn":"41","typ":40,"rst":1,"hct":2,"fdc":"DVP Buenos Aires","sag":"IGN"},"bbox":[-59.5412825,-33.8532795,-59.5403162,-33.8508086]},{"type":"Feature","id":"vial_provincial.3262","geometry":{"type":"MultiLineString","coordinates":[[[-59.54326842,-33.8555734],[-59.5434232,-33.8557492],[-59.5438904,-33.8562812],[-59.5440737,-33.8564928],[-59.5449927,-33.8576616],[-59.5453769,-33.8581694],[-59.54579979,-33.85867428],[-59.54614244,-33.85914256],[-59.54635302,-33.85955231],[-59.5467272,-33.8603504],[-59.54702581,-33.86159341],[-59.54707978,-33.86244966],[-59.54706745,-33.86275042],[-59.5469884,-33.8632779],[-59.5467396,-33.8641958],[-59.5466722,-33.8644448],[-59.5466027,-33.8647011],[-59.54602668,-33.86573228],[-59.54366523,-33.86900222],[-59.5337041,-33.8823327],[-59.5299489,-33.8874003],[-59.5273686,-33.8907597],[-59.5249648,-33.8941991],[-59.5243594,-33.8953096],[-59.522767,-33.8983794],[-59.5182955,-33.907268],[-59.5177842,-33.9086457],[-59.5175695,-33.9096963],[-59.5174042,-33.910864],[-59.5173855,-33.9122458],[-59.5175063,-33.913574],[-59.51995315,-33.92406047],[-59.52160866,-33.93118065],[-59.5225007,-33.9351291],[-59.5226963,-33.9361843],[-59.5227719,-33.9366211],[-59.52291629,-33.93779126],[-59.52292581,-33.93916659],[-59.5226459,-33.953416],[-59.5226415,-33.9536311],[-59.52239495,-33.96966355],[-59.522389,-33.96993719],[-59.52236818,-33.97048744],[-59.5222314,-33.9792254],[-59.5222257,-33.9811591],[-59.5222255,-33.9812243],[-59.5223899,-33.9825799],[-59.5253457,-33.9969294],[-59.5256481,-33.9984751],[-59.5257412,-33.9992911],[-59.5257701,-34.0006678],[-59.5256923,-34.0060768],[-59.5256773,-34.007278],[-59.5256013,-34.012647],[-59.5254182,-34.0254182],[-59.5253661,-34.02849255],[-59.52526498,-34.02931941],[-59.52521739,-34.02974772],[-59.5230989,-34.0456637],[-59.523083,-34.0458104],[-59.5216939,-34.05651001],[-59.52161538,-34.05702754],[-59.52144346,-34.05791163],[-59.521054,-34.0590424],[-59.5205492,-34.0601606],[-59.5197748,-34.0612872],[-59.519254,-34.0618833],[-59.518717,-34.0624368],[-59.5180277,-34.063025],[-59.5156172,-34.0649146],[-59.511869,-34.0679128],[-59.5076087,-34.0712798],[-59.507441,-34.0714123],[-59.50585769,-34.07270201],[-59.50506058,-34.07344262],[-59.50454304,-34.07407318],[-59.50426048,-34.07445389],[-59.50402551,-34.07483163],[-59.50357391,-34.07576185],[-59.50333001,-34.0766363],[-59.5031259,-34.077615],[-59.50301473,-34.08119297],[-59.50283033,-34.08454801],[-59.5018799,-34.1024466],[-59.50185475,-34.10405626],[-59.50181906,-34.10442746],[-59.50178336,-34.10487004],[-59.50161918,-34.10620491],[-59.5005486,-34.1133833],[-59.5003952,-34.1140864],[-59.500156,-34.1148251],[-59.4996346,-34.1161603],[-59.4937883,-34.1279908],[-59.4858234,-34.1444534],[-59.4851378,-34.1458703],[-59.4851181,-34.1459101],[-59.4813668,-34.1537496],[-59.47962344,-34.158268],[-59.4767693,-34.165675],[-59.4761659,-34.1668161],[-59.475348,-34.1679928],[-59.46045546,-34.18841359],[-59.4585556,-34.1910187],[-59.4542006,-34.196466],[-59.4539693,-34.1968609],[-59.4535602,-34.1975495],[-59.4530991,-34.1984968],[-59.4529039,-34.1989768],[-59.4525669,-34.1998155],[-59.4518138,-34.2027147],[-59.4507672,-34.2067437],[-59.4501068,-34.2088443],[-59.4487292,-34.2129134],[-59.4458719,-34.22168525]]]},"geometry_name":"geom","properties":{"gid":3262,"rtn":"41","typ":40,"rst":1,"hct":2,"fdc":"DVP Buenos Aires","sag":"IGN"},"bbox":[-59.54707978,-34.22168525,-59.4458719,-33.8555734]},{"type":"Feature","id":"vial_provincial.3925","geometry":{"type":"MultiLineString","coordinates":[[[-59.66908539,-33.97425899],[-59.66505547,-33.97079557],[-59.65551478,-33.96243046],[-59.65485329,-33.96184511],[-59.65458441,-33.96151198],[-59.65448209,-33.96125738],[-59.6544345,-33.96095043],[-59.6544583,-33.96066014],[-59.65451778,-33.96041981],[-59.65463992,-33.96017692],[-59.65478963,-33.96003402],[-59.65558094,-33.95938319],[-59.65582723,-33.95916461],[-59.65601888,-33.95892836],[-59.65617205,-33.95866367],[-59.65625994,-33.95834476],[-59.6562313,-33.95808878],[-59.65613817,-33.95786601],[-59.65599038,-33.95760725],[-59.65579355,-33.95741722],[-59.65555767,-33.95721626],[-59.65522195,-33.9570275],[-59.65469563,-33.95675532],[-59.64481383,-33.95191347],[-59.6444451,-33.95172249],[-59.64331551,-33.95113096],[-59.64016192,-33.94954515],[-59.63502779,-33.9469934],[-59.63025161,-33.94466147],[-59.62960737,-33.94438383],[-59.62920191,-33.94426581],[-59.6288764,-33.94423155],[-59.6285566,-33.94424487],[-59.62821205,-33.94430388],[-59.62797601,-33.94439525],[-59.62774568,-33.94450756],[-59.62753975,-33.94467091],[-59.62551909,-33.94622087],[-59.62072826,-33.95000494],[-59.62041732,-33.95021558],[-59.62017608,-33.95034348],[-59.61991837,-33.95042652],[-59.61963003,-33.95048684],[-59.61935737,-33.95050683],[-59.6191014,-33.95050086],[-59.61884663,-33.95046339],[-59.6186781,-33.95042936],[-59.61850495,-33.95037257],[-59.61833138,-33.95030251],[-59.61801339,-33.95015391],[-59.61705057,-33.94962143],[-59.60976916,-33.94547769],[-59.60817096,-33.94457569],[-59.60774878,-33.94430642],[-59.60742221,-33.94406973],[-59.60711082,-33.94380913],[-59.60691938,-33.94358226],[-59.60654438,-33.94316157],[-59.60583216,-33.94225057],[-59.60429146,-33.94025777],[-59.60242953,-33.93785452],[-59.60222728,-33.93762847],[-59.60186441,-33.93722991],[-59.60003817,-33.9352728],[-59.59733154,-33.93209622],[-59.59521976,-33.92965728],[-59.59489854,-33.92925277],[-59.5946368,-33.92888395],[-59.5944048,-33.92849729],[-59.59348276,-33.92683167],[-59.59107355,-33.92235233],[-59.58948526,-33.91942559],[-59.58905696,-33.91869986],[-59.58874763,-33.9182894],[-59.58840449,-33.91787079],[-59.58657053,-33.91564309],[-59.58573926,-33.91462709],[-59.5853303,-33.9140846],[-59.58518443,-33.91383034],[-59.58511902,-33.91363398],[-59.5850722,-33.91336947],[-59.58504135,-33.91295131],[-59.58490222,-33.90657581],[-59.58488795,-33.9063569],[-59.58483322,-33.90612371],[-59.58471663,-33.90586197],[-59.58452868,-33.90562037],[-59.58432356,-33.90530491],[-59.58400202,-33.90494542],[-59.58156324,-33.90240746],[-59.57847458,-33.89925347],[-59.57468797,-33.89537978],[-59.5742137,-33.89489767],[-59.57398125,-33.8946316],[-59.57364031,-33.89421019],[-59.57313479,-33.89343284],[-59.57056026,-33.88942879],[-59.56913145,-33.88720585],[-59.56758653,-33.88479857],[-59.56584061,-33.8820852],[-59.56304415,-33.87713477],[-59.56095112,-33.87349937],[-59.55946952,-33.87090725],[-59.55867351,-33.86950015],[-59.55844927,-33.86912518],[-59.55815398,-33.8687338],[-59.55761414,-33.8680952],[-59.55707424,-33.86749434],[-59.55605626,-33.86635521],[-59.55270681,-33.86264911],[-59.55160955,-33.86136804],[-59.55146367,-33.86123946],[-59.55128751,-33.86116716],[-59.55109909,-33.86114839],[-59.55091378,-33.86117299],[-59.55074109,-33.86124619],[-59.55061148,-33.86134452],[-59.54978362,-33.86202918],[-59.5493787,-33.8623022],[-59.54919379,-33.86240558],[-59.54900931,-33.86245268],[-59.54736739,-33.86246923],[-59.54707978,-33.86244966]]]},"geometry_name":"geom","properties":{"gid":3925,"rtn":"38","typ":40,"rst":1,"hct":2,"fdc":"DVP Buenos Aires","sag":"IGN"},"bbox":[-59.66908539,-33.97425899,-59.54707978,-33.86114839]},{"type":"Feature","id":"vial_provincial.4379","geometry":{"type":"MultiLineString","coordinates":[[[-59.50775848,-33.79073521],[-59.50771826,-33.79074494],[-59.50767907,-33.79075779],[-59.50764129,-33.79077365],[-59.50760528,-33.79079237],[-59.50757139,-33.79081376],[-59.50753995,-33.79083763],[-59.50751127,-33.79086373],[-59.5074856,-33.79089182],[-59.50746321,-33.79092163],[-59.50744431,-33.79095286],[-59.50742908,-33.79098523],[-59.50741766,-33.79101842],[-59.50741018,-33.7910521],[-59.50740669,-33.79108596],[-59.50740724,-33.79111967],[-59.50741181,-33.7911529],[-59.50742037,-33.79118533],[-59.50743283,-33.79121665],[-59.50744907,-33.79124657],[-59.50746893,-33.79127478],[-59.50749223,-33.79130102],[-59.50751874,-33.79132504],[-59.5075482,-33.79134661],[-59.50758033,-33.79136551],[-59.50761483,-33.79138157],[-59.50765135,-33.79139463],[-59.50768955,-33.79140457],[-59.50772905,-33.79141129],[-59.50776949,-33.79141472],[-59.50781047,-33.79141483],[-59.50785159,-33.79141162],[-59.50789245,-33.79140512],[-59.50794076,-33.79139303],[-59.50798746,-33.79137644],[-59.5080319,-33.79135557],[-59.50807345,-33.79133072],[-59.50811155,-33.79130224],[-59.50814566,-33.79127052],[-59.5081753,-33.791236],[-59.50820006,-33.79119917],[-59.5082196,-33.79116054],[-59.50823363,-33.79112065],[-59.50824198,-33.79108006],[-59.50824451,-33.79103933],[-59.50824119,-33.79099902],[-59.50823208,-33.79095972],[-59.50821729,-33.79092195],[-59.50819704,-33.79088625],[-59.50818078,-33.79086401],[-59.50816234,-33.79084304],[-59.50814185,-33.79082345],[-59.50811943,-33.79080537],[-59.50809521,-33.79078891],[-59.50806934,-33.79077416],[-59.50804199,-33.79076122],[-59.50801331,-33.79075017],[-59.50798348,-33.79074108],[-59.50795269,-33.79073399],[-59.50792112,-33.79072896],[-59.50788897,-33.79072601],[-59.50785643,-33.79072516],[-59.50782371,-33.79072642],[-59.50779099,-33.79072978],[-59.50775848,-33.79073521]]]},"geometry_name":"geom","properties":{"gid":4379,"rtn":"41","typ":40,"rst":1,"hct":2,"fdc":"DVP Buenos Aires","sag":"IGN"},"bbox":[-59.50824451,-33.79141483,-59.50740669,-33.79072516]},{"type":"Feature","id":"vial_provincial.4799","geometry":{"type":"MultiLineString","coordinates":[[[-59.68705773,-34.17710361],[-59.68588027,-34.17491944],[-59.68369961,-34.17077299],[-59.683539,-34.170541],[-59.68333913,-34.17032685],[-59.68308571,-34.17009128],[-59.68259317,-34.16963799],[-59.6817437,-34.16888489],[-59.68064796,-34.16788909],[-59.67884845,-34.16622305],[-59.6783889,-34.16577517],[-59.67810336,-34.16542063],[-59.67774035,-34.16496392],[-59.67746909,-34.16455846],[-59.67727198,-34.16428492],[-59.67497657,-34.16095787],[-59.6740517,-34.15960561],[-59.67277741,-34.15776251],[-59.67130703,-34.15563772],[-59.67031979,-34.1542946],[-59.66940965,-34.1530668],[-59.66720032,-34.14983633],[-59.66586631,-34.1478875],[-59.66399661,-34.14524777],[-59.66226317,-34.14280208],[-59.65724822,-34.13553894],[-59.65498093,-34.13229023],[-59.65491365,-34.13231546],[-59.65315006,-34.12977461],[-59.65302194,-34.12963271],[-59.65287541,-34.12955159],[-59.65272254,-34.12953614],[-59.6525939,-34.12957129],[-59.6523299,-34.12975306],[-59.65223193,-34.12977319],[-59.65210338,-34.12977809],[-59.65195052,-34.12969683],[-59.6517,-34.12947358],[-59.64895593,-34.12697953],[-59.64666515,-34.12492998],[-59.64145818,-34.12028372],[-59.6377325,-34.11689988],[-59.63689688,-34.11616513],[-59.63675136,-34.11599859],[-59.63663039,-34.11575151],[-59.63576572,-34.11185125],[-59.63569252,-34.11161868],[-59.63558884,-34.11143139],[-59.63543633,-34.11124896],[-59.63144688,-34.10715581],[-59.62829207,-34.10390395],[-59.62804925,-34.10361648],[-59.62374851,-34.09632428],[-59.62024573,-34.09043865],[-59.61814116,-34.08691522],[-59.6180319,-34.08673844],[-59.61796524,-34.08658191],[-59.617231,-34.07596325],[-59.61687124,-34.07234045],[-59.61684142,-34.07201671],[-59.61685465,-34.07158687],[-59.61694715,-34.07052093],[-59.61712107,-34.06948856],[-59.61715801,-34.06919972],[-59.61718919,-34.06899745],[-59.6171776,-34.06883078],[-59.61714147,-34.06870462],[-59.61705042,-34.06858861],[-59.61584708,-34.06740073],[-59.61565821,-34.06714725],[-59.6155185,-34.06691426],[-59.61544597,-34.06669665],[-59.61252951,-34.05473143],[-59.61002036,-34.04429467],[-59.61005146,-34.04410067],[-59.61014563,-34.04394325],[-59.61455046,-34.04072627],[-59.61758611,-34.03848189],[-59.61767459,-34.03836173],[-59.61769379,-34.03822613],[-59.61730227,-34.03686916],[-59.6172528,-34.03660762],[-59.61724105,-34.0363511],[-59.61770257,-34.03250637],[-59.61775946,-34.0323217],[-59.61783545,-34.03222142],[-59.61815248,-34.03202101],[-59.61823508,-34.03190475],[-59.61818461,-34.03176764],[-59.61777373,-34.03127826],[-59.61765941,-34.03112019],[-59.61764664,-34.03096745],[-59.61769742,-34.0308727],[-59.61826841,-34.03029188],[-59.61840088,-34.03015763],[-59.61842534,-34.03002745],[-59.61834038,-34.02985843],[-59.61817242,-34.02970799],[-59.61675561,-34.02845371],[-59.6166994,-34.02831127],[-59.61672574,-34.02814089],[-59.61682227,-34.02802716],[-59.61701371,-34.0278801],[-59.6241653,-34.02219917],[-59.6247907,-34.02169094],[-59.62508797,-34.02145876],[-59.62532405,-34.02129198],[-59.62554736,-34.02115503],[-59.62575675,-34.02103463],[-59.62625143,-34.02074526],[-59.62649433,-34.02056794],[-59.62669502,-34.02039091],[-59.62683847,-34.02023312],[-59.62720127,-34.01984183],[-59.62749445,-34.01956844],[-59.6279049,-34.01920394],[-59.62854391,-34.01869009],[-59.6317119,-34.01619538],[-59.63190949,-34.01604449],[-59.63206601,-34.01593491],[-59.63230116,-34.01578556],[-59.63248964,-34.01566669],[-59.63280901,-34.01549477],[-59.63298249,-34.01540543],[-59.63316492,-34.01530583],[-59.63424823,-34.01469277],[-59.6343316,-34.01464387],[-59.63439053,-34.01459789],[-59.63446665,-34.01453764],[-59.63456307,-34.01444245],[-59.63531124,-34.01362653],[-59.63582466,-34.01303217],[-59.63598723,-34.01284583],[-59.63610863,-34.01272502],[-59.63624847,-34.01259351],[-59.63646561,-34.01241659],[-59.63661903,-34.01228783],[-59.63687222,-34.01209176],[-59.63805766,-34.0111938],[-59.63825276,-34.01104298],[-59.63844661,-34.01086341],[-59.63967357,-34.00984309],[-59.64636881,-34.00455655],[-59.64688875,-34.00414266],[-59.64837492,-34.00297925],[-59.64885233,-34.00266848],[-59.64930848,-34.00234122],[-59.64982353,-34.00192891],[-59.65119238,-34.0007491],[-59.65439874,-33.99818816],[-59.65537587,-33.9974231],[-59.65596214,-33.99701654],[-59.6564943,-33.99667588],[-59.65707812,-33.99629565],[-59.65831008,-33.99547143],[-59.65892742,-33.99503466],[-59.65936538,-33.99471871],[-59.65948612,-33.99461624],[-59.65960104,-33.99452453],[-59.65974838,-33.99434863],[-59.66083635,-33.99307192],[-59.66092674,-33.9929755],[-59.66112664,-33.99283411],[-59.66150269,-33.99253364],[-59.66929721,-33.98632527],[-59.66938618,-33.98625059],[-59.66942003,-33.98614388],[-59.6693994,-33.98608234],[-59.66934482,-33.98600412],[-59.66881622,-33.98554225],[-59.66875557,-33.98542437],[-59.66875562,-33.98530685],[-59.66878936,-33.98520092],[-59.66888383,-33.98511166],[-59.67536038,-33.9799548],[-59.67541398,-33.97988291],[-59.67542691,-33.97982993],[-59.67542334,-33.97976485],[-59.67541416,-33.97970092],[-59.67052888,-33.97548613],[-59.66908539,-33.97425899]]]},"geometry_name":"geom","properties":{"gid":4799,"rtn":"38","typ":40,"rst":3,"hct":2,"fdc":"DVP Buenos Aires","sag":"IGN"},"bbox":[-59.68705773,-34.17710361,-59.61002036,-33.97425899]},{"type":"Feature","id":"vial_provincial.4806","geometry":{"type":"MultiLineString","coordinates":[[[-59.54308667,-33.85536696],[-59.54326842,-33.8555734]]]},"geometry_name":"geom","properties":{"gid":4806,"rtn":"41","typ":40,"rst":1,"hct":2,"fdc":"DVP Buenos Aires","sag":"IGN"},"bbox":[-59.54326842,-33.8555734,-59.54308667,-33.85536696]},{"type":"Feature","id":"vial_provincial.4808","geometry":{"type":"MultiLineString","coordinates":[[[-59.7225265,-33.76293024],[-59.7226694,-33.7636425],[-59.7229054,-33.7646246],[-59.7230528,-33.7652381],[-59.7233905,-33.7668368],[-59.7234203,-33.7675596],[-59.7234272,-33.7677273]]]},"geometry_name":"geom","properties":{"gid":4808,"rtn":"191","typ":40,"rst":1,"hct":2,"fdc":"DVP Buenos Aires","sag":"IGN"},"bbox":[-59.7234272,-33.7677273,-59.7225265,-33.76293024]},{"type":"Feature","id":"vial_provincial.4810","geometry":{"type":"MultiLineString","coordinates":[[[-59.72248134,-33.76270515],[-59.7225265,-33.76293024]]]},"geometry_name":"geom","properties":{"gid":4810,"rtn":"191","typ":40,"rst":1,"hct":2,"fdc":"DVP Buenos Aires","sag":"IGN"},"bbox":[-59.7225265,-33.76293024,-59.72248134,-33.76270515]},{"type":"Feature","id":"vial_provincial.4829","geometry":{"type":"MultiLineString","coordinates":[[[-58.7011295,-33.6884742],[-58.7068804,-33.681825],[-58.7086908,-33.6798394],[-58.7103581,-33.6778185],[-58.7104074,-33.6777642],[-58.7139416,-33.6736757],[-58.7192084,-33.6675543],[-58.7194884,-33.6672468],[-58.7197157,-33.6668998],[-58.7201725,-33.6661056],[-58.7212011,-33.6642807],[-58.7214711,-33.6638593],[-58.7221974,-33.6629696],[-58.7227519,-33.6623059],[-58.7231537,-33.661811],[-58.723391,-33.6614269],[-58.723514,-33.6610717],[-58.7235447,-33.6606988],[-58.7234841,-33.6602277],[-58.7232419,-33.6594218],[-58.7231737,-33.6590449],[-58.7231638,-33.6586691],[-58.7232599,-33.6582348],[-58.7234394,-33.6578833],[-58.7235153,-33.6577829],[-58.7258147,-33.6546894],[-58.7271227,-33.6529378],[-58.7275136,-33.6526015],[-58.7279058,-33.6523209],[-58.7351438,-33.647714],[-58.7361075,-33.6471016],[-58.7365727,-33.6468086],[-58.7378002,-33.6459957],[-58.7423429,-33.6430127],[-58.7440185,-33.641847],[-58.7444573,-33.6415417],[-58.745023,-33.6412363],[-58.7456825,-33.6409991],[-58.7498967,-33.6391167],[-58.750543,-33.6386236],[-58.7509185,-33.6381994],[-58.7514871,-33.6375026],[-58.7525225,-33.6362432],[-58.7550062,-33.6332329],[-58.7599325,-33.6272871],[-58.7660074,-33.6198988],[-58.770926,-33.6139949],[-58.7741089,-33.6101563],[-58.7774233,-33.606167],[-58.7777628,-33.6057582],[-58.7779488,-33.6055344],[-58.787426,-33.594022],[-58.7916165,-33.5890624],[-58.7921469,-33.5884337],[-58.7926215,-33.5879583],[-58.793802,-33.5869901],[-58.7947173,-33.5862016],[-58.7949189,-33.5860633],[-58.7952537,-33.5858432],[-58.79728,-33.5845735],[-58.7980124,-33.5841979],[-58.79811441,-33.58418528]]]},"geometry_name":"geom","properties":{"gid":4829,"rtn":"46","typ":40,"rst":1,"hct":2,"fdc":"OpenStreetMap","sag":"IGN"},"bbox":[-58.79811441,-33.6884742,-58.7011295,-33.58418528]},{"type":"Feature","id":"vial_provincial.4956","geometry":{"type":"MultiLineString","coordinates":[[[-58.874713,-33.8592475],[-58.8753403,-33.8592991],[-58.8759994,-33.8593379],[-58.876568,-33.8594063],[-58.8769604,-33.8595086],[-58.8773337,-33.859636],[-58.8775054,-33.8597184],[-58.8778185,-33.8599278],[-58.8826681,-33.8633185],[-58.883429,-33.8638482],[-58.8837069,-33.8640417],[-58.8886648,-33.8674929],[-58.8915856,-33.8695478],[-58.8950622,-33.8720163],[-58.8959151,-33.8726108],[-58.896781,-33.8733216],[-58.8971921,-33.8737361],[-58.8975381,-33.8741372],[-58.8980088,-33.8747432],[-58.8986162,-33.8757125],[-58.8988814,-33.876171],[-58.8991461,-33.876824],[-58.8993787,-33.8777157],[-58.8995114,-33.8785045],[-58.8996243,-33.8799516],[-58.8998381,-33.8816633],[-58.8998593,-33.8819809],[-58.8999482,-33.8821969],[-58.9001388,-33.8823705],[-58.9004056,-33.8825018],[-58.9008121,-33.8825314],[-58.9011551,-33.8824552],[-58.9013584,-33.8822477],[-58.9016041,-33.8818623],[-58.9020868,-33.8811805],[-58.9024358,-33.880834],[-58.9028661,-33.8804605],[-58.9032972,-33.8801171],[-58.9037893,-33.8798126],[-58.9061015,-33.8787115],[-58.907378,-33.8781154],[-58.9095189,-33.8771157],[-58.9115519,-33.8761663],[-58.9170615,-33.8735365],[-58.919837,-33.8722231],[-58.9232275,-33.8706186],[-58.925136,-33.8697104],[-58.9299822,-33.8674043],[-58.9341959,-33.8654351],[-58.9352419,-33.8650074],[-58.9360381,-33.8647024],[-58.9373298,-33.8643594],[-58.9386292,-33.8640588],[-58.9389771,-33.8639783],[-58.9413572,-33.8636014],[-58.9443555,-33.8631355],[-58.9526051,-33.8616999],[-58.9570348,-33.8609884],[-58.9618812,-33.8601815],[-58.9651937,-33.8596153],[-58.9654251,-33.8595667],[-58.9656421,-33.8595178],[-58.9658499,-33.8594659],[-58.9660393,-33.8594155],[-58.9662353,-33.8593578],[-58.9664458,-33.8592872],[-58.9666002,-33.8592307],[-58.9667658,-33.8591651],[-58.9669364,-33.8590906],[-58.967117,-33.8589971],[-58.9673101,-33.8588902],[-58.9675162,-33.8587648],[-58.9677073,-33.8586306],[-58.96786,-33.8585252],[-58.9680696,-33.8583709],[-58.9682388,-33.8582289],[-58.9684043,-33.8580716],[-58.9685407,-33.8579293],[-58.9686839,-33.8577677],[-58.968842,-33.8575554],[-58.9690333,-33.8572821],[-58.9692585,-33.8568926],[-58.9694974,-33.8564218],[-58.9701449,-33.855124],[-58.9707272,-33.853978],[-58.9712781,-33.8529334],[-58.9715282,-33.8525222],[-58.971751,-33.8521835],[-58.972064,-33.8517533],[-58.9724749,-33.8512436],[-58.9727908,-33.8509033],[-58.9732476,-33.8504583],[-58.9748002,-33.849029],[-58.9750114,-33.848853],[-58.9787133,-33.845747],[-58.9815295,-33.8433881],[-58.9820038,-33.8429392],[-58.9841721,-33.8411013],[-58.9842915,-33.8409999],[-58.9847904,-33.8405762],[-58.9852986,-33.8402035],[-58.9904652,-33.8358331],[-58.9926417,-33.8339883],[-58.9942724,-33.8326061],[-58.9985877,-33.8290276],[-59.0024034,-33.8257879],[-59.0043303,-33.8241066],[-59.0050502,-33.8235433],[-59.0059014,-33.822997],[-59.0067357,-33.8225439],[-59.0080485,-33.821896],[-59.009463,-33.8212819],[-59.0137064,-33.8193974],[-59.0182165,-33.8173561],[-59.0194489,-33.816848],[-59.0200291,-33.8166913],[-59.0210963,-33.816471],[-59.0217996,-33.8163144],[-59.0221127,-33.8162254],[-59.0224998,-33.816046],[-59.0227183,-33.8158993],[-59.0232857,-33.8154166],[-59.0235031,-33.8151236],[-59.0236669,-33.8148067],[-59.0237778,-33.8145192],[-59.0238236,-33.8142181],[-59.0238142,-33.8138846],[-59.0237558,-33.8135532],[-59.0236104,-33.8131893],[-59.0233916,-33.8128163],[-59.023163,-33.8125669],[-59.0228368,-33.8123039],[-59.0222952,-33.8120007],[-59.0220576,-33.8118677],[-59.0217718,-33.8116416],[-59.0214859,-33.8114019],[-59.0211471,-33.8110038],[-59.0203146,-33.8099735],[-59.0202197,-33.8098561],[-59.0200055,-33.809686],[-59.0197369,-33.8095131],[-59.0163828,-33.8079758],[-59.0147609,-33.807222],[-59.0145262,-33.8070869],[-59.0140524,-33.8067932],[-59.0138359,-33.8066532],[-59.012762,-33.8057864],[-59.0116143,-33.8049055],[-59.0113104,-33.8046726],[-59.0110553,-33.8044397],[-59.0108764,-33.8042521],[-59.0107462,-33.8040374],[-59.010221,-33.8029913],[-59.0093148,-33.800895],[-59.0092123,-33.8005392],[-59.0091623,-33.8001158],[-59.0090262,-33.7989584],[-59.0089506,-33.798316],[-59.0087134,-33.7966136],[-59.0086329,-33.7962865],[-59.0085059,-33.7960164],[-59.0083878,-33.7958648],[-59.0081883,-33.7956861],[-59.0074218,-33.7950466],[-59.005262,-33.7934712],[-59.0040084,-33.7925396],[-59.0013933,-33.7905878],[-58.9982744,-33.7882708],[-58.9970801,-33.7873857],[-58.9967117,-33.7870511],[-58.9964989,-33.7867555],[-58.9963348,-33.7864328],[-58.9953099,-33.784345],[-58.9930315,-33.7795807],[-58.9909691,-33.7753416],[-58.9904445,-33.774237],[-58.9903,-33.7740076],[-58.9900892,-33.7737255],[-58.9898215,-33.7734232],[-58.9888771,-33.7724153],[-58.9867893,-33.7701792],[-58.986154,-33.7695017],[-58.9833524,-33.7664758],[-58.9830725,-33.7661589],[-58.9819996,-33.7649618],[-58.9815507,-33.7643774],[-58.9812839,-33.76392],[-58.9810171,-33.7633526],[-58.9805682,-33.7624971],[-58.9802125,-33.7619847],[-58.9799547,-33.7616303],[-58.9796111,-33.7612224],[-58.9768499,-33.7576778],[-58.976418,-33.7571018],[-58.9761784,-33.7566974],[-58.9759818,-33.756293],[-58.9751263,-33.7545101],[-58.9741015,-33.7524053],[-58.9739956,-33.7520284],[-58.9739829,-33.7516981],[-58.9741227,-33.7511603],[-58.9745292,-33.75011],[-58.976567,-33.7453744],[-58.976715,-33.7451373],[-58.9768847,-33.7449531],[-58.977005,-33.744899],[-58.9774725,-33.7447825],[-58.9790436,-33.744503],[-58.9811399,-33.7441896],[-58.9837274,-33.7438804],[-58.9854765,-33.7437195],[-58.9861802,-33.7436247],[-58.9867766,-33.743512],[-58.9883138,-33.7431266],[-58.9899697,-33.7425846],[-58.9916128,-33.7420975],[-58.9928703,-33.7417548],[-58.9934197,-33.7415727],[-58.9943505,-33.7411292],[-58.9946804,-33.7409712],[-58.9953143,-33.7405637],[-58.9962711,-33.7398083],[-58.9977224,-33.7386257],[-58.9985044,-33.7379063],[-58.9989797,-33.7375797],[-58.9995315,-33.7373082],[-59.0011539,-33.7367642],[-59.0016579,-33.7365932],[-59.0030822,-33.7360952],[-59.005135,-33.7354564],[-59.0061837,-33.7351817],[-59.0072547,-33.7348419],[-59.0082779,-33.7344329],[-59.0098735,-33.733697],[-59.0105624,-33.7333945],[-59.0109744,-33.7331424],[-59.011289,-33.7328926],[-59.0121977,-33.7321742],[-59.0129622,-33.7316147],[-59.0134675,-33.731303],[-59.0146928,-33.7307124],[-59.015596,-33.7301784],[-59.0168372,-33.7295052],[-59.0173813,-33.729294],[-59.0180953,-33.7291063],[-59.0187855,-33.7289619],[-59.0194507,-33.7288191],[-59.0201157,-33.728706],[-59.0205249,-33.7286831],[-59.0210479,-33.7286965],[-59.0215495,-33.7287812],[-59.0220511,-33.7289552],[-59.0226122,-33.7292534],[-59.0229193,-33.7294468],[-59.0232286,-33.7298007],[-59.0235156,-33.7302691],[-59.0243846,-33.7323634],[-59.0252483,-33.7345717],[-59.0253943,-33.7348131],[-59.025597,-33.7351252],[-59.0257926,-33.7353594],[-59.0260731,-33.7355936],[-59.031502,-33.7396401],[-59.0320276,-33.740059],[-59.0352158,-33.743221],[-59.0356298,-33.7435964],[-59.0361126,-33.7438574],[-59.0365042,-33.7439845],[-59.0374859,-33.7441518],[-59.0378077,-33.7442031],[-59.0383831,-33.7442895],[-59.0389423,-33.7444083],[-59.0392655,-33.7445348],[-59.0395766,-33.7447057],[-59.039983,-33.7450088],[-59.0411404,-33.7459896],[-59.0414874,-33.746297],[-59.0416929,-33.7465337],[-59.0430179,-33.7485811],[-59.0437046,-33.749607],[-59.0450194,-33.7511918],[-59.0453206,-33.7515255],[-59.0456411,-33.7518327],[-59.0458973,-33.7520351],[-59.046199,-33.7522341],[-59.0465531,-33.7524153],[-59.0469232,-33.7525731],[-59.048495,-33.7529121],[-59.0491339,-33.7529313],[-59.0495303,-33.7528764],[-59.0500453,-33.752747],[-59.0564026,-33.7504603],[-59.0586927,-33.7499148],[-59.0595993,-33.7497302],[-59.0606239,-33.7495914],[-59.0889749,-33.7471404],[-59.0900478,-33.7470779],[-59.0909924,-33.7471507],[-59.1038319,-33.7490258],[-59.1039333,-33.7490406],[-59.1091907,-33.7499233],[-59.1203841,-33.7515038],[-59.1328421,-33.7532628],[-59.1341218,-33.7532823],[-59.1348415,-33.7532499],[-59.1354763,-33.7531704],[-59.1367343,-33.7529277],[-59.1380191,-33.7525597],[-59.1406691,-33.751781],[-59.1411197,-33.7517301],[-59.1414711,-33.7517502],[-59.1420397,-33.751855],[-59.1424474,-33.7520409],[-59.1427086,-33.7522177],[-59.1435523,-33.7528648],[-59.1437081,-33.752959],[-59.1441466,-33.7531245],[-59.1445918,-33.7531914],[-59.1449995,-33.7532048],[-59.1453911,-33.7531468],[-59.1458725,-33.7530009],[-59.1463014,-33.7528671],[-59.1505327,-33.7511223],[-59.154284,-33.7495754],[-59.1598335,-33.7471936]]]},"geometry_name":"geom","properties":{"gid":4956,"rtn":"45","typ":40,"rst":2,"hct":2,"fdc":"OpenStreetMap","sag":"IGN"},"bbox":[-59.1598335,-33.8825314,-58.874713,-33.7286831]},{"type":"Feature","id":"vial_provincial.4958","geometry":{"type":"MultiLineString","coordinates":[[[-59.1607455,-33.7470366],[-59.1603498,-33.7470919],[-59.1598335,-33.7471936]]]},"geometry_name":"geom","properties":{"gid":4958,"rtn":"45","typ":40,"rst":2,"hct":2,"fdc":"OpenStreetMap","sag":"IGN"},"bbox":[-59.1607455,-33.7471936,-59.1598335,-33.7470366]},{"type":"Feature","id":"vial_provincial.4959","geometry":{"type":"MultiLineString","coordinates":[[[-59.1607455,-33.7470366],[-59.1606813,-33.7470148],[-59.1606282,-33.7469778],[-59.160591,-33.7469292],[-59.1605733,-33.7468734],[-59.1605769,-33.7468159]]]},"geometry_name":"geom","properties":{"gid":4959,"rtn":"45","typ":40,"rst":2,"hct":2,"fdc":"OpenStreetMap","sag":"IGN"},"bbox":[-59.1607455,-33.7470366,-59.1605733,-33.7468159]},{"type":"Feature","id":"vial_provincial.4960","geometry":{"type":"MultiLineString","coordinates":[[[-59.1605769,-33.7468159],[-59.1606012,-33.746762],[-59.160644,-33.7467167],[-59.1606976,-33.7466859],[-59.1607595,-33.7466691],[-59.1608246,-33.7466677],[-59.1608875,-33.7466819],[-59.1609392,-33.7467078],[-59.1609807,-33.7467442],[-59.1610141,-33.7468006],[-59.1610232,-33.746863],[-59.161007,-33.7469244],[-59.1609673,-33.7469779],[-59.1609086,-33.7470175],[-59.1608375,-33.7470388],[-59.1607914,-33.7470416],[-59.1607455,-33.7470366]]]},"geometry_name":"geom","properties":{"gid":4960,"rtn":"45","typ":40,"rst":2,"hct":2,"fdc":"OpenStreetMap","sag":"IGN"},"bbox":[-59.1610232,-33.7470416,-59.1605769,-33.7466677]},{"type":"Feature","id":"vial_provincial.809","geometry":{"type":"MultiLineString","coordinates":[[[-60.77861911,-32.96598838],[-60.7793617,-32.96601],[-60.7794153,-32.9660122],[-60.7820604,-32.9661042],[-60.7823165,-32.9660731],[-60.7825282,-32.9660362],[-60.7828355,-32.9659487],[-60.7832038,-32.96584],[-60.7835054,-32.9657078],[-60.7837517,-32.9655727],[-60.7839659,-32.9654364],[-60.7841584,-32.9653001],[-60.784323,-32.9651463],[-60.7845177,-32.9649614],[-60.7846839,-32.9647676],[-60.7848912,-32.9644386],[-60.7850015,-32.9642635],[-60.7851323,-32.9639513],[-60.7852246,-32.9636586],[-60.7852637,-32.9634649],[-60.7853061,-32.9625511],[-60.7853479,-32.96165],[-60.7854181,-32.9598738],[-60.7855594,-32.9555567],[-60.7856709,-32.9549086],[-60.7859284,-32.9542388],[-60.7862718,-32.9537778],[-60.7885648,-32.9509841],[-60.7886458,-32.9508853],[-60.7887545,-32.9507634],[-60.7889738,-32.9505175],[-60.7891234,-32.9503392],[-60.7918937,-32.9470364],[-60.7948119,-32.943543],[-60.7954007,-32.9429351],[-60.7960942,-32.9425202],[-60.7969401,-32.942176],[-60.7976766,-32.9420094],[-60.7986121,-32.94199],[-60.8156059,-32.9426443],[-60.8159778,-32.942657],[-60.8189777,-32.9427377]]]},"geometry_name":"geom","properties":{"gid":809,"rtn":"34s","typ":40,"rst":3,"hct":2,"fdc":"IDESF","sag":"IGN"},"bbox":[-60.8189777,-32.9661042,-60.77861911,-32.94199]},{"type":"Feature","id":"vial_provincial.1167","geometry":{"type":"MultiLineString","coordinates":[[[-60.8213136,-33.3149084],[-60.81654642,-33.31362001],[-60.81300254,-33.31264578],[-60.81255068,-33.31251836],[-60.81215103,-33.31244028],[-60.81181838,-33.3124301],[-60.81147198,-33.31251306],[-60.81045918,-33.313246],[-60.81002764,-33.3133295],[-60.8094758,-33.31334023],[-60.80919451,-33.31322442],[-60.80892013,-33.31303144],[-60.80793605,-33.31203587],[-60.80364682,-33.30804196],[-60.80290318,-33.30733933],[-60.80283823,-33.30699936],[-60.80280784,-33.30665973],[-60.80249747,-33.306347],[-60.79975795,-33.30382362],[-60.79467597,-33.29915936],[-60.78663046,-33.2984807],[-60.778718,-33.29791115]]]},"geometry_name":"geom","properties":{"gid":1167,"rtn":"21s","typ":40,"rst":1,"hct":2,"fdc":"IDESF","sag":"IGN"},"bbox":[-60.8213136,-33.3149084,-60.778718,-33.29791115]},{"type":"Feature","id":"vial_provincial.1353","geometry":{"type":"MultiLineString","coordinates":[[[-60.818217,-32.7029352],[-60.8180529,-32.7027408],[-60.8176714,-32.702315],[-60.81709401,-32.70025723],[-60.81446427,-32.7018421],[-60.81119985,-32.70380947],[-60.8110255,-32.7041287],[-60.8089767,-32.704482],[-60.8039718,-32.705338],[-60.8017253,-32.7057062],[-60.7869349,-32.70813],[-60.781037,-32.7090965],[-60.7781627,-32.7095729],[-60.77782523,-32.70962969]]]},"geometry_name":"geom","properties":{"gid":1353,"rtn":"18s","typ":40,"rst":1,"hct":2,"fdc":"IDESF","sag":"IGN"},"bbox":[-60.818217,-32.70962969,-60.77782523,-32.70025723]},{"type":"Feature","id":"vial_provincial.1479","geometry":{"type":"MultiLineString","coordinates":[[[-60.76691553,-32.72434542],[-60.76723193,-32.72390734],[-60.76912348,-32.72128837],[-60.7722334,-32.7169825],[-60.7725911,-32.7164872],[-60.77421923,-32.71423867],[-60.77751922,-32.70968119],[-60.7777035,-32.7094267],[-60.77868393,-32.70812221],[-60.7801702,-32.7061447],[-60.78078701,-32.70530894],[-60.78117,-32.70479],[-60.7830879,-32.7023434],[-60.7837508,-32.70149779],[-60.7839068,-32.7012988],[-60.7848233,-32.7001738],[-60.7854796,-32.6993604],[-60.7856852,-32.6991144],[-60.7861189,-32.6985812],[-60.78696221,-32.69754],[-60.7876094,-32.6967425],[-60.7880071,-32.6962511],[-60.78999142,-32.69381689],[-60.79309051,-32.69001517],[-60.7934442,-32.6895813],[-60.79597697,-32.68667851],[-60.7968591,-32.6856675],[-60.79898836,-32.68341829],[-60.80411938,-32.67799823],[-60.80620957,-32.67579029],[-60.8079575,-32.6739439],[-60.8091798,-32.6726527],[-60.8099538,-32.6718031],[-60.810768,-32.6708635],[-60.8113512,-32.6701661],[-60.8119413,-32.6693894],[-60.8128767,-32.6681127],[-60.81335621,-32.66743342],[-60.81345099,-32.66729915],[-60.8135104,-32.667215],[-60.8142289,-32.6662015],[-60.8150554,-32.6649481],[-60.81540214,-32.66440675],[-60.8159509,-32.66355],[-60.8175079,-32.6613035],[-60.8189175,-32.6590534],[-60.8199019,-32.6573551],[-60.82026093,-32.65656273],[-60.82113147,-32.65464144],[-60.8211913,-32.6545094],[-60.82173547,-32.65330363],[-60.821829,-32.6530964],[-60.8226948,-32.6513481],[-60.8231956,-32.6504099],[-60.8239546,-32.6488848],[-60.8244734,-32.6476305],[-60.8251082,-32.6459947],[-60.8255039,-32.6446275],[-60.82566382,-32.64407664],[-60.82584287,-32.64345984],[-60.8258538,-32.6434222],[-60.826466,-32.6413189],[-60.8267041,-32.6405424],[-60.8269314,-32.6397743],[-60.8271395,-32.6390709],[-60.8276994,-32.637025],[-60.8278286,-32.6366259],[-60.82785276,-32.6365385],[-60.82791935,-32.63629767],[-60.8279661,-32.6361286],[-60.8283916,-32.6345273],[-60.8284911,-32.6342028],[-60.82850847,-32.63414173]]]},"geometry_name":"geom","properties":{"gid":1479,"rtn":"AP01","typ":40,"rst":1,"hct":2,"fdc":"IDESF","sag":"IGN"},"bbox":[-60.82850847,-32.72434542,-60.76691553,-32.63414173]},{"type":"Feature","id":"vial_provincial.1481","geometry":{"type":"MultiLineString","coordinates":[[[-60.7670687,-32.72442312],[-60.7725119,-32.7169633],[-60.7728994,-32.7164508],[-60.77782523,-32.70962969],[-60.77789,-32.70954],[-60.7790407,-32.7079877],[-60.7793203,-32.7075767],[-60.7795925,-32.7072438],[-60.7798607,-32.7068815],[-60.7802805,-32.7063252],[-60.7807001,-32.7057231],[-60.7811747,-32.7051337],[-60.7814038,-32.7048386],[-60.7820543,-32.7039672],[-60.7829319,-32.7028438],[-60.7834736,-32.702184],[-60.7849862,-32.7002369],[-60.7854495,-32.6996518],[-60.7856129,-32.6994454],[-60.7862899,-32.6986407],[-60.7866594,-32.6982015],[-60.7877469,-32.6968533],[-60.7881752,-32.6963327],[-60.7916581,-32.6920992],[-60.79364,-32.68969],[-60.7970007,-32.6858098],[-60.808138,-32.6740464],[-60.809306,-32.6728376],[-60.8101738,-32.6718821],[-60.8109595,-32.6709826],[-60.8115497,-32.6702768],[-60.8121983,-32.6694321],[-60.8130722,-32.6682435],[-60.8138457,-32.6671292],[-60.8144263,-32.666309],[-60.8152968,-32.6650226],[-60.8161758,-32.6636804],[-60.817863,-32.6615531],[-60.8195107,-32.6593382],[-60.8207606,-32.6574121],[-60.82108,-32.65692],[-60.82222,-32.65484],[-60.82289,-32.6534],[-60.8236791,-32.6515248],[-60.82434429,-32.64973543],[-60.8244994,-32.6493182],[-60.824593,-32.6489941],[-60.8247871,-32.6483215],[-60.8250264,-32.6474746],[-60.8257487,-32.6446244],[-60.826103,-32.643369],[-60.8266833,-32.6413819],[-60.8269064,-32.6405642],[-60.8273407,-32.6391294],[-60.827642,-32.6379555],[-60.8279218,-32.6370435],[-60.8279866,-32.6368626],[-60.8284901,-32.6350294],[-60.8286002,-32.6345515],[-60.8287024,-32.6341849],[-60.82873365,-32.63407738]]]},"geometry_name":"geom","properties":{"gid":1481,"rtn":"AP01","typ":40,"rst":1,"hct":2,"fdc":"IDESF","sag":"IGN"},"bbox":[-60.82873365,-32.72442312,-60.7670687,-32.63407738]},{"type":"Feature","id":"vial_provincial.803","geometry":{"type":"MultiLineString","coordinates":[[[-60.77782523,-32.70962969],[-60.77751922,-32.70968119]]]},"geometry_name":"geom","properties":{"gid":803,"rtn":"18s","typ":40,"rst":1,"hct":2,"fdc":"IDESF","sag":"IGN"},"bbox":[-60.77782523,-32.70968119,-60.77751922,-32.70962969]},{"type":"Feature","id":"vial_provincial.2469","geometry":{"type":"MultiLineString","coordinates":[[[-60.81100684,-32.92150478],[-60.81101736,-32.9215481]]]},"geometry_name":"geom","properties":{"gid":2469,"rtn":"34s","typ":40,"rst":3,"hct":2,"fdc":"IDESF","sag":"IGN"},"bbox":[-60.81101736,-32.9215481,-60.81100684,-32.92150478]},{"type":"Feature","id":"vial_provincial.1246","geometry":{"type":"MultiLineString","coordinates":[[[-60.82850847,-32.63414173],[-60.828313,-32.6341976],[-60.8252386,-32.6350107],[-60.8249499,-32.6350871],[-60.8240625,-32.6353361],[-60.8233758,-32.635524],[-60.8223958,-32.6358034],[-60.8208081,-32.636256],[-60.8198337,-32.6365338],[-60.8188613,-32.6369495],[-60.8187267,-32.637007],[-60.8181728,-32.6372358],[-60.8176187,-32.6373828],[-60.8172964,-32.6373993],[-60.8171349,-32.6373792],[-60.8170073,-32.6373634],[-60.8167658,-32.6373297],[-60.816261,-32.6372012],[-60.81617985,-32.63718324],[-60.81611208,-32.63717182],[-60.81605422,-32.63716344],[-60.81598873,-32.63715583],[-60.81594,-32.63715431],[-60.81590041,-32.63715583],[-60.81586386,-32.63715811],[-60.81583264,-32.63716344],[-60.81578467,-32.6371802],[-60.81572566,-32.63720818],[-60.8155848,-32.63723091],[-60.81548253,-32.63730019],[-60.81518232,-32.6375204]]]},"geometry_name":"geom","properties":{"gid":1246,"rtn":"91","typ":40,"rst":1,"hct":2,"fdc":"IDESF","sag":"IGN"},"bbox":[-60.82850847,-32.6375204,-60.81518232,-32.63414173]},{"type":"Feature","id":"vial_provincial.1224","geometry":{"type":"MultiLineString","coordinates":[[[-60.7848697,-32.8533701],[-60.7853056,-32.8533864],[-60.7860629,-32.8534147],[-60.7863616,-32.8534267],[-60.7865278,-32.8534333],[-60.7873053,-32.8534624],[-60.7886766,-32.8535137],[-60.788815,-32.8535188],[-60.7903806,-32.8535774],[-60.7908252,-32.853594],[-60.7910783,-32.8536035],[-60.7919592,-32.8536365],[-60.7928051,-32.8536681],[-60.7928386,-32.8538192],[-60.7929574,-32.8543558],[-60.7930801,-32.8549102],[-60.7930881,-32.8549463],[-60.7931537,-32.8552425],[-60.7931723,-32.8553266],[-60.7932142,-32.8555159],[-60.7934184,-32.8564382],[-60.7935998,-32.8572576],[-60.794041,-32.8592505],[-60.7941781,-32.8598696],[-60.794247,-32.8601809],[-60.7942734,-32.8603004],[-60.7943436,-32.8606174],[-60.7947917,-32.8606357],[-60.7958622,-32.8606793],[-60.797028,-32.8607268],[-60.8028746,-32.8609653],[-60.8031627,-32.860977],[-60.8030605,-32.8626489],[-60.802975,-32.8640487],[-60.802135,-32.8640141],[-60.80189,-32.8639973],[-60.8017979,-32.8640094],[-60.8017107,-32.8640454],[-60.8015955,-32.8641467],[-60.7999649,-32.8662884],[-60.7983103,-32.8684673],[-60.7989414,-32.8715255],[-60.7989243,-32.8717779],[-60.7985447,-32.8731915],[-60.7983674,-32.8770545],[-60.7982652,-32.8810431],[-60.7981985,-32.8812639],[-60.7979265,-32.8864543],[-60.7979113,-32.8866314],[-60.7978147,-32.8889011],[-60.7977206,-32.8911127],[-60.7976233,-32.8933995],[-60.7977297,-32.8934272],[-60.7979453,-32.8934395],[-60.8053153,-32.8935688],[-60.8053297,-32.8938897],[-60.805217,-32.8955361],[-60.805,-32.8985766],[-60.8049963,-32.898648],[-60.8049807,-32.8988472],[-60.804932,-32.8994678],[-60.8049244,-32.8995645],[-60.8048907,-32.9004905],[-60.8048905,-32.9005388],[-60.8048836,-32.9006351],[-60.804859,-32.9009838],[-60.8048009,-32.9015709],[-60.8047357,-32.9022465],[-60.804709,-32.9025582],[-60.8047031,-32.902627],[-60.8046983,-32.902725],[-60.8046751,-32.9031976],[-60.8046598,-32.9035084],[-60.8046228,-32.9043999],[-60.8045908,-32.9051702],[-60.8045857,-32.9052932],[-60.8045787,-32.9054278],[-60.8045409,-32.9061626],[-60.8045153,-32.9066595],[-60.8045019,-32.9069205],[-60.8044946,-32.9070602],[-60.8044909,-32.9071631],[-60.804462,-32.9079669],[-60.8044448,-32.9084431],[-60.8044351,-32.9087134],[-60.8044303,-32.9088447],[-60.8044258,-32.9089697],[-60.8043982,-32.9097365],[-60.8043787,-32.9102774],[-60.8043802,-32.9103906],[-60.8044113,-32.9105986],[-60.8045117,-32.9106211],[-60.8051166,-32.9106324],[-60.8057027,-32.9106434],[-60.8058907,-32.9113986],[-60.8060976,-32.9122208],[-60.8063384,-32.913178],[-60.8066081,-32.9142245],[-60.8066787,-32.9145046],[-60.8068411,-32.9151492],[-60.8068714,-32.9152696],[-60.8068951,-32.9153636],[-60.8071034,-32.9161885],[-60.8071373,-32.9163227],[-60.8071721,-32.9164609],[-60.8073597,-32.917204],[-60.8073993,-32.9173611],[-60.8074373,-32.9175194],[-60.8074465,-32.9175574],[-60.8074904,-32.9177379],[-60.8075131,-32.9178354],[-60.8075518,-32.9180022],[-60.8077031,-32.9186529],[-60.807727,-32.9187555],[-60.8077368,-32.9187976],[-60.8078007,-32.9187862],[-60.8082122,-32.9187126],[-60.8088699,-32.918595],[-60.808983,-32.9185748],[-60.8090927,-32.9185552],[-60.8100522,-32.9183837],[-60.8102122,-32.9183551],[-60.8102406,-32.9184706],[-60.8104513,-32.919328],[-60.810467,-32.9193919],[-60.8104952,-32.9195066],[-60.8106128,-32.9199848],[-60.8106882,-32.9202919],[-60.8107135,-32.9203946],[-60.8107284,-32.9204553],[-60.8107425,-32.9205084],[-60.8107512,-32.9205412],[-60.8109604,-32.9213311],[-60.8109692,-32.9213645],[-60.81100684,-32.92150478]]]},"geometry_name":"geom","properties":{"gid":1224,"rtn":"34s","typ":40,"rst":3,"hct":2,"fdc":"IDESF","sag":"IGN"},"bbox":[-60.81100684,-32.92150478,-60.7848697,-32.8533701]},{"type":"Feature","id":"vial_provincial.1314","geometry":{"type":"MultiLineString","coordinates":[[[-60.81107204,-32.9217665],[-60.8112965,-32.9226635],[-60.8114601,-32.9233175],[-60.8114674,-32.9233642],[-60.8114781,-32.923433],[-60.8114906,-32.9235173],[-60.8115027,-32.923598],[-60.8115732,-32.9242149],[-60.8116191,-32.9246163],[-60.8116385,-32.9247863],[-60.8116547,-32.9249277],[-60.8116659,-32.925026],[-60.8117482,-32.9257457],[-60.8117613,-32.9258602],[-60.8118509,-32.9266435],[-60.8119499,-32.9274988],[-60.8119879,-32.9278137],[-60.8120344,-32.9281792],[-60.812048,-32.9282865],[-60.8120584,-32.9283684],[-60.8120971,-32.9286733],[-60.8121095,-32.9287706]]]},"geometry_name":"geom","properties":{"gid":1314,"rtn":"34s","typ":40,"rst":1,"hct":2,"fdc":"IDESF","sag":"IGN"},"bbox":[-60.8121095,-32.9287706,-60.81107204,-32.9217665]},{"type":"Feature","id":"vial_provincial.1315","geometry":{"type":"MultiLineString","coordinates":[[[-60.8121095,-32.9287706],[-60.8121624,-32.9288518],[-60.8122233,-32.9289289],[-60.8122914,-32.9290018],[-60.812323,-32.9290283],[-60.812406,-32.9290728],[-60.8124932,-32.9291103],[-60.8125849,-32.9291391],[-60.81268,-32.9291596]]]},"geometry_name":"geom","properties":{"gid":1315,"rtn":"34s","typ":40,"rst":1,"hct":2,"fdc":"IDESF","sag":"IGN"},"bbox":[-60.81268,-32.9291596,-60.8121095,-32.9287706]},{"type":"Feature","id":"vial_provincial.1318","geometry":{"type":"MultiLineString","coordinates":[[[-60.8199986,-32.9293865],[-60.8200213,-32.9293686],[-60.8200571,-32.929352],[-60.8200969,-32.9293444],[-60.8201377,-32.9293464],[-60.8201762,-32.9293579],[-60.8202092,-32.9293778],[-60.8202339,-32.9294041],[-60.8202492,-32.929435],[-60.8202539,-32.9294682],[-60.8202476,-32.9295013],[-60.8202308,-32.9295316],[-60.8202072,-32.9295553]]]},"geometry_name":"geom","properties":{"gid":1318,"rtn":"34s","typ":40,"rst":1,"hct":2,"fdc":"IDESF","sag":"IGN"},"bbox":[-60.8202539,-32.9295553,-60.8199986,-32.9293444]},{"type":"Feature","id":"vial_provincial.1319","geometry":{"type":"MultiLineString","coordinates":[[[-60.8195615,-32.9294111],[-60.8196996,-32.9293952],[-60.8198548,-32.9293996],[-60.8199135,-32.9294013],[-60.8199986,-32.9293865]]]},"geometry_name":"geom","properties":{"gid":1319,"rtn":"34s","typ":40,"rst":1,"hct":2,"fdc":"IDESF","sag":"IGN"},"bbox":[-60.8199986,-32.9294111,-60.8195615,-32.9293865]},{"type":"Feature","id":"vial_provincial.1320","geometry":{"type":"MultiLineString","coordinates":[[[-60.81268,-32.9291596],[-60.8125859,-32.9291721],[-60.8124938,-32.9291926],[-60.8124046,-32.9292208],[-60.8123103,-32.92926435],[-60.8122374,-32.9293059],[-60.8121637,-32.9293187],[-60.8120893,-32.9293092],[-60.8120235,-32.9292784],[-60.8120003,-32.9292599],[-60.8119622,-32.9292094],[-60.8119461,-32.9291512],[-60.8119538,-32.9290918],[-60.8119845,-32.9290378],[-60.8120086,-32.9290139],[-60.8120635,-32.9289399],[-60.8120975,-32.9288575],[-60.8121095,-32.9287706]]]},"geometry_name":"geom","properties":{"gid":1320,"rtn":"34s","typ":40,"rst":1,"hct":2,"fdc":"IDESF","sag":"IGN"},"bbox":[-60.81268,-32.9293187,-60.8119461,-32.9287706]},{"type":"Feature","id":"vial_provincial.1321","geometry":{"type":"MultiLineString","coordinates":[[[-60.81268,-32.9291596],[-60.8127742,-32.9291635],[-60.8128663,-32.9291674],[-60.8135653,-32.9291967],[-60.8137793,-32.9292057],[-60.8140986,-32.929219],[-60.8142553,-32.9292256],[-60.8144411,-32.9292323],[-60.8145089,-32.9292349],[-60.8148708,-32.9292487],[-60.8150903,-32.9292571],[-60.8153151,-32.9292657],[-60.8156625,-32.9292789],[-60.8163856,-32.9293056],[-60.8174897,-32.9293434],[-60.8176791,-32.9293499],[-60.8177645,-32.9293528],[-60.8184137,-32.9293746],[-60.8189868,-32.9293939],[-60.81953323,-32.92941024],[-60.8195615,-32.9294111]]]},"geometry_name":"geom","properties":{"gid":1321,"rtn":"34s","typ":40,"rst":1,"hct":2,"fdc":"IDESF","sag":"IGN"},"bbox":[-60.8195615,-32.9294111,-60.81268,-32.9291596]},{"type":"Feature","id":"vial_provincial.1322","geometry":{"type":"MultiLineString","coordinates":[[[-60.8202072,-32.9295553],[-60.820169,-32.9295766],[-60.8201248,-32.9295868],[-60.820079,-32.929585],[-60.8200362,-32.9295712]]]},"geometry_name":"geom","properties":{"gid":1322,"rtn":"34s","typ":40,"rst":1,"hct":2,"fdc":"IDESF","sag":"IGN"},"bbox":[-60.8202072,-32.9295868,-60.8200362,-32.9295553]},{"type":"Feature","id":"vial_provincial.1323","geometry":{"type":"MultiLineString","coordinates":[[[-60.8202072,-32.9295553],[-60.8201804,-32.9296091],[-60.8201677,-32.9296563],[-60.8201643,-32.9297098],[-60.8201623,-32.9298263],[-60.8201283,-32.9299287]]]},"geometry_name":"geom","properties":{"gid":1323,"rtn":"34s","typ":40,"rst":1,"hct":2,"fdc":"IDESF","sag":"IGN"},"bbox":[-60.8202072,-32.9299287,-60.8201283,-32.9295553]},{"type":"Feature","id":"vial_provincial.1324","geometry":{"type":"MultiLineString","coordinates":[[[-60.8199838,-32.9295277],[-60.8199672,-32.9294927],[-60.8199642,-32.9294551],[-60.819975,-32.9294186],[-60.8199986,-32.9293865]]]},"geometry_name":"geom","properties":{"gid":1324,"rtn":"34s","typ":40,"rst":1,"hct":2,"fdc":"IDESF","sag":"IGN"},"bbox":[-60.8199986,-32.9295277,-60.8199642,-32.9293865]},{"type":"Feature","id":"vial_provincial.1325","geometry":{"type":"MultiLineString","coordinates":[[[-60.8199838,-32.9295277],[-60.8199264,-32.9295004],[-60.8198459,-32.929471],[-60.8197508,-32.9294468],[-60.8196513,-32.9294323],[-60.8195615,-32.9294111]]]},"geometry_name":"geom","properties":{"gid":1325,"rtn":"34s","typ":40,"rst":1,"hct":2,"fdc":"IDESF","sag":"IGN"},"bbox":[-60.8199838,-32.9295277,-60.8195615,-32.9294111]},{"type":"Feature","id":"vial_provincial.1326","geometry":{"type":"MultiLineString","coordinates":[[[-60.81979144,-32.93967275],[-60.819801,-32.9393388],[-60.8198199,-32.9386004],[-60.8198631,-32.9378915],[-60.8198837,-32.9374286],[-60.8198927,-32.9372081],[-60.8199142,-32.936519],[-60.8199207,-32.9363093],[-60.8199462,-32.9354659],[-60.8199579,-32.935077],[-60.819977,-32.934393],[-60.8199854,-32.9340896],[-60.819998,-32.9336392],[-60.8200037,-32.9334338],[-60.820052,-32.9317683],[-60.8200549,-32.9316731],[-60.8200637,-32.931465],[-60.8200864,-32.9309253],[-60.8201157,-32.9302272],[-60.8201174,-32.9301867],[-60.8201283,-32.9299287]]]},"geometry_name":"geom","properties":{"gid":1326,"rtn":"34s","typ":40,"rst":1,"hct":2,"fdc":"IDESF","sag":"IGN"},"bbox":[-60.8201283,-32.93967275,-60.81979144,-32.9299287]},{"type":"Feature","id":"vial_provincial.1328","geometry":{"type":"MultiLineString","coordinates":[[[-60.8200362,-32.9295712],[-60.8200067,-32.9295523],[-60.8199838,-32.9295277]]]},"geometry_name":"geom","properties":{"gid":1328,"rtn":"34s","typ":40,"rst":1,"hct":2,"fdc":"IDESF","sag":"IGN"},"bbox":[-60.8200362,-32.9295712,-60.8199838,-32.9295277]},{"type":"Feature","id":"vial_provincial.1329","geometry":{"type":"MultiLineString","coordinates":[[[-60.8201283,-32.9299287],[-60.8200978,-32.9298229],[-60.8200913,-32.9296766],[-60.8200765,-32.9296271],[-60.8200362,-32.9295712]]]},"geometry_name":"geom","properties":{"gid":1329,"rtn":"34s","typ":40,"rst":1,"hct":2,"fdc":"IDESF","sag":"IGN"},"bbox":[-60.8201283,-32.9299287,-60.8200362,-32.9295712]},{"type":"Feature","id":"vial_provincial.1476","geometry":{"type":"MultiLineString","coordinates":[[[-60.82873365,-32.63407738],[-60.82850847,-32.63414173]]]},"geometry_name":"geom","properties":{"gid":1476,"rtn":"91","typ":40,"rst":1,"hct":2,"fdc":"IDESF","sag":"IGN"},"bbox":[-60.82873365,-32.63414173,-60.82850847,-32.63407738]},{"type":"Feature","id":"vial_provincial.2462","geometry":{"type":"MultiLineString","coordinates":[[[-60.7919903,-33.0940961],[-60.7915321,-33.0933455],[-60.7913261,-33.0929104],[-60.7908531,-33.0919726]]]},"geometry_name":"geom","properties":{"gid":2462,"rtn":"14","typ":40,"rst":1,"hct":2,"fdc":"IDESF","sag":"IGN"},"bbox":[-60.7919903,-33.0940961,-60.7908531,-33.0919726]},{"type":"Feature","id":"vial_provincial.2463","geometry":{"type":"MultiLineString","coordinates":[[[-60.7909306,-33.0919612],[-60.7910312,-33.0921272],[-60.7914795,-33.0929917],[-60.7916968,-33.0933829],[-60.7918716,-33.0937636],[-60.7919903,-33.0940961]]]},"geometry_name":"geom","properties":{"gid":2463,"rtn":"14","typ":40,"rst":1,"hct":2,"fdc":"IDESF","sag":"IGN"},"bbox":[-60.7919903,-33.0940961,-60.7909306,-33.0919612]},{"type":"Feature","id":"vial_provincial.2467","geometry":{"type":"MultiLineString","coordinates":[[[-60.81978337,-32.93995511],[-60.81979144,-32.93967275]]]},"geometry_name":"geom","properties":{"gid":2467,"rtn":"34s","typ":40,"rst":1,"hct":2,"fdc":"IDESF","sag":"IGN"},"bbox":[-60.81979144,-32.93995511,-60.81978337,-32.93967275]},{"type":"Feature","id":"vial_provincial.1672","geometry":{"type":"MultiLineString","coordinates":[[[-60.7842509,-33.0921969],[-60.7843142,-33.0924705],[-60.7881389,-33.1004477],[-60.7888314,-33.1018921],[-60.7890167,-33.1022786],[-60.7910375,-33.1064372],[-60.7920299,-33.1084795],[-60.792501,-33.1094382],[-60.7929918,-33.1104316],[-60.7935032,-33.1114405],[-60.7940026,-33.1124331],[-60.7953146,-33.1152237],[-60.7979733,-33.1207159],[-60.7980483,-33.1208571],[-60.7987792,-33.1223632],[-60.7997867,-33.124469],[-60.7998452,-33.124557],[-60.7999244,-33.1246416],[-60.8000057,-33.1247057],[-60.8001103,-33.1247663]]]},"geometry_name":"geom","properties":{"gid":1672,"rtn":"20s","typ":40,"rst":1,"hct":2,"fdc":"IDESF","sag":"IGN"},"bbox":[-60.8001103,-33.1247663,-60.7842509,-33.0921969]},{"type":"Feature","id":"vial_provincial.1673","geometry":{"type":"MultiLineString","coordinates":[[[-60.8001103,-33.1247663],[-60.8003246,-33.1248387],[-60.800469,-33.1248644],[-60.8009496,-33.1258517],[-60.8013794,-33.1267351],[-60.8014374,-33.1268541],[-60.8018683,-33.1277395],[-60.8023543,-33.1287382],[-60.8026018,-33.1292476],[-60.8026575,-33.1293612],[-60.8029088,-33.1298858],[-60.8033963,-33.1308835],[-60.8038299,-33.1317709],[-60.8043225,-33.1327789],[-60.804802,-33.1337602],[-60.8053062,-33.1347826],[-60.8054453,-33.1352065],[-60.8051949,-33.1348208],[-60.8046584,-33.1338145],[-60.8041771,-33.1328275],[-60.8040406,-33.1325499],[-60.8036809,-33.1318189],[-60.8033616,-33.1311548],[-60.8032584,-33.1309302],[-60.8029035,-33.1302058],[-60.8027725,-33.1299305],[-60.8026264,-33.1296203],[-60.8025264,-33.1294243],[-60.8024573,-33.1292824],[-60.802324,-33.1290082],[-60.8022468,-33.1288496],[-60.8022147,-33.1287836],[-60.8017299,-33.1277867],[-60.8013015,-33.1269058],[-60.8008127,-33.1259007],[-60.8003558,-33.1249612],[-60.8002803,-33.1249039],[-60.8001103,-33.1247663]]]},"geometry_name":"geom","properties":{"gid":1673,"rtn":"20s","typ":40,"rst":1,"hct":2,"fdc":"IDESF","sag":"IGN"},"bbox":[-60.8054453,-33.1352065,-60.8001103,-33.1247663]},{"type":"Feature","id":"vial_provincial.2466","geometry":{"type":"MultiLineString","coordinates":[[[-60.8189777,-32.9427377],[-60.8195749,-32.942759],[-60.8197124,-32.9427639],[-60.8197107,-32.942202],[-60.8197406,-32.9408151],[-60.8197644,-32.9404643],[-60.8197762,-32.9402056],[-60.81978337,-32.93995511]]]},"geometry_name":"geom","properties":{"gid":2466,"rtn":"34s","typ":40,"rst":1,"hct":2,"fdc":"IDESF","sag":"IGN"},"bbox":[-60.81978337,-32.9427639,-60.8189777,-32.93995511]},{"type":"Feature","id":"vial_provincial.2468","geometry":{"type":"MultiLineString","coordinates":[[[-60.81101736,-32.9215481],[-60.8110415,-32.9216445],[-60.8110569,-32.921706],[-60.81107204,-32.9217665]]]},"geometry_name":"geom","properties":{"gid":2468,"rtn":"34s","typ":40,"rst":3,"hct":2,"fdc":"IDESF","sag":"IGN"},"bbox":[-60.81107204,-32.9217665,-60.81101736,-32.9215481]},{"type":"Feature","id":"vial_provincial.813","geometry":{"type":"MultiLineString","coordinates":[[[-60.719552,-33.1869822],[-60.7197334,-33.1858004],[-60.7199159,-33.184611],[-60.7200985,-33.1834211],[-60.7202728,-33.1822857],[-60.7204626,-33.1811448],[-60.7206159,-33.1799973],[-60.720683,-33.1800049],[-60.7205287,-33.1811518],[-60.720343,-33.1822927],[-60.7201704,-33.1834288],[-60.7199893,-33.1846177],[-60.7198003,-33.1858089],[-60.7196207,-33.1869898],[-60.719552,-33.1869822]]]},"geometry_name":"geom","properties":{"gid":813,"rtn":"22s","typ":40,"rst":2,"hct":2,"fdc":"IDESF","sag":"IGN"},"bbox":[-60.720683,-33.1869898,-60.719552,-33.1799973]},{"type":"Feature","id":"vial_provincial.1228","geometry":{"type":"MultiLineString","coordinates":[[[-60.7532654,-33.0156846],[-60.7533646,-33.0159238],[-60.7536049,-33.0167167],[-60.7539127,-33.0177322],[-60.7542137,-33.0187251],[-60.7545213,-33.0197396],[-60.7546708,-33.0202329],[-60.7546826,-33.0203314]]]},"geometry_name":"geom","properties":{"gid":1228,"rtn":"14","typ":40,"rst":1,"hct":2,"fdc":"IDESF","sag":"IGN"},"bbox":[-60.7546826,-33.0203314,-60.7532654,-33.0156846]},{"type":"Feature","id":"vial_provincial.1229","geometry":{"type":"MultiLineString","coordinates":[[[-60.7546826,-33.0203314],[-60.7545478,-33.0201037],[-60.7544529,-33.0197538],[-60.754144,-33.0187414],[-60.7538413,-33.0177493],[-60.7536045,-33.0169733],[-60.7535313,-33.0167337],[-60.7532901,-33.015962],[-60.7532654,-33.0156846]]]},"geometry_name":"geom","properties":{"gid":1229,"rtn":"14","typ":40,"rst":1,"hct":2,"fdc":"IDESF","sag":"IGN"},"bbox":[-60.7546826,-33.0203314,-60.7532654,-33.0156846]},{"type":"Feature","id":"vial_provincial.1218","geometry":{"type":"MultiLineString","coordinates":[[[-60.70588143,-32.85046546],[-60.7060343,-32.8504701],[-60.706912,-32.8505003],[-60.7078274,-32.8505342],[-60.7087301,-32.8505662],[-60.7096517,-32.8506005],[-60.7105611,-32.8506328],[-60.7114167,-32.8506671],[-60.712292,-32.8506995],[-60.71328,-32.8507361],[-60.7135687,-32.8507468],[-60.7136542,-32.8507499],[-60.7138841,-32.8507584],[-60.7148238,-32.8507932],[-60.7148958,-32.8507959],[-60.7158798,-32.8508323],[-60.7165708,-32.8508513],[-60.7168631,-32.8508687],[-60.7176863,-32.8508992],[-60.7181748,-32.8509136],[-60.7185792,-32.8509323],[-60.7196428,-32.8509745],[-60.7205326,-32.8510046],[-60.7216892,-32.8510474],[-60.7227023,-32.8510761],[-60.724065,-32.8511147],[-60.7267096,-32.8512186],[-60.726933,-32.8512274],[-60.734196,-32.8515127],[-60.7345407,-32.8515191],[-60.7368661,-32.8516297],[-60.73704745,-32.85163574]]]},"geometry_name":"geom","properties":{"gid":1218,"rtn":"34s","typ":40,"rst":3,"hct":2,"fdc":"IDESF","sag":"IGN"},"bbox":[-60.73704745,-32.85163574,-60.70588143,-32.85046546]},{"type":"Feature","id":"vial_provincial.1220","geometry":{"type":"MultiLineString","coordinates":[[[-60.7548623,-32.7184865],[-60.7544214,-32.7183043],[-60.7539594,-32.7180847],[-60.75355954,-32.71789034]]]},"geometry_name":"geom","properties":{"gid":1220,"rtn":"10","typ":40,"rst":1,"hct":2,"fdc":"IDESF","sag":"IGN"},"bbox":[-60.7548623,-32.7184865,-60.75355954,-32.71789034]},{"type":"Feature","id":"vial_provincial.1227","geometry":{"type":"MultiLineString","coordinates":[[[-60.755551,-33.0210059],[-60.7557169,-33.021182],[-60.7558715,-33.0216826],[-60.7561897,-33.0226738],[-60.7564911,-33.0236808],[-60.7567831,-33.0246306],[-60.7570329,-33.0253902],[-60.757161,-33.0258456],[-60.7574883,-33.0269225],[-60.7577597,-33.0278188],[-60.7579431,-33.0284233],[-60.7579239,-33.0285109]]]},"geometry_name":"geom","properties":{"gid":1227,"rtn":"14","typ":40,"rst":1,"hct":2,"fdc":"IDESF","sag":"IGN"},"bbox":[-60.7579431,-33.0285109,-60.755551,-33.0210059]},{"type":"Feature","id":"vial_provincial.1232","geometry":{"type":"MultiLineString","coordinates":[[[-60.7579239,-33.0285109],[-60.7578492,-33.0284008],[-60.7576757,-33.0278369],[-60.7575926,-33.0275666],[-60.7574009,-33.0269427],[-60.7572319,-33.0263948],[-60.7570711,-33.0258686],[-60.7569349,-33.0253881],[-60.7567021,-33.0246483],[-60.7564124,-33.023698],[-60.756107,-33.0226916],[-60.7558052,-33.0216978],[-60.7557139,-33.0213976],[-60.7556526,-33.0211957],[-60.755551,-33.0210059]]]},"geometry_name":"geom","properties":{"gid":1232,"rtn":"14","typ":40,"rst":1,"hct":2,"fdc":"IDESF","sag":"IGN"},"bbox":[-60.7579239,-33.0285109,-60.755551,-33.0210059]},{"type":"Feature","id":"vial_provincial.1222","geometry":{"type":"MultiLineString","coordinates":[[[-60.7527529,-32.9901215],[-60.7527743,-32.989916],[-60.7527969,-32.9898218],[-60.7528316,-32.9897525],[-60.7528913,-32.9896772],[-60.75300356,-32.98959664]]]},"geometry_name":"geom","properties":{"gid":1222,"rtn":"14","typ":40,"rst":1,"hct":2,"fdc":"IDESF","sag":"IGN"},"bbox":[-60.75300356,-32.9901215,-60.7527529,-32.98959664]},{"type":"Feature","id":"vial_provincial.1223","geometry":{"type":"MultiLineString","coordinates":[[[-60.7532654,-33.0156846],[-60.7532421,-33.0155984],[-60.7532117,-33.015486],[-60.7529626,-33.0145766],[-60.7527937,-33.013564],[-60.7526526,-33.0128295],[-60.7525912,-33.0124863],[-60.7525276,-33.0121036],[-60.7521651,-33.010099],[-60.7519828,-33.0089225],[-60.7519485,-33.008701],[-60.7519351,-33.0085572],[-60.751926,-33.0083331],[-60.7519946,-33.006691],[-60.7520572,-33.0056604],[-60.7520647,-33.0055036],[-60.7521052,-33.0045686],[-60.7521455,-33.0036406],[-60.7521523,-33.0034845],[-60.7521834,-33.0027671],[-60.7522068,-33.0023156],[-60.7522312,-33.0018433],[-60.7522554,-33.0010888],[-60.7522586,-33.0009902],[-60.7522698,-33.0006414],[-60.7523541,-32.9980149],[-60.7524162,-32.9965801],[-60.7524433,-32.9959536],[-60.7524764,-32.9951891],[-60.7525928,-32.9924996],[-60.752622,-32.9918249],[-60.7527529,-32.9901215]]]},"geometry_name":"geom","properties":{"gid":1223,"rtn":"14","typ":40,"rst":1,"hct":2,"fdc":"IDESF","sag":"IGN"},"bbox":[-60.7532654,-33.0156846,-60.751926,-32.9901215]},{"type":"Feature","id":"vial_provincial.1209","geometry":{"type":"MultiLineString","coordinates":[[[-60.700677,-33.0922805],[-60.7008518,-33.0928994],[-60.7010544,-33.0935795],[-60.7013985,-33.0947383],[-60.7015004,-33.0950812],[-60.7017904,-33.0960576],[-60.7041511,-33.1040053],[-60.7046292,-33.1056148],[-60.704981,-33.1067991],[-60.7054369,-33.1083297],[-60.7067402,-33.1126936],[-60.7074388,-33.1150301],[-60.7082269,-33.1176354],[-60.7083332,-33.117991],[-60.7093511,-33.1213972],[-60.7094077,-33.1215868],[-60.709541,-33.1220327],[-60.7095639,-33.1221092],[-60.7098725,-33.1230238],[-60.7102164,-33.1241214],[-60.7104163,-33.1247729],[-60.7105573,-33.1252134],[-60.7108228,-33.1260429],[-60.7111013,-33.1269131],[-60.71123,-33.1273151],[-60.7115162,-33.1281851],[-60.7118933,-33.1296202],[-60.7121199,-33.1304865],[-60.7122195,-33.130862],[-60.7123149,-33.1312218],[-60.7127647,-33.1329177],[-60.7130584,-33.1340252],[-60.7131387,-33.1343281],[-60.7136242,-33.1362465],[-60.7138898,-33.1372111],[-60.7140064,-33.1376038],[-60.7141874,-33.1382936],[-60.7142843,-33.1386856],[-60.7145894,-33.1398264],[-60.7146758,-33.1401805],[-60.7149066,-33.1410361],[-60.7151195,-33.1418478],[-60.7153432,-33.1427005],[-60.7153876,-33.14287],[-60.7154699,-33.1431837],[-60.7157565,-33.144275],[-60.715854,-33.1446464],[-60.7162559,-33.1461771],[-60.716271,-33.1462347],[-60.7165405,-33.1472422],[-60.7166962,-33.1478438],[-60.7169297,-33.1487226],[-60.7171431,-33.1495129],[-60.7171671,-33.1496056],[-60.7175468,-33.1510758],[-60.7179996,-33.1527843],[-60.7180951,-33.1530982],[-60.7182354,-33.1534621],[-60.7183992,-33.1538192],[-60.7185814,-33.1541249],[-60.7188848,-33.1545601],[-60.7203478,-33.1563959],[-60.7232607,-33.1603159],[-60.7277868,-33.1662739],[-60.7397914,-33.1817992],[-60.7400558,-33.1821539],[-60.7402115,-33.1823968],[-60.7454615,-33.1891032],[-60.7513266,-33.1957229],[-60.7516896,-33.1962694],[-60.7519664,-33.1968054],[-60.7574048,-33.2171726],[-60.7591117,-33.2235878],[-60.7607352,-33.2297289],[-60.7622804,-33.2355841],[-60.7642403,-33.2430272],[-60.7644387,-33.2438258],[-60.7646415,-33.2446389],[-60.7649603,-33.2459171],[-60.7651171,-33.2465125],[-60.7652072,-33.2468548],[-60.7652941,-33.2471888],[-60.765839,-33.2494114],[-60.7663259,-33.2512381],[-60.7702882,-33.2663814],[-60.7779347,-33.2952284],[-60.7779966,-33.295414],[-60.7780562,-33.2956121],[-60.7786939,-33.2978171],[-60.778718,-33.29791115],[-60.7816081,-33.3091892],[-60.7847044,-33.3216329],[-60.7873587,-33.3310505],[-60.7897818,-33.340057],[-60.7898908,-33.3404673],[-60.7902469,-33.3418187],[-60.7903721,-33.3425584],[-60.7913442,-33.3626685],[-60.7912982,-33.3637064],[-60.7911644,-33.364681],[-60.787743,-33.3860886],[-60.7876123,-33.3865268],[-60.7874612,-33.3869391],[-60.7868825,-33.3882246],[-60.7826496,-33.3973008],[-60.7825663,-33.3974793],[-60.7751523,-33.4133741],[-60.7751196,-33.413452],[-60.7743887,-33.4153251],[-60.7708129,-33.4257154],[-60.7707474,-33.425932],[-60.7706523,-33.4263152],[-60.7705911,-33.4266868],[-60.7705595,-33.4269791],[-60.770552,-33.4272423],[-60.7705593,-33.4275129],[-60.7705845,-33.4278098],[-60.7706134,-33.4280387],[-60.7706728,-33.4283098],[-60.7707586,-33.4286455],[-60.7721022,-33.4334053],[-60.7722375,-33.4339805],[-60.7723741,-33.4344636],[-60.7723879,-33.4345125],[-60.7724609,-33.4348266],[-60.7724964,-33.4350601],[-60.7726371,-33.4361545],[-60.7726879,-33.4366741],[-60.77309907,-33.44288272],[-60.7736072,-33.4505554],[-60.7736293,-33.4508684],[-60.7736424,-33.4510544],[-60.7736704,-33.4514512]]]},"geometry_name":"geom","properties":{"gid":1209,"rtn":"18","typ":40,"rst":1,"hct":2,"fdc":"IDESF","sag":"IGN"},"bbox":[-60.7913442,-33.4514512,-60.700677,-33.0922805]},{"type":"Feature","id":"vial_provincial.1225","geometry":{"type":"MultiLineString","coordinates":[[[-60.7527529,-32.9901215],[-60.75274044,-32.99002705],[-60.7527067,-32.9897713],[-60.7526813,-32.9895919],[-60.75264433,-32.98947059]]]},"geometry_name":"geom","properties":{"gid":1225,"rtn":"14","typ":40,"rst":1,"hct":2,"fdc":"IDESF","sag":"IGN"},"bbox":[-60.7527529,-32.9901215,-60.75264433,-32.98947059]},{"type":"Feature","id":"vial_provincial.1226","geometry":{"type":"MultiLineString","coordinates":[[[-60.755551,-33.0210059],[-60.7553412,-33.0208305],[-60.7551876,-33.0207221],[-60.75486,-33.0205147],[-60.7547274,-33.020389],[-60.7546826,-33.0203314]]]},"geometry_name":"geom","properties":{"gid":1226,"rtn":"14","typ":40,"rst":1,"hct":2,"fdc":"IDESF","sag":"IGN"},"bbox":[-60.755551,-33.0210059,-60.7546826,-33.0203314]},{"type":"Feature","id":"vial_provincial.1233","geometry":{"type":"MultiLineString","coordinates":[[[-60.7579239,-33.0285109],[-60.757975,-33.0286836],[-60.7579971,-33.0287585],[-60.7582545,-33.0300514],[-60.7583452,-33.0305069],[-60.75873,-33.0324398],[-60.7588238,-33.0329107],[-60.7590564,-33.034034],[-60.7591802,-33.0345572],[-60.7593066,-33.0352983],[-60.7593938,-33.0359936],[-60.759445,-33.0366261],[-60.7595556,-33.0371051],[-60.7598087,-33.0379176],[-60.7627042,-33.0472121],[-60.7628866,-33.0477832],[-60.7631709,-33.0484936],[-60.7634659,-33.0491501],[-60.7668179,-33.0559346],[-60.7704236,-33.0632319],[-60.7710631,-33.0646393],[-60.7712121,-33.0649673],[-60.7717647,-33.0662171],[-60.772859,-33.0685323],[-60.7731809,-33.0691886],[-60.7744952,-33.0717959],[-60.7749351,-33.072659],[-60.7752945,-33.0733018],[-60.7756861,-33.0738862],[-60.7760187,-33.0743357],[-60.7764532,-33.0748976],[-60.776877,-33.0753067],[-60.7773651,-33.0757382],[-60.7832445,-33.0804355],[-60.7840653,-33.0810873],[-60.7846822,-33.0815997],[-60.7852616,-33.082157],[-60.7858356,-33.0827323],[-60.7862754,-33.0832762],[-60.7866402,-33.0837976],[-60.7869996,-33.0843819],[-60.7897017,-33.0896632]]]},"geometry_name":"geom","properties":{"gid":1233,"rtn":"14","typ":40,"rst":1,"hct":2,"fdc":"IDESF","sag":"IGN"},"bbox":[-60.7897017,-33.0896632,-60.7579239,-33.0285109]},{"type":"Feature","id":"vial_provincial.1247","geometry":{"type":"MultiLineString","coordinates":[[[-60.7535956,-32.71783666],[-60.7541087,-32.7180768],[-60.7546064,-32.7183055],[-60.7548623,-32.7184865]]]},"geometry_name":"geom","properties":{"gid":1247,"rtn":"10","typ":40,"rst":1,"hct":2,"fdc":"IDESF","sag":"IGN"},"bbox":[-60.7548623,-32.7184865,-60.7535956,-32.71783666]},{"type":"Feature","id":"vial_provincial.1286","geometry":{"type":"MultiLineString","coordinates":[[[-60.7395804,-33.182115],[-60.7397309,-33.1820954],[-60.73981,-33.1820396],[-60.7398391,-33.181922],[-60.7397914,-33.1817992]]]},"geometry_name":"geom","properties":{"gid":1286,"rtn":"22s","typ":40,"rst":1,"hct":2,"fdc":"IDESF","sag":"IGN"},"bbox":[-60.7398391,-33.182115,-60.7395804,-33.1817992]},{"type":"Feature","id":"vial_provincial.1287","geometry":{"type":"MultiLineString","coordinates":[[[-60.7402115,-33.1823968],[-60.7400702,-33.1822619],[-60.7399429,-33.1821992],[-60.7397846,-33.182155],[-60.7395804,-33.182115]]]},"geometry_name":"geom","properties":{"gid":1287,"rtn":"22s","typ":40,"rst":1,"hct":2,"fdc":"IDESF","sag":"IGN"},"bbox":[-60.7402115,-33.1823968,-60.7395804,-33.182115]},{"type":"Feature","id":"vial_provincial.1289","geometry":{"type":"MultiLineString","coordinates":[[[-60.7395804,-33.182115],[-60.738032,-33.1819393],[-60.7362412,-33.1817409],[-60.7356395,-33.1816742],[-60.7328981,-33.1813703],[-60.7314608,-33.181211],[-60.7283329,-33.1808416],[-60.727055,-33.1807047],[-60.7257405,-33.1805695],[-60.7245029,-33.1804252],[-60.7232329,-33.1802855],[-60.7219846,-33.1801481],[-60.720683,-33.1800049]]]},"geometry_name":"geom","properties":{"gid":1289,"rtn":"22s","typ":40,"rst":1,"hct":2,"fdc":"IDESF","sag":"IGN"},"bbox":[-60.7395804,-33.182115,-60.720683,-33.1800049]},{"type":"Feature","id":"vial_provincial.1350","geometry":{"type":"MultiLineString","coordinates":[[[-60.77751922,-32.70968119],[-60.7772518,-32.7097262],[-60.7751667,-32.7100856],[-60.7747437,-32.710159],[-60.7742312,-32.7102531],[-60.7738718,-32.7103201],[-60.7736827,-32.7103476],[-60.7730827,-32.7104344],[-60.7719998,-32.7106053],[-60.7718147,-32.7106365],[-60.7678061,-32.7113178],[-60.7674826,-32.7113723],[-60.7664566,-32.7115452],[-60.7662387,-32.7115819],[-60.7656322,-32.711684],[-60.7640625,-32.7119459],[-60.7624365,-32.7122226],[-60.7611608,-32.7124313],[-60.7604662,-32.7125419],[-60.76026,-32.712565],[-60.7599969,-32.71257],[-60.7597449,-32.7125396],[-60.7595108,-32.7124782],[-60.7592961,-32.7123894],[-60.7580835,-32.7117491]]]},"geometry_name":"geom","properties":{"gid":1350,"rtn":"18s","typ":40,"rst":1,"hct":2,"fdc":"IDESF","sag":"IGN"},"bbox":[-60.77751922,-32.71257,-60.7580835,-32.70968119]},{"type":"Feature","id":"vial_provincial.1382","geometry":{"type":"MultiLineString","coordinates":[[[-60.71126046,-32.88326651],[-60.7114723,-32.8828153],[-60.7119466,-32.8818747],[-60.7122059,-32.8813371],[-60.7124223,-32.8808933],[-60.7127966,-32.8800917],[-60.713414,-32.8787692],[-60.7138645,-32.8779547],[-60.7144133,-32.8770134],[-60.7149594,-32.8762562],[-60.7154835,-32.8755645],[-60.7161988,-32.8747442],[-60.7166998,-32.8742249],[-60.7176517,-32.8733368],[-60.7185511,-32.8725893],[-60.7221841,-32.8698732],[-60.7225194,-32.8696229],[-60.7228584,-32.8693691],[-60.7233093,-32.869032],[-60.7263287,-32.8668366],[-60.727649,-32.8657978],[-60.7289221,-32.8647047],[-60.7302005,-32.8634815],[-60.7304245,-32.8632371],[-60.7315041,-32.8620589],[-60.7325999,-32.860704],[-60.7332906,-32.8597609],[-60.7339015,-32.8588192],[-60.7349797,-32.856882],[-60.7360188,-32.8545442],[-60.7366846,-32.8526705],[-60.73704745,-32.85163574]]]},"geometry_name":"geom","properties":{"gid":1382,"rtn":"AP01","typ":40,"rst":1,"hct":2,"fdc":"IDESF","sag":"IGN"},"bbox":[-60.73704745,-32.88326651,-60.71126046,-32.85163574]},{"type":"Feature","id":"vial_provincial.1457","geometry":{"type":"MultiLineString","coordinates":[[[-60.71134089,-32.8833637],[-60.7114036,-32.8832087],[-60.7115419,-32.8829185],[-60.7120463,-32.8819118],[-60.7122956,-32.8813714],[-60.71241781,-32.88110805],[-60.7125048,-32.8809206],[-60.7129195,-32.8801364],[-60.7132616,-32.8794896],[-60.7134345,-32.879131],[-60.7135922,-32.8788219],[-60.7139039,-32.8782525],[-60.7142405,-32.8776604],[-60.7146348,-32.8770405],[-60.7156571,-32.8756774],[-60.7163567,-32.8748762],[-60.716845,-32.8743774],[-60.7178165,-32.8734518],[-60.7186779,-32.8727301],[-60.72103282,-32.8709975],[-60.7223583,-32.8700223],[-60.72264283,-32.86981418],[-60.7226953,-32.8697758],[-60.7232973,-32.8693228],[-60.72644,-32.86697],[-60.7277827,-32.8659428],[-60.7290494,-32.8648703],[-60.73034,-32.86362],[-60.7306006,-32.8633359],[-60.73107041,-32.8628237],[-60.73167,-32.86217],[-60.7328054,-32.8607812],[-60.7334823,-32.8598358],[-60.7341,-32.85888],[-60.73476035,-32.85772651],[-60.7351194,-32.85709932],[-60.7352034,-32.8569526],[-60.73624,-32.85459],[-60.7369494,-32.8527543],[-60.73731902,-32.8516448]]]},"geometry_name":"geom","properties":{"gid":1457,"rtn":"AP01","typ":40,"rst":1,"hct":2,"fdc":"IDESF","sag":"IGN"},"bbox":[-60.73731902,-32.8833637,-60.71134089,-32.8516448]},{"type":"Feature","id":"vial_provincial.1458","geometry":{"type":"MultiLineString","coordinates":[[[-60.73731902,-32.8516448],[-60.7374811,-32.8516502],[-60.7398903,-32.8517344],[-60.7405565,-32.851763],[-60.7418875,-32.8518136],[-60.7517974,-32.852175],[-60.752161,-32.8521883],[-60.7522126,-32.8521902],[-60.7598112,-32.8524577],[-60.7599151,-32.8524627],[-60.760607,-32.8524958],[-60.7610255,-32.8525108],[-60.7616265,-32.8525324],[-60.7623367,-32.8525579],[-60.7651363,-32.8526585],[-60.7655443,-32.8526724],[-60.7671251,-32.8527259],[-60.767639,-32.8527442],[-60.7696509,-32.8528169],[-60.7715745,-32.8528921],[-60.7718057,-32.8528999],[-60.7727777,-32.8529329],[-60.775967,-32.8530475],[-60.7776071,-32.8531098],[-60.7777858,-32.8531206],[-60.7793566,-32.8532157],[-60.7802326,-32.8532316],[-60.7803614,-32.8532351],[-60.7807332,-32.8532389]]]},"geometry_name":"geom","properties":{"gid":1458,"rtn":"34s","typ":40,"rst":3,"hct":2,"fdc":"IDESF","sag":"IGN"},"bbox":[-60.7807332,-32.8532389,-60.73731902,-32.8516448]},{"type":"Feature","id":"vial_provincial.1463","geometry":{"type":"MultiLineString","coordinates":[[[-60.719552,-33.1869822],[-60.7194798,-33.1869742],[-60.717892,-33.19707],[-60.7146975,-33.2177102],[-60.7127952,-33.2299991],[-60.7122011,-33.2338437],[-60.7115613,-33.2379845],[-60.7092685,-33.2528199],[-60.709231,-33.2530922],[-60.7091186,-33.253502],[-60.7082743,-33.2558382],[-60.7082618,-33.256061]]]},"geometry_name":"geom","properties":{"gid":1463,"rtn":"22s","typ":40,"rst":3,"hct":2,"fdc":"IDESF","sag":"IGN"},"bbox":[-60.719552,-33.256061,-60.7082618,-33.1869742]},{"type":"Feature","id":"vial_provincial.1483","geometry":{"type":"MultiLineString","coordinates":[[[-60.7548623,-32.7184865],[-60.7560789,-32.7190357],[-60.7561154,-32.7190502],[-60.7579243,-32.7197669],[-60.7592976,-32.7204168],[-60.7624022,-32.7220102],[-60.7632576,-32.7224493],[-60.7637404,-32.7226963],[-60.7641318,-32.7229058],[-60.7646811,-32.7231932],[-60.765756,-32.7237391],[-60.7662781,-32.7240149],[-60.7666196,-32.7241953],[-60.76691553,-32.72434542]]]},"geometry_name":"geom","properties":{"gid":1483,"rtn":"10","typ":40,"rst":1,"hct":2,"fdc":"IDESF","sag":"IGN"},"bbox":[-60.76691553,-32.72434542,-60.7548623,-32.7184865]},{"type":"Feature","id":"vial_provincial.1484","geometry":{"type":"MultiLineString","coordinates":[[[-60.73704745,-32.85163574],[-60.73731902,-32.8516448]]]},"geometry_name":"geom","properties":{"gid":1484,"rtn":"34s","typ":40,"rst":3,"hct":2,"fdc":"IDESF","sag":"IGN"},"bbox":[-60.73731902,-32.8516448,-60.73704745,-32.85163574]},{"type":"Feature","id":"vial_provincial.1485","geometry":{"type":"MultiLineString","coordinates":[[[-60.73704745,-32.85163574],[-60.7373483,-32.8507778],[-60.7373865,-32.8506592],[-60.7381387,-32.8484157],[-60.7385032,-32.8469642],[-60.73882193,-32.84549627],[-60.7390039,-32.8445576],[-60.7391029,-32.8438495],[-60.7392872,-32.8418902],[-60.73959,-32.83981],[-60.7400523,-32.8373547],[-60.7403093,-32.835927],[-60.740419,-32.835168],[-60.7405617,-32.8338855],[-60.740662,-32.8326014],[-60.7408186,-32.8283422],[-60.74100853,-32.82319984],[-60.7410149,-32.8230275],[-60.7411204,-32.8211201],[-60.7411294,-32.8207511],[-60.7411953,-32.8189669],[-60.7415424,-32.8130426],[-60.7427144,-32.7979201],[-60.7431871,-32.7933554],[-60.7435256,-32.7911244],[-60.74355314,-32.79096847],[-60.7438347,-32.7893746],[-60.74457,-32.78591],[-60.7451091,-32.7838481],[-60.7455687,-32.7821737],[-60.7468082,-32.7782793],[-60.7482009,-32.7745331],[-60.7495206,-32.7710512],[-60.7497825,-32.7704253],[-60.7512962,-32.7667395],[-60.7516897,-32.7657993],[-60.7520248,-32.76498075]]]},"geometry_name":"geom","properties":{"gid":1485,"rtn":"AP01","typ":40,"rst":1,"hct":2,"fdc":"IDESF","sag":"IGN"},"bbox":[-60.7520248,-32.85163574,-60.73704745,-32.76498075]},{"type":"Feature","id":"vial_provincial.1486","geometry":{"type":"MultiLineString","coordinates":[[[-60.73731902,-32.8516448],[-60.7375966,-32.8508116],[-60.737737,-32.8503937],[-60.7384217,-32.8484228],[-60.73865665,-32.84778286],[-60.7389101,-32.8470925],[-60.73942,-32.84558],[-60.73981,-32.8443021],[-60.7398447,-32.84416359],[-60.7401007,-32.8431418],[-60.74034,-32.84198],[-60.74042907,-32.84147004],[-60.7406991,-32.839924],[-60.7408481,-32.8386676],[-60.7409567,-32.83741],[-60.74095848,-32.83718068],[-60.7409637,-32.8365079],[-60.741,-32.83513],[-60.74096,-32.83268],[-60.74099185,-32.83061969],[-60.74102706,-32.82836185],[-60.7412442,-32.8234327],[-60.74128941,-32.82208122],[-60.7413214,-32.8211247],[-60.7413334,-32.8207511],[-60.7414261,-32.8184276],[-60.74146699,-32.81775157],[-60.7417513,-32.8130506],[-60.74179631,-32.81246854],[-60.74180583,-32.81234543],[-60.74229453,-32.80602559],[-60.7429206,-32.7979294],[-60.742998,-32.7969104],[-60.74327812,-32.7942996],[-60.74338,-32.79335],[-60.74373,-32.79114],[-60.74403,-32.78936],[-60.7445618,-32.78699614],[-60.7447882,-32.7859898],[-60.74534,-32.78387],[-60.74579,-32.78219],[-60.74622177,-32.78086041],[-60.74699561,-32.77847748],[-60.74705,-32.77831],[-60.74843,-32.7746],[-60.74923597,-32.77244663],[-60.74974,-32.7711],[-60.7507605,-32.7685923],[-60.75146753,-32.7668488],[-60.7514943,-32.7667828],[-60.7518985,-32.765846],[-60.75226696,-32.76494187]]]},"geometry_name":"geom","properties":{"gid":1486,"rtn":"AP01","typ":40,"rst":1,"hct":2,"fdc":"IDESF","sag":"IGN"},"bbox":[-60.75226696,-32.8516448,-60.73731902,-32.76494187]},{"type":"Feature","id":"vial_provincial.2453","geometry":{"type":"MultiLineString","coordinates":[[[-60.75300356,-32.98959664],[-60.7530724,-32.9895516],[-60.7531317,-32.9895105],[-60.7531526,-32.98948235],[-60.75316859,-32.98944541],[-60.75317773,-32.98940048],[-60.75317636,-32.98935209],[-60.7531673,-32.98931822]]]},"geometry_name":"geom","properties":{"gid":2453,"rtn":"14","typ":40,"rst":1,"hct":2,"fdc":"IDESF","sag":"IGN"},"bbox":[-60.75317773,-32.98959664,-60.75300356,-32.98931822]},{"type":"Feature","id":"vial_provincial.2454","geometry":{"type":"MultiLineString","coordinates":[[[-60.75264433,-32.98947059],[-60.7526028,-32.9893343],[-60.7526116,-32.9892524],[-60.752624,-32.9892137],[-60.752668,-32.9891569],[-60.7527307,-32.9891146],[-60.75276137,-32.98910543]]]},"geometry_name":"geom","properties":{"gid":2454,"rtn":"14","typ":40,"rst":1,"hct":2,"fdc":"IDESF","sag":"IGN"},"bbox":[-60.75276137,-32.98947059,-60.7526028,-32.98910543]},{"type":"Feature","id":"vial_provincial.2461","geometry":{"type":"MultiLineString","coordinates":[[[-60.75226696,-32.76494187],[-60.75318047,-32.76270036],[-60.75358,-32.76172],[-60.75538784,-32.75732697],[-60.7557882,-32.7563541],[-60.75697,-32.75385],[-60.75825419,-32.7512028],[-60.7585438,-32.7506058],[-60.760109,-32.7474132],[-60.7602916,-32.7470279],[-60.76143874,-32.74416],[-60.7614881,-32.7440366],[-60.7616082,-32.74366],[-60.76233,-32.74138],[-60.76253822,-32.74054282],[-60.7628019,-32.7394827],[-60.7632857,-32.7367778],[-60.7633639,-32.7362895],[-60.7639249,-32.73213193],[-60.76394,-32.73202],[-60.7642557,-32.7304649],[-60.76456,-32.72934],[-60.76497634,-32.72827814],[-60.76509644,-32.72794559],[-60.7651092,-32.7279102],[-60.76538,-32.72722],[-60.76540191,-32.72717977],[-60.7657008,-32.726631],[-60.76624,-32.72572],[-60.76663055,-32.72509853],[-60.7666953,-32.7249955],[-60.7669705,-32.7245577],[-60.7670687,-32.72442312]]]},"geometry_name":"geom","properties":{"gid":2461,"rtn":"AP01","typ":40,"rst":1,"hct":2,"fdc":"IDESF","sag":"IGN"},"bbox":[-60.7670687,-32.76494187,-60.75226696,-32.72442312]},{"type":"Feature","id":"vial_provincial.2460","geometry":{"type":"MultiLineString","coordinates":[[[-60.7520248,-32.76498075],[-60.7555883,-32.7562762],[-60.758155,-32.7509126],[-60.7598576,-32.7473968],[-60.7600383,-32.7470223],[-60.7608701,-32.7451421],[-60.7610696,-32.744582],[-60.7614473,-32.7436223],[-60.7621421,-32.7413325],[-60.7623874,-32.7404093],[-60.7626087,-32.7394655],[-60.7630555,-32.736886],[-60.7631236,-32.7364221],[-60.7637431,-32.7320831],[-60.7640616,-32.7304083],[-60.7642758,-32.7294607],[-60.7647537,-32.7282068],[-60.7655273,-32.7265683],[-60.7660452,-32.72563],[-60.76684,-32.72445],[-60.76691553,-32.72434542]]]},"geometry_name":"geom","properties":{"gid":2460,"rtn":"AP01","typ":40,"rst":1,"hct":2,"fdc":"IDESF","sag":"IGN"},"bbox":[-60.76691553,-32.76498075,-60.7520248,-32.72434542]},{"type":"Feature","id":"vial_provincial.2465","geometry":{"type":"MultiLineString","coordinates":[[[-60.7908874,-33.0918901],[-60.7909306,-33.0919612]]]},"geometry_name":"geom","properties":{"gid":2465,"rtn":"14","typ":40,"rst":1,"hct":2,"fdc":"IDESF","sag":"IGN"},"bbox":[-60.7909306,-33.0919612,-60.7908874,-33.0918901]},{"type":"Feature","id":"vial_provincial.1230","geometry":{"type":"MultiLineString","coordinates":[[[-60.7897017,-33.0896632],[-60.7899515,-33.0900714],[-60.7901935,-33.0904796],[-60.7904087,-33.0909186],[-60.7905074,-33.0911594],[-60.7908123,-33.0917661],[-60.7908874,-33.0918901]]]},"geometry_name":"geom","properties":{"gid":1230,"rtn":"14","typ":40,"rst":1,"hct":2,"fdc":"IDESF","sag":"IGN"},"bbox":[-60.7908874,-33.0918901,-60.7897017,-33.0896632]},{"type":"Feature","id":"vial_provincial.860","geometry":{"type":"MultiLineString","coordinates":[[[-60.7761248,-33.0002829],[-60.7766955,-32.9994644],[-60.7772181,-32.998721],[-60.7776099,-32.9981636],[-60.7780261,-32.9975716],[-60.7767804,-32.9969076],[-60.776969,-32.9966426],[-60.7755895,-32.9959426],[-60.7745424,-32.9954113],[-60.7749801,-32.9947943],[-60.774407,-32.994496],[-60.7744454,-32.9933208],[-60.7744818,-32.9922064],[-60.7744922,-32.991207],[-60.7744994,-32.9910342],[-60.7745422,-32.9900027],[-60.7749113,-32.9823604],[-60.7750153,-32.9802067],[-60.7752017,-32.9763479],[-60.7753337,-32.9736128],[-60.7754571,-32.9710581],[-60.7755234,-32.9697066],[-60.7756357,-32.9674203],[-60.7756465,-32.9672004],[-60.7757101,-32.9659036],[-60.7764261,-32.9659245],[-60.7770567,-32.9659429],[-60.77861911,-32.96598838]]]},"geometry_name":"geom","properties":{"gid":860,"rtn":"34s","typ":40,"rst":1,"hct":2,"fdc":"IDESF","sag":"IGN"},"bbox":[-60.77861911,-33.0002829,-60.774407,-32.9659036]},{"type":"Feature","id":"vial_provincial.1231","geometry":{"type":"MultiLineString","coordinates":[[[-60.7908208,-33.0919032],[-60.7903481,-33.0910298],[-60.7900785,-33.0905256],[-60.7898091,-33.0899348],[-60.7897017,-33.0896632]]]},"geometry_name":"geom","properties":{"gid":1231,"rtn":"14","typ":40,"rst":1,"hct":2,"fdc":"IDESF","sag":"IGN"},"bbox":[-60.7908208,-33.0919032,-60.7897017,-33.0896632]},{"type":"Feature","id":"vial_provincial.1219","geometry":{"type":"MultiLineString","coordinates":[[[-60.7820229,-32.8532912],[-60.7818982,-32.8532887],[-60.7813849,-32.8532764],[-60.7810504,-32.8532704],[-60.7807332,-32.8532389],[-60.7810522,-32.8532173],[-60.7814662,-32.8532273],[-60.7817332,-32.8532333],[-60.7820431,-32.8532387]]]},"geometry_name":"geom","properties":{"gid":1219,"rtn":"34s","typ":40,"rst":3,"hct":2,"fdc":"IDESF","sag":"IGN"},"bbox":[-60.7820431,-32.8532912,-60.7807332,-32.8532173]},{"type":"Feature","id":"vial_provincial.1221","geometry":{"type":"MultiLineString","coordinates":[[[-60.7670687,-32.72442312],[-60.7673549,-32.7245683],[-60.7688759,-32.7253161],[-60.7699881,-32.725838],[-60.7701253,-32.7259024],[-60.7713754,-32.7264021],[-60.7729406,-32.7270631],[-60.7748796,-32.7278688],[-60.7751712,-32.7280026],[-60.77547143,-32.72813],[-60.77662003,-32.72792636],[-60.77985078,-32.72735356]]]},"geometry_name":"geom","properties":{"gid":1221,"rtn":"10","typ":40,"rst":1,"hct":2,"fdc":"IDESF","sag":"IGN"},"bbox":[-60.77985078,-32.72813,-60.7670687,-32.72442312]},{"type":"Feature","id":"vial_provincial.1480","geometry":{"type":"MultiLineString","coordinates":[[[-60.76691553,-32.72434542],[-60.7670687,-32.72442312]]]},"geometry_name":"geom","properties":{"gid":1480,"rtn":"10","typ":40,"rst":1,"hct":2,"fdc":"IDESF","sag":"IGN"},"bbox":[-60.7670687,-32.72442312,-60.76691553,-32.72434542]},{"type":"Feature","id":"vial_provincial.2455","geometry":{"type":"MultiLineString","coordinates":[[[-60.7848697,-32.8533701],[-60.7847148,-32.8534107],[-60.7846471,-32.8534077],[-60.7839203,-32.8533753],[-60.7836316,-32.8533624],[-60.7831627,-32.8533415],[-60.7827907,-32.8533249],[-60.7826893,-32.8533194],[-60.7824564,-32.8533069],[-60.7821601,-32.85329742]]]},"geometry_name":"geom","properties":{"gid":2455,"rtn":"34s","typ":40,"rst":3,"hct":2,"fdc":"IDESF","sag":"IGN"},"bbox":[-60.7848697,-32.8534107,-60.7821601,-32.85329742]},{"type":"Feature","id":"vial_provincial.2456","geometry":{"type":"MultiLineString","coordinates":[[[-60.7821601,-32.85329742],[-60.7820229,-32.8532912]]]},"geometry_name":"geom","properties":{"gid":2456,"rtn":"34s","typ":40,"rst":3,"hct":2,"fdc":"IDESF","sag":"IGN"},"bbox":[-60.7821601,-32.85329742,-60.7820229,-32.8532912]},{"type":"Feature","id":"vial_provincial.2457","geometry":{"type":"MultiLineString","coordinates":[[[-60.78218233,-32.85324537],[-60.7828019,-32.8532736],[-60.7831643,-32.853289],[-60.7832446,-32.8532924],[-60.7836351,-32.853309],[-60.783923,-32.8533212],[-60.7846514,-32.8533522],[-60.784716,-32.8533549],[-60.7848697,-32.8533701]]]},"geometry_name":"geom","properties":{"gid":2457,"rtn":"34s","typ":40,"rst":3,"hct":2,"fdc":"IDESF","sag":"IGN"},"bbox":[-60.7848697,-32.8533701,-60.78218233,-32.85324537]},{"type":"Feature","id":"vial_provincial.2464","geometry":{"type":"MultiLineString","coordinates":[[[-60.7908531,-33.0919726],[-60.7908208,-33.0919032]]]},"geometry_name":"geom","properties":{"gid":2464,"rtn":"14","typ":40,"rst":1,"hct":2,"fdc":"IDESF","sag":"IGN"},"bbox":[-60.7908531,-33.0919726,-60.7908208,-33.0919032]},{"type":"Feature","id":"vial_provincial.2458","geometry":{"type":"MultiLineString","coordinates":[[[-60.7820431,-32.8532387],[-60.78218233,-32.85324537]]]},"geometry_name":"geom","properties":{"gid":2458,"rtn":"34s","typ":40,"rst":3,"hct":2,"fdc":"IDESF","sag":"IGN"},"bbox":[-60.78218233,-32.85324537,-60.7820431,-32.8532387]},{"type":"Feature","id":"vial_provincial.1407","geometry":{"type":"MultiLineString","coordinates":[[[-60.700677,-33.0922805],[-60.7005129,-33.0919425],[-60.7001803,-33.0908815],[-60.7001217,-33.0906861],[-60.6999589,-33.0901335],[-60.6998129,-33.0896763]]]},"geometry_name":"geom","properties":{"gid":1407,"rtn":"18","typ":40,"rst":1,"hct":2,"fdc":"IDESF","sag":"IGN"},"bbox":[-60.700677,-33.0922805,-60.6998129,-33.0896763]},{"type":"Feature","id":"vial_provincial.814","geometry":{"type":"MultiLineString","coordinates":[[[-60.6679001,-33.0886989],[-60.6678466,-33.0883205],[-60.666206,-33.0809671],[-60.666115,-33.080703],[-60.6660057,-33.0804206],[-60.6658053,-33.0801656],[-60.665523,-33.0798105],[-60.6652771,-33.079519],[-60.6650676,-33.0791456],[-60.6649856,-33.0787358],[-60.6649532,-33.0782406],[-60.6650534,-33.0777853],[-60.6652811,-33.0771113],[-60.6653175,-33.0768199],[-60.6652538,-33.0764374],[-60.6650748,-33.0756967],[-60.6646618,-33.0739875],[-60.6625885,-33.0641181],[-60.6616529,-33.0597215],[-60.6601814,-33.0528662],[-60.6601251,-33.0526829],[-60.6600184,-33.0524723],[-60.6594851,-33.051905],[-60.6594207,-33.0518365],[-60.65890565,-33.05134228]]]},"geometry_name":"geom","properties":{"gid":814,"rtn":"225s","typ":40,"rst":3,"hct":2,"fdc":"IDESF","sag":"IGN"},"bbox":[-60.6679001,-33.0886989,-60.65890565,-33.05134228]},{"type":"Feature","id":"vial_provincial.840","geometry":{"type":"MultiLineString","coordinates":[[[-60.6697926,-33.171258],[-60.6701101,-33.1706843],[-60.6704602,-33.1701747],[-60.67136,-33.1689436],[-60.6717134,-33.168418],[-60.6720293,-33.1678846],[-60.672724,-33.1664858],[-60.6754598,-33.160913],[-60.6794823,-33.1527279],[-60.6795551,-33.1525783],[-60.681922,-33.1476322],[-60.6820803,-33.14728],[-60.6822065,-33.1468578],[-60.6826592,-33.1451316],[-60.68268876,-33.1450089]]]},"geometry_name":"geom","properties":{"gid":840,"rtn":"225s","typ":40,"rst":1,"hct":2,"fdc":"IDESF","sag":"IGN"},"bbox":[-60.68268876,-33.171258,-60.6697926,-33.1450089]},{"type":"Feature","id":"vial_provincial.971","geometry":{"type":"MultiLineString","coordinates":[[[-60.7082618,-33.256061],[-60.7078646,-33.2560757],[-60.7075643,-33.2560868],[-60.6993068,-33.2563856],[-60.6977349,-33.2563989],[-60.6969926,-33.2563748],[-60.695924,-33.2562886],[-60.694913,-33.2561611],[-60.6941307,-33.2560115],[-60.6933438,-33.2558267],[-60.6923456,-33.2555541],[-60.6916899,-33.2553206],[-60.6910683,-33.2550948],[-60.6906117,-33.2548853],[-60.6897235,-33.2544779],[-60.6527151,-33.2345066],[-60.6457411,-33.2307427],[-60.642479,-33.2291128],[-60.6411117,-33.2284297]]]},"geometry_name":"geom","properties":{"gid":971,"rtn":"26","typ":40,"rst":1,"hct":2,"fdc":"IDESF","sag":"IGN"},"bbox":[-60.7082618,-33.2563989,-60.6411117,-33.2284297]},{"type":"Feature","id":"vial_provincial.951","geometry":{"type":"MultiLineString","coordinates":[[[-60.6309998,-33.1685161],[-60.6527036,-33.1699536],[-60.6529997,-33.1700095],[-60.664572,-33.1708673],[-60.6684172,-33.1711523],[-60.6697926,-33.171258]]]},"geometry_name":"geom","properties":{"gid":951,"rtn":"225s","typ":40,"rst":2,"hct":2,"fdc":"IDESF","sag":"IGN"},"bbox":[-60.6697926,-33.171258,-60.6309998,-33.1685161]},{"type":"Feature","id":"vial_provincial.954","geometry":{"type":"MultiLineString","coordinates":[[[-60.68268876,-33.1450089],[-60.6828066,-33.1445198],[-60.6832945,-33.1420354],[-60.6839264,-33.1321944],[-60.6844734,-33.1233512],[-60.6853033,-33.1096691],[-60.6851856,-33.109353],[-60.6851171,-33.1092507],[-60.6850157,-33.1091648],[-60.6847457,-33.1089964],[-60.6845885,-33.1088337],[-60.684498,-33.1086561],[-60.6844667,-33.1084289],[-60.6846506,-33.1056564],[-60.6846909,-33.105555],[-60.6847362,-33.1055093],[-60.6847709,-33.1054564],[-60.6849637,-33.1032228],[-60.6850194,-33.1025767],[-60.6850439,-33.1024911],[-60.6851108,-33.1024174],[-60.685221,-33.1023752],[-60.6858463,-33.1023988],[-60.6860468,-33.0987395],[-60.6862613,-33.0956117],[-60.6865748,-33.0892986]]]},"geometry_name":"geom","properties":{"gid":954,"rtn":"225s","typ":40,"rst":3,"hct":2,"fdc":"IDESF","sag":"IGN"},"bbox":[-60.6865748,-33.1450089,-60.68268876,-33.0892986]},{"type":"Feature","id":"vial_provincial.1408","geometry":{"type":"MultiLineString","coordinates":[[[-60.6819926,-33.0288659],[-60.6819052,-33.028709],[-60.6816785,-33.0282127],[-60.681651,-33.0281525],[-60.6814894,-33.0277724],[-60.6813663,-33.0274107],[-60.6811827,-33.0267539],[-60.6811466,-33.0266246],[-60.6811155,-33.0264856],[-60.6810029,-33.0261104],[-60.6809495,-33.0259193],[-60.6809008,-33.0257449],[-60.6805414,-33.0244003],[-60.6804694,-33.0241309],[-60.6804256,-33.0239671],[-60.6804133,-33.0239244],[-60.6804018,-33.0238844],[-60.6801443,-33.0227883],[-60.67992297,-33.02180383],[-60.6798916,-33.0216643],[-60.6797606,-33.0210437],[-60.6797391,-33.0209419],[-60.67965918,-33.02059225],[-60.6795828,-33.0202581],[-60.67935945,-33.01917071],[-60.6790889,-33.0179431],[-60.67906927,-33.01785407],[-60.6790367,-33.0177064],[-60.67891081,-33.01715302],[-60.6788123,-33.01672],[-60.6786542,-33.0160003],[-60.6786013,-33.0157595],[-60.6782193,-33.0140382],[-60.6781664,-33.0137999],[-60.6778135,-33.0121813],[-60.6775804,-33.0111594],[-60.6774262,-33.0104119],[-60.6773557,-33.0100704],[-60.6773261,-33.0098955],[-60.6773173,-33.0098431],[-60.6772976,-33.0097266],[-60.6772733,-33.0096055],[-60.6772318,-33.0094105],[-60.6771724,-33.0091685],[-60.6771402,-33.0090376],[-60.6769991,-33.0083219],[-60.67695788,-33.00813138]]]},"geometry_name":"geom","properties":{"gid":1408,"rtn":"18","typ":40,"rst":1,"hct":2,"fdc":"IDESF","sag":"IGN"},"bbox":[-60.6819926,-33.0288659,-60.67695788,-33.00813138]},{"type":"Feature","id":"vial_provincial.1403","geometry":{"type":"MultiLineString","coordinates":[[[-60.6819926,-33.0288659],[-60.6819534,-33.0286977],[-60.6817324,-33.0281497],[-60.6817059,-33.0280726],[-60.6815967,-33.0277555],[-60.6814842,-33.0274062],[-60.6812737,-33.0266295],[-60.6812325,-33.0264747],[-60.68118,-33.0262839],[-60.6810778,-33.0259058],[-60.6810333,-33.0257427],[-60.6810153,-33.0256749],[-60.6805533,-33.0239392],[-60.6804892,-33.023673],[-60.6804463,-33.023495],[-60.6802744,-33.0227788],[-60.68013826,-33.02216434],[-60.6798673,-33.0209414],[-60.6798448,-33.0208342],[-60.6797256,-33.0202658],[-60.6794823,-33.0191624],[-60.67938878,-33.01873833],[-60.67935604,-33.01858985],[-60.6791667,-33.0177313],[-60.679116,-33.0174939],[-60.6789493,-33.0167133],[-60.67874,-33.0157581],[-60.6786995,-33.0155711],[-60.6783166,-33.0138031],[-60.6782734,-33.013599],[-60.6781814,-33.0131649],[-60.67812827,-33.01295529],[-60.6779275,-33.0121632],[-60.6777115,-33.0111602],[-60.67762367,-33.01075928],[-60.6775479,-33.0104134],[-60.6774231,-33.00973],[-60.6773602,-33.0095899],[-60.6772883,-33.0092155],[-60.6772491,-33.0090116],[-60.6772219,-33.0088684],[-60.6771025,-33.0082395],[-60.67706492,-33.00806819]]]},"geometry_name":"geom","properties":{"gid":1403,"rtn":"18","typ":40,"rst":1,"hct":2,"fdc":"IDESF","sag":"IGN"},"bbox":[-60.6819926,-33.0288659,-60.67706492,-33.00806819]},{"type":"Feature","id":"vial_provincial.1406","geometry":{"type":"MultiLineString","coordinates":[[[-60.6999489,-33.0896819],[-60.7006079,-33.0918157],[-60.700677,-33.0922805]]]},"geometry_name":"geom","properties":{"gid":1406,"rtn":"18","typ":40,"rst":1,"hct":2,"fdc":"IDESF","sag":"IGN"},"bbox":[-60.700677,-33.0922805,-60.6999489,-33.0896819]},{"type":"Feature","id":"vial_provincial.1409","geometry":{"type":"MultiLineString","coordinates":[[[-60.6819926,-33.0288659],[-60.682012,-33.0289228],[-60.6820686,-33.0291151],[-60.6821808,-33.0294965],[-60.6823129,-33.0299453],[-60.6825275,-33.0308658],[-60.6826826,-33.031531],[-60.6828678,-33.0323253],[-60.6831623,-33.0332996],[-60.6839281,-33.0358329],[-60.6845587,-33.0379189],[-60.6849252,-33.0391315],[-60.6849901,-33.0393459],[-60.6862897,-33.0436449],[-60.6872813,-33.0469253],[-60.6881042,-33.0497523],[-60.6888532,-33.0523461],[-60.6891481,-33.0533579],[-60.6921998,-33.0635915],[-60.6942909,-33.0705975],[-60.6946037,-33.0716743],[-60.6954612,-33.0746255],[-60.6955994,-33.0750617],[-60.6959682,-33.0762263],[-60.6961137,-33.0767052],[-60.6962788,-33.0772767],[-60.6968509,-33.0792593],[-60.6969567,-33.0796202],[-60.697626,-33.081892],[-60.6978873,-33.0827859],[-60.6980227,-33.0832507],[-60.6983461,-33.0843638],[-60.6988198,-33.0859917],[-60.6991723,-33.0871878],[-60.6994193,-33.0880607]]]},"geometry_name":"geom","properties":{"gid":1409,"rtn":"18","typ":40,"rst":1,"hct":2,"fdc":"IDESF","sag":"IGN"},"bbox":[-60.6994193,-33.0880607,-60.6819926,-33.0288659]},{"type":"Feature","id":"vial_provincial.2447","geometry":{"type":"MultiLineString","coordinates":[[[-60.65869366,-33.05113885],[-60.658142,-33.0506095],[-60.6582714,-33.0504338],[-60.6583463,-33.0503157],[-60.6588965,-33.0497188],[-60.6591752,-33.0494052],[-60.6592797,-33.0492283],[-60.6593407,-33.0490757],[-60.6592809,-33.0487908],[-60.6584976,-33.0452411],[-60.6579601,-33.0428054],[-60.6566702,-33.0368404],[-60.6565058,-33.0360305],[-60.656451,-33.0357605],[-60.6563595,-33.0353103],[-60.6563027,-33.0350301],[-60.656279,-33.0349136],[-60.6562401,-33.034722],[-60.6562212,-33.0346292],[-60.6560804,-33.0340349],[-60.6560644,-33.033973],[-60.6559286,-33.0334466],[-60.6559149,-33.0333844],[-60.6558411,-33.0330491],[-60.655807,-33.0328944],[-60.6557027,-33.0323018],[-60.6556692,-33.0320965],[-60.6557478,-33.0318566],[-60.656075,-33.0311446],[-60.6561788,-33.0309188],[-60.6562265,-33.0307435],[-60.6562314,-33.0305607],[-60.6561952,-33.0303319],[-60.6561042,-33.029909],[-60.655956,-33.0292393],[-60.6558937,-33.0290422],[-60.6557338,-33.028823],[-60.6554908,-33.02858],[-60.6553666,-33.028453],[-60.6552378,-33.0283249],[-60.6550329,-33.0281242],[-60.65483,-33.027908],[-60.6547419,-33.0277587],[-60.6546906,-33.0276145],[-60.6543065,-33.0259156],[-60.65419956,-33.02539892]]]},"geometry_name":"geom","properties":{"gid":2447,"rtn":"225s","typ":40,"rst":3,"hct":2,"fdc":"IDESF","sag":"IGN"},"bbox":[-60.6593407,-33.05113885,-60.65419956,-33.02539892]},{"type":"Feature","id":"vial_provincial.2448","geometry":{"type":"MultiLineString","coordinates":[[[-60.65890565,-33.05134228],[-60.65869366,-33.05113885]]]},"geometry_name":"geom","properties":{"gid":2448,"rtn":"225s","typ":40,"rst":3,"hct":2,"fdc":"IDESF","sag":"IGN"},"bbox":[-60.65890565,-33.05134228,-60.65869366,-33.05113885]},{"type":"Feature","id":"vial_provincial.2451","geometry":{"type":"MultiLineString","coordinates":[[[-60.67695788,-33.00813138],[-60.67691298,-33.00792383]]]},"geometry_name":"geom","properties":{"gid":2451,"rtn":"18","typ":40,"rst":1,"hct":2,"fdc":"IDESF","sag":"IGN"},"bbox":[-60.67695788,-33.00813138,-60.67691298,-33.00792383]},{"type":"Feature","id":"vial_provincial.2452","geometry":{"type":"MultiLineString","coordinates":[[[-60.67706492,-33.00806819],[-60.67701956,-33.00786147]]]},"geometry_name":"geom","properties":{"gid":2452,"rtn":"18","typ":40,"rst":1,"hct":2,"fdc":"IDESF","sag":"IGN"},"bbox":[-60.67706492,-33.00806819,-60.67701956,-33.00786147]},{"type":"Feature","id":"vial_provincial.2459","geometry":{"type":"MultiLineString","coordinates":[[[-60.7056655,-32.8503975],[-60.7057721,-32.8504311],[-60.70588143,-32.85046546]]]},"geometry_name":"geom","properties":{"gid":2459,"rtn":"34s","typ":40,"rst":3,"hct":2,"fdc":"IDESF","sag":"IGN"},"bbox":[-60.70588143,-32.85046546,-60.7056655,-32.8503975]},{"type":"Feature","id":"vial_provincial.2439","geometry":{"type":"MultiLineString","coordinates":[[[-60.6994193,-33.0880607],[-60.6995171,-33.0882631],[-60.6996031,-33.088495],[-60.6996899,-33.088816],[-60.6997752,-33.0891011],[-60.6999293,-33.0896163]]]},"geometry_name":"geom","properties":{"gid":2439,"rtn":"18","typ":40,"rst":1,"hct":2,"fdc":"IDESF","sag":"IGN"},"bbox":[-60.6999293,-33.0896163,-60.6994193,-33.0880607]},{"type":"Feature","id":"vial_provincial.2440","geometry":{"type":"MultiLineString","coordinates":[[[-60.6997952,-33.089615],[-60.6995765,-33.0888547],[-60.6994943,-33.0885438],[-60.6994524,-33.0882739],[-60.6994193,-33.0880607]]]},"geometry_name":"geom","properties":{"gid":2440,"rtn":"18","typ":40,"rst":1,"hct":2,"fdc":"IDESF","sag":"IGN"},"bbox":[-60.6997952,-33.089615,-60.6994193,-33.0880607]},{"type":"Feature","id":"vial_provincial.2441","geometry":{"type":"MultiLineString","coordinates":[[[-60.6999293,-33.0896163],[-60.6999489,-33.0896819]]]},"geometry_name":"geom","properties":{"gid":2441,"rtn":"18","typ":40,"rst":1,"hct":2,"fdc":"IDESF","sag":"IGN"},"bbox":[-60.6999489,-33.0896819,-60.6999293,-33.0896163]},{"type":"Feature","id":"vial_provincial.2442","geometry":{"type":"MultiLineString","coordinates":[[[-60.6998129,-33.0896763],[-60.6997952,-33.089615]]]},"geometry_name":"geom","properties":{"gid":2442,"rtn":"18","typ":40,"rst":1,"hct":2,"fdc":"IDESF","sag":"IGN"},"bbox":[-60.6998129,-33.0896763,-60.6997952,-33.089615]},{"type":"Feature","id":"vial_provincial.2446","geometry":{"type":"MultiLineString","coordinates":[[[-60.63490424,-33.08189034],[-60.63477265,-33.08164672]]]},"geometry_name":"geom","properties":{"gid":2446,"rtn":"25s","typ":40,"rst":1,"hct":2,"fdc":"IDESF","sag":"IGN"},"bbox":[-60.63490424,-33.08189034,-60.63477265,-33.08164672]},{"type":"Feature","id":"vial_provincial.1285","geometry":{"type":"MultiLineString","coordinates":[[[-60.63480434,-33.10357667],[-60.6346017,-33.1020868],[-60.6345968,-33.1018228],[-60.6349631,-33.098902],[-60.6349627,-33.0988112],[-60.6350769,-33.0963941],[-60.6351283,-33.0954574],[-60.6352366,-33.0934844],[-60.6352776,-33.0927372],[-60.6352943,-33.0924323],[-60.6353087,-33.0921695],[-60.6355275,-33.0880141],[-60.635524,-33.0875566]]]},"geometry_name":"geom","properties":{"gid":1285,"rtn":"25s","typ":40,"rst":1,"hct":2,"fdc":"IDESF","sag":"IGN"},"bbox":[-60.6355275,-33.10357667,-60.6345968,-33.0875566]},{"type":"Feature","id":"vial_provincial.1284","geometry":{"type":"MultiLineString","coordinates":[[[-60.6346032,-33.079942],[-60.6345577,-33.0796961],[-60.6345293,-33.0795319],[-60.6344745,-33.0793401],[-60.6344288,-33.0791172],[-60.634414,-33.0789116],[-60.6344626,-33.0778414],[-60.63451,-33.0764724],[-60.6345648,-33.0750011],[-60.634647,-33.0747739]]]},"geometry_name":"geom","properties":{"gid":1284,"rtn":"25s","typ":40,"rst":1,"hct":2,"fdc":"IDESF","sag":"IGN"},"bbox":[-60.634647,-33.079942,-60.634414,-33.0747739]},{"type":"Feature","id":"vial_provincial.1310","geometry":{"type":"MultiLineString","coordinates":[[[-60.6386836,-33.041957],[-60.6378988,-33.0453531],[-60.6378719,-33.0461425],[-60.6377419,-33.0505355],[-60.6377328,-33.0508058],[-60.6369241,-33.0562663],[-60.6360948,-33.0617275],[-60.6359161,-33.0632196],[-60.6355442,-33.0658116],[-60.6350653,-33.06845],[-60.634647,-33.0747159],[-60.634647,-33.0747739]]]},"geometry_name":"geom","properties":{"gid":1310,"rtn":"25s","typ":40,"rst":1,"hct":2,"fdc":"IDESF","sag":"IGN"},"bbox":[-60.6386836,-33.0747739,-60.634647,-33.041957]},{"type":"Feature","id":"vial_provincial.1311","geometry":{"type":"MultiLineString","coordinates":[[[-60.634647,-33.0747739],[-60.6346954,-33.0749268],[-60.6346476,-33.0764761],[-60.634598,-33.0778459],[-60.6345481,-33.0789049],[-60.634548,-33.0791215],[-60.6345799,-33.0793629],[-60.6346588,-33.079681],[-60.6346032,-33.079942]]]},"geometry_name":"geom","properties":{"gid":1311,"rtn":"25s","typ":40,"rst":1,"hct":2,"fdc":"IDESF","sag":"IGN"},"bbox":[-60.6346954,-33.079942,-60.634548,-33.0747739]},{"type":"Feature","id":"vial_provincial.2449","geometry":{"type":"MultiLineString","coordinates":[[[-60.63480984,-33.01574543],[-60.63472784,-33.01588399]]]},"geometry_name":"geom","properties":{"gid":2449,"rtn":"21","typ":40,"rst":1,"hct":2,"fdc":"IDESF","sag":"IGN"},"bbox":[-60.63480984,-33.01588399,-60.63472784,-33.01574543]},{"type":"Feature","id":"vial_provincial.2450","geometry":{"type":"MultiLineString","coordinates":[[[-60.63456388,-33.01587216],[-60.63462463,-33.01573504]]]},"geometry_name":"geom","properties":{"gid":2450,"rtn":"21","typ":40,"rst":1,"hct":2,"fdc":"IDESF","sag":"IGN"},"bbox":[-60.63462463,-33.01587216,-60.63456388,-33.01573504]},{"type":"Feature","id":"vial_provincial.2443","geometry":{"type":"MultiLineString","coordinates":[[[-60.6355175,-33.0874873],[-60.6354531,-33.0869214],[-60.6353561,-33.086134],[-60.6352597,-33.0853512],[-60.6351771,-33.084644],[-60.6350805,-33.0840844],[-60.6350529,-33.083795],[-60.6350666,-33.0834228],[-60.6351801,-33.0829632],[-60.6352125,-33.0826605],[-60.6351623,-33.0823502],[-60.6350162,-33.0820976],[-60.63490424,-33.08189034]]]},"geometry_name":"geom","properties":{"gid":2443,"rtn":"25s","typ":40,"rst":1,"hct":2,"fdc":"IDESF","sag":"IGN"},"bbox":[-60.6355175,-33.0874873,-60.63490424,-33.08189034]},{"type":"Feature","id":"vial_provincial.2444","geometry":{"type":"MultiLineString","coordinates":[[[-60.635524,-33.0875566],[-60.6355175,-33.0874873]]]},"geometry_name":"geom","properties":{"gid":2444,"rtn":"25s","typ":40,"rst":1,"hct":2,"fdc":"IDESF","sag":"IGN"},"bbox":[-60.635524,-33.0875566,-60.6355175,-33.0874873]},{"type":"Feature","id":"vial_provincial.2445","geometry":{"type":"MultiLineString","coordinates":[[[-60.63477265,-33.08164672],[-60.6346532,-33.0814256],[-60.6344723,-33.0810682],[-60.63444,-33.0808322],[-60.6344792,-33.080508],[-60.6345371,-33.0802558],[-60.6345799,-33.0800507],[-60.6346032,-33.079942]]]},"geometry_name":"geom","properties":{"gid":2445,"rtn":"25s","typ":40,"rst":1,"hct":2,"fdc":"IDESF","sag":"IGN"},"bbox":[-60.63477265,-33.08164672,-60.63444,-33.079942]},{"type":"Feature","id":"vial_provincial.1292","geometry":{"type":"MultiLineString","coordinates":[[[-60.63472784,-33.01588399],[-60.6346399,-33.0160326],[-60.6344474,-33.0162747],[-60.6342456,-33.016435],[-60.6339264,-33.0167716],[-60.633652,-33.0170608],[-60.6333657,-33.0173443],[-60.6332393,-33.0175069],[-60.6330214,-33.0176929],[-60.632396,-33.0183387],[-60.631476,-33.0192879],[-60.6305718,-33.0202147],[-60.6297187,-33.0210885],[-60.6288544,-33.0219926],[-60.6284953,-33.0223476],[-60.6278408,-33.023005],[-60.6274043,-33.0234014],[-60.6264319,-33.0242017],[-60.62631335,-33.02428955],[-60.6262808,-33.0243143],[-60.6259003,-33.0245969],[-60.6248296,-33.0254265],[-60.6247575,-33.0254825],[-60.6238505,-33.0261932],[-60.6229633,-33.0268994],[-60.6220851,-33.0275984],[-60.6218352,-33.0277913],[-60.621567,-33.0280254],[-60.6214092,-33.0282182]]]},"geometry_name":"geom","properties":{"gid":1292,"rtn":"21","typ":40,"rst":1,"hct":2,"fdc":"IDESF","sag":"IGN"},"bbox":[-60.63472784,-33.0282182,-60.6214092,-33.01588399]},{"type":"Feature","id":"vial_provincial.4994","geometry":{"type":"MultiLineString","coordinates":[[[-60.1642811,-32.6109717],[-60.1643733,-32.6109389]]]},"geometry_name":"geom","properties":{"gid":4994,"rtn":"11","typ":40,"rst":1,"hct":2,"fdc":"OpenStreetMap","sag":"IGN"},"bbox":[-60.1643733,-32.6109717,-60.1642811,-32.6109389]},{"type":"Feature","id":"vial_provincial.5050","geometry":{"type":"MultiLineString","coordinates":[[[-58.855359,-32.6978585],[-58.8551092,-32.6981686]]]},"geometry_name":"geom","properties":{"gid":5050,"rtn":"20","typ":40,"rst":1,"hct":2,"fdc":"OpenStreetMap","sag":"IGN"},"bbox":[-58.855359,-32.6981686,-58.8551092,-32.6978585]},{"type":"Feature","id":"vial_provincial.5089","geometry":{"type":"MultiLineString","coordinates":[[[-58.5210698,-33.0148951],[-58.5211681,-33.0148958]]]},"geometry_name":"geom","properties":{"gid":5089,"rtn":"16","typ":40,"rst":1,"hct":2,"fdc":"OpenStreetMap","sag":"IGN"},"bbox":[-58.5211681,-33.0148958,-58.5210698,-33.0148951]},{"type":"Feature","id":"vial_provincial.4998","geometry":{"type":"MultiLineString","coordinates":[[[-60.1649717,-32.6102398],[-60.1646201,-32.6110615]]]},"geometry_name":"geom","properties":{"gid":4998,"rtn":"11","typ":40,"rst":1,"hct":2,"fdc":"OpenStreetMap","sag":"IGN"},"bbox":[-60.1649717,-32.6110615,-60.1646201,-32.6102398]},{"type":"Feature","id":"vial_provincial.5092","geometry":{"type":"MultiLineString","coordinates":[[[-58.4750302,-33.017421],[-58.4750969,-33.0174054]]]},"geometry_name":"geom","properties":{"gid":5092,"rtn":"42","typ":40,"rst":1,"hct":2,"fdc":"OpenStreetMap","sag":"IGN"},"bbox":[-58.4750969,-33.017421,-58.4750302,-33.0174054]},{"type":"Feature","id":"vial_provincial.5094","geometry":{"type":"MultiLineString","coordinates":[[[-58.4750969,-33.0174054],[-58.4751177,-33.0174676]]]},"geometry_name":"geom","properties":{"gid":5094,"rtn":"42","typ":40,"rst":1,"hct":2,"fdc":"OpenStreetMap","sag":"IGN"},"bbox":[-58.4751177,-33.0174676,-58.4750969,-33.0174054]},{"type":"Feature","id":"vial_provincial.859","geometry":{"type":"MultiLineString","coordinates":[[[-60.60386947,-33.3093562],[-60.60272729,-33.31164056],[-60.60074758,-33.31567613],[-60.60213585,-33.31614128],[-60.60802818,-33.31822667],[-60.60828754,-33.3183385],[-60.60833246,-33.31836713]]]},"geometry_name":"geom","properties":{"gid":859,"rtn":"13s","typ":40,"rst":1,"hct":2,"fdc":"IDESF","sag":"IGN"},"bbox":[-60.60833246,-33.31836713,-60.60074758,-33.3093562]},{"type":"Feature","id":"vial_provincial.858","geometry":{"type":"MultiLineString","coordinates":[[[-60.60386947,-33.3093562],[-60.60479267,-33.30750982],[-60.60517338,-33.30675791],[-60.60521145,-33.30655803],[-60.60526856,-33.30611069],[-60.60539229,-33.30565384],[-60.61850026,-33.27883826],[-60.62221048,-33.27105616]]]},"geometry_name":"geom","properties":{"gid":858,"rtn":"13s","typ":40,"rst":2,"hct":2,"fdc":"IDESF","sag":"IGN"},"bbox":[-60.62221048,-33.3093562,-60.60386947,-33.27105616]},{"type":"Feature","id":"vial_provincial.804","geometry":{"type":"MultiLineString","coordinates":[[[-60.5699909,-33.18945497],[-60.5687746,-33.1887981],[-60.567489,-33.1879734],[-60.5534685,-33.1804976],[-60.5439562,-33.1754743],[-60.5404292,-33.1735757],[-60.5333318,-33.1697905],[-60.5325157,-33.1693577],[-60.5322015,-33.169191],[-60.5313915,-33.1687614],[-60.5310732,-33.1685926],[-60.53072,-33.1684052],[-60.53055071,-33.16831299]]]},"geometry_name":"geom","properties":{"gid":804,"rtn":"26","typ":40,"rst":2,"hct":2,"fdc":"IDESF","sag":"IGN"},"bbox":[-60.5699909,-33.18945497,-60.53055071,-33.16831299]},{"type":"Feature","id":"vial_provincial.801","geometry":{"type":"MultiLineString","coordinates":[[[-60.6217434,-33.2708164],[-60.6187126,-33.2691547],[-60.618099,-33.2630229],[-60.6177672,-33.2577822],[-60.6173265,-33.2508215],[-60.617584,-33.2449354],[-60.6172407,-33.2409155],[-60.6162965,-33.2386183],[-60.6159837,-33.2358208],[-60.6160797,-33.2344643],[-60.6174473,-33.228584],[-60.6175591,-33.2282929],[-60.6176698,-33.2278494],[-60.6173123,-33.2237559],[-60.6173264,-33.2233844],[-60.6174059,-33.2230267],[-60.621024,-33.2152991]]]},"geometry_name":"geom","properties":{"gid":801,"rtn":"25s","typ":40,"rst":3,"hct":2,"fdc":"IDESF","sag":"IGN"},"bbox":[-60.6217434,-33.2708164,-60.6159837,-33.2152991]},{"type":"Feature","id":"vial_provincial.861","geometry":{"type":"MultiLineString","coordinates":[[[-60.52827799,-33.16708533],[-60.5281266,-33.1670039],[-60.528001,-33.1669363],[-60.5267974,-33.1662889],[-60.5257441,-33.1657224],[-60.5255881,-33.165639],[-60.5247269,-33.1651789],[-60.524125,-33.1648754],[-60.5238522,-33.1647205],[-60.5234465,-33.1644902],[-60.5221971,-33.1638216],[-60.5211053,-33.1632361],[-60.5200153,-33.1626562],[-60.5189078,-33.1620612],[-60.5178537,-33.1614955],[-60.5167602,-33.1609087],[-60.5157134,-33.1603403],[-60.5150851,-33.1600051],[-60.5147107,-33.1598054],[-60.5143619,-33.1596193],[-60.5136113,-33.1592189],[-60.5139721,-33.1588901],[-60.5141194,-33.1587607],[-60.5147911,-33.1582197],[-60.5149562,-33.158079],[-60.5159539,-33.1572386],[-60.516958,-33.1563752],[-60.517944,-33.1555312],[-60.5189103,-33.1546892],[-60.5179066,-33.1538324],[-60.5169065,-33.1530105],[-60.5159117,-33.1521655],[-60.5150852,-33.1515124],[-60.5149213,-33.151385],[-60.5148782,-33.1513466],[-60.5146722,-33.151166],[-60.5145827,-33.151084],[-60.5138705,-33.1505154],[-60.5132066,-33.1499347],[-60.512213,-33.1490874],[-60.5112108,-33.1482628]]]},"geometry_name":"geom","properties":{"gid":861,"rtn":"26","typ":40,"rst":1,"hct":2,"fdc":"IDESF","sag":"IGN"},"bbox":[-60.52827799,-33.16708533,-60.5112108,-33.1482628]},{"type":"Feature","id":"vial_provincial.866","geometry":{"type":"MultiLineString","coordinates":[[[-60.6411117,-33.2284297],[-60.6380835,-33.2267623],[-60.63765736,-33.22619947],[-60.63856906,-33.22489304],[-60.63611399,-33.22353168],[-60.63440622,-33.22258471],[-60.6331948,-33.2219894],[-60.6319454,-33.2211654],[-60.621024,-33.2152991],[-60.6184074,-33.2138964],[-60.6175108,-33.2134815],[-60.6166506,-33.2132188],[-60.6159744,-33.2130746],[-60.6150649,-33.2129272],[-60.6138949,-33.2127452],[-60.6128032,-33.2124616],[-60.6116521,-33.2119966],[-60.5983088,-33.2047507],[-60.5944128,-33.2026442],[-60.5699909,-33.18945497]]]},"geometry_name":"geom","properties":{"gid":866,"rtn":"26","typ":40,"rst":3,"hct":2,"fdc":"IDESF","sag":"IGN"},"bbox":[-60.6411117,-33.2284297,-60.5699909,-33.18945497]},{"type":"Feature","id":"vial_provincial.885","geometry":{"type":"MultiLineString","coordinates":[[[-60.28296536,-33.2729566],[-60.28911345,-33.27849409],[-60.29095569,-33.28059379],[-60.29090138,-33.28114398],[-60.29507871,-33.28442103],[-60.30048554,-33.28933696],[-60.29625433,-33.29264094],[-60.29840111,-33.29468108],[-60.30065858,-33.29679106],[-60.30549009,-33.30155743],[-60.3135236,-33.30957003],[-60.31129262,-33.31116903],[-60.31013285,-33.31198252]]]},"geometry_name":"geom","properties":{"gid":885,"rtn":"10s","typ":40,"rst":2,"hct":2,"fdc":"IDESF","sag":"IGN"},"bbox":[-60.3135236,-33.31198252,-60.28296536,-33.2729566]},{"type":"Feature","id":"vial_provincial.938","geometry":{"type":"MultiLineString","coordinates":[[[-60.5693002,-33.085484],[-60.570487,-33.0855022],[-60.5719157,-33.0855379],[-60.5723771,-33.0855594],[-60.5725086,-33.0855976],[-60.5726615,-33.0856785],[-60.5728237,-33.0857752],[-60.5729485,-33.0858179],[-60.5731013,-33.0858549],[-60.5731818,-33.0858673],[-60.573273,-33.0858808],[-60.5734634,-33.0858965],[-60.5736539,-33.0858808],[-60.5737357,-33.0858651],[-60.5738135,-33.0858201],[-60.5739167,-33.0857224],[-60.5740106,-33.0856617],[-60.5741286,-33.0856268],[-60.5744505,-33.085646],[-60.5761951,-33.0857222],[-60.5802168,-33.0858615],[-60.5820921,-33.0858876],[-60.5839402,-33.08591],[-60.5844733,-33.0859164],[-60.5847311,-33.0859225],[-60.5851666,-33.0859249],[-60.5856099,-33.0859273],[-60.5872152,-33.0859763],[-60.5878394,-33.0860104],[-60.587986,-33.0860184],[-60.5891088,-33.0861056],[-60.5901573,-33.0861913],[-60.590218,-33.0861966],[-60.5904858,-33.0862296],[-60.5915067,-33.0863123],[-60.5924444,-33.0863767],[-60.5935156,-33.0864382],[-60.5947977,-33.0864718],[-60.5966459,-33.0864928],[-60.5986813,-33.086516],[-60.6027344,-33.0865482],[-60.6045637,-33.0866067],[-60.6062605,-33.0866683],[-60.6065853,-33.0866754],[-60.6140234,-33.0869606],[-60.6161973,-33.0870343],[-60.6171679,-33.0870672],[-60.6254356,-33.0873235],[-60.6258145,-33.0873187],[-60.626159,-33.0872637],[-60.6264724,-33.0871901],[-60.6267649,-33.0871524],[-60.6269857,-33.087146],[-60.62718842,-33.08716648],[-60.62740257,-33.08721169],[-60.62763338,-33.08729021],[-60.62786313,-33.08738129]]]},"geometry_name":"geom","properties":{"gid":938,"rtn":"16","typ":40,"rst":1,"hct":2,"fdc":"IDESF","sag":"IGN"},"bbox":[-60.62786313,-33.08738129,-60.5693002,-33.085484]},{"type":"Feature","id":"vial_provincial.944","geometry":{"type":"MultiLineString","coordinates":[[[-60.62221048,-33.27105616],[-60.6217434,-33.2708164],[-60.6211679,-33.272011],[-60.6210675,-33.2721038],[-60.620942,-33.2721289],[-60.6208073,-33.2720954],[-60.6092399,-33.2659177],[-60.6016167,-33.2618352],[-60.5995874,-33.2607484],[-60.5968331,-33.259286],[-60.5872241,-33.2541728],[-60.5796546,-33.2501269],[-60.5712125,-33.24564],[-60.5613583,-33.2404044],[-60.5593671,-33.2393452],[-60.5537312,-33.2363109],[-60.5535188,-33.2361845],[-60.5502726,-33.2344958],[-60.5486946,-33.233644],[-60.5486135,-33.2335806],[-60.5485721,-33.2335159],[-60.548551,-33.2334444],[-60.548572,-33.2333702],[-60.5486083,-33.2333208],[-60.5492001,-33.2326444],[-60.5493909,-33.2324126],[-60.5494187,-33.2323433],[-60.549414,-33.2322769],[-60.5493799,-33.2322146],[-60.5493211,-33.2321591],[-60.5406347,-33.2275569],[-60.5352077,-33.2246363],[-60.5349268,-33.2244741],[-60.5347357,-33.2243454],[-60.5346721,-33.2242806],[-60.5346192,-33.2242035],[-60.5345194,-33.2239791],[-60.5344844,-33.2239237],[-60.5344098,-33.2237951],[-60.5343313,-33.2236891],[-60.5342637,-33.2236098],[-60.5341124,-33.223493],[-60.5302588,-33.221418],[-60.5299373,-33.2212358],[-60.5211586,-33.2164874],[-60.5119309,-33.2114763],[-60.508801,-33.2097765],[-60.5020495,-33.2060746],[-60.5002018,-33.2050615],[-60.4992324,-33.20453],[-60.4979066,-33.2038226],[-60.4957486,-33.2026711]]]},"geometry_name":"geom","properties":{"gid":944,"rtn":"13s","typ":40,"rst":3,"hct":2,"fdc":"IDESF","sag":"IGN"},"bbox":[-60.62221048,-33.2721289,-60.4957486,-33.2026711]},{"type":"Feature","id":"vial_provincial.972","geometry":{"type":"MultiLineString","coordinates":[[[-60.621024,-33.2152991],[-60.6211904,-33.214778],[-60.6232894,-33.2062618],[-60.6242894,-33.2021094],[-60.6244758,-33.2015078],[-60.6247809,-33.2010332],[-60.6284757,-33.1961181],[-60.6292977,-33.1950503],[-60.6298986,-33.1946227],[-60.6299589,-33.1945586],[-60.6300279,-33.1944677],[-60.6300602,-33.1944242],[-60.6301287,-33.1942753],[-60.6302214,-33.1940334],[-60.6302892,-33.1933555],[-60.6303655,-33.1897624],[-60.630547,-33.1832111],[-60.6305563,-33.1828747],[-60.6307512,-33.1761885],[-60.6308698,-33.1722564],[-60.6309998,-33.1685161],[-60.6310103,-33.16816],[-60.6310765,-33.1649432],[-60.6313537,-33.1549057],[-60.6313808,-33.1540371],[-60.6316241,-33.1455717],[-60.6316815,-33.1440437],[-60.6317377,-33.1410144],[-60.6317416,-33.1394456],[-60.6317626,-33.1377449],[-60.6320563,-33.1356017],[-60.6325927,-33.1315812],[-60.6332539,-33.1265801],[-60.6334698,-33.1252064],[-60.6341825,-33.1214326],[-60.6346453,-33.1192817],[-60.6348953,-33.1184071],[-60.63597,-33.1162985],[-60.6360342,-33.115922],[-60.6357983,-33.112446],[-60.6357877,-33.1120346],[-60.6357834,-33.1118701],[-60.6357281,-33.1109517],[-60.63548,-33.1085444],[-60.63480434,-33.10357667]]]},"geometry_name":"geom","properties":{"gid":972,"rtn":"25s","typ":40,"rst":3,"hct":2,"fdc":"IDESF","sag":"IGN"},"bbox":[-60.6360342,-33.2152991,-60.621024,-33.10357667]},{"type":"Feature","id":"vial_provincial.1254","geometry":{"type":"MultiLineString","coordinates":[[[-60.471614,-33.1896607],[-60.47052635,-33.18886488]]]},"geometry_name":"geom","properties":{"gid":1254,"rtn":"13s","typ":40,"rst":2,"hct":2,"fdc":"IDESF","sag":"IGN"},"bbox":[-60.471614,-33.1896607,-60.47052635,-33.18886488]},{"type":"Feature","id":"vial_provincial.1255","geometry":{"type":"MultiLineString","coordinates":[[[-60.471614,-33.1896607],[-60.4717776,-33.1896999],[-60.4728111,-33.1902598],[-60.4738362,-33.1908106],[-60.4748709,-33.1913689],[-60.4758988,-33.1919234],[-60.4760752,-33.1920186]]]},"geometry_name":"geom","properties":{"gid":1255,"rtn":"13s","typ":40,"rst":2,"hct":2,"fdc":"IDESF","sag":"IGN"},"bbox":[-60.4760752,-33.1920186,-60.471614,-33.1896607]},{"type":"Feature","id":"vial_provincial.1266","geometry":{"type":"MultiLineString","coordinates":[[[-60.3432888,-33.2317096],[-60.3438993,-33.2318373],[-60.3443168,-33.2319511],[-60.3446879,-33.2320896],[-60.3450219,-33.2322401],[-60.3453693,-33.2322975]]]},"geometry_name":"geom","properties":{"gid":1266,"rtn":"21","typ":40,"rst":1,"hct":2,"fdc":"IDESF","sag":"IGN"},"bbox":[-60.3453693,-33.2322975,-60.3432888,-33.2317096]},{"type":"Feature","id":"vial_provincial.1260","geometry":{"type":"MultiLineString","coordinates":[[[-60.4760752,-33.1920186],[-60.4758352,-33.1919855],[-60.4748161,-33.191428],[-60.4737839,-33.1908633],[-60.4727496,-33.1903041],[-60.4717307,-33.18974],[-60.471614,-33.1896607]]]},"geometry_name":"geom","properties":{"gid":1260,"rtn":"13s","typ":40,"rst":2,"hct":2,"fdc":"IDESF","sag":"IGN"},"bbox":[-60.4760752,-33.1920186,-60.471614,-33.1896607]},{"type":"Feature","id":"vial_provincial.1261","geometry":{"type":"MultiLineString","coordinates":[[[-60.49387428,-33.20166981],[-60.4936991,-33.2015759],[-60.4933781,-33.2014124],[-60.4930719,-33.2012181],[-60.4926773,-33.2010045],[-60.4924257,-33.2008684],[-60.4913833,-33.2003042],[-60.4770374,-33.192522],[-60.4760752,-33.1920186]]]},"geometry_name":"geom","properties":{"gid":1261,"rtn":"13s","typ":40,"rst":2,"hct":2,"fdc":"IDESF","sag":"IGN"},"bbox":[-60.49387428,-33.20166981,-60.4760752,-33.1920186]},{"type":"Feature","id":"vial_provincial.1268","geometry":{"type":"MultiLineString","coordinates":[[[-60.6090966,-33.0438357],[-60.6084833,-33.0445687],[-60.6057516,-33.0478901],[-60.6007988,-33.05394],[-60.6007323,-33.0540111],[-60.5994044,-33.0556224],[-60.598614,-33.0565814],[-60.5983836,-33.056861],[-60.5980041,-33.0573212],[-60.5970786,-33.0584434],[-60.5966365,-33.058984],[-60.5962208,-33.0594086],[-60.5955908,-33.0599801],[-60.5930594,-33.0618898],[-60.5908302,-33.0635717],[-60.5901995,-33.0640312],[-60.589617,-33.0644688],[-60.5888032,-33.065153],[-60.5880988,-33.0657795],[-60.587404,-33.0663104],[-60.5871578,-33.0665134],[-60.5855003,-33.0676311],[-60.5845594,-33.0682643],[-60.5837369,-33.0688611],[-60.582432,-33.0698546],[-60.5819449,-33.0701912],[-60.580649,-33.0711745],[-60.5800894,-33.0715986],[-60.5791409,-33.072304],[-60.5789878,-33.0724281],[-60.578892,-33.0725324],[-60.578845,-33.0725844],[-60.578666,-33.0728137],[-60.5780787,-33.0738091],[-60.5774971,-33.0748265],[-60.5770521,-33.0756214],[-60.5768478,-33.0759863],[-60.5767763,-33.0761139],[-60.576625,-33.0763842],[-60.5761314,-33.0771392],[-60.575548,-33.0778674],[-60.5745505,-33.0790546],[-60.5745118,-33.0791022],[-60.5737922,-33.079987],[-60.5735418,-33.0802949],[-60.5725478,-33.0815171],[-60.5717766,-33.0824939],[-60.5716912,-33.082596],[-60.5708761,-33.0836031],[-60.570517,-33.084032],[-60.5699859,-33.0846665],[-60.5693002,-33.085484],[-60.5686049,-33.0863458],[-60.567964,-33.0871201],[-60.5677583,-33.0873609],[-60.567491,-33.0876717],[-60.5673583,-33.0878426],[-60.566852,-33.0884664],[-60.5659586,-33.0895351],[-60.564109,-33.091663],[-60.5637697,-33.0920385],[-60.5637163,-33.0920976],[-60.5630129,-33.0928867],[-60.5609656,-33.0952091],[-60.5599186,-33.0964392],[-60.5586236,-33.0979086],[-60.5571939,-33.0995332],[-60.5570028,-33.0997467],[-60.5558603,-33.1010228],[-60.5554355,-33.1015018],[-60.5550846,-33.1018974],[-60.5538519,-33.1032872],[-60.5529585,-33.1042944],[-60.5524745,-33.1048401],[-60.5508315,-33.1066879],[-60.5504303,-33.1071364],[-60.5502361,-33.1073535],[-60.54925,-33.1085437],[-60.5487222,-33.1091381],[-60.5481757,-33.1097449],[-60.5479564,-33.1099772],[-60.5478531,-33.1100809],[-60.5471324,-33.1107432],[-60.5463257,-33.1114637],[-60.5447955,-33.1128354],[-60.5444993,-33.1130993],[-60.5443949,-33.1131918],[-60.5435125,-33.1139881],[-60.5430041,-33.1144388],[-60.5419857,-33.115342],[-60.5403411,-33.1168239],[-60.5390809,-33.1179533],[-60.5382337,-33.11870265],[-60.538178,-33.1187547],[-60.5378927,-33.1190101],[-60.5363972,-33.1203284],[-60.5349976,-33.1215996],[-60.5343166,-33.1222034],[-60.5341948,-33.1223094],[-60.5340763,-33.1224126],[-60.5330181,-33.123334],[-60.5327655,-33.1235678],[-60.532614,-33.1237082],[-60.5320114,-33.124266],[-60.5305222,-33.1255658],[-60.5303801,-33.1256977],[-60.5302976,-33.1257883],[-60.5301258,-33.1259791],[-60.529172,-33.127053],[-60.5282764,-33.1280369],[-60.5269187,-33.1296684],[-60.5262418,-33.1304297],[-60.525765,-33.1309263],[-60.5255479,-33.1311227],[-60.5232632,-33.1332491],[-60.5215018,-33.1348628],[-60.5212291,-33.1351127],[-60.5209399,-33.1354077],[-60.5196951,-33.1364772],[-60.5188322,-33.1371963],[-60.517502,-33.1383467],[-60.5164976,-33.1392075],[-60.5162743,-33.1394239],[-60.5161486,-33.1395456],[-60.515942,-33.1397869],[-60.5157331,-33.1400635],[-60.5155599,-33.1403227],[-60.5153987,-33.1406454],[-60.5151684,-33.1412229],[-60.514994,-33.1416628],[-60.514538,-33.1428717],[-60.5144556,-33.1431181],[-60.5139336,-33.1444303],[-60.5137329,-33.1449572],[-60.5134711,-33.1456097],[-60.5130526,-33.1464403],[-60.5128121,-33.1467858],[-60.5125927,-33.1469814],[-60.5121834,-33.1473847],[-60.5112108,-33.1482628],[-60.5101966,-33.1490951],[-60.5092253,-33.1499429],[-60.5086864,-33.1504159],[-60.5082814,-33.1508184],[-60.5073283,-33.151544],[-60.5072072,-33.15165],[-60.5062241,-33.1524803],[-60.5055472,-33.1530986],[-60.5052392,-33.1533546],[-60.5048991,-33.1536449],[-60.5042456,-33.1542359],[-60.5032379,-33.1550699],[-60.5022584,-33.1559076],[-60.5012588,-33.1567642],[-60.500276,-33.1575958],[-60.5000809,-33.1578053],[-60.4999023,-33.1580273],[-60.4997912,-33.1582275],[-60.4996868,-33.1584586],[-60.4996085,-33.1586996],[-60.499566,-33.1589037],[-60.4995426,-33.1591375],[-60.4995467,-33.1593051],[-60.4996061,-33.159669],[-60.4997845,-33.1602264],[-60.5000801,-33.1611994],[-60.5001412,-33.1613686],[-60.5002804,-33.1617978],[-60.5003528,-33.1620856],[-60.5003625,-33.1621726],[-60.5003749,-33.1624178],[-60.5003552,-33.1626539],[-60.5002968,-33.1629595],[-60.5002078,-33.1632359],[-60.5000809,-33.1634794],[-60.4999323,-33.1637033],[-60.4997088,-33.1639459],[-60.4993674,-33.1642563],[-60.4982104,-33.165225],[-60.4969215,-33.1663275],[-60.49643685,-33.1667453],[-60.4957297,-33.1673125],[-60.4937909,-33.1689846],[-60.493455,-33.1692873],[-60.4933388,-33.1693917],[-60.4928637,-33.1698197],[-60.4908892,-33.1714792],[-60.488846,-33.1732243],[-60.4827023,-33.1784782],[-60.4781168,-33.1823913],[-60.4752625,-33.1847945],[-60.4741166,-33.1857602],[-60.47052635,-33.18886488],[-60.4704884,-33.1888977],[-60.4701338,-33.1891938],[-60.4692862,-33.1895978],[-60.4691125,-33.1896932],[-60.4689429,-33.1898043],[-60.4682213,-33.1904109],[-60.4673138,-33.1911737],[-60.466311,-33.1920166],[-60.4654415,-33.1927474],[-60.4651067,-33.1930289],[-60.4645481,-33.1934984],[-60.463605,-33.1942911],[-60.4627116,-33.195042],[-60.4621857,-33.195484],[-60.4616795,-33.1959095],[-60.4614175,-33.1962279],[-60.4607783,-33.1970048],[-60.4593736,-33.1982041],[-60.4372351,-33.2171045],[-60.4366829,-33.2175759],[-60.4307488,-33.2226413],[-60.4297295,-33.223467],[-60.4285514,-33.2244429],[-60.4279071,-33.2249766],[-60.4264251,-33.2262043],[-60.4254273,-33.2270749],[-60.4230175,-33.2291325],[-60.4217795,-33.2301442],[-60.4205242,-33.2312839],[-60.4170855,-33.2342572],[-60.4108442,-33.2395836],[-60.4104176,-33.2399258],[-60.4094338,-33.2405798],[-60.40915,-33.2407754],[-60.4087406,-33.2410849],[-60.4079428,-33.2417473],[-60.4067564,-33.2427636],[-60.4060768,-33.2433541],[-60.4054672,-33.2438612],[-60.4051003,-33.2441524],[-60.4038655,-33.2452308],[-60.4031287,-33.2458629],[-60.4015888,-33.2471548],[-60.4013482,-33.2473374],[-60.3977706,-33.2498857],[-60.3952916,-33.2516387],[-60.39314,-33.2531709],[-60.3922522,-33.2538031],[-60.390948,-33.2547318],[-60.3895924,-33.2556971],[-60.3880066,-33.2568263],[-60.3873206,-33.2573194],[-60.3866366,-33.2578142],[-60.3859172,-33.258286],[-60.3856531,-33.2584376],[-60.385124,-33.2586589],[-60.3848519,-33.2587475],[-60.3845309,-33.2588223],[-60.3838959,-33.2589025],[-60.3831806,-33.2588712],[-60.3825441,-33.2587858],[-60.3821385,-33.2586638],[-60.3817325,-33.2584994],[-60.3812793,-33.2582728],[-60.3809073,-33.2580214],[-60.3807273,-33.2578999],[-60.3806337,-33.2578686],[-60.3805556,-33.2578675],[-60.3804715,-33.2578772],[-60.3803833,-33.2579112],[-60.3801379,-33.2580592],[-60.3799429,-33.2578742],[-60.3792483,-33.2572101],[-60.3781058,-33.2561311],[-60.3771114,-33.2551926],[-60.376103,-33.2542333],[-60.3741556,-33.2523658],[-60.3721551,-33.250486],[-60.3708596,-33.2492686],[-60.3701618,-33.2486129],[-60.369316,-33.2478125],[-60.365866,-33.2445477],[-60.3648673,-33.2436027],[-60.3639391,-33.2427242],[-60.3638282,-33.2426205],[-60.3631473,-33.2420336],[-60.355687,-33.2364422],[-60.3555597,-33.2363468],[-60.3542829,-33.2353877],[-60.3531576,-33.2345424],[-60.351044,-33.2329548],[-60.3500973,-33.2322504],[-60.3497792,-33.2321229],[-60.3494473,-33.2320791],[-60.3490313,-33.2320587],[-60.348639,-33.2320843],[-60.3471077,-33.2321843],[-60.3470026,-33.2321894],[-60.3462742,-33.2322376],[-60.3453693,-33.2322975]]]},"geometry_name":"geom","properties":{"gid":1268,"rtn":"21","typ":40,"rst":1,"hct":2,"fdc":"IDESF","sag":"IGN"},"bbox":[-60.6090966,-33.2589025,-60.3453693,-33.0438357]},{"type":"Feature","id":"vial_provincial.1269","geometry":{"type":"MultiLineString","coordinates":[[[-60.3432888,-33.2317096],[-60.3425441,-33.2311502],[-60.3408652,-33.2298917],[-60.3400365,-33.2292745],[-60.3392034,-33.2286555],[-60.3383596,-33.2280625],[-60.3375632,-33.2274727],[-60.3367568,-33.2268755],[-60.3359237,-33.2262624],[-60.3350965,-33.2256492],[-60.3342866,-33.2250398],[-60.3337394,-33.2246273],[-60.3334741,-33.2244365],[-60.3327201,-33.2251427],[-60.3320128,-33.2258055],[-60.3313064,-33.2264884],[-60.3306205,-33.227162],[-60.3298751,-33.2278594],[-60.3291608,-33.228547],[-60.3284604,-33.2292113],[-60.3277385,-33.2299142],[-60.3269896,-33.2306212],[-60.3262843,-33.2312858],[-60.3255823,-33.2319539],[-60.3248923,-33.2326183],[-60.324693,-33.2328041],[-60.3246125,-33.2328792],[-60.324165,-33.2333084],[-60.3240515,-33.2334279],[-60.3231096,-33.2343331],[-60.3227332,-33.2346784],[-60.3219613,-33.2354404],[-60.3212022,-33.236166],[-60.3205845,-33.236735],[-60.3204046,-33.2369037],[-60.3200961,-33.2371931],[-60.3196261,-33.2376385],[-60.3191011,-33.2381501],[-60.3186706,-33.2386564],[-60.3182483,-33.2392375],[-60.317837,-33.2397694],[-60.3169258,-33.2407288],[-60.3164372,-33.2412238],[-60.3159526,-33.2417148],[-60.3154551,-33.2421892],[-60.3149406,-33.2426943],[-60.3139119,-33.2437344],[-60.3131445,-33.2444983],[-60.3123775,-33.2452649],[-60.3106736,-33.2469986],[-60.310348,-33.2473298],[-60.3096928,-33.2479822],[-60.309021,-33.2486786],[-60.3080768,-33.2496853],[-60.307503,-33.2505936],[-60.3070332,-33.2521109],[-60.3069451,-33.2524113],[-60.3069047,-33.2525491],[-60.3063886,-33.2541628],[-60.3063432,-33.2542741],[-60.3060238,-33.2548264],[-60.3055671,-33.2554008],[-60.3055104,-33.2554616],[-60.3044728,-33.2563284],[-60.3039288,-33.2567537],[-60.3034632,-33.2571178],[-60.3032833,-33.2572584],[-60.3020869,-33.2581816],[-60.3008925,-33.2590964],[-60.2979115,-33.2614478],[-60.2953461,-33.2633885],[-60.2945113,-33.264027],[-60.293764,-33.2646112],[-60.2839627,-33.272184],[-60.2830056,-33.2729235],[-60.28296536,-33.2729566],[-60.2759939,-33.2783439],[-60.2756813,-33.2786092],[-60.2753346,-33.2789621],[-60.2751304,-33.2791836],[-60.2748995,-33.2795549],[-60.2747878,-33.2797662],[-60.2746605,-33.2801044],[-60.2745762,-33.2803808],[-60.2741337,-33.2829846],[-60.2741028,-33.2831735],[-60.2739388,-33.2840486],[-60.2738377,-33.2844907],[-60.273604,-33.2850691],[-60.273293,-33.2856316],[-60.2726392,-33.2865325],[-60.2716353,-33.287814],[-60.27115912,-33.28834923]]]},"geometry_name":"geom","properties":{"gid":1269,"rtn":"21","typ":40,"rst":1,"hct":2,"fdc":"IDESF","sag":"IGN"},"bbox":[-60.3432888,-33.28834923,-60.27115912,-33.2244365]},{"type":"Feature","id":"vial_provincial.1290","geometry":{"type":"MultiLineString","coordinates":[[[-60.6212792,-33.0281111],[-60.6213135,-33.0281129],[-60.6213458,-33.0281227],[-60.6213734,-33.0281397],[-60.6213942,-33.0281626],[-60.6214065,-33.0281895],[-60.6214092,-33.0282182]]]},"geometry_name":"geom","properties":{"gid":1290,"rtn":"21","typ":40,"rst":1,"hct":2,"fdc":"IDESF","sag":"IGN"},"bbox":[-60.6214092,-33.0282182,-60.6212792,-33.0281111]},{"type":"Feature","id":"vial_provincial.1291","geometry":{"type":"MultiLineString","coordinates":[[[-60.6214092,-33.0282182],[-60.6213895,-33.0282675],[-60.6213432,-33.028302]]]},"geometry_name":"geom","properties":{"gid":1291,"rtn":"21","typ":40,"rst":1,"hct":2,"fdc":"IDESF","sag":"IGN"},"bbox":[-60.6214092,-33.028302,-60.6213432,-33.0282182]},{"type":"Feature","id":"vial_provincial.1293","geometry":{"type":"MultiLineString","coordinates":[[[-60.6212792,-33.0281111],[-60.6213797,-33.0280624],[-60.6214779,-33.0280002],[-60.6217771,-33.027738],[-60.622025,-33.0275467],[-60.6229108,-33.0268403],[-60.6237904,-33.0261389],[-60.6246197,-33.0254986],[-60.6247036,-33.0254338],[-60.6254896,-33.0248266],[-60.625854,-33.024545],[-60.6262199,-33.0242495],[-60.6262568,-33.0242225],[-60.6263609,-33.0241463],[-60.6268105,-33.0237836],[-60.6275616,-33.0231553],[-60.6277365,-33.0229983],[-60.6284172,-33.0223182],[-60.6296326,-33.0210856],[-60.6304572,-33.0202109],[-60.6313783,-33.0192827],[-60.6322937,-33.0183346],[-60.6329222,-33.0176906],[-60.6331248,-33.0175004],[-60.6338203,-33.0167051],[-60.6342429,-33.0162586],[-60.6344258,-33.016075],[-60.63456388,-33.01587216]]]},"geometry_name":"geom","properties":{"gid":1293,"rtn":"21","typ":40,"rst":1,"hct":2,"fdc":"IDESF","sag":"IGN"},"bbox":[-60.63456388,-33.0281111,-60.6212792,-33.01587216]},{"type":"Feature","id":"vial_provincial.1294","geometry":{"type":"MultiLineString","coordinates":[[[-60.6213432,-33.028302],[-60.6212617,-33.028375],[-60.6211851,-33.0284409],[-60.6210522,-33.0286048],[-60.62093,-33.0287696],[-60.6208744,-33.0288445],[-60.6206132,-33.029152],[-60.6205207,-33.0292817],[-60.6204091,-33.0294242],[-60.6201867,-33.0297084],[-60.6201006,-33.0298184],[-60.6196855,-33.0303488],[-60.6196058,-33.0304507],[-60.6195071,-33.0305768],[-60.6192122,-33.0309537],[-60.6191546,-33.0310272],[-60.6189778,-33.0312532],[-60.6187416,-33.031555],[-60.6186775,-33.0316369],[-60.6185239,-33.0318363],[-60.6184569,-33.0319243],[-60.6183502,-33.0321023],[-60.6182081,-33.0322462],[-60.6180127,-33.0324893],[-60.6178929,-33.0326414],[-60.6177341,-33.0328432],[-60.6174272,-33.0332395],[-60.6170264,-33.0337611],[-60.6167718,-33.0340924],[-60.6163507,-33.0346456],[-60.6158296,-33.0352994],[-60.6157157,-33.0354424],[-60.6156301,-33.0355537],[-60.6152572,-33.0360386],[-60.6151576,-33.0361681],[-60.6148222,-33.0366013],[-60.6147187,-33.036735],[-60.6144413,-33.0370929],[-60.6143277,-33.0372394],[-60.6142208,-33.037378],[-60.6139894,-33.0376777],[-60.6139114,-33.0377787],[-60.6136717,-33.0380891],[-60.6136015,-33.0381801],[-60.6132725,-33.0386058],[-60.6131768,-33.038728],[-60.6130488,-33.0388915],[-60.6125033,-33.0395782],[-60.6124011,-33.0397059],[-60.6120479,-33.0401511],[-60.6119838,-33.0402354],[-60.6118385,-33.0404263],[-60.6116195,-33.0407244],[-60.6114422,-33.0409599],[-60.611144,-33.0414054],[-60.6109313,-33.0417092],[-60.6104169,-33.0423539],[-60.6101736,-33.0426385],[-60.610057,-33.0427772],[-60.6098755,-33.0429931],[-60.6093112,-33.0436777],[-60.6090966,-33.0438357]]]},"geometry_name":"geom","properties":{"gid":1294,"rtn":"21","typ":40,"rst":1,"hct":2,"fdc":"IDESF","sag":"IGN"},"bbox":[-60.6213432,-33.0438357,-60.6090966,-33.028302]},{"type":"Feature","id":"vial_provincial.1295","geometry":{"type":"MultiLineString","coordinates":[[[-60.6090966,-33.0438357],[-60.6092119,-33.0436597],[-60.6097429,-33.0429977],[-60.6102435,-33.0423488],[-60.6108185,-33.0416746],[-60.6110934,-33.0413152],[-60.6113671,-33.040924],[-60.6115452,-33.040694],[-60.6117656,-33.0403923],[-60.611906,-33.040209],[-60.6119807,-33.0401114],[-60.6124411,-33.0395404],[-60.6125302,-33.03943],[-60.612977,-33.0388491],[-60.613085,-33.0387086],[-60.6131896,-33.0385737],[-60.6135926,-33.0380546],[-60.6139089,-33.0376506],[-60.6141522,-33.0373399],[-60.6142626,-33.0371989],[-60.6143726,-33.0370582],[-60.6147511,-33.0365743],[-60.6150886,-33.036143],[-60.6152002,-33.0359949],[-60.6152549,-33.0359223],[-60.6155559,-33.0355227],[-60.615617,-33.0354415],[-60.6157592,-33.0352608],[-60.6166086,-33.0341706],[-60.6166965,-33.0340578],[-60.6172022,-33.0333975],[-60.6173283,-33.0332041],[-60.6174678,-33.0330512],[-60.6176511,-33.0328082],[-60.6177821,-33.0326403],[-60.6178986,-33.0324877],[-60.618446,-33.0317945],[-60.6185648,-33.0316457],[-60.6186668,-33.0315154],[-60.6190573,-33.0310209],[-60.6191329,-33.0309252],[-60.6194246,-33.030553],[-60.6195225,-33.0304282],[-60.6196134,-33.03031],[-60.6200266,-33.0297726],[-60.6201137,-33.0296578],[-60.6203205,-33.0293852],[-60.6204105,-33.0292667],[-60.6205223,-33.0291255],[-60.6207922,-33.0287952],[-60.6208566,-33.0287168],[-60.6209651,-33.0285818],[-60.6210571,-33.0284616],[-60.6210981,-33.0283988],[-60.6211451,-33.0283233],[-60.6211709,-33.028232]]]},"geometry_name":"geom","properties":{"gid":1295,"rtn":"21","typ":40,"rst":1,"hct":2,"fdc":"IDESF","sag":"IGN"},"bbox":[-60.6211709,-33.0438357,-60.6090966,-33.028232]},{"type":"Feature","id":"vial_provincial.1296","geometry":{"type":"MultiLineString","coordinates":[[[-60.6211709,-33.028232],[-60.62117217,-33.0281907],[-60.6211917,-33.0281522],[-60.6212157,-33.0281316],[-60.6212457,-33.0281175],[-60.6212792,-33.0281111]]]},"geometry_name":"geom","properties":{"gid":1296,"rtn":"21","typ":40,"rst":1,"hct":2,"fdc":"IDESF","sag":"IGN"},"bbox":[-60.6212792,-33.028232,-60.6211709,-33.0281111]},{"type":"Feature","id":"vial_provincial.1297","geometry":{"type":"MultiLineString","coordinates":[[[-60.6213432,-33.028302],[-60.6212899,-33.0283128],[-60.6212364,-33.0283027],[-60.6211938,-33.0282738],[-60.6211709,-33.028232]]]},"geometry_name":"geom","properties":{"gid":1297,"rtn":"21","typ":40,"rst":1,"hct":2,"fdc":"IDESF","sag":"IGN"},"bbox":[-60.6213432,-33.0283128,-60.6211709,-33.028232]},{"type":"Feature","id":"vial_provincial.4937","geometry":{"type":"MultiLineString","coordinates":[[[-58.9986042,-31.8876994],[-58.9998517,-31.8873542],[-59.0001307,-31.8872825],[-59.0007275,-31.887129]]]},"geometry_name":"geom","properties":{"gid":4937,"rtn":"20","typ":40,"rst":1,"hct":2,"fdc":"OpenStreetMap","sag":"IGN"},"bbox":[-59.0007275,-31.8876994,-58.9986042,-31.887129]},{"type":"Feature","id":"vial_provincial.4985","geometry":{"type":"MultiLineString","coordinates":[[[-60.1322589,-32.6208566],[-60.1323651,-32.6208014],[-60.1324979,-32.620716],[-60.1326639,-32.620608]]]},"geometry_name":"geom","properties":{"gid":4985,"rtn":"11","typ":40,"rst":1,"hct":2,"fdc":"OpenStreetMap","sag":"IGN"},"bbox":[-60.1326639,-32.6208566,-60.1322589,-32.620608]},{"type":"Feature","id":"vial_provincial.4986","geometry":{"type":"MultiLineString","coordinates":[[[-60.1326639,-32.620608],[-60.132518,-32.6207984],[-60.1324601,-32.6208972],[-60.1324339,-32.6210038]]]},"geometry_name":"geom","properties":{"gid":4986,"rtn":"11","typ":40,"rst":1,"hct":2,"fdc":"OpenStreetMap","sag":"IGN"},"bbox":[-60.1326639,-32.6210038,-60.1324339,-32.620608]},{"type":"Feature","id":"vial_provincial.2435","geometry":{"type":"MultiLineString","coordinates":[[[-60.4957486,-33.2026711],[-60.4950284,-33.2023134],[-60.4946881,-33.2021111],[-60.4943585,-33.2019294],[-60.49417608,-33.20183161]]]},"geometry_name":"geom","properties":{"gid":2435,"rtn":"13s","typ":40,"rst":2,"hct":2,"fdc":"IDESF","sag":"IGN"},"bbox":[-60.4957486,-33.2026711,-60.49417608,-33.20183161]},{"type":"Feature","id":"vial_provincial.2436","geometry":{"type":"MultiLineString","coordinates":[[[-60.49417608,-33.20183161],[-60.49387428,-33.20166981]]]},"geometry_name":"geom","properties":{"gid":2436,"rtn":"13s","typ":40,"rst":2,"hct":2,"fdc":"IDESF","sag":"IGN"},"bbox":[-60.49417608,-33.20183161,-60.49387428,-33.20166981]},{"type":"Feature","id":"vial_provincial.2437","geometry":{"type":"MultiLineString","coordinates":[[[-60.5302713,-33.16816081],[-60.530044,-33.168037],[-60.5297986,-33.1679053],[-60.5294065,-33.1676923],[-60.528478,-33.1671929],[-60.52827799,-33.16708533]]]},"geometry_name":"geom","properties":{"gid":2437,"rtn":"26","typ":40,"rst":2,"hct":2,"fdc":"IDESF","sag":"IGN"},"bbox":[-60.5302713,-33.16816081,-60.52827799,-33.16708533]},{"type":"Feature","id":"vial_provincial.2438","geometry":{"type":"MultiLineString","coordinates":[[[-60.53055071,-33.16831299],[-60.5302713,-33.16816081]]]},"geometry_name":"geom","properties":{"gid":2438,"rtn":"26","typ":40,"rst":2,"hct":2,"fdc":"IDESF","sag":"IGN"},"bbox":[-60.53055071,-33.16831299,-60.5302713,-33.16816081]},{"type":"Feature","id":"vial_provincial.4951","geometry":{"type":"MultiLineString","coordinates":[[[-59.0271768,-31.8464689],[-59.0272106,-31.8473622],[-59.0272226,-31.8483033],[-59.0272365,-31.8492611],[-59.0272586,-31.8502462],[-59.0272962,-31.851562],[-59.0272948,-31.8521635],[-59.0273019,-31.8531005],[-59.0273175,-31.8540252]]]},"geometry_name":"geom","properties":{"gid":4951,"rtn":"20","typ":40,"rst":1,"hct":2,"fdc":"OpenStreetMap","sag":"IGN"},"bbox":[-59.0273175,-31.8540252,-59.0271768,-31.8464689]},{"type":"Feature","id":"vial_provincial.4833","geometry":{"type":"MultiLineString","coordinates":[[[-60.0535598,-32.660311],[-60.053674,-32.660157],[-60.053712,-32.660029],[-60.0537496,-32.6598399]]]},"geometry_name":"geom","properties":{"gid":4833,"rtn":"9","typ":40,"rst":1,"hct":2,"fdc":"OpenStreetMap","sag":"IGN"},"bbox":[-60.0537496,-32.660311,-60.0535598,-32.6598399]},{"type":"Feature","id":"vial_provincial.4938","geometry":{"type":"MultiLineString","coordinates":[[[-59.0007275,-31.887129],[-59.0000425,-31.8874238],[-58.9995422,-31.8876077],[-58.9993403,-31.8876685],[-58.9990431,-31.887779],[-58.9987949,-31.8880104]]]},"geometry_name":"geom","properties":{"gid":4938,"rtn":"20","typ":40,"rst":1,"hct":2,"fdc":"OpenStreetMap","sag":"IGN"},"bbox":[-59.0007275,-31.8880104,-58.9987949,-31.887129]},{"type":"Feature","id":"vial_provincial.4817","geometry":{"type":"MultiLineString","coordinates":[[[-58.8932276,-32.3675309],[-58.9200837,-32.3584307],[-58.9279402,-32.355807],[-58.9296814,-32.3551958],[-58.9298555,-32.3551427],[-58.9301754,-32.3550452],[-58.930817,-32.3549008],[-58.9322085,-32.3546537],[-58.9529017,-32.3509967],[-58.9534998,-32.3508936],[-58.9587666,-32.3499793],[-58.9624937,-32.3493305],[-58.9642472,-32.3490133],[-58.9651701,-32.3487897],[-58.9661049,-32.3484712],[-58.9667031,-32.3482257],[-58.9672014,-32.3480025],[-58.9681874,-32.347486],[-58.9697283,-32.3465462],[-58.970873,-32.345848],[-58.9717286,-32.3453261],[-58.9730363,-32.3445285],[-58.9785231,-32.3409984],[-58.9794696,-32.3403894],[-58.9862603,-32.3359183],[-58.9875469,-32.3351287],[-58.9885679,-32.3346145],[-58.9897004,-32.334148],[-58.990882,-32.3337379],[-59.0304471,-32.3203531],[-59.0341247,-32.3190879],[-59.0366674,-32.3182311],[-59.0445601,-32.3155078],[-59.0499014,-32.3140226],[-59.0592253,-32.3113962],[-59.0636934,-32.3101952],[-59.0690653,-32.3086796],[-59.0706365,-32.3082747],[-59.0714559,-32.3081037],[-59.0722203,-32.3080079],[-59.0732113,-32.3079481],[-59.0753451,-32.3079374],[-59.0780354,-32.3079346],[-59.0792727,-32.3079178],[-59.0796549,-32.3079068],[-59.0803638,-32.3078444],[-59.0821545,-32.3076338],[-59.0833344,-32.3074942],[-59.0885633,-32.3068583],[-59.1063667,-32.304858],[-59.107422,-32.3048614],[-59.1086863,-32.304952],[-59.1094104,-32.3050611],[-59.1104743,-32.3053066],[-59.1115438,-32.3056735],[-59.112333,-32.3060136],[-59.1130995,-32.3064044],[-59.1140142,-32.3069373],[-59.1149631,-32.3075433],[-59.1153397,-32.307778],[-59.1181051,-32.3095739],[-59.1190672,-32.3101817],[-59.1224302,-32.3123441],[-59.1250858,-32.3140411],[-59.1260586,-32.314696],[-59.1276648,-32.3154639],[-59.1282173,-32.3156869],[-59.1287994,-32.3158493],[-59.129436,-32.315993],[-59.1298286,-32.3160699],[-59.1304339,-32.3161256],[-59.1312745,-32.3161414],[-59.1326522,-32.3160946],[-59.1358387,-32.3157705],[-59.1390016,-32.3154417],[-59.1404997,-32.3152506],[-59.1421613,-32.3150386]]]},"geometry_name":"geom","properties":{"gid":4817,"rtn":"39","typ":40,"rst":1,"hct":2,"fdc":"OpenStreetMap","sag":"IGN"},"bbox":[-59.1421613,-32.3675309,-58.8932276,-32.304858]},{"type":"Feature","id":"vial_provincial.4819","geometry":{"type":"MultiLineString","coordinates":[[[-59.3827538,-32.3734893],[-59.3792908,-32.3639474],[-59.3774658,-32.3596903],[-59.375718,-32.3561726],[-59.3727379,-32.3500802],[-59.3719603,-32.3484817],[-59.3708712,-32.346357],[-59.3706966,-32.3460591],[-59.3704379,-32.3457853],[-59.3671249,-32.342915],[-59.367089,-32.3427915],[-59.3671279,-32.3426676],[-59.3694817,-32.3410488],[-59.3697409,-32.3409048],[-59.3696631,-32.340689],[-59.3693121,-32.3401248],[-59.3691679,-32.3399394],[-59.3693453,-32.339672],[-59.3704271,-32.3391366],[-59.3715795,-32.3385662],[-59.3726642,-32.3380293],[-59.3730136,-32.3378563],[-59.373668,-32.3375245],[-59.3738148,-32.3373758],[-59.3742212,-32.3369641],[-59.3744288,-32.3367077],[-59.374452,-32.3364595],[-59.3743156,-32.3362612],[-59.3737806,-32.3357816],[-59.3736588,-32.3356723],[-59.3732016,-32.3353017],[-59.3729603,-32.335106],[-59.3728575,-32.3350169],[-59.3725035,-32.3347096],[-59.3720798,-32.3341648],[-59.3720279,-32.334098],[-59.3716617,-32.3334638],[-59.3714407,-32.3330964],[-59.3707406,-32.3319325],[-59.3706934,-32.3318541],[-59.3700531,-32.3307897],[-59.3677128,-32.3268987],[-59.3672673,-32.3261135],[-59.3671654,-32.3256793],[-59.3671503,-32.3253433],[-59.3672032,-32.3246902],[-59.3674146,-32.3231386],[-59.3674624,-32.322825],[-59.3673898,-32.3217602],[-59.3667917,-32.3156637],[-59.3666444,-32.3149993],[-59.3664009,-32.3146716],[-59.3662405,-32.3144557],[-59.3610873,-32.306573],[-59.3604488,-32.3055846],[-59.3530763,-32.2941715],[-59.350362,-32.2899923],[-59.3472172,-32.2852129],[-59.3462772,-32.2837293],[-59.3458884,-32.2830497],[-59.3457978,-32.2825514],[-59.3455259,-32.2799276],[-59.3454731,-32.2790895],[-59.3454401,-32.2784025],[-59.3455675,-32.2779306],[-59.3457487,-32.2775946],[-59.3460167,-32.2771415],[-59.3492143,-32.2732002],[-59.3533859,-32.2682472],[-59.3537408,-32.2678961],[-59.3542995,-32.2677224],[-59.3552999,-32.2677488],[-59.3557983,-32.2677666],[-59.3559326,-32.2677714],[-59.3607929,-32.2679451],[-59.3636356,-32.2680169],[-59.368415,-32.2680584],[-59.3798123,-32.2679414],[-59.3823077,-32.2678696],[-59.3830401,-32.2678696],[-59.3853241,-32.2674997],[-59.3875364,-32.2671108],[-59.3881706,-32.2669825],[-59.3883858,-32.266805],[-59.3887747,-32.2662085],[-59.3897185,-32.2644606],[-59.392818,-32.2588373],[-59.3948629,-32.2550475],[-59.3953006,-32.2537512],[-59.3957107,-32.2521839],[-59.3958367,-32.2509164],[-59.3958378,-32.2497895],[-59.3956976,-32.2459208],[-59.3960068,-32.2392375],[-59.3960082,-32.2387846],[-59.3960167,-32.2378992],[-59.3962148,-32.2196274],[-59.3963882,-32.2058288],[-59.3963945,-32.2053242],[-59.3964137,-32.2020659],[-59.396441,-32.1974381],[-59.3965241,-32.1918584],[-59.3965505,-32.186826],[-59.3964923,-32.1829428],[-59.3964847,-32.1815571],[-59.3965003,-32.1800643],[-59.3964678,-32.1789447],[-59.3965166,-32.1776995]]]},"geometry_name":"geom","properties":{"gid":4819,"rtn":"30","typ":40,"rst":1,"hct":2,"fdc":"OpenStreetMap","sag":"IGN"},"bbox":[-59.3965505,-32.3734893,-59.3454401,-32.1776995]},{"type":"Feature","id":"vial_provincial.4834","geometry":{"type":"MultiLineString","coordinates":[[[-59.6106843,-32.7329517],[-59.6100802,-32.74609507],[-59.61086542,-32.74930734],[-59.60844166,-32.75098563],[-59.60337012,-32.75908693],[-59.59487544,-32.76529732],[-59.58937889,-32.76708192],[-59.58609523,-32.76925913],[-59.58213938,-32.77098423],[-59.57862967,-32.77520778],[-59.57393023,-32.77978824],[-59.56920106,-32.78225098],[-59.56263374,-32.78760477],[-59.55149787,-32.78774754],[-59.54350288,-32.7971702],[-59.53051102,-32.80794916],[-59.52251603,-32.81515893],[-59.5103094,-32.82936431],[-59.50888172,-32.83593162],[-59.51423551,-32.85127915],[-59.50683538,-32.89965359],[-59.50427746,-32.92027162],[-59.50398003,-32.92913511],[-59.49856676,-32.96560035],[-59.48375461,-32.98796728],[-59.48342149,-32.99235739],[-59.48532506,-33.00130416],[-59.4818217,-33.012903]]]},"geometry_name":"geom","properties":{"gid":4834,"rtn":"13","typ":40,"rst":3,"hct":2,"fdc":"OpenStreetMap","sag":"IGN"},"bbox":[-59.61086542,-33.012903,-59.4818217,-32.7329517]},{"type":"Feature","id":"vial_provincial.4942","geometry":{"type":"MultiLineString","coordinates":[[[-59.0265697,-31.8717307],[-59.0254489,-31.87174],[-59.025471,-31.872696],[-59.0254803,-31.8736743],[-59.025483,-31.8746173],[-59.0254825,-31.8755612],[-59.0255061,-31.8764811]]]},"geometry_name":"geom","properties":{"gid":4942,"rtn":"20","typ":40,"rst":1,"hct":2,"fdc":"OpenStreetMap","sag":"IGN"},"bbox":[-59.0265697,-31.8764811,-59.0254489,-31.8717307]},{"type":"Feature","id":"vial_provincial.4915","geometry":{"type":"MultiLineString","coordinates":[[[-58.1735489,-32.1939261],[-58.1736092,-32.1939783],[-58.1736334,-32.1940407],[-58.1736293,-32.1941292],[-58.1735905,-32.1941962],[-58.1735363,-32.1942566]]]},"geometry_name":"geom","properties":{"gid":4915,"rtn":"130","typ":40,"rst":1,"hct":2,"fdc":"OpenStreetMap","sag":"IGN"},"bbox":[-58.1736334,-32.1942566,-58.1735363,-32.1939261]},{"type":"Feature","id":"vial_provincial.4935","geometry":{"type":"MultiLineString","coordinates":[[[-58.9987949,-31.8880104],[-58.9987348,-31.8880623]]]},"geometry_name":"geom","properties":{"gid":4935,"rtn":"20","typ":40,"rst":1,"hct":2,"fdc":"OpenStreetMap","sag":"IGN"},"bbox":[-58.9987949,-31.8880623,-58.9987348,-31.8880104]},{"type":"Feature","id":"vial_provincial.4936","geometry":{"type":"MultiLineString","coordinates":[[[-58.9986042,-31.8876994],[-58.9987322,-31.8877258],[-58.9988052,-31.8877762],[-58.9988443,-31.8878645],[-58.998829,-31.8879506],[-58.9987949,-31.8880104]]]},"geometry_name":"geom","properties":{"gid":4936,"rtn":"20","typ":40,"rst":1,"hct":2,"fdc":"OpenStreetMap","sag":"IGN"},"bbox":[-58.9988443,-31.8880104,-58.9986042,-31.8876994]},{"type":"Feature","id":"vial_provincial.4822","geometry":{"type":"MultiLineString","coordinates":[[[-60.1321073,-32.6208482],[-60.131995,-32.6208285],[-60.1319236,-32.6208068],[-60.1318271,-32.6207706],[-60.1317616,-32.6207397],[-60.1316612,-32.6206888],[-60.1305323,-32.6197539],[-60.1296834,-32.6190854],[-60.1272908,-32.617373],[-60.1248818,-32.6155689],[-60.1225408,-32.6138807],[-60.1222434,-32.6136595],[-60.1204792,-32.6123355],[-60.1178306,-32.6103479],[-60.11714664,-32.6100177],[-60.11650419,-32.60987493],[-60.11574276,-32.60961319],[-60.11517169,-32.60899453],[-60.11391057,-32.6078167],[-60.1138035,-32.6073646],[-60.11005823,-32.60457111],[-60.10090206,-32.59806091],[-60.09294514,-32.59225502],[-60.07891584,-32.58323211],[-60.07857926,-32.58302084],[-60.068332,-32.57658865],[-60.05314152,-32.5670137],[-60.04579374,-32.56248321],[-60.03781779,-32.55766718],[-60.03098398,-32.55357451],[-60.02685323,-32.54835873],[-60.02641541,-32.54792091],[-60.02180878,-32.54517977],[-60.01596482,-32.54179142],[-60.00819826,-32.53729899],[-60.00163095,-32.53332053],[-59.99414992,-32.52894233],[-59.98518411,-32.5236504],[-59.97726527,-32.51902473],[-59.96902281,-32.51422774],[-59.96146565,-32.5098305],[-59.9549364,-32.50596625],[-59.94755056,-32.50156901],[-59.94166853,-32.49818065],[-59.93473954,-32.49414509],[-59.92870523,-32.49060445],[-59.92004399,-32.48559806],[-59.91385739,-32.48194321],[-59.89444575,-32.47045517],[-59.88454719,-32.4646017],[-59.87797988,-32.4615084],[-59.8679138,-32.45372184],[-59.86118088,-32.44970627],[-59.85194857,-32.44347209],[-59.84644257,-32.4390414],[-59.83986091,-32.43595299],[-59.79503187,-32.39688224],[-59.79317589,-32.39021975],[-59.78765554,-32.38531806]]]},"geometry_name":"geom","properties":{"gid":4822,"rtn":"26","typ":40,"rst":1,"hct":2,"fdc":"OpenStreetMap","sag":"IGN"},"bbox":[-60.1321073,-32.6208482,-59.78765554,-32.38531806]},{"type":"Feature","id":"vial_provincial.4849","geometry":{"type":"MultiLineString","coordinates":[[[-59.92036756,-31.89328028],[-59.93102754,-31.89170983],[-59.93659548,-31.89399411],[-59.96878959,-31.88685573],[-59.98342328,-31.8869985],[-59.98406573,-31.88564221],[-59.98378019,-31.88292962],[-59.98522421,-31.88191947]]]},"geometry_name":"geom","properties":{"gid":4849,"rtn":"34","typ":40,"rst":2,"hct":2,"fdc":"OpenStreetMap","sag":"IGN"},"bbox":[-59.98522421,-31.89399411,-59.92036756,-31.88191947]},{"type":"Feature","id":"vial_provincial.4948","geometry":{"type":"MultiLineString","coordinates":[[[-59.0271985,-31.8540285],[-59.0271815,-31.8530999],[-59.0271823,-31.8530357],[-59.0271743,-31.8521663],[-59.027161,-31.8515619],[-59.0271451,-31.8502504],[-59.0271305,-31.8492611],[-59.0271167,-31.8483032],[-59.0270958,-31.8473653],[-59.0270609,-31.8464766]]]},"geometry_name":"geom","properties":{"gid":4948,"rtn":"20","typ":40,"rst":1,"hct":2,"fdc":"OpenStreetMap","sag":"IGN"},"bbox":[-59.0271985,-31.8540285,-59.0270609,-31.8464766]},{"type":"Feature","id":"vial_provincial.4827","geometry":{"type":"MultiLineString","coordinates":[[[-60.252908,-31.8230756],[-60.2529533,-31.8232566],[-60.2529609,-31.8234219],[-60.2529398,-31.8235899],[-60.2529003,-31.8237354],[-60.252844,-31.8238526],[-60.250354,-31.8267336],[-60.2487447,-31.8285294],[-60.2482551,-31.8289749],[-60.2476911,-31.8293667],[-60.2406444,-31.8331687],[-60.2348187,-31.8362769],[-60.2345067,-31.8364975],[-60.2342715,-31.8367873],[-60.2341838,-31.8370795],[-60.2341428,-31.8373797],[-60.2351083,-31.8417091],[-60.2350869,-31.8422833],[-60.2347543,-31.8427846],[-60.2291753,-31.8487633],[-60.2270381,-31.8510316],[-60.2253966,-31.8527267],[-60.2245986,-31.8536186],[-60.2240555,-31.8542941],[-60.2218904,-31.8584413],[-60.2217831,-31.8587147],[-60.2197125,-31.862715],[-60.2172943,-31.8669216],[-60.21707433,-31.86729411],[-60.2157321,-31.8695671],[-60.2150883,-31.8705603],[-60.214348,-31.8713985],[-60.2106766,-31.8750694],[-60.2089836,-31.8767649],[-60.2042093,-31.8815297],[-60.2022241,-31.8835373],[-60.2019026,-31.8839257],[-60.198478,-31.8902834],[-60.1974694,-31.8921053],[-60.1955275,-31.8956578],[-60.1948409,-31.8966871],[-60.1943581,-31.8973065],[-60.1917209,-31.9002951],[-60.1895108,-31.9027725],[-60.187247,-31.9053228],[-60.1869606,-31.9057104],[-60.186722,-31.9061043],[-60.1852959,-31.9097461],[-60.1852708,-31.909812],[-60.1840048,-31.9130269],[-60.1826776,-31.9165121],[-60.1822055,-31.9179464],[-60.1810584,-31.9213281],[-60.1802567,-31.9236611],[-60.180104,-31.9240521],[-60.179964,-31.9244172],[-60.1797095,-31.9247628],[-60.1762864,-31.9282189],[-60.1748993,-31.9295905],[-60.1743521,-31.9301737],[-60.1739491,-31.9305175],[-60.1730414,-31.9311565],[-60.1690329,-31.9337592],[-60.1685239,-31.934094],[-60.1681676,-31.9344396],[-60.1633828,-31.9395476],[-60.1630265,-31.9398824],[-60.1625939,-31.9402711],[-60.1593744,-31.9427008],[-60.1570202,-31.9443518],[-60.1566225,-31.9446037],[-60.1562023,-31.9448197],[-60.1553479,-31.945038],[-60.1529968,-31.9456139],[-60.1523263,-31.9458347],[-60.1517989,-31.9461536],[-60.149779,-31.9478574],[-60.1484549,-31.9488919],[-60.1478994,-31.9493613],[-60.1474143,-31.9497913],[-60.1471607,-31.9500834],[-60.1467835,-31.9505567],[-60.1464115,-31.9509458],[-60.1460065,-31.9512417],[-60.1456216,-31.9514203],[-60.14519,-31.9515328],[-60.1400453,-31.9521031],[-60.1358651,-31.9525457],[-60.1352938,-31.9526003],[-60.1347211,-31.9526606],[-60.1336268,-31.9527824],[-60.1309338,-31.953068]]]},"geometry_name":"geom","properties":{"gid":4827,"rtn":"35","typ":40,"rst":1,"hct":2,"fdc":"OpenStreetMap","sag":"IGN"},"bbox":[-60.2529609,-31.953068,-60.1309338,-31.8230756]},{"type":"Feature","id":"vial_provincial.4862","geometry":{"type":"MultiLineString","coordinates":[[[-58.71198721,-33.29083128],[-58.73360194,-33.29047513],[-58.7814291,-33.2769122],[-58.79088746,-33.27310506],[-58.79576535,-33.27185584],[-58.79570587,-33.26971433],[-58.78951927,-33.26382516],[-58.79005465,-33.26317081],[-58.80135775,-33.26310352],[-58.80320117,-33.26215954],[-58.80373379,-33.26143046],[-58.80379604,-33.25775754],[-58.81016109,-33.25091659],[-58.80706779,-33.24163669],[-58.83008908,-33.24252899],[-58.83229008,-33.24193412],[-58.84115357,-33.24651458],[-58.84204587,-33.24603869],[-58.8426219,-33.24548621],[-58.84293817,-33.23741315],[-58.84734017,-33.22914452],[-58.85079039,-33.22135178],[-58.8556088,-33.21546262],[-58.85769083,-33.21451083],[-58.83104086,-33.18167427],[-58.82562759,-33.18268554],[-58.81973842,-33.18054403],[-58.81878664,-33.1793543],[-58.81914356,-33.15603558],[-58.81978601,-33.11847579],[-58.81921494,-33.11609633],[-58.80894703,-33.10858606],[-58.79961954,-33.09488037],[-58.7937327,-33.0824324]]]},"geometry_name":"geom","properties":{"gid":4862,"rtn":"47","typ":40,"rst":3,"hct":2,"fdc":"OpenStreetMap","sag":"IGN"},"bbox":[-58.85769083,-33.29083128,-58.71198721,-33.0824324]},{"type":"Feature","id":"vial_provincial.4831","geometry":{"type":"MultiLineString","coordinates":[[[-59.302814,-33.0566912],[-59.29430147,-33.05691832],[-59.29358763,-33.05677556],[-59.29338753,-33.05630558],[-59.29365902,-33.05249253],[-59.29340917,-33.05192146],[-59.29314662,-33.05137253],[-59.29215995,-33.04178495],[-59.2857711,-33.02039122],[-59.28057436,-33.00936955],[-59.2801175,-33.00782766],[-59.28000329,-33.00126035],[-59.27429258,-32.98943919],[-59.27229383,-32.98738333],[-59.26989534,-32.98104445],[-59.26835345,-32.97362053],[-59.26424174,-32.9652829],[-59.26092953,-32.96208491],[-59.25756021,-32.96111409],[-59.25624675,-32.95831584],[-59.25634193,-32.93929919],[-59.25462872,-32.92825849],[-59.25615157,-32.91046012],[-59.25443836,-32.90265549],[-59.24682408,-32.89275693],[-59.24539641,-32.88914015],[-59.23940017,-32.88371498],[-59.23359428,-32.87648142],[-59.23150036,-32.85230609],[-59.22540894,-32.8248947],[-59.21522484,-32.79339064],[-59.21522484,-32.78853654],[-59.21265502,-32.77682959],[-59.2105611,-32.76683585],[-59.19990111,-32.73780643],[-59.19542773,-32.72695609],[-59.19799754,-32.70677826],[-59.19856862,-32.70611201],[-59.19352416,-32.68536311],[-59.19875897,-32.67679705],[-59.20837199,-32.66699367],[-59.21427306,-32.6624251],[-59.20888301,-32.62586933],[-59.20857415,-32.62428446]]]},"geometry_name":"geom","properties":{"gid":4831,"rtn":"15","typ":40,"rst":2,"hct":2,"fdc":"OpenStreetMap","sag":"IGN"},"bbox":[-59.302814,-33.05691832,-59.19352416,-32.62428446]},{"type":"Feature","id":"vial_provincial.4863","geometry":{"type":"MultiLineString","coordinates":[[[-59.3219814,-33.1264723],[-59.32516377,-33.13751656],[-59.32848481,-33.15158756],[-59.32899044,-33.15242037],[-59.32966463,-33.15313656],[-59.33309501,-33.15825005],[-59.34029288,-33.16767866],[-59.34853177,-33.18727947],[-59.35662669,-33.20671253],[-59.35673139,-33.20752155],[-59.35682657,-33.21112881],[-59.3571121,-33.21263263],[-59.35756896,-33.21360345],[-59.35833039,-33.21470752],[-59.35943446,-33.21571641],[-59.36021492,-33.21623038],[-59.36189006,-33.21655398],[-59.36227077,-33.21664916],[-59.36263245,-33.21697277],[-59.36297509,-33.22028498],[-59.36337484,-33.22241698]]]},"geometry_name":"geom","properties":{"gid":4863,"rtn":"136","typ":40,"rst":2,"hct":2,"fdc":"OpenStreetMap","sag":"IGN"},"bbox":[-59.36337484,-33.22241698,-59.3219814,-33.1264723]},{"type":"Feature","id":"vial_provincial.4864","geometry":{"type":"MultiLineString","coordinates":[[[-60.0537496,-32.6598399],[-60.0539464,-32.6599273],[-60.0540381,-32.6599521],[-60.0542035,-32.6599374]]]},"geometry_name":"geom","properties":{"gid":4864,"rtn":"9","typ":40,"rst":1,"hct":2,"fdc":"OpenStreetMap","sag":"IGN"},"bbox":[-60.0542035,-32.6599521,-60.0537496,-32.6598399]},{"type":"Feature","id":"vial_provincial.4949","geometry":{"type":"MultiLineString","coordinates":[[[-59.0273175,-31.8540252],[-59.02734099,-31.85404095],[-59.0273587,-31.8540662],[-59.0273676,-31.8541012],[-59.02736506,-31.85411295],[-59.02736,-31.8541364],[-59.0273372,-31.8541664],[-59.0273026,-31.8541867],[-59.0272544,-31.8541979]]]},"geometry_name":"geom","properties":{"gid":4949,"rtn":"20","typ":40,"rst":1,"hct":2,"fdc":"OpenStreetMap","sag":"IGN"},"bbox":[-59.0273676,-31.8541979,-59.0272544,-31.8540252]},{"type":"Feature","id":"vial_provincial.4850","geometry":{"type":"MultiLineString","coordinates":[[[-59.20456787,-31.92898021],[-59.21134021,-31.92854171],[-59.23125987,-31.92224803],[-59.23580107,-31.92206957],[-59.23490045,-31.91982098],[-59.24903444,-31.91560934],[-59.25017659,-31.91696563],[-59.2516726,-31.916731],[-59.262028,-31.9104229],[-59.2656875,-31.90789037],[-59.27989288,-31.90264365],[-59.28360484,-31.90285781],[-59.28617466,-31.90424979],[-59.29509764,-31.90507071],[-59.29866683,-31.90539193],[-59.30369939,-31.90946081],[-59.31287221,-31.91053157],[-59.31947521,-31.91188786],[-59.33699994,-31.91670627],[-59.34677953,-31.91902624],[-59.35081272,-31.91866932],[-59.36658854,-31.92152468],[-59.37668935,-31.92259544],[-59.3923938,-31.92220282],[-59.40542135,-31.9249511],[-59.40556411,-31.92616463],[-59.41113205,-31.92792067],[-59.41416587,-31.93056187],[-59.41512955,-31.9308831],[-59.42262485,-31.9370578],[-59.43140506,-31.94226882],[-59.43347519,-31.94273281],[-59.44232679,-31.94276851],[-59.44650132,-31.94336221],[-59.48248019,-31.93891378],[-59.4974351,-31.93370276],[-59.51303247,-31.93327446],[-59.53259164,-31.93302461],[-59.53776697,-31.93941347],[-59.54483397,-31.94737276],[-59.55197235,-31.95543914],[-59.55311449,-31.95626005],[-59.55429232,-31.95786619],[-59.57144167,-31.96522569],[-59.57217397,-31.96553995],[-59.5825232,-31.97558222],[-59.58273779,-31.9757712],[-59.58496453,-31.98062192],[-59.59210291,-31.98593288],[-59.59858014,-31.99023226],[-59.60195388,-31.99247164],[-59.60852595,-32.00337433],[-59.61202852,-32.00929443],[-59.61832933,-32.01378685],[-59.61945964,-32.01735465],[-59.61981411,-32.0190407],[-59.6204167,-32.03373886],[-59.62107047,-32.05033537],[-59.62167961,-32.06474539],[-59.62228875,-32.07898408],[-59.62430654,-32.09710606],[-59.62950328,-32.09417456],[-59.63178756,-32.09485985],[-59.63450967,-32.09944745],[-59.63500459,-32.09959973],[-59.63677491,-32.09853373],[-59.63773962,-32.0985304],[-59.64102328,-32.09760241],[-59.64809028,-32.10110022],[-59.65437206,-32.10673954],[-59.65822678,-32.11159364],[-59.66086799,-32.11352101],[-59.66779222,-32.12044524],[-59.6705048,-32.12115908],[-59.67950473,-32.12007772],[-59.68064131,-32.12044524],[-59.68449603,-32.12044524],[-59.68530025,-32.12118602],[-59.68613786,-32.12144461],[-59.68644486,-32.12322873],[-59.69027812,-32.12308644],[-59.69437205,-32.12592642],[-59.69755927,-32.12587041],[-59.69777343,-32.12708393],[-59.70012909,-32.12708393],[-59.70419797,-32.12929683],[-59.70698194,-32.13243772],[-59.71021758,-32.13441991],[-59.7214967,-32.13284821],[-59.72545251,-32.13435319],[-59.72829158,-32.13483512],[-59.72893842,-32.13657798],[-59.72917636,-32.13931436],[-59.73027686,-32.14154511],[-59.73232368,-32.15121912],[-59.7342922,-32.1552865],[-59.7342922,-32.15945055],[-59.73610654,-32.16533972],[-59.73658243,-32.1691766],[-59.73087173,-32.16983095],[-59.73072301,-32.17673139],[-59.73093121,-32.17872419],[-59.73194249,-32.18220415],[-59.73453015,-32.18966971],[-59.72214434,-32.19348588],[-59.71918263,-32.196124],[-59.71915288,-32.19891986],[-59.71962878,-32.1998419],[-59.71945032,-32.20043677],[-59.71893402,-32.20091485],[-59.71918263,-32.21453508],[-59.71958498,-32.2160557],[-59.71870673,-32.21786632],[-59.71855802,-32.22122731],[-59.71769546,-32.22360677],[-59.71754675,-32.22506419],[-59.71846879,-32.23404666],[-59.72168106,-32.24222605],[-59.72355489,-32.25177364],[-59.72715382,-32.26301659],[-59.72629127,-32.27048215],[-59.72576592,-32.27383539],[-59.71900417,-32.2852943],[-59.71870724,-32.29255289],[-59.71986672,-32.29707263],[-59.71953955,-32.30450844],[-59.71956929,-32.31515653],[-59.71986672,-32.3287492],[-59.71995595,-32.33422196],[-59.71921237,-32.33880243],[-59.71931007,-32.33966402],[-59.72498256,-32.35361457],[-59.72902765,-32.36215089],[-59.72974148,-32.36991388],[-59.73158557,-32.3766656],[-59.73152608,-32.37934249],[-59.7277257,-32.3969555]]]},"geometry_name":"geom","properties":{"gid":4850,"rtn":"43","typ":40,"rst":3,"hct":2,"fdc":"OpenStreetMap","sag":"IGN"},"bbox":[-59.73658243,-32.3969555,-59.20456787,-31.90264365]},{"type":"Feature","id":"vial_provincial.4851","geometry":{"type":"MultiLineString","coordinates":[[[-59.44376454,-32.11576098],[-59.44976078,-32.11185866],[-59.45404381,-32.10776599],[-59.45490042,-32.10652867],[-59.45737506,-32.10586242],[-59.46479898,-32.0790221],[-59.46556041,-32.07835585],[-59.50201375,-32.07312103],[-59.50953285,-32.06636337],[-59.52038319,-32.05836838],[-59.52392076,-32.05921623],[-59.5339937,-32.0224861],[-59.53389853,-32.01877415],[-59.53865745,-32.01620433],[-59.54029997,-32.01365025],[-59.54322601,-32.01201648],[-59.54560547,-32.01163576],[-59.54750904,-32.0092563],[-59.55236314,-32.00516363],[-59.56264242,-32.00021435],[-59.56837216,-31.99903414],[-59.5697808,-31.99783489],[-59.57558668,-31.99764453],[-59.579489,-31.99850114],[-59.58453346,-31.99764453],[-59.58518108,-31.99775247],[-59.58583645,-31.99765119],[-59.58820401,-31.99685407],[-59.58932236,-31.99579521],[-59.5933093,-31.99352199],[-59.59424166,-31.99189575],[-59.59858014,-31.99023226]]]},"geometry_name":"geom","properties":{"gid":4851,"rtn":"31","typ":40,"rst":3,"hct":2,"fdc":"OpenStreetMap","sag":"IGN"},"bbox":[-59.59858014,-32.11576098,-59.44376454,-31.99023226]},{"type":"Feature","id":"vial_provincial.4852","geometry":{"type":"MultiLineString","coordinates":[[[-59.3956414,-32.1670054],[-59.40978584,-32.14755057],[-59.41197494,-32.14669397],[-59.42920224,-32.14412415],[-59.42929742,-32.14298201],[-59.423206,-32.13394006],[-59.42292046,-32.13194131],[-59.42215904,-32.12956185],[-59.44376454,-32.11576098]]]},"geometry_name":"geom","properties":{"gid":4852,"rtn":"31","typ":40,"rst":2,"hct":2,"fdc":"OpenStreetMap","sag":"IGN"},"bbox":[-59.44376454,-32.1670054,-59.3956414,-32.11576098]},{"type":"Feature","id":"vial_provincial.4853","geometry":{"type":"MultiLineString","coordinates":[[[-59.15784439,-32.28847826],[-59.1900266,-32.28502804],[-59.19121633,-32.28354088],[-59.18978865,-32.27521277],[-59.1854697,-32.24560883],[-59.1903238,-32.20925066],[-59.18404202,-32.16194698],[-59.1791595,-32.12557435],[-59.17629501,-32.1071813],[-59.17389784,-32.07887153],[-59.18066712,-32.07642572],[-59.17508891,-32.04491633],[-59.17122917,-32.02925937],[-59.16890764,-32.02637252],[-59.17192289,-32.0248649],[-59.1723116,-32.02350361],[-59.15032538,-31.99123812],[-59.15222895,-31.98847795],[-59.15118199,-31.97581922],[-59.14575681,-31.96487369],[-59.14899288,-31.9427923],[-59.14512381,-31.9324428]]]},"geometry_name":"geom","properties":{"gid":4853,"rtn":"15","typ":40,"rst":3,"hct":2,"fdc":"OpenStreetMap","sag":"IGN"},"bbox":[-59.19121633,-32.28847826,-59.14512381,-31.9324428]},{"type":"Feature","id":"vial_provincial.4854","geometry":{"type":"MultiLineString","coordinates":[[[-59.2741045,-32.2686571],[-59.31559609,-32.25681362],[-59.31654787,-32.24824756],[-59.34129427,-32.24539221],[-59.3960068,-32.2392375]]]},"geometry_name":"geom","properties":{"gid":4854,"rtn":"31","typ":40,"rst":3,"hct":2,"fdc":"OpenStreetMap","sag":"IGN"},"bbox":[-59.3960068,-32.2686571,-59.2741045,-32.2392375]},{"type":"Feature","id":"vial_provincial.4855","geometry":{"type":"MultiLineString","coordinates":[[[-58.75528812,-32.40927598],[-58.77379282,-32.34080859],[-58.7535674,-32.27418368],[-58.79996689,-32.24325069],[-58.79282851,-32.18257443],[-58.86302261,-32.18733336],[-58.87491991,-32.17305659],[-58.9299254,-32.1909694]]]},"geometry_name":"geom","properties":{"gid":4855,"rtn":"27","typ":40,"rst":2,"hct":2,"fdc":"OpenStreetMap","sag":"IGN"},"bbox":[-58.9299254,-32.40927598,-58.7535674,-32.17305659]},{"type":"Feature","id":"vial_provincial.4857","geometry":{"type":"MultiLineString","coordinates":[[[-58.6343536,-32.7708515],[-58.63376331,-32.75725033],[-58.63102516,-32.69415855],[-58.59057432,-32.6334823]]]},"geometry_name":"geom","properties":{"gid":4857,"rtn":"21","typ":40,"rst":2,"hct":2,"fdc":"OpenStreetMap","sag":"IGN"},"bbox":[-58.6343536,-32.7708515,-58.59057432,-32.6334823]},{"type":"Feature","id":"vial_provincial.4858","geometry":{"type":"MultiLineString","coordinates":[[[-59.33863116,-32.58542841],[-59.35666687,-32.57261104],[-59.35577457,-32.56826852],[-59.37225234,-32.55678762],[-59.35690482,-32.53894167],[-59.36594677,-32.53418274],[-59.36939699,-32.53156534],[-59.37070569,-32.53108945],[-59.37879586,-32.53180328],[-59.41863993,-32.51957285],[-59.44310079,-32.51224411],[-59.4399599,-32.48906816],[-59.44381463,-32.47469622],[-59.44914462,-32.45418527],[-59.45842452,-32.44457224],[-59.47903065,-32.42382334],[-59.4955917,-32.40512078],[-59.5146317,-32.4023329]]]},"geometry_name":"geom","properties":{"gid":4858,"rtn":"19","typ":40,"rst":3,"hct":2,"fdc":"OpenStreetMap","sag":"IGN"},"bbox":[-59.5146317,-32.58542841,-59.33863116,-32.4023329]},{"type":"Feature","id":"vial_provincial.4859","geometry":{"type":"MultiLineString","coordinates":[[[-59.21265502,-32.77682959],[-59.24568194,-32.7714996],[-59.30290798,-32.77661544],[-59.30246064,-32.76675614],[-59.30278782,-32.76413873],[-59.31816508,-32.76526898],[-59.31892513,-32.76922441],[-59.34430941,-32.76140235],[-59.34308994,-32.75729778],[-59.3432684,-32.75685163],[-59.35415443,-32.75298501],[-59.35373643,-32.74284832],[-59.35394623,-32.73424676],[-59.35415443,-32.73195652],[-59.35245907,-32.7236879],[-59.35320988,-32.72362342],[-59.3676139,-32.7223864]]]},"geometry_name":"geom","properties":{"gid":4859,"rtn":"14","typ":40,"rst":3,"hct":2,"fdc":"OpenStreetMap","sag":"IGN"},"bbox":[-59.3676139,-32.77682959,-59.21265502,-32.7223864]},{"type":"Feature","id":"vial_provincial.4860","geometry":{"type":"MultiLineString","coordinates":[[[-59.7523419,-32.3958529],[-59.7523772,-32.3961175],[-59.7524423,-32.3963153],[-59.7524671,-32.3963878],[-59.7524832,-32.3964648],[-59.7524564,-32.3965795],[-59.7408842,-32.4218863],[-59.7375395,-32.4291266],[-59.7348092,-32.4352334],[-59.7324657,-32.4406101],[-59.7321927,-32.4412246],[-59.7320107,-32.4415702],[-59.7318818,-32.4418135],[-59.7311613,-32.443484],[-59.7287495,-32.4487322],[-59.72701852,-32.45316767],[-59.72636417,-32.45453586],[-59.71991345,-32.46062847],[-59.71934238,-32.46159929],[-59.71276793,-32.48256472],[-59.7126937,-32.48764653],[-59.71237532,-32.4884182],[-59.71133405,-32.48926711],[-59.71105472,-32.48991726],[-59.71283802,-32.49313579]]]},"geometry_name":"geom","properties":{"gid":4860,"rtn":"13","typ":40,"rst":2,"hct":2,"fdc":"OpenStreetMap","sag":"IGN"},"bbox":[-59.7524832,-32.49313579,-59.71105472,-32.3958529]},{"type":"Feature","id":"vial_provincial.4987","geometry":{"type":"MultiLineString","coordinates":[[[-60.1326639,-32.620608],[-60.1329305,-32.6203477],[-60.1339675,-32.6193325],[-60.1343694,-32.6189391],[-60.1354208,-32.6179099],[-60.1361601,-32.6171861],[-60.136509,-32.6168446],[-60.136954,-32.616409],[-60.1376501,-32.6157276],[-60.1381737,-32.615215]]]},"geometry_name":"geom","properties":{"gid":4987,"rtn":"11","typ":40,"rst":1,"hct":2,"fdc":"OpenStreetMap","sag":"IGN"},"bbox":[-60.1381737,-32.620608,-60.1326639,-32.615215]},{"type":"Feature","id":"vial_provincial.4861","geometry":{"type":"MultiLineString","coordinates":[[[-58.5400155,-33.0256118],[-58.53897774,-33.03192206],[-58.53960235,-33.0335282],[-58.54364624,-33.04245118],[-58.54376046,-33.04336489],[-58.54233278,-33.0474766],[-58.54263616,-33.04953007],[-58.54421256,-33.05039263],[-58.55470598,-33.05444366],[-58.55828112,-33.06118943],[-58.56607385,-33.07394929],[-58.56775494,-33.08000264],[-58.57260904,-33.09045323],[-58.57923346,-33.0990764],[-58.58671449,-33.11049781],[-58.60613089,-33.12420351],[-58.61726677,-33.13128478],[-58.62354854,-33.13431146],[-58.62420052,-33.13688128],[-58.64252237,-33.14425761],[-58.6733674,-33.1737404],[-58.67335207,-33.17386085]]]},"geometry_name":"geom","properties":{"gid":4861,"rtn":"42","typ":40,"rst":3,"hct":2,"fdc":"OpenStreetMap","sag":"IGN"},"bbox":[-58.6733674,-33.17386085,-58.53897774,-33.0256118]},{"type":"Feature","id":"vial_provincial.4865","geometry":{"type":"MultiLineString","coordinates":[[[-59.20579714,-32.61448955],[-59.20503572,-32.61177697],[-59.19668884,-32.58104754],[-59.19383349,-32.57619344],[-59.19233443,-32.57041135],[-59.19096858,-32.56728531],[-59.19012153,-32.56477202],[-59.1866951,-32.55813333],[-59.18647562,-32.55658386],[-59.18433944,-32.55056664],[-59.1858507,-32.5290912],[-59.1813299,-32.507412],[-59.1786141,-32.4956171],[-59.1756382,-32.4811321],[-59.173121,-32.4701458],[-59.1720285,-32.4652575],[-59.1717739,-32.4641183],[-59.1714051,-32.4628251],[-59.1697095,-32.4558244],[-59.1695859,-32.4554339],[-59.169475,-32.4552519],[-59.1691361,-32.4549451],[-59.1687417,-32.4546696],[-59.1681933,-32.4542796],[-59.1679406,-32.4540664],[-59.1678051,-32.4538948],[-59.1676734,-32.4536334],[-59.1670009,-32.4513793],[-59.1662934,-32.4485565],[-59.165268,-32.4449198],[-59.1634717,-32.4385746],[-59.162339,-32.4344994],[-59.1616585,-32.4321292],[-59.1610199,-32.4299196],[-59.1606892,-32.4288187],[-59.1605215,-32.4280168],[-59.1600133,-32.4245767],[-59.1597794,-32.4230414],[-59.1591689,-32.4183474],[-59.1585777,-32.4132686],[-59.1582945,-32.4110955],[-59.1581417,-32.4103439],[-59.1577648,-32.4090245],[-59.155237,-32.4005241],[-59.154014,-32.3967814],[-59.1526718,-32.3924106],[-59.1512371,-32.3872015],[-59.1510303,-32.386353],[-59.1509613,-32.3859639],[-59.1509606,-32.3858194],[-59.1509423,-32.3824694],[-59.1509319,-32.3814455],[-59.150835,-32.3806056],[-59.1477585,-32.3642193],[-59.1454143,-32.3511011],[-59.1454641,-32.3506839],[-59.1456361,-32.3503311],[-59.1460354,-32.3497607],[-59.1464265,-32.3493934],[-59.1468589,-32.3491127],[-59.1472757,-32.3487463],[-59.147604,-32.3483362],[-59.1476485,-32.3481654],[-59.1462264,-32.3389773],[-59.1448497,-32.3300816],[-59.1447549,-32.3296644],[-59.1444122,-32.3287023],[-59.1441011,-32.3276913],[-59.1439423,-32.326981],[-59.1429637,-32.3204653],[-59.1425891,-32.317717],[-59.1421613,-32.3150386]]]},"geometry_name":"geom","properties":{"gid":4865,"rtn":"15","typ":40,"rst":2,"hct":2,"fdc":"OpenStreetMap","sag":"IGN"},"bbox":[-59.20579714,-32.61448955,-59.1421613,-32.3150386]},{"type":"Feature","id":"vial_provincial.4866","geometry":{"type":"MultiLineString","coordinates":[[[-58.88761474,-32.68489893],[-58.88993158,-32.68295507],[-58.89065494,-32.68263146],[-58.89149251,-32.68236496],[-58.89292019,-32.68110861],[-58.89737454,-32.67720629],[-58.90043928,-32.67461744],[-58.90385549,-32.6773099],[-58.92170824,-32.67732279],[-58.9270763,-32.6782365],[-58.93444721,-32.67817152],[-58.9432376,-32.67795097],[-58.96156897,-32.67441033],[-58.97401831,-32.67606644],[-58.97744473,-32.67452454],[-58.97984323,-32.6741819],[-58.98161355,-32.67349662],[-58.9836123,-32.67229737],[-59.00188656,-32.66104728],[-59.01239426,-32.65385179],[-59.02141717,-32.65099643],[-59.03129669,-32.65105354],[-59.03226751,-32.65025404],[-59.03409494,-32.64871215],[-59.03712161,-32.64796976],[-59.03923458,-32.64574258],[-59.0402625,-32.64340119],[-59.03900615,-32.63729074],[-59.03969143,-32.63603438],[-59.04203282,-32.63506356],[-59.04677271,-32.63460671],[-59.06318343,-32.63633102],[-59.06436168,-32.63540621],[-59.06481854,-32.63449249],[-59.06356219,-32.62821072],[-59.06419036,-32.62661172],[-59.07595442,-32.61970176],[-59.07778184,-32.61913069],[-59.08314991,-32.61935912],[-59.09999649,-32.61947333],[-59.133604,-32.62336613],[-59.14726686,-32.62497703],[-59.15278721,-32.62561948],[-59.15781977,-32.62605968],[-59.15979473,-32.62586933],[-59.1652318,-32.62534584],[-59.1669926,-32.62544102],[-59.16970518,-32.62632142],[-59.17040712,-32.62646419],[-59.17209654,-32.62639281],[-59.18130505,-32.62502462],[-59.19102488,-32.62359457],[-59.19184607,-32.62350176],[-59.19248852,-32.62370402],[-59.19509403,-32.62492944],[-59.19640273,-32.62522687],[-59.20072337,-32.62533833],[-59.20567074,-32.62539343],[-59.20681288,-32.62500082],[-59.20731368,-32.6245796],[-59.20824055,-32.62452493],[-59.20857415,-32.62428446],[-59.20842645,-32.62293664],[-59.20640391,-32.61588154],[-59.20623734,-32.61558411],[-59.20579714,-32.61448955],[-59.20609458,-32.61416833],[-59.20654667,-32.61418022],[-59.20693929,-32.61403746],[-59.2081885,-32.61335931],[-59.23489795,-32.61306188],[-59.24144147,-32.61199112],[-59.25149469,-32.61312136],[-59.25750283,-32.61288342],[-59.26303508,-32.6125265],[-59.26874578,-32.61205061],[-59.27029243,-32.61139625],[-59.27117497,-32.61008747],[-59.27118473,-32.60889782],[-59.26922168,-32.6023543],[-59.26969757,-32.60068868],[-59.27100627,-32.5997369],[-59.28843582,-32.59920152],[-59.30985356,-32.59414915],[-59.31252787,-32.59242005],[-59.31347965,-32.58968367],[-59.31443144,-32.58754216],[-59.31954728,-32.58409194],[-59.32377082,-32.58308067],[-59.32854688,-32.58309944],[-59.32971947,-32.58284272],[-59.32995742,-32.58195042],[-59.32888666,-32.57968994],[-59.32906512,-32.57861918],[-59.3327489,-32.5764925]]]},"geometry_name":"geom","properties":{"gid":4866,"rtn":"19","typ":40,"rst":3,"hct":2,"fdc":"OpenStreetMap","sag":"IGN"},"bbox":[-59.3327489,-32.68489893,-58.88761474,-32.5764925]},{"type":"Feature","id":"vial_provincial.4867","geometry":{"type":"MultiLineString","coordinates":[[[-58.75528812,-32.40927598],[-58.7675121,-32.4067762],[-58.7678606,-32.4066995],[-58.7824675,-32.4034858],[-58.7881138,-32.4023549],[-58.7904512,-32.4018624],[-58.7906367,-32.40183],[-58.804918,-32.3988982],[-58.8059479,-32.3986989],[-58.8074285,-32.3984633],[-58.8093812,-32.3982278],[-58.8101966,-32.3980829],[-58.8123849,-32.397622],[-58.8125616,-32.3975837],[-58.8159472,-32.3968509],[-58.8174619,-32.3965328],[-58.8176761,-32.3964878],[-58.8200317,-32.395993],[-58.8268906,-32.3942056],[-58.8321478,-32.3931185],[-58.8338858,-32.3928467],[-58.8353589,-32.392783],[-58.836568,-32.3928105],[-58.8378555,-32.3929192],[-58.8396753,-32.3931529],[-58.8422329,-32.3936983],[-58.854193,-32.3967587],[-58.855127,-32.3969891],[-58.8555693,-32.3970781],[-58.8574784,-32.3975459],[-58.8614504,-32.3984986],[-58.862961,-32.3988546],[-58.8638648,-32.3990104],[-58.8647035,-32.3991002],[-58.8663391,-32.3991763],[-58.86751,-32.3991518],[-58.868657,-32.3990726],[-58.8701493,-32.3988438],[-58.8717721,-32.3984814],[-58.8734287,-32.398089],[-58.87799,-32.3970419],[-58.8825328,-32.3959853],[-58.8835202,-32.3957539],[-58.888728,-32.394534],[-58.8889983,-32.3944717],[-58.8962731,-32.3927857],[-58.8969806,-32.3926085]]]},"geometry_name":"geom","properties":{"gid":4867,"rtn":"39","typ":40,"rst":1,"hct":2,"fdc":"OpenStreetMap","sag":"IGN"},"bbox":[-58.8969806,-32.40927598,-58.75528812,-32.3926085]},{"type":"Feature","id":"vial_provincial.4868","geometry":{"type":"MultiLineString","coordinates":[[[-58.70204021,-32.64410443],[-58.70121926,-32.63110283],[-58.70835764,-32.59779038],[-58.74048036,-32.59541092],[-58.74575559,-32.56586964],[-58.75237767,-32.52878601],[-58.73215225,-32.51569898],[-58.74999821,-32.42884865],[-58.75528812,-32.40927598]]]},"geometry_name":"geom","properties":{"gid":4868,"rtn":"27","typ":40,"rst":2,"hct":2,"fdc":"OpenStreetMap","sag":"IGN"},"bbox":[-58.75528812,-32.64410443,-58.70121926,-32.40927598]},{"type":"Feature","id":"vial_provincial.4869","geometry":{"type":"MultiLineString","coordinates":[[[-59.1421613,-32.3150386],[-59.14221456,-32.31210008],[-59.14124765,-32.3112616],[-59.13976048,-32.30114889],[-59.15939104,-32.29954276],[-59.15784439,-32.28847826]]]},"geometry_name":"geom","properties":{"gid":4869,"rtn":"15","typ":40,"rst":2,"hct":2,"fdc":"OpenStreetMap","sag":"IGN"},"bbox":[-59.15939104,-32.3150386,-59.13976048,-32.28847826]},{"type":"Feature","id":"vial_provincial.4870","geometry":{"type":"MultiLineString","coordinates":[[[-59.18978865,-32.27521277],[-59.19894958,-32.26890719],[-59.21423761,-32.2702159],[-59.24380242,-32.27414201],[-59.25213053,-32.27533174],[-59.25171412,-32.27307125],[-59.25909045,-32.27253587],[-59.26848932,-32.26979949],[-59.2741045,-32.2686571]]]},"geometry_name":"geom","properties":{"gid":4870,"rtn":"31","typ":40,"rst":3,"hct":2,"fdc":"OpenStreetMap","sag":"IGN"},"bbox":[-59.2741045,-32.27533174,-59.18978865,-32.2686571]},{"type":"Feature","id":"vial_provincial.4872","geometry":{"type":"MultiLineString","coordinates":[[[-58.7080624,-32.7394792],[-58.70204021,-32.64410443]]]},"geometry_name":"geom","properties":{"gid":4872,"rtn":"27","typ":40,"rst":2,"hct":2,"fdc":"OpenStreetMap","sag":"IGN"},"bbox":[-58.7080624,-32.7394792,-58.70204021,-32.64410443]},{"type":"Feature","id":"vial_provincial.4873","geometry":{"type":"MultiLineString","coordinates":[[[-58.5211681,-33.0148958],[-58.5220922,-33.0149388],[-58.522921,-33.0149724],[-58.5238429,-33.015009],[-58.5247232,-33.0150477],[-58.5255029,-33.0150748],[-58.5264073,-33.0151064],[-58.5267095,-33.0151185],[-58.5268332,-33.0151704],[-58.5272602,-33.0154468],[-58.5275925,-33.0156964]]]},"geometry_name":"geom","properties":{"gid":4873,"rtn":"16","typ":40,"rst":1,"hct":2,"fdc":"OpenStreetMap","sag":"IGN"},"bbox":[-58.5275925,-33.0156964,-58.5211681,-33.0148958]},{"type":"Feature","id":"vial_provincial.4888","geometry":{"type":"MultiLineString","coordinates":[[[-58.2610336,-32.4883278],[-58.2610767,-32.4883545],[-58.2611439,-32.4883832],[-58.2613366,-32.488455],[-58.2615696,-32.4884907],[-58.2625959,-32.4884604],[-58.2647501,-32.4884206],[-58.2660968,-32.4883633],[-58.2672146,-32.4882609],[-58.2684389,-32.488145],[-58.2707476,-32.4879249],[-58.2715118,-32.4878561],[-58.2727381,-32.4877469],[-58.2742072,-32.4876444],[-58.2767361,-32.4874679],[-58.2780591,-32.4873901],[-58.2792234,-32.4872944],[-58.2805007,-32.4872035],[-58.2818804,-32.4870938],[-58.2836676,-32.4869433],[-58.2844143,-32.4868835],[-58.2861694,-32.4867525],[-58.2876605,-32.4866351],[-58.2880012,-32.4866083],[-58.2912904,-32.486354],[-58.2930686,-32.4862839],[-58.294712,-32.4863282],[-58.2958144,-32.4863624],[-58.2985607,-32.4864476],[-58.2995807,-32.486473],[-58.300256,-32.4864897],[-58.3004373,-32.4864798],[-58.3005819,-32.4864545],[-58.3007445,-32.4864197]]]},"geometry_name":"geom","properties":{"gid":4888,"rtn":"39","typ":40,"rst":1,"hct":2,"fdc":"OpenStreetMap","sag":"IGN"},"bbox":[-58.3007445,-32.4884907,-58.2610336,-32.4862839]},{"type":"Feature","id":"vial_provincial.4881","geometry":{"type":"MultiLineString","coordinates":[[[-58.2602893,-32.4885057],[-58.2601758,-32.4884675],[-58.2600652,-32.4884376],[-58.2597477,-32.4883805],[-58.2594143,-32.4883312],[-58.2586758,-32.4881989],[-58.2582901,-32.4881332],[-58.2580375,-32.4880886],[-58.2573817,-32.4879713],[-58.2563755,-32.4878185],[-58.2558942,-32.4877497],[-58.2536581,-32.4873938],[-58.2527699,-32.4872479],[-58.2523802,-32.4871809],[-58.2523082,-32.4871688],[-58.2522361,-32.4871704],[-58.2519086,-32.487363]]]},"geometry_name":"geom","properties":{"gid":4881,"rtn":"39","typ":40,"rst":1,"hct":2,"fdc":"OpenStreetMap","sag":"IGN"},"bbox":[-58.2602893,-32.4885057,-58.2519086,-32.4871688]},{"type":"Feature","id":"vial_provincial.4882","geometry":{"type":"MultiLineString","coordinates":[[[-58.2517489,-32.4871222],[-58.251859,-32.4870617],[-58.2519434,-32.4870129],[-58.2520577,-32.4869585],[-58.252164,-32.4869407],[-58.2528129,-32.4870616],[-58.2536956,-32.4872043],[-58.2544045,-32.4873225],[-58.2554488,-32.4874978],[-58.2559271,-32.4875826],[-58.2564069,-32.4876641],[-58.2574155,-32.4878244],[-58.2580697,-32.4879314],[-58.2594555,-32.4881439],[-58.2597381,-32.4881885],[-58.2598794,-32.4882051],[-58.25995,-32.4882111],[-58.2600207,-32.4882172],[-58.2601165,-32.4882206],[-58.2602123,-32.4882172],[-58.2604118,-32.4881893]]]},"geometry_name":"geom","properties":{"gid":4882,"rtn":"39","typ":40,"rst":1,"hct":2,"fdc":"OpenStreetMap","sag":"IGN"},"bbox":[-58.2604118,-32.4882206,-58.2517489,-32.4869407]},{"type":"Feature","id":"vial_provincial.4883","geometry":{"type":"MultiLineString","coordinates":[[[-58.30095755,-32.48676055],[-58.3009031,-32.4867497],[-58.3008507,-32.4867366],[-58.3008028,-32.4867143],[-58.30077217,-32.48670156],[-58.3007549,-32.4866765]]]},"geometry_name":"geom","properties":{"gid":4883,"rtn":"39","typ":40,"rst":1,"hct":2,"fdc":"OpenStreetMap","sag":"IGN"},"bbox":[-58.30095755,-32.48676055,-58.3007549,-32.4866765]},{"type":"Feature","id":"vial_provincial.4884","geometry":{"type":"MultiLineString","coordinates":[[[-58.3040406,-32.4866588],[-58.3035355,-32.4866676],[-58.3025986,-32.48663],[-58.3018976,-32.486603],[-58.3017894,-32.4866038],[-58.3016828,-32.4866085],[-58.3015637,-32.48662],[-58.3014495,-32.4866355],[-58.3013537,-32.4866536],[-58.3012504,-32.4866775],[-58.3011639,-32.4866987],[-58.3010631,-32.4867288]]]},"geometry_name":"geom","properties":{"gid":4884,"rtn":"39","typ":40,"rst":1,"hct":2,"fdc":"OpenStreetMap","sag":"IGN"},"bbox":[-58.3040406,-32.4867288,-58.3010631,-32.486603]},{"type":"Feature","id":"vial_provincial.4885","geometry":{"type":"MultiLineString","coordinates":[[[-58.3007549,-32.4866765],[-58.3007165,-32.4866231],[-58.3006999,-32.4865716],[-58.3006992,-32.4865183],[-58.3007144,-32.4864666],[-58.3007445,-32.4864197]]]},"geometry_name":"geom","properties":{"gid":4885,"rtn":"39","typ":40,"rst":1,"hct":2,"fdc":"OpenStreetMap","sag":"IGN"},"bbox":[-58.3007549,-32.4866765,-58.3006992,-32.4864197]},{"type":"Feature","id":"vial_provincial.4886","geometry":{"type":"MultiLineString","coordinates":[[[-58.3007549,-32.4866765],[-58.3007036,-32.4866491],[-58.3006325,-32.4866291],[-58.3005384,-32.4866054],[-58.3004319,-32.4865791],[-58.3003594,-32.4865642],[-58.3002797,-32.4865553],[-58.3002302,-32.4865516],[-58.2996381,-32.4865339],[-58.2987375,-32.4865192],[-58.2947074,-32.4863962],[-58.2930576,-32.4863596],[-58.2912989,-32.4864258],[-58.2880035,-32.4866828],[-58.2877986,-32.4866997],[-58.2861782,-32.4868331],[-58.2852433,-32.4868902],[-58.2844187,-32.4869632],[-58.2837245,-32.4870173],[-58.2828352,-32.4870875],[-58.281888,-32.4871623],[-58.2807947,-32.4872468],[-58.2792198,-32.4873685],[-58.2780688,-32.4874641],[-58.2766938,-32.4875554],[-58.2733362,-32.4877891],[-58.2716926,-32.4879179],[-58.2715163,-32.4879317],[-58.2684326,-32.4882316],[-58.2670809,-32.4883708],[-58.2661022,-32.4884437],[-58.2647647,-32.4885036],[-58.2626531,-32.4885275],[-58.2612921,-32.4885732],[-58.261046,-32.488612],[-58.2609679,-32.4886411]]]},"geometry_name":"geom","properties":{"gid":4886,"rtn":"39","typ":40,"rst":1,"hct":2,"fdc":"OpenStreetMap","sag":"IGN"},"bbox":[-58.3007549,-32.4886411,-58.2609679,-32.4863596]},{"type":"Feature","id":"vial_provincial.4887","geometry":{"type":"MultiLineString","coordinates":[[[-58.3007445,-32.4864197],[-58.3007653,-32.4863984],[-58.3007965,-32.4863747],[-58.3008321,-32.4863558],[-58.3009111,-32.4863343],[-58.3009942,-32.4863359],[-58.301072,-32.4863604],[-58.3011403,-32.48639625],[-58.3012047,-32.4864123],[-58.3012613,-32.4864318],[-58.3013187,-32.4864506],[-58.3013872,-32.4864708],[-58.3014574,-32.4864877],[-58.3015172,-32.4864996],[-58.3015787,-32.4865081],[-58.3016339,-32.4865156],[-58.3016908,-32.4865212],[-58.3018138,-32.4865335],[-58.3019366,-32.486541],[-58.3024881,-32.4865622],[-58.3035304,-32.4866024],[-58.3040406,-32.4866588]]]},"geometry_name":"geom","properties":{"gid":4887,"rtn":"39","typ":40,"rst":1,"hct":2,"fdc":"OpenStreetMap","sag":"IGN"},"bbox":[-58.3040406,-32.4866588,-58.3007445,-32.4863343]},{"type":"Feature","id":"vial_provincial.4939","geometry":{"type":"MultiLineString","coordinates":[[[-59.0007275,-31.887129],[-59.0008124,-31.887106],[-59.0145186,-31.8833928],[-59.0165672,-31.8828467],[-59.0189602,-31.8821809],[-59.019133,-31.8821268],[-59.0214308,-31.8814079],[-59.0217093,-31.8813081],[-59.0236112,-31.8806372],[-59.0237171,-31.8805998],[-59.0244673,-31.88036085],[-59.0247751,-31.880146],[-59.0251011,-31.8798365],[-59.0253584,-31.8794843],[-59.0255293,-31.8791309],[-59.0255381,-31.8788647],[-59.0255414,-31.8785643],[-59.0255081,-31.876699]]]},"geometry_name":"geom","properties":{"gid":4939,"rtn":"20","typ":40,"rst":1,"hct":2,"fdc":"OpenStreetMap","sag":"IGN"},"bbox":[-59.0255414,-31.887129,-59.0007275,-31.876699]},{"type":"Feature","id":"vial_provincial.4889","geometry":{"type":"MultiLineString","coordinates":[[[-58.3040406,-32.4866588],[-58.3044014,-32.4866687],[-58.3054375,-32.4867034],[-58.3061346,-32.4867229],[-58.3088087,-32.4867975],[-58.3090326,-32.4868038],[-58.3092623,-32.4868111],[-58.3097986,-32.4868269],[-58.3101293,-32.4868331],[-58.3101752,-32.486834],[-58.312438,-32.4868878],[-58.3134034,-32.4869107],[-58.3135803,-32.4869155],[-58.3141233,-32.4869273],[-58.3152335,-32.4869596],[-58.3179595,-32.4869921],[-58.3256326,-32.4868856],[-58.3265706,-32.4868685],[-58.327743,-32.4868497],[-58.3284539,-32.4868332],[-58.3298193,-32.486822],[-58.333689,-32.4867524],[-58.3454811,-32.4865533],[-58.3493664,-32.4864877],[-58.3633166,-32.4863359],[-58.364106,-32.486355],[-58.3731274,-32.4865729],[-58.3967719,-32.4876702],[-58.3972895,-32.4876876],[-58.3977965,-32.4876959],[-58.3986628,-32.4876888],[-58.3991779,-32.4876677],[-58.3994828,-32.4876476],[-58.3997904,-32.4876207],[-58.4001796,-32.4875798],[-58.4005756,-32.4875344],[-58.4016457,-32.4873562],[-58.4068101,-32.4860048],[-58.4188275,-32.4830139],[-58.4273366,-32.4807485],[-58.4311376,-32.4799301],[-58.43663589,-32.47893238],[-58.4376338,-32.4787513],[-58.4663918,-32.4731867],[-58.4687232,-32.472725],[-58.4766711,-32.4708813],[-58.4776103,-32.4706933],[-58.4782321,-32.4705738],[-58.4789528,-32.4704353],[-58.4797109,-32.4702735],[-58.4893791,-32.4682106],[-58.4904678,-32.4679787],[-58.4912399,-32.4677833],[-58.491746,-32.4676092],[-58.4923759,-32.4673446],[-58.4931003,-32.4669473],[-58.4937156,-32.4664727],[-58.4941453,-32.4660873],[-58.4945131,-32.4656603],[-58.4948788,-32.4651314],[-58.4952205,-32.4645044],[-58.4954617,-32.4637988],[-58.4963598,-32.4608871],[-58.4964651,-32.4605986],[-58.4966276,-32.4602331],[-58.4969254,-32.4597791],[-58.4972963,-32.4593379],[-58.4976843,-32.4589665],[-58.4982756,-32.4585453],[-58.4989137,-32.4581941],[-58.4995474,-32.4579177],[-58.5047428,-32.4558411],[-58.507378,-32.454779],[-58.5112206,-32.4532236],[-58.5126541,-32.452654],[-58.512871,-32.4525687],[-58.5130469,-32.4525014],[-58.5132004,-32.4524451],[-58.5133874,-32.4523808],[-58.5135844,-32.4523166],[-58.5137868,-32.4522523],[-58.513985,-32.4521956],[-58.5141508,-32.4521493],[-58.5143287,-32.452104],[-58.5145679,-32.4520484],[-58.5148017,-32.4519973],[-58.515027,-32.4519518],[-58.5152578,-32.4519085],[-58.51745,-32.4515312],[-58.5204438,-32.4510212],[-58.5300955,-32.4493343],[-58.5418501,-32.4473057],[-58.5419601,-32.4472867],[-58.5434352,-32.4470322],[-58.5437441,-32.4469789],[-58.5467219,-32.4464649],[-58.5468097,-32.4464498],[-58.5478076,-32.4462776],[-58.5479003,-32.4462616],[-58.5530641,-32.4453704],[-58.5550133,-32.445034],[-58.5569453,-32.4447005],[-58.5573199,-32.4446359],[-58.5753702,-32.4415206],[-58.5761409,-32.4413979],[-58.576696,-32.4413506],[-58.5769159,-32.441341],[-58.6111809,-32.4404685],[-58.618617,-32.4402819],[-58.6208217,-32.440214],[-58.6238329,-32.4401523],[-58.6243009,-32.4401428],[-58.6244926,-32.4401359],[-58.6273083,-32.4400806],[-58.6282031,-32.4400701],[-58.6286049,-32.4400704],[-58.6290473,-32.4400558],[-58.6298565,-32.4400328],[-58.6310633,-32.4399967],[-58.6355953,-32.4398609],[-58.6362438,-32.4397808],[-58.6371242,-32.4396662],[-58.6381166,-32.4394625],[-58.6396655,-32.4390505],[-58.6460529,-32.4370808],[-58.6831058,-32.4256789],[-58.6908918,-32.4232803],[-58.6935203,-32.4225286],[-58.696224,-32.4218494],[-58.699625,-32.4212335],[-58.705837,-32.4199384],[-58.7131426,-32.4183895],[-58.7144327,-32.418118],[-58.737299,-32.4129847],[-58.7456508,-32.4112468],[-58.75528812,-32.40927598]]]},"geometry_name":"geom","properties":{"gid":4889,"rtn":"39","typ":40,"rst":1,"hct":2,"fdc":"OpenStreetMap","sag":"IGN"},"bbox":[-58.75528812,-32.4876959,-58.3040406,-32.40927598]},{"type":"Feature","id":"vial_provincial.4916","geometry":{"type":"MultiLineString","coordinates":[[[-58.2381096,-32.1585082],[-58.238149,-32.1582759],[-58.2381632,-32.158208],[-58.2381761,-32.1581398],[-58.2381866,-32.1580864],[-58.2381924,-32.158036],[-58.2381947,-32.1579806],[-58.2381912,-32.1579391],[-58.2381854,-32.1578996],[-58.2381699,-32.1578289],[-58.23819096,-32.15762832],[-58.23826865,-32.15751362],[-58.23841664,-32.15746923],[-58.23877921,-32.15748773],[-58.23912698,-32.15741743],[-58.2389087,-32.1577541],[-58.23880881,-32.15797979],[-58.2385349,-32.1580802],[-58.2384759,-32.1580961],[-58.2384169,-32.1581234],[-58.2383498,-32.1581608],[-58.2383029,-32.158196],[-58.2382519,-32.158246],[-58.2382157,-32.1582914],[-58.2381849,-32.1583368],[-58.2381563,-32.1583922],[-58.2381096,-32.1585082]]]},"geometry_name":"geom","properties":{"gid":4916,"rtn":"130","typ":40,"rst":1,"hct":2,"fdc":"OpenStreetMap","sag":"IGN"},"bbox":[-58.23912698,-32.1585082,-58.2381096,-32.15741743]},{"type":"Feature","id":"vial_provincial.4940","geometry":{"type":"MultiLineString","coordinates":[[[-59.0255081,-31.876699],[-59.0254748,-31.8766955],[-59.0254438,-31.8766849],[-59.025417,-31.8766677],[-59.0253932,-31.8766403],[-59.0253805,-31.8766079],[-59.0253802,-31.8765738],[-59.0253923,-31.8765413],[-59.0254157,-31.8765136],[-59.0254421,-31.8764961],[-59.0254729,-31.876485],[-59.0255061,-31.8764811]]]},"geometry_name":"geom","properties":{"gid":4940,"rtn":"20","typ":40,"rst":1,"hct":2,"fdc":"OpenStreetMap","sag":"IGN"},"bbox":[-59.0255081,-31.876699,-59.0253802,-31.8764811]},{"type":"Feature","id":"vial_provincial.4941","geometry":{"type":"MultiLineString","coordinates":[[[-59.0255061,-31.8764811],[-59.0255434,-31.8764856],[-59.0255775,-31.876499],[-59.0256056,-31.8765203],[-59.0256252,-31.8765476],[-59.0256341,-31.876575],[-59.0256344,-31.8766035],[-59.025626,-31.876631],[-59.0256069,-31.8766585],[-59.0255792,-31.8766802],[-59.0255453,-31.8766941],[-59.0255081,-31.876699]]]},"geometry_name":"geom","properties":{"gid":4941,"rtn":"20","typ":40,"rst":1,"hct":2,"fdc":"OpenStreetMap","sag":"IGN"},"bbox":[-59.0256344,-31.876699,-59.0255061,-31.8764811]},{"type":"Feature","id":"vial_provincial.4901","geometry":{"type":"MultiLineString","coordinates":[[[-58.1427648,-32.2244798],[-58.1434959,-32.2237542],[-58.1442289,-32.2230263],[-58.1449514,-32.2223035],[-58.1456793,-32.2215856],[-58.1464072,-32.2208626],[-58.1471187,-32.2201559],[-58.1478034,-32.2194759],[-58.1478989,-32.2193811],[-58.1480322,-32.219341]]]},"geometry_name":"geom","properties":{"gid":4901,"rtn":"130","typ":40,"rst":1,"hct":2,"fdc":"OpenStreetMap","sag":"IGN"},"bbox":[-58.1480322,-32.2244798,-58.1427648,-32.219341]},{"type":"Feature","id":"vial_provincial.4902","geometry":{"type":"MultiLineString","coordinates":[[[-58.1480322,-32.219341],[-58.1480013,-32.2194546],[-58.1479063,-32.2195499],[-58.1472252,-32.2202329],[-58.1465184,-32.2209415],[-58.145794,-32.2216678],[-58.1450669,-32.222391],[-58.1443516,-32.223114],[-58.1436226,-32.223845],[-58.1428961,-32.2245732]]]},"geometry_name":"geom","properties":{"gid":4902,"rtn":"130","typ":40,"rst":1,"hct":2,"fdc":"OpenStreetMap","sag":"IGN"},"bbox":[-58.1480322,-32.2245732,-58.1428961,-32.219341]},{"type":"Feature","id":"vial_provincial.4903","geometry":{"type":"MultiLineString","coordinates":[[[-58.1480322,-32.219341],[-58.1486298,-32.2187129],[-58.1494007,-32.2179299],[-58.1500849,-32.2172064],[-58.150863,-32.2164643],[-58.1527316,-32.2145879],[-58.1533461,-32.2139717],[-58.1541921,-32.2131275],[-58.1551974,-32.2121273],[-58.1565294,-32.2107852],[-58.1578986,-32.2094055],[-58.1598468,-32.2074527],[-58.160812,-32.2064937],[-58.1617269,-32.2055746],[-58.1652917,-32.2019528],[-58.1668133,-32.2004248],[-58.1691293,-32.1980774],[-58.1723148,-32.1949083],[-58.1725801,-32.1946459]]]},"geometry_name":"geom","properties":{"gid":4903,"rtn":"130","typ":40,"rst":1,"hct":2,"fdc":"OpenStreetMap","sag":"IGN"},"bbox":[-58.1725801,-32.219341,-58.1480322,-32.1946459]},{"type":"Feature","id":"vial_provincial.4904","geometry":{"type":"MultiLineString","coordinates":[[[-58.2178055,-32.2080593],[-58.2179228,-32.2080755],[-58.2180362,-32.208082],[-58.2181787,-32.208072],[-58.2183161,-32.2080582],[-58.2184596,-32.2080154],[-58.21857,-32.2079774],[-58.2187013,-32.2079141],[-58.2188408,-32.2078188],[-58.2190773,-32.2075559]]]},"geometry_name":"geom","properties":{"gid":4904,"rtn":"130","typ":40,"rst":1,"hct":2,"fdc":"OpenStreetMap","sag":"IGN"},"bbox":[-58.2190773,-32.208082,-58.2178055,-32.2075559]},{"type":"Feature","id":"vial_provincial.4905","geometry":{"type":"MultiLineString","coordinates":[[[-58.2178055,-32.2080593],[-58.2169257,-32.2077783],[-58.2167634,-32.2077264],[-58.2161177,-32.2075202],[-58.2160091,-32.2074855],[-58.2154588,-32.2073097],[-58.2147334,-32.207078],[-58.2134397,-32.2066648],[-58.2120836,-32.2062315],[-58.2107567,-32.2058075],[-58.2094382,-32.2053865],[-58.2080876,-32.204951],[-58.2027328,-32.2032471],[-58.1974052,-32.2015551],[-58.1920282,-32.1998423],[-58.1867957,-32.1981702],[-58.181873,-32.196603],[-58.1813795,-32.1964478],[-58.181095,-32.1963583],[-58.1810332,-32.1963372],[-58.1805305,-32.196166],[-58.1755567,-32.1945721],[-58.1745591,-32.1942505]]]},"geometry_name":"geom","properties":{"gid":4905,"rtn":"130","typ":40,"rst":1,"hct":2,"fdc":"OpenStreetMap","sag":"IGN"},"bbox":[-58.2178055,-32.2080593,-58.1745591,-32.1942505]},{"type":"Feature","id":"vial_provincial.4906","geometry":{"type":"MultiLineString","coordinates":[[[-58.2190773,-32.2075559],[-58.2188273,-32.2082193],[-58.2187589,-32.2084298],[-58.2185062,-32.2083395],[-58.217918,-32.2081442],[-58.2178055,-32.2080593]]]},"geometry_name":"geom","properties":{"gid":4906,"rtn":"130","typ":40,"rst":1,"hct":2,"fdc":"OpenStreetMap","sag":"IGN"},"bbox":[-58.2190773,-32.2084298,-58.2178055,-32.2075559]},{"type":"Feature","id":"vial_provincial.4907","geometry":{"type":"MultiLineString","coordinates":[[[-58.2190773,-32.2075559],[-58.2191297,-32.2074408],[-58.2194389,-32.2067221],[-58.2195121,-32.2065529],[-58.2198987,-32.2056544],[-58.220304,-32.2047133],[-58.2206818,-32.203836],[-58.2210409,-32.2030021],[-58.2215473,-32.2018765],[-58.222183,-32.2004637],[-58.2224092,-32.1999611],[-58.2226975,-32.1993207],[-58.2231007,-32.1984245],[-58.2234754,-32.1975915],[-58.2238651,-32.1967257],[-58.2242458,-32.1958797],[-58.2246896,-32.194893],[-58.2250777,-32.1940229],[-58.2254584,-32.1931712],[-58.2263591,-32.1911565],[-58.2267901,-32.1901923],[-58.2272009,-32.1892702],[-58.2275742,-32.1884322],[-58.2279707,-32.1875423],[-58.2284091,-32.1865581],[-58.228799,-32.1856829],[-58.2308919,-32.1809851],[-58.2312969,-32.1800357],[-58.2316955,-32.1791016],[-58.2318633,-32.1787082],[-58.2323723,-32.1775151],[-58.2328589,-32.1763746],[-58.2335335,-32.1747921],[-58.2348021,-32.1718161],[-58.2368053,-32.1671796],[-58.2370856,-32.1665125],[-58.2390536,-32.161914],[-58.23909,-32.1618179],[-58.2391199,-32.1617373],[-58.2391381,-32.1616665],[-58.2391511,-32.161592],[-58.2391611,-32.1615043],[-58.2391649,-32.1614219],[-58.2391622,-32.1613461],[-58.2391559,-32.1612654],[-58.2391414,-32.1611818],[-58.2391201,-32.1610956],[-58.2390918,-32.1610083],[-58.2390542,-32.160915],[-58.2390143,-32.1608288],[-58.2389547,-32.1607135],[-58.2388904,-32.1605943],[-58.2386149,-32.1600417],[-58.2382417,-32.159293],[-58.2382053,-32.1592118],[-58.2381824,-32.1591543],[-58.2381564,-32.1590881],[-58.2381397,-32.1590356],[-58.2381198,-32.1589686],[-58.2381055,-32.1589056],[-58.2380958,-32.1588427],[-58.2380908,-32.1587847],[-58.2380884,-32.1587319],[-58.2380882,-32.1586792],[-58.2380942,-32.1586184],[-58.2380996,-32.1585643],[-58.2381096,-32.1585082]]]},"geometry_name":"geom","properties":{"gid":4907,"rtn":"130","typ":40,"rst":1,"hct":2,"fdc":"OpenStreetMap","sag":"IGN"},"bbox":[-58.2391649,-32.2075559,-58.2190773,-32.1585082]},{"type":"Feature","id":"vial_provincial.4908","geometry":{"type":"MultiLineString","coordinates":[[[-58.1725801,-32.1946459],[-58.1727751,-32.1944198],[-58.173058,-32.1941338],[-58.1731554,-32.1940387]]]},"geometry_name":"geom","properties":{"gid":4908,"rtn":"130","typ":40,"rst":1,"hct":2,"fdc":"OpenStreetMap","sag":"IGN"},"bbox":[-58.1731554,-32.1946459,-58.1725801,-32.1940387]},{"type":"Feature","id":"vial_provincial.4909","geometry":{"type":"MultiLineString","coordinates":[[[-58.1734239,-32.1942832],[-58.1730806,-32.194405],[-58.1728679,-32.1944993],[-58.1727376,-32.1945754],[-58.1725801,-32.1946459]]]},"geometry_name":"geom","properties":{"gid":4909,"rtn":"130","typ":40,"rst":1,"hct":2,"fdc":"OpenStreetMap","sag":"IGN"},"bbox":[-58.1734239,-32.1946459,-58.1725801,-32.1942832]},{"type":"Feature","id":"vial_provincial.4910","geometry":{"type":"MultiLineString","coordinates":[[[-58.1734239,-32.1942832],[-58.1733249,-32.1942552],[-58.1732346,-32.1941741],[-58.1731554,-32.1940387]]]},"geometry_name":"geom","properties":{"gid":4910,"rtn":"130","typ":40,"rst":1,"hct":2,"fdc":"OpenStreetMap","sag":"IGN"},"bbox":[-58.1734239,-32.1942832,-58.1731554,-32.1940387]},{"type":"Feature","id":"vial_provincial.4911","geometry":{"type":"MultiLineString","coordinates":[[[-58.1735363,-32.1942566],[-58.1734239,-32.1942832]]]},"geometry_name":"geom","properties":{"gid":4911,"rtn":"130","typ":40,"rst":1,"hct":2,"fdc":"OpenStreetMap","sag":"IGN"},"bbox":[-58.1735363,-32.1942832,-58.1734239,-32.1942566]},{"type":"Feature","id":"vial_provincial.4912","geometry":{"type":"MultiLineString","coordinates":[[[-58.1745591,-32.1942505],[-58.1740258,-32.1942089],[-58.1737188,-32.1942159],[-58.1735363,-32.1942566]]]},"geometry_name":"geom","properties":{"gid":4912,"rtn":"130","typ":40,"rst":1,"hct":2,"fdc":"OpenStreetMap","sag":"IGN"},"bbox":[-58.1745591,-32.1942566,-58.1735363,-32.1942089]},{"type":"Feature","id":"vial_provincial.4913","geometry":{"type":"MultiLineString","coordinates":[[[-58.1731554,-32.1940387],[-58.1732565,-32.193959],[-58.1733799,-32.1939113],[-58.1735489,-32.1939261]]]},"geometry_name":"geom","properties":{"gid":4913,"rtn":"130","typ":40,"rst":1,"hct":2,"fdc":"OpenStreetMap","sag":"IGN"},"bbox":[-58.1735489,-32.1940387,-58.1731554,-32.1939113]},{"type":"Feature","id":"vial_provincial.4914","geometry":{"type":"MultiLineString","coordinates":[[[-58.1735489,-32.1939261],[-58.1736696,-32.1939488],[-58.1745591,-32.1942505]]]},"geometry_name":"geom","properties":{"gid":4914,"rtn":"130","typ":40,"rst":1,"hct":2,"fdc":"OpenStreetMap","sag":"IGN"},"bbox":[-58.1745591,-32.1942505,-58.1735489,-32.1939261]},{"type":"Feature","id":"vial_provincial.4930","geometry":{"type":"MultiLineString","coordinates":[[[-58.9200837,-32.3584307],[-58.9199563,-32.358027],[-58.9187912,-32.354561],[-58.9186605,-32.3541598],[-58.9044798,-32.3105972],[-58.9041304,-32.3094897],[-58.9039731,-32.3088942],[-58.9039265,-32.3085939],[-58.9038916,-32.3083675],[-58.9038974,-32.3080032],[-58.9039324,-32.3075849],[-58.9040139,-32.3071271],[-58.904177,-32.3064232],[-58.9141875,-32.2695572],[-58.9159346,-32.2628921],[-58.9242713,-32.2319272],[-58.9247112,-32.2301484],[-58.9250116,-32.2288233],[-58.9291422,-32.2090723],[-58.9311271,-32.1999214],[-58.9312022,-32.1993222],[-58.931288,-32.1986686],[-58.9312558,-32.1980966],[-58.9311271,-32.1974157],[-58.9298718,-32.191832],[-58.9298289,-32.1915596],[-58.9298503,-32.1912781],[-58.9299254,-32.1909694],[-58.9301078,-32.1906425],[-58.9304082,-32.1903157],[-58.9324682,-32.1880276],[-58.9328544,-32.1874919],[-58.9332299,-32.1869925],[-58.9335411,-32.1864658],[-58.9336269,-32.1863205],[-58.9339702,-32.1856395],[-58.934217,-32.185013],[-58.934335,-32.1846135],[-58.9344423,-32.1842049],[-58.9345079,-32.1839781],[-58.9347679,-32.1827755],[-58.9349895,-32.1816987],[-58.9359981,-32.1769942],[-58.9361766,-32.1761762],[-58.9362464,-32.1757784],[-58.9364881,-32.1746994],[-58.936601,-32.174146],[-58.9369957,-32.1720275],[-58.9406006,-32.154871],[-58.9406791,-32.1546651],[-58.9408152,-32.1543078],[-58.9410942,-32.1538446],[-58.9502914,-32.1398434],[-58.9504914,-32.1395172],[-58.9721863,-32.1059722],[-58.9726048,-32.1052543],[-58.9730017,-32.1044454],[-58.9747178,-32.1007385],[-58.9749485,-32.1001932],[-58.9794283,-32.0894578],[-58.9898353,-32.0653397],[-58.9900498,-32.0648032],[-58.9901464,-32.0643032],[-58.9901893,-32.0637576],[-58.9901786,-32.0631848],[-58.9900984,-32.0607895],[-58.9890735,-32.0388597],[-58.9890628,-32.0381139],[-58.9890628,-32.0374046],[-58.9892023,-32.0319384],[-58.9891808,-32.0313108],[-58.9891486,-32.0305923],[-58.9886873,-32.0255259],[-58.9886122,-32.0247436],[-58.9886122,-32.0241524],[-58.9878075,-32.0025282],[-58.9877753,-32.0021097],[-58.9877217,-32.0016912],[-58.9871531,-31.9990435],[-58.987078,-31.9985431],[-58.9870565,-31.9980154],[-58.9870565,-31.997151],[-58.9871745,-31.9857039],[-58.9872174,-31.9851397],[-58.9873354,-31.9846847],[-58.9875929,-31.9841387],[-58.9908974,-31.9777138],[-59.0004354,-31.9590553],[-59.0050112,-31.9502026],[-59.0052526,-31.9496608],[-59.005502,-31.9489144],[-59.0087963,-31.9356243],[-59.0097177,-31.9319011],[-59.0099793,-31.9308353],[-59.0100702,-31.9304602],[-59.0100457,-31.9300452],[-59.0099303,-31.9296195],[-59.009144,-31.926556],[-59.0059757,-31.9134172],[-59.0056076,-31.9119365],[-59.0055423,-31.9115546],[-59.0054994,-31.9108806],[-59.0052955,-31.905753],[-59.0052311,-31.9051246],[-59.0050595,-31.9044506],[-58.9990939,-31.8895055],[-58.9986894,-31.8884489]]]},"geometry_name":"geom","properties":{"gid":4930,"rtn":"20","typ":40,"rst":1,"hct":2,"fdc":"OpenStreetMap","sag":"IGN"},"bbox":[-59.0100702,-32.3584307,-58.9038916,-31.8884489]},{"type":"Feature","id":"vial_provincial.4931","geometry":{"type":"MultiLineString","coordinates":[[[-58.9986894,-31.8884489],[-58.9985522,-31.8881746],[-58.9985058,-31.8880807]]]},"geometry_name":"geom","properties":{"gid":4931,"rtn":"20","typ":40,"rst":1,"hct":2,"fdc":"OpenStreetMap","sag":"IGN"},"bbox":[-58.9986894,-31.8884489,-58.9985058,-31.8880807]},{"type":"Feature","id":"vial_provincial.4932","geometry":{"type":"MultiLineString","coordinates":[[[-58.9985058,-31.8880807],[-58.9983613,-31.888011],[-58.9983186,-31.8879212],[-58.9983242,-31.8878398],[-58.998373,-31.887757],[-58.9986042,-31.8876994]]]},"geometry_name":"geom","properties":{"gid":4932,"rtn":"20","typ":40,"rst":1,"hct":2,"fdc":"OpenStreetMap","sag":"IGN"},"bbox":[-58.9986042,-31.8880807,-58.9983186,-31.8876994]},{"type":"Feature","id":"vial_provincial.4933","geometry":{"type":"MultiLineString","coordinates":[[[-58.9987348,-31.8880623],[-58.9987004,-31.8882305],[-58.9986894,-31.8884489]]]},"geometry_name":"geom","properties":{"gid":4933,"rtn":"20","typ":40,"rst":1,"hct":2,"fdc":"OpenStreetMap","sag":"IGN"},"bbox":[-58.9987348,-31.8884489,-58.9986894,-31.8880623]},{"type":"Feature","id":"vial_provincial.4934","geometry":{"type":"MultiLineString","coordinates":[[[-58.9987348,-31.8880623],[-58.9986179,-31.8880919],[-58.9985058,-31.8880807]]]},"geometry_name":"geom","properties":{"gid":4934,"rtn":"20","typ":40,"rst":1,"hct":2,"fdc":"OpenStreetMap","sag":"IGN"},"bbox":[-58.9987348,-31.8880919,-58.9985058,-31.8880623]},{"type":"Feature","id":"vial_provincial.4943","geometry":{"type":"MultiLineString","coordinates":[[[-59.0265697,-31.8717307],[-59.0265573,-31.8707872],[-59.0265455,-31.8698962],[-59.0265292,-31.8689998],[-59.02652,-31.8680928],[-59.026516,-31.8672242],[-59.0264913,-31.8663449],[-59.0264967,-31.865452],[-59.0264918,-31.8645299],[-59.0264832,-31.863599],[-59.0264983,-31.8626914],[-59.0264741,-31.8618111],[-59.0264494,-31.8608783],[-59.0264107,-31.8599294],[-59.0263734,-31.8589703],[-59.0263415,-31.858015],[-59.0263223,-31.8570621],[-59.0262929,-31.8560848],[-59.0262783,-31.8551267],[-59.026259,-31.8541092],[-59.0271515,-31.8541041]]]},"geometry_name":"geom","properties":{"gid":4943,"rtn":"20","typ":40,"rst":1,"hct":2,"fdc":"OpenStreetMap","sag":"IGN"},"bbox":[-59.0271515,-31.8717307,-59.026259,-31.8541041]},{"type":"Feature","id":"vial_provincial.4944","geometry":{"type":"MultiLineString","coordinates":[[[-59.0272544,-31.8541979],[-59.0272538,-31.8551118],[-59.0272756,-31.8560854],[-59.027312,-31.8570393],[-59.0273411,-31.8580015],[-59.0273588,-31.8589619],[-59.0273838,-31.85991],[-59.0273863,-31.8608626],[-59.0273949,-31.8618007],[-59.0274098,-31.8626912],[-59.0274394,-31.8635953],[-59.0274514,-31.864509],[-59.0274721,-31.865448],[-59.0274962,-31.8663388],[-59.0275117,-31.8672212],[-59.0275267,-31.8680718],[-59.0275408,-31.8689932],[-59.0275588,-31.8698882],[-59.0275621,-31.8707788],[-59.0275874,-31.8717223],[-59.0265697,-31.8717307]]]},"geometry_name":"geom","properties":{"gid":4944,"rtn":"20","typ":40,"rst":1,"hct":2,"fdc":"OpenStreetMap","sag":"IGN"},"bbox":[-59.0275874,-31.8717307,-59.0265697,-31.8541979]},{"type":"Feature","id":"vial_provincial.4945","geometry":{"type":"MultiLineString","coordinates":[[[-59.0272544,-31.8541979],[-59.02722,-31.8541878],[-59.0271846,-31.8541684],[-59.0271607,-31.854139],[-59.0271515,-31.8541041]]]},"geometry_name":"geom","properties":{"gid":4945,"rtn":"20","typ":40,"rst":1,"hct":2,"fdc":"OpenStreetMap","sag":"IGN"},"bbox":[-59.0272544,-31.8541979,-59.0271515,-31.8541041]},{"type":"Feature","id":"vial_provincial.4946","geometry":{"type":"MultiLineString","coordinates":[[[-59.0271515,-31.8541041],[-59.0271594,-31.8540689],[-59.02717459,-31.85404361],[-59.0271985,-31.8540285]]]},"geometry_name":"geom","properties":{"gid":4946,"rtn":"20","typ":40,"rst":1,"hct":2,"fdc":"OpenStreetMap","sag":"IGN"},"bbox":[-59.0271985,-31.8541041,-59.0271515,-31.8540285]},{"type":"Feature","id":"vial_provincial.4947","geometry":{"type":"MultiLineString","coordinates":[[[-59.0271985,-31.8540285],[-59.02722332,-31.85401494],[-59.027258,-31.854011],[-59.02729152,-31.854014],[-59.0273175,-31.8540252]]]},"geometry_name":"geom","properties":{"gid":4947,"rtn":"20","typ":40,"rst":1,"hct":2,"fdc":"OpenStreetMap","sag":"IGN"},"bbox":[-59.0273175,-31.8540285,-59.0271985,-31.854011]},{"type":"Feature","id":"vial_provincial.4973","geometry":{"type":"MultiLineString","coordinates":[[[-59.7415483,-32.858512],[-59.7471497,-32.8548125],[-59.7479542,-32.8542914],[-59.7487587,-32.8539657],[-59.7496892,-32.8537051],[-59.7506295,-32.8535585],[-59.7586165,-32.8525895],[-59.761556,-32.8520922],[-59.7700471,-32.8502672],[-59.7813078,-32.8479969],[-59.7835081,-32.8476793],[-59.7998698,-32.8461077],[-59.8010136,-32.8460507],[-59.8015093,-32.8460779],[-59.8020508,-32.8461077],[-59.8275168,-32.8496122],[-59.8321281,-32.85022],[-59.8367517,-32.8510587],[-59.8444479,-32.8526384],[-59.8461539,-32.8530455],[-59.8482282,-32.8533957],[-59.848771,-32.853469],[-59.8493332,-32.8535015],[-59.8502055,-32.853469],[-59.8566435,-32.8529153],[-59.8571591,-32.8527963],[-59.857597,-32.8526144],[-59.8579808,-32.8523457],[-59.8583425,-32.8519303],[-59.8587377,-32.8513242],[-59.8597237,-32.8498832],[-59.8606104,-32.8485742],[-59.8608171,-32.8482691],[-59.8611168,-32.8478266],[-59.8628122,-32.8453236],[-59.86336,-32.8444562],[-59.8637674,-32.8436228],[-59.8647417,-32.8416157],[-59.8651757,-32.8407092],[-59.8654065,-32.8402272],[-59.8659114,-32.8391725],[-59.8664008,-32.8385775],[-59.8669246,-32.838066],[-59.8680862,-32.8371632],[-59.8683972,-32.8369006],[-59.8685101,-32.8368052],[-59.8688391,-32.8364397],[-59.8699716,-32.834761],[-59.870907,-32.8333745],[-59.8768919,-32.8244987],[-59.8784614,-32.8221708],[-59.8896395,-32.8055905],[-59.8957267,-32.7966887],[-59.8960273,-32.796248],[-59.9030347,-32.7858912],[-59.904502,-32.7837224],[-59.9048134,-32.7832761],[-59.9052098,-32.7828357],[-59.9054646,-32.782556],[-59.9058788,-32.7822149],[-59.9065154,-32.7817896],[-59.9069459,-32.7814858],[-59.9105203,-32.7789213],[-59.9139117,-32.7765991],[-59.9155714,-32.7754626],[-59.9162868,-32.7749727],[-59.9169677,-32.7745065],[-59.9175032,-32.7741398],[-59.9192769,-32.772911],[-59.9254929,-32.7686042],[-59.9261841,-32.7679889],[-59.9284697,-32.7656729],[-59.9318285,-32.7622378],[-59.9527383,-32.7408498],[-59.9617719,-32.7326705],[-59.9650516,-32.7297057],[-60.0007534,-32.6974256],[-60.0029085,-32.6954816],[-60.0049313,-32.6936089],[-60.0059776,-32.6926995],[-60.0073723,-32.6914461],[-60.0097345,-32.6893019],[-60.010934,-32.6882186],[-60.0115444,-32.6876619],[-60.0121595,-32.6871386],[-60.016514,-32.6837728],[-60.0189215,-32.6819073],[-60.0198389,-32.6811955],[-60.0213807,-32.6799835],[-60.0224125,-32.6791712],[-60.0234915,-32.6783093],[-60.0283965,-32.6745324],[-60.0288599,-32.6741746],[-60.0291269,-32.6739905],[-60.0294503,-32.6737865],[-60.0299278,-32.6735046],[-60.0346055,-32.6709022],[-60.0402416,-32.6677665],[-60.0490075,-32.6628893],[-60.0524075,-32.6609797]]]},"geometry_name":"geom","properties":{"gid":4973,"rtn":"11","typ":40,"rst":1,"hct":2,"fdc":"OpenStreetMap","sag":"IGN"},"bbox":[-60.0524075,-32.858512,-59.7415483,-32.6609797]},{"type":"Feature","id":"vial_provincial.4974","geometry":{"type":"MultiLineString","coordinates":[[[-60.0524075,-32.6609797],[-60.0529054,-32.6606812],[-60.0535598,-32.660311],[-60.0538638,-32.6601157],[-60.0542035,-32.6599374],[-60.054461,-32.6598064],[-60.0548957,-32.6595781],[-60.0552217,-32.6594459]]]},"geometry_name":"geom","properties":{"gid":4974,"rtn":"11","typ":40,"rst":1,"hct":2,"fdc":"OpenStreetMap","sag":"IGN"},"bbox":[-60.0552217,-32.6609797,-60.0524075,-32.6594459]},{"type":"Feature","id":"vial_provincial.4975","geometry":{"type":"MultiLineString","coordinates":[[[-60.0552217,-32.6594459],[-60.0550163,-32.6595709],[-60.0547119,-32.6597434],[-60.0542124,-32.6600129],[-60.0538981,-32.6601716],[-60.0529523,-32.6607173],[-60.0524075,-32.6609797]]]},"geometry_name":"geom","properties":{"gid":4975,"rtn":"11","typ":40,"rst":1,"hct":2,"fdc":"OpenStreetMap","sag":"IGN"},"bbox":[-60.0552217,-32.6609797,-60.0524075,-32.6594459]},{"type":"Feature","id":"vial_provincial.4976","geometry":{"type":"MultiLineString","coordinates":[[[-60.0552217,-32.6594459],[-60.0559041,-32.6591267],[-60.057038,-32.6586909],[-60.0580428,-32.6583809],[-60.063722,-32.6566286],[-60.070658,-32.6544886],[-60.0847442,-32.6501039],[-60.0910375,-32.6481471],[-60.0929594,-32.6475496],[-60.0965825,-32.646423],[-60.1090214,-32.6425552],[-60.109951,-32.6422295],[-60.1107021,-32.6418953],[-60.1116236,-32.6411616],[-60.1134137,-32.63944],[-60.1137635,-32.6391035],[-60.1147626,-32.6381294],[-60.1196829,-32.633332],[-60.1219049,-32.6311596],[-60.1239507,-32.6291595],[-60.1260163,-32.6271399],[-60.1280505,-32.6251552],[-60.1296114,-32.6236131],[-60.1301789,-32.6230524],[-60.131483,-32.621764],[-60.1316436,-32.6215936],[-60.13170644,-32.621523]]]},"geometry_name":"geom","properties":{"gid":4976,"rtn":"11","typ":40,"rst":1,"hct":2,"fdc":"OpenStreetMap","sag":"IGN"},"bbox":[-60.13170644,-32.6594459,-60.0552217,-32.621523]},{"type":"Feature","id":"vial_provincial.4977","geometry":{"type":"MultiLineString","coordinates":[[[-60.1321439,-32.621284],[-60.1320256,-32.6213173],[-60.1319075,-32.6213625],[-60.1318271,-32.6214258],[-60.13170644,-32.621523]]]},"geometry_name":"geom","properties":{"gid":4977,"rtn":"11","typ":40,"rst":1,"hct":2,"fdc":"OpenStreetMap","sag":"IGN"},"bbox":[-60.1321439,-32.621523,-60.13170644,-32.621284]},{"type":"Feature","id":"vial_provincial.4978","geometry":{"type":"MultiLineString","coordinates":[[[-60.13170644,-32.621523],[-60.1317528,-32.6214615],[-60.1318217,-32.621358],[-60.1318689,-32.6212457],[-60.1319166,-32.6210946]]]},"geometry_name":"geom","properties":{"gid":4978,"rtn":"11","typ":40,"rst":1,"hct":2,"fdc":"OpenStreetMap","sag":"IGN"},"bbox":[-60.1319166,-32.621523,-60.13170644,-32.6210946]},{"type":"Feature","id":"vial_provincial.4983","geometry":{"type":"MultiLineString","coordinates":[[[-60.131912,-32.62102583],[-60.1319422,-32.6209626],[-60.1319889,-32.6209074],[-60.1320635,-32.6208621],[-60.1321073,-32.6208482],[-60.1322082,-32.6208414],[-60.1322589,-32.6208566]]]},"geometry_name":"geom","properties":{"gid":4983,"rtn":"11","typ":40,"rst":1,"hct":2,"fdc":"OpenStreetMap","sag":"IGN"},"bbox":[-60.1322589,-32.62102583,-60.131912,-32.6208414]},{"type":"Feature","id":"vial_provincial.4984","geometry":{"type":"MultiLineString","coordinates":[[[-60.131912,-32.62102583],[-60.1318646,-32.6209288],[-60.1318164,-32.6208475],[-60.1317616,-32.6207804],[-60.1316612,-32.6206888]]]},"geometry_name":"geom","properties":{"gid":4984,"rtn":"11","typ":40,"rst":1,"hct":2,"fdc":"OpenStreetMap","sag":"IGN"},"bbox":[-60.131912,-32.62102583,-60.1316612,-32.6206888]},{"type":"Feature","id":"vial_provincial.4988","geometry":{"type":"MultiLineString","coordinates":[[[-60.1381737,-32.615215],[-60.1383575,-32.6150788],[-60.1389966,-32.6144595],[-60.1391023,-32.614345],[-60.1392847,-32.6141691],[-60.1393798,-32.6140775],[-60.1399036,-32.6135515],[-60.1405946,-32.6128924],[-60.1407588,-32.612738],[-60.1408668,-32.6126327],[-60.1411202,-32.6123856],[-60.1411761,-32.6122994]]]},"geometry_name":"geom","properties":{"gid":4988,"rtn":"11","typ":40,"rst":1,"hct":2,"fdc":"OpenStreetMap","sag":"IGN"},"bbox":[-60.1411761,-32.615215,-60.1381737,-32.6122994]},{"type":"Feature","id":"vial_provincial.4989","geometry":{"type":"MultiLineString","coordinates":[[[-60.1381737,-32.615215],[-60.1383218,-32.6150327],[-60.1388323,-32.6145202],[-60.1389451,-32.6144111],[-60.1390268,-32.6143304],[-60.1390841,-32.6142708],[-60.1392223,-32.61413],[-60.139402,-32.6139505],[-60.1400944,-32.6132787],[-60.1404288,-32.6129542],[-60.1405388,-32.6128474],[-60.1406985,-32.6126925],[-60.1410463,-32.6123524],[-60.1411761,-32.6122994]]]},"geometry_name":"geom","properties":{"gid":4989,"rtn":"11","typ":40,"rst":1,"hct":2,"fdc":"OpenStreetMap","sag":"IGN"},"bbox":[-60.1411761,-32.615215,-60.1381737,-32.6122994]},{"type":"Feature","id":"vial_provincial.4990","geometry":{"type":"MultiLineString","coordinates":[[[-60.1646201,-32.6110615],[-60.1646321,-32.6111284],[-60.1646157,-32.611213],[-60.1645792,-32.6112594],[-60.1645214,-32.6112908],[-60.1644246,-32.6113048],[-60.1643323,-32.6113046],[-60.1642729,-32.611268],[-60.1642314,-32.6112417]]]},"geometry_name":"geom","properties":{"gid":4990,"rtn":"11","typ":40,"rst":1,"hct":2,"fdc":"OpenStreetMap","sag":"IGN"},"bbox":[-60.1646321,-32.6113048,-60.1642314,-32.6110615]},{"type":"Feature","id":"vial_provincial.4991","geometry":{"type":"MultiLineString","coordinates":[[[-60.1642314,-32.6112417],[-60.1641943,-32.6111598],[-60.1641922,-32.6110951],[-60.1642045,-32.6110558],[-60.164244,-32.6110003],[-60.1642811,-32.6109717]]]},"geometry_name":"geom","properties":{"gid":4991,"rtn":"11","typ":40,"rst":1,"hct":2,"fdc":"OpenStreetMap","sag":"IGN"},"bbox":[-60.1642811,-32.6112417,-60.1641922,-32.6109717]},{"type":"Feature","id":"vial_provincial.4992","geometry":{"type":"MultiLineString","coordinates":[[[-60.1642314,-32.6112417],[-60.1638163,-32.6109683]]]},"geometry_name":"geom","properties":{"gid":4992,"rtn":"11","typ":40,"rst":1,"hct":2,"fdc":"OpenStreetMap","sag":"IGN"},"bbox":[-60.1642314,-32.6112417,-60.1638163,-32.6109683]},{"type":"Feature","id":"vial_provincial.4993","geometry":{"type":"MultiLineString","coordinates":[[[-60.1638163,-32.6109683],[-60.1642811,-32.6109717]]]},"geometry_name":"geom","properties":{"gid":4993,"rtn":"11","typ":40,"rst":1,"hct":2,"fdc":"OpenStreetMap","sag":"IGN"},"bbox":[-60.1642811,-32.6109717,-60.1638163,-32.6109683]},{"type":"Feature","id":"vial_provincial.4995","geometry":{"type":"MultiLineString","coordinates":[[[-60.1643733,-32.6109389],[-60.1644501,-32.6109391],[-60.1645203,-32.6109605],[-60.1645795,-32.6110017],[-60.1646201,-32.6110615]]]},"geometry_name":"geom","properties":{"gid":4995,"rtn":"11","typ":40,"rst":1,"hct":2,"fdc":"OpenStreetMap","sag":"IGN"},"bbox":[-60.1646201,-32.6110615,-60.1643733,-32.6109389]},{"type":"Feature","id":"vial_provincial.4996","geometry":{"type":"MultiLineString","coordinates":[[[-60.1638163,-32.6109683],[-60.1630491,-32.6104667]]]},"geometry_name":"geom","properties":{"gid":4996,"rtn":"11","typ":40,"rst":1,"hct":2,"fdc":"OpenStreetMap","sag":"IGN"},"bbox":[-60.1638163,-32.6109683,-60.1630491,-32.6104667]},{"type":"Feature","id":"vial_provincial.4997","geometry":{"type":"MultiLineString","coordinates":[[[-60.1643733,-32.6109389],[-60.1645823,-32.6108255],[-60.1646735,-32.6107306],[-60.1649717,-32.6102398]]]},"geometry_name":"geom","properties":{"gid":4997,"rtn":"11","typ":40,"rst":1,"hct":2,"fdc":"OpenStreetMap","sag":"IGN"},"bbox":[-60.1649717,-32.6109389,-60.1643733,-32.6102398]},{"type":"Feature","id":"vial_provincial.4961","geometry":{"type":"MultiLineString","coordinates":[[[-59.3684441,-32.7253762],[-59.3683107,-32.7253876],[-59.3682142,-32.7254305],[-59.3681377,-32.7255106],[-59.3680896,-32.7256034]]]},"geometry_name":"geom","properties":{"gid":4961,"rtn":"9","typ":40,"rst":3,"hct":2,"fdc":"OpenStreetMap","sag":"IGN"},"bbox":[-59.3684441,-32.7256034,-59.3680896,-32.7253762]},{"type":"Feature","id":"vial_provincial.4962","geometry":{"type":"MultiLineString","coordinates":[[[-59.3684441,-32.7253762],[-59.3687417,-32.7254281],[-59.3724013,-32.7263569],[-59.3728336,-32.7264712],[-59.3771124,-32.7275674],[-59.3782289,-32.7278416],[-59.3792474,-32.7280344],[-59.380271,-32.7282025],[-59.3819116,-32.7283181],[-59.3832731,-32.7283217],[-59.3845975,-32.7282192],[-59.3854113,-32.7280938],[-59.3864788,-32.7279755],[-59.3897171,-32.7274769],[-59.3915538,-32.7271745],[-59.3912815,-32.7261327],[-59.3910477,-32.7250811],[-59.3907961,-32.7240147],[-59.3905524,-32.7229631],[-59.3904375,-32.7225206]]]},"geometry_name":"geom","properties":{"gid":4962,"rtn":"9","typ":40,"rst":3,"hct":2,"fdc":"OpenStreetMap","sag":"IGN"},"bbox":[-59.3915538,-32.7283217,-59.3684441,-32.7225206]},{"type":"Feature","id":"vial_provincial.4963","geometry":{"type":"MultiLineString","coordinates":[[[-59.3680519,-32.7252951],[-59.3684441,-32.7253762]]]},"geometry_name":"geom","properties":{"gid":4963,"rtn":"9","typ":40,"rst":3,"hct":2,"fdc":"OpenStreetMap","sag":"IGN"},"bbox":[-59.3684441,-32.7253762,-59.3680519,-32.7252951]},{"type":"Feature","id":"vial_provincial.4964","geometry":{"type":"MultiLineString","coordinates":[[[-59.368033,-32.7251353],[-59.3681887,-32.7252579],[-59.3682946,-32.7253132],[-59.3684441,-32.7253762]]]},"geometry_name":"geom","properties":{"gid":4964,"rtn":"9","typ":40,"rst":3,"hct":2,"fdc":"OpenStreetMap","sag":"IGN"},"bbox":[-59.3684441,-32.7253762,-59.368033,-32.7251353]},{"type":"Feature","id":"vial_provincial.4965","geometry":{"type":"MultiLineString","coordinates":[[[-59.3904375,-32.7225206],[-59.3903013,-32.7223664],[-59.3902033,-32.7219118],[-59.3899665,-32.7208377],[-59.3897362,-32.7197931],[-59.3898442,-32.7197791]]]},"geometry_name":"geom","properties":{"gid":4965,"rtn":"9","typ":40,"rst":3,"hct":2,"fdc":"OpenStreetMap","sag":"IGN"},"bbox":[-59.3904375,-32.7225206,-59.3897362,-32.7197791]},{"type":"Feature","id":"vial_provincial.4966","geometry":{"type":"MultiLineString","coordinates":[[[-59.3898442,-32.7197791],[-59.390097,-32.7208242],[-59.3903217,-32.7218878],[-59.3904376,-32.7223504],[-59.3904375,-32.7225206]]]},"geometry_name":"geom","properties":{"gid":4966,"rtn":"9","typ":40,"rst":3,"hct":2,"fdc":"OpenStreetMap","sag":"IGN"},"bbox":[-59.3904376,-32.7225206,-59.3898442,-32.7197791]},{"type":"Feature","id":"vial_provincial.4967","geometry":{"type":"MultiLineString","coordinates":[[[-60.0537496,-32.6598399],[-60.0537318,-32.6597545],[-60.0537077,-32.6596394],[-60.053705,-32.6595152],[-60.0537854,-32.6592035],[-60.0539211,-32.658548],[-60.0540475,-32.6579619],[-60.0541541,-32.6575392],[-60.0544252,-32.6570827],[-60.054795,-32.6566884],[-60.0554235,-32.6562422],[-60.0561136,-32.6557857],[-60.0564957,-32.655547],[-60.0567915,-32.6552773],[-60.0571365,-32.6548726],[-60.0591391,-32.6504794],[-60.0592641,-32.6500178],[-60.059212,-32.6496022],[-60.0590248,-32.6491465],[-60.0587577,-32.6487852],[-60.0584404,-32.6485067],[-60.0464649,-32.6441291],[-60.0461969,-32.6440726],[-60.0457036,-32.6440577],[-60.0319161,-32.6463102],[-60.0264519,-32.647337],[-60.0175777,-32.6490045],[-60.0026442,-32.650254],[-60.0022371,-32.650347],[-60.0011583,-32.6506637],[-59.9877614,-32.6562075],[-59.9792248,-32.6596808],[-59.9788407,-32.6600358],[-59.9770554,-32.6624465],[-59.9760812,-32.6638501],[-59.9756104,-32.664347],[-59.9752374,-32.6646179],[-59.9748131,-32.6647664],[-59.9695785,-32.6655838],[-59.9656163,-32.6663723],[-59.96486,-32.6665371],[-59.9642747,-32.6667945],[-59.9612452,-32.6693588],[-59.9601243,-32.669919],[-59.9526896,-32.6731217],[-59.9411723,-32.6753861],[-59.9407914,-32.6755161],[-59.9403462,-32.6757776],[-59.9399619,-32.6762909],[-59.9398119,-32.6767204],[-59.939836,-32.6773236],[-59.940246,-32.6788519],[-59.9402024,-32.6791627],[-59.9400243,-32.679575],[-59.9395726,-32.6800802],[-59.9388468,-32.6804445],[-59.9353807,-32.6810574],[-59.9210976,-32.6836436],[-59.9195553,-32.6838377],[-59.9170897,-32.6838635],[-59.9160228,-32.6839966],[-59.9045682,-32.6866194],[-59.9040505,-32.6868031],[-59.9035742,-32.6871165],[-59.9033086,-32.6873684],[-59.9030029,-32.6879653],[-59.9029793,-32.6886032],[-59.9031831,-32.6895567],[-59.9032754,-32.6901671],[-59.9031375,-32.6906926],[-59.9012219,-32.6931856],[-59.9010572,-32.693572],[-59.9010746,-32.6941442],[-59.9011993,-32.6945463],[-59.9014263,-32.6955638],[-59.9012283,-32.6961308],[-59.9008507,-32.6965958],[-59.9002278,-32.6970197],[-59.893245,-32.6984526],[-59.8877025,-32.6997364],[-59.8824384,-32.7009643],[-59.8764774,-32.7024991],[-59.8635154,-32.7056458],[-59.8546539,-32.7078107],[-59.8540788,-32.7080084],[-59.8535011,-32.7085072],[-59.853353,-32.7087207],[-59.8532677,-32.7091183],[-59.8533289,-32.7095006],[-59.8534903,-32.7098888],[-59.8541829,-32.7110971],[-59.8550289,-32.7134505],[-59.8564839,-32.7182866],[-59.8563372,-32.7189966],[-59.8561264,-32.719331],[-59.8553304,-32.7198637],[-59.8477794,-32.7221847],[-59.8472944,-32.7223571],[-59.8468422,-32.7226951],[-59.846523,-32.7231613],[-59.8457109,-32.7257202],[-59.845051,-32.7274725],[-59.8447008,-32.7277667],[-59.8441965,-32.7280727],[-59.8436606,-32.7282189],[-59.8313439,-32.7299708],[-59.8302922,-32.7301386],[-59.8295591,-32.7304053],[-59.8285388,-32.7306666],[-59.805356,-32.7343539],[-59.804665,-32.7345772],[-59.8042353,-32.7349396],[-59.8027773,-32.7369999],[-59.8022832,-32.7373722],[-59.8017559,-32.737578],[-59.7970084,-32.7382453],[-59.7965238,-32.7383234],[-59.7942286,-32.7385838],[-59.7935194,-32.7386799],[-59.7898823,-32.7386844],[-59.7673727,-32.7394471],[-59.7127298,-32.7410976],[-59.6993167,-32.7417286],[-59.6983837,-32.741745],[-59.6977777,-32.7416625],[-59.697368,-32.7415217],[-59.6971199,-32.7413421],[-59.6969006,-32.7411431],[-59.6966813,-32.740881],[-59.696551,-32.7405996],[-59.6964648,-32.7399294],[-59.6959946,-32.7277169],[-59.6959455,-32.7273328],[-59.695732,-32.726891],[-59.6953454,-32.726488],[-59.6950164,-32.7262744],[-59.6945313,-32.7261109],[-59.6941855,-32.7260827],[-59.6936431,-32.7260725],[-59.6690521,-32.72641],[-59.6686792,-32.7265661],[-59.6670617,-32.7292855],[-59.6653717,-32.7313667],[-59.6652362,-32.7315306],[-59.6649862,-32.7319268],[-59.6647857,-32.7322128],[-59.6645824,-32.7325207],[-59.6643526,-32.7327252],[-59.6640469,-32.7329455],[-59.6635658,-32.7331534],[-59.6609753,-32.7335973],[-59.6563701,-32.732992],[-59.6414991,-32.7338394],[-59.6204804,-32.7330802],[-59.6106843,-32.7329517],[-59.59495711,-32.73274551],[-59.5875502,-32.7326484],[-59.5726244,-32.7325043],[-59.5719212,-32.7324343],[-59.5715377,-32.7322944],[-59.5711704,-32.7320807],[-59.5708301,-32.7317861],[-59.570666,-32.7314867],[-59.5705214,-32.731167],[-59.5682233,-32.7255429],[-59.5677429,-32.7251301],[-59.5667024,-32.7227916],[-59.566467,-32.722487],[-59.5661652,-32.7223143],[-59.5650079,-32.7217411],[-59.5645237,-32.7215967],[-59.5635668,-32.7214794],[-59.5480011,-32.7212849],[-59.5474649,-32.7211634],[-59.5469499,-32.7209513],[-59.546569,-32.7205903],[-59.546265,-32.7201073],[-59.5431703,-32.7129784],[-59.5428836,-32.7126196],[-59.5425135,-32.7123353],[-59.5419717,-32.7121096],[-59.5411479,-32.7119663],[-59.5315388,-32.711989],[-59.5288879,-32.7107013],[-59.5263605,-32.7092369],[-59.5008389,-32.7080588],[-59.5007603,-32.7080556],[-59.4908892,-32.7076549],[-59.4729764,-32.7069928],[-59.4723657,-32.706864],[-59.4718359,-32.7066012],[-59.4713644,-32.7064305],[-59.4707635,-32.7063514],[-59.470213,-32.7063824],[-59.4696118,-32.7065474],[-59.4689568,-32.706809],[-59.4684535,-32.7068343],[-59.4591676,-32.7064413],[-59.4526779,-32.7062191],[-59.4522589,-32.7061214],[-59.4517128,-32.7059502],[-59.4498687,-32.7052874],[-59.4491699,-32.7050388],[-59.4487679,-32.7049445],[-59.4483814,-32.7049124],[-59.4480041,-32.7049556],[-59.4464559,-32.7052684],[-59.4402243,-32.7065235],[-59.4361204,-32.7074282],[-59.4308122,-32.7086711],[-59.4282757,-32.70927],[-59.4276548,-32.7094293],[-59.4269895,-32.7096476],[-59.4218782,-32.7112658],[-59.4162069,-32.7130688],[-59.4086577,-32.7154578],[-59.4085517,-32.7155789],[-59.4085063,-32.7157318],[-59.4086502,-32.7163306],[-59.408741,-32.7166874],[-59.4086804,-32.7167765],[-59.4085517,-32.7167957],[-59.4067875,-32.7170632],[-59.4024508,-32.7177551],[-59.4012016,-32.7179553],[-59.3999243,-32.7181601],[-59.3986867,-32.7183584],[-59.3974078,-32.7185634],[-59.3961548,-32.7187643],[-59.3948886,-32.7189673],[-59.3936525,-32.7191654],[-59.3923789,-32.7193695],[-59.3911273,-32.7195702],[-59.3898442,-32.7197791]]]},"geometry_name":"geom","properties":{"gid":4967,"rtn":"9","typ":40,"rst":3,"hct":2,"fdc":"OpenStreetMap","sag":"IGN"},"bbox":[-60.0592641,-32.741745,-59.3898442,-32.6440577]},{"type":"Feature","id":"vial_provincial.4968","geometry":{"type":"MultiLineString","coordinates":[[[-59.3161082,-33.1278368],[-59.3162343,-33.1277582],[-59.3162628,-33.127742],[-59.3163982,-33.1276821],[-59.3165805,-33.1276416],[-59.3167627,-33.1276189],[-59.3171431,-33.1275555]]]},"geometry_name":"geom","properties":{"gid":4968,"rtn":"11","typ":40,"rst":1,"hct":2,"fdc":"OpenStreetMap","sag":"IGN"},"bbox":[-59.3171431,-33.1278368,-59.3161082,-33.1275555]},{"type":"Feature","id":"vial_provincial.4969","geometry":{"type":"MultiLineString","coordinates":[[[-59.3171431,-33.1275555],[-59.3165448,-33.127743],[-59.3163284,-33.1278303],[-59.3161519,-33.1279481]]]},"geometry_name":"geom","properties":{"gid":4969,"rtn":"11","typ":40,"rst":1,"hct":2,"fdc":"OpenStreetMap","sag":"IGN"},"bbox":[-59.3171431,-33.1279481,-59.3161519,-33.1275555]},{"type":"Feature","id":"vial_provincial.4970","geometry":{"type":"MultiLineString","coordinates":[[[-59.3171431,-33.1275555],[-59.3176873,-33.1273957],[-59.3185505,-33.1271519],[-59.3191834,-33.1270102],[-59.3216581,-33.1265356],[-59.3219814,-33.1264723],[-59.3220342,-33.1264619],[-59.3220705,-33.1264548],[-59.3223365,-33.1264027],[-59.322663,-33.1263387],[-59.3236031,-33.1261545],[-59.3244138,-33.1259957],[-59.3251457,-33.1258639],[-59.3282046,-33.125313],[-59.3311608,-33.1247359],[-59.3326534,-33.1244451],[-59.333382,-33.1243031],[-59.3341468,-33.1241815],[-59.3350029,-33.1240399],[-59.3358903,-33.1238588],[-59.3372806,-33.1235751],[-59.3390973,-33.1232239],[-59.3403529,-33.123004],[-59.3433367,-33.1225038],[-59.3463379,-33.1220263],[-59.3469396,-33.1218753],[-59.3475515,-33.1216635],[-59.3480506,-33.1214377],[-59.3485813,-33.1211028],[-59.349012,-33.1207665],[-59.3501344,-33.119776],[-59.3516795,-33.1183849],[-59.3517614,-33.1183112],[-59.3530283,-33.1171706],[-59.3551518,-33.1152584],[-59.3555122,-33.1149339],[-59.3561383,-33.1143701],[-59.3603707,-33.1105588],[-59.3604913,-33.1104502],[-59.362332,-33.1087925],[-59.366277,-33.1052398],[-59.3678241,-33.1038815],[-59.375317,-33.0971939],[-59.405919,-33.0699698],[-59.4083573,-33.0678119],[-59.4097043,-33.0665929],[-59.4107352,-33.0656411],[-59.4163959,-33.0595322],[-59.4192941,-33.0557871],[-59.4221341,-33.0520093],[-59.4284927,-33.0432183],[-59.4290356,-33.0425276],[-59.429685,-33.041837],[-59.4304992,-33.0411138],[-59.44709,-33.0271959],[-59.4476862,-33.0266203],[-59.4483137,-33.0259331],[-59.4487511,-33.0253409],[-59.4491014,-33.0247725],[-59.4500315,-33.0231154],[-59.4505402,-33.0224683],[-59.451148,-33.0219052],[-59.4517894,-33.0214227],[-59.4525847,-33.0210153],[-59.4532803,-33.0207456],[-59.4539416,-33.0205706],[-59.4551578,-33.0203369],[-59.4558814,-33.020218],[-59.4563542,-33.0201413],[-59.4569273,-33.0200482],[-59.4578059,-33.0199055],[-59.4583881,-33.0198109],[-59.4592471,-33.0196714],[-59.4598202,-33.0195783],[-59.4606471,-33.019444],[-59.4612741,-33.0193422],[-59.4638529,-33.0189628],[-59.4670999,-33.0184491],[-59.4682243,-33.0182134],[-59.4693293,-33.0178883],[-59.4760463,-33.0152078],[-59.4764111,-33.0150622],[-59.4818217,-33.012903],[-59.4876394,-33.0105813],[-59.4968148,-33.0070141],[-59.4988895,-33.0062081],[-59.4999116,-33.0057695],[-59.5010542,-33.0052491],[-59.5021788,-33.0047043],[-59.5323919,-32.9890713],[-59.5567891,-32.9764035],[-59.5758548,-32.9647135],[-59.5862069,-32.9584452],[-59.5876348,-32.9575806],[-59.6196675,-32.9378441],[-59.6293508,-32.9318729],[-59.6413992,-32.9230292],[-59.6420583,-32.9225735],[-59.6427562,-32.9221423],[-59.6580711,-32.913322],[-59.6617836,-32.9111656],[-59.7002895,-32.885699],[-59.7014413,-32.8849372],[-59.7087876,-32.8800777],[-59.7220739,-32.8713729],[-59.7362875,-32.8619682]]]},"geometry_name":"geom","properties":{"gid":4970,"rtn":"11","typ":40,"rst":1,"hct":2,"fdc":"OpenStreetMap","sag":"IGN"},"bbox":[-59.7362875,-33.1275555,-59.3171431,-32.8619682]},{"type":"Feature","id":"vial_provincial.4971","geometry":{"type":"MultiLineString","coordinates":[[[-59.7362875,-32.8619682],[-59.7369755,-32.8614855],[-59.7384308,-32.8605281],[-59.7388808,-32.860228],[-59.7389213,-32.860201],[-59.7394569,-32.8598437],[-59.7406487,-32.8590313],[-59.7415483,-32.858512]]]},"geometry_name":"geom","properties":{"gid":4971,"rtn":"11","typ":40,"rst":1,"hct":2,"fdc":"OpenStreetMap","sag":"IGN"},"bbox":[-59.7415483,-32.8619682,-59.7362875,-32.858512]},{"type":"Feature","id":"vial_provincial.4972","geometry":{"type":"MultiLineString","coordinates":[[[-59.7415483,-32.858512],[-59.7406936,-32.859091],[-59.7401098,-32.8595185],[-59.7389498,-32.8602823],[-59.7376364,-32.861153],[-59.7370302,-32.8615208],[-59.7362875,-32.8619682]]]},"geometry_name":"geom","properties":{"gid":4972,"rtn":"11","typ":40,"rst":1,"hct":2,"fdc":"OpenStreetMap","sag":"IGN"},"bbox":[-59.7415483,-32.8619682,-59.7362875,-32.858512]},{"type":"Feature","id":"vial_provincial.4979","geometry":{"type":"MultiLineString","coordinates":[[[-60.1321439,-32.621284],[-60.132054,-32.6212596],[-60.1319962,-32.6212245],[-60.1319452,-32.6211682],[-60.1319166,-32.6210946]]]},"geometry_name":"geom","properties":{"gid":4979,"rtn":"11","typ":40,"rst":1,"hct":2,"fdc":"OpenStreetMap","sag":"IGN"},"bbox":[-60.1321439,-32.621284,-60.1319166,-32.6210946]},{"type":"Feature","id":"vial_provincial.4980","geometry":{"type":"MultiLineString","coordinates":[[[-60.1319166,-32.6210946],[-60.1319174,-32.6210561],[-60.131912,-32.62102583]]]},"geometry_name":"geom","properties":{"gid":4980,"rtn":"11","typ":40,"rst":1,"hct":2,"fdc":"OpenStreetMap","sag":"IGN"},"bbox":[-60.1319174,-32.6210946,-60.131912,-32.62102583]},{"type":"Feature","id":"vial_provincial.4981","geometry":{"type":"MultiLineString","coordinates":[[[-60.1324339,-32.6210038],[-60.1324413,-32.6210906],[-60.1324101,-32.621171],[-60.1323441,-32.621237],[-60.1322511,-32.6212774],[-60.1321439,-32.621284]]]},"geometry_name":"geom","properties":{"gid":4981,"rtn":"11","typ":40,"rst":1,"hct":2,"fdc":"OpenStreetMap","sag":"IGN"},"bbox":[-60.1324413,-32.621284,-60.1321439,-32.6210038]},{"type":"Feature","id":"vial_provincial.4982","geometry":{"type":"MultiLineString","coordinates":[[[-60.1322589,-32.6208566],[-60.1323219,-32.6208754],[-60.1323949,-32.6209343],[-60.1324339,-32.6210038]]]},"geometry_name":"geom","properties":{"gid":4982,"rtn":"11","typ":40,"rst":1,"hct":2,"fdc":"OpenStreetMap","sag":"IGN"},"bbox":[-60.1324339,-32.6210038,-60.1322589,-32.6208566]},{"type":"Feature","id":"vial_provincial.4999","geometry":{"type":"MultiLineString","coordinates":[[[-60.1630491,-32.6104667],[-60.1633524,-32.610594],[-60.163666,-32.6107052],[-60.1639313,-32.6107437],[-60.1642047,-32.6107309],[-60.1643665,-32.6106848],[-60.164475,-32.6106218],[-60.1646974,-32.6104685],[-60.1648581,-32.610308],[-60.1650184,-32.610092]]]},"geometry_name":"geom","properties":{"gid":4999,"rtn":"11","typ":40,"rst":1,"hct":2,"fdc":"OpenStreetMap","sag":"IGN"},"bbox":[-60.1650184,-32.6107437,-60.1630491,-32.610092]},{"type":"Feature","id":"vial_provincial.5000","geometry":{"type":"MultiLineString","coordinates":[[[-60.1650184,-32.610092],[-60.1649717,-32.6102398]]]},"geometry_name":"geom","properties":{"gid":5000,"rtn":"11","typ":40,"rst":1,"hct":2,"fdc":"OpenStreetMap","sag":"IGN"},"bbox":[-60.1650184,-32.6102398,-60.1649717,-32.610092]},{"type":"Feature","id":"vial_provincial.5001","geometry":{"type":"MultiLineString","coordinates":[[[-60.1650184,-32.610092],[-60.1654379,-32.6091415],[-60.1655779,-32.6089165],[-60.1657895,-32.6086633],[-60.1661905,-32.6082839],[-60.1668278,-32.6076841]]]},"geometry_name":"geom","properties":{"gid":5001,"rtn":"11","typ":40,"rst":1,"hct":2,"fdc":"OpenStreetMap","sag":"IGN"},"bbox":[-60.1668278,-32.610092,-60.1650184,-32.6076841]},{"type":"Feature","id":"vial_provincial.5002","geometry":{"type":"MultiLineString","coordinates":[[[-60.16890016,-32.6060676],[-60.1686824,-32.6060984],[-60.1685634,-32.6061448],[-60.1683976,-32.6062702],[-60.1679214,-32.6067119],[-60.1672046,-32.6073769],[-60.1668278,-32.6076841]]]},"geometry_name":"geom","properties":{"gid":5002,"rtn":"11","typ":40,"rst":1,"hct":2,"fdc":"OpenStreetMap","sag":"IGN"},"bbox":[-60.16890016,-32.6076841,-60.1668278,-32.6060676]},{"type":"Feature","id":"vial_provincial.5003","geometry":{"type":"MultiLineString","coordinates":[[[-60.1668278,-32.6076841],[-60.1671031,-32.6073525],[-60.1678259,-32.606643],[-60.168272,-32.6062051],[-60.1683778,-32.6060979],[-60.1684232,-32.6059739],[-60.168428,-32.6057146]]]},"geometry_name":"geom","properties":{"gid":5003,"rtn":"11","typ":40,"rst":1,"hct":2,"fdc":"OpenStreetMap","sag":"IGN"},"bbox":[-60.168428,-32.6076841,-60.1668278,-32.6057146]},{"type":"Feature","id":"vial_provincial.5004","geometry":{"type":"MultiLineString","coordinates":[[[-60.1411761,-32.6122994],[-60.1412041,-32.6122743],[-60.1417066,-32.611783],[-60.1423052,-32.6112049],[-60.1427949,-32.6107255],[-60.1428653,-32.6106566],[-60.1432173,-32.6103259],[-60.1433919,-32.6101619],[-60.144025,-32.6095673],[-60.1446556,-32.6089483],[-60.1448403,-32.6087669],[-60.1454414,-32.6081767],[-60.1457713,-32.6078528],[-60.1460124,-32.6076161],[-60.1466963,-32.6069636],[-60.1471965,-32.6064515],[-60.1473897,-32.6062538],[-60.1481286,-32.6055238],[-60.1487145,-32.6050286],[-60.1490025,-32.6048496],[-60.1494515,-32.6046634],[-60.1499565,-32.6045268],[-60.1507728,-32.6044207],[-60.1516273,-32.6043941],[-60.1527613,-32.6044429],[-60.1530116,-32.6044853],[-60.153225,-32.6045214],[-60.1538592,-32.6047406],[-60.1546,-32.6051313],[-60.1550173,-32.6053901],[-60.1552136,-32.6055192],[-60.1553384,-32.6055981],[-60.1556443,-32.6057887],[-60.1563172,-32.6062169],[-60.159064,-32.6079535],[-60.1598955,-32.6084791],[-60.1611466,-32.6092701],[-60.1620465,-32.609839],[-60.1630491,-32.6104667]]]},"geometry_name":"geom","properties":{"gid":5004,"rtn":"11","typ":40,"rst":1,"hct":2,"fdc":"OpenStreetMap","sag":"IGN"},"bbox":[-60.1630491,-32.6122994,-60.1411761,-32.6043941]},{"type":"Feature","id":"vial_provincial.5005","geometry":{"type":"MultiLineString","coordinates":[[[-60.16946076,-32.60540325],[-60.1695097,-32.6052712],[-60.1695289,-32.6051883],[-60.1696011,-32.605072],[-60.1697598,-32.6049111],[-60.1700318,-32.6046509],[-60.1705956,-32.6041113],[-60.1709498,-32.6037725],[-60.1712121,-32.6034743]]]},"geometry_name":"geom","properties":{"gid":5005,"rtn":"11","typ":40,"rst":1,"hct":2,"fdc":"OpenStreetMap","sag":"IGN"},"bbox":[-60.1712121,-32.60540325,-60.16946076,-32.6034743]},{"type":"Feature","id":"vial_provincial.5006","geometry":{"type":"MultiLineString","coordinates":[[[-60.16914953,-32.60515008],[-60.1693744,-32.6051508],[-60.1694454,-32.6051091],[-60.16956,-32.6050076],[-60.1699748,-32.604608],[-60.1708087,-32.6038047],[-60.1712121,-32.6034743]]]},"geometry_name":"geom","properties":{"gid":5006,"rtn":"11","typ":40,"rst":1,"hct":2,"fdc":"OpenStreetMap","sag":"IGN"},"bbox":[-60.1712121,-32.6051508,-60.16914953,-32.6034743]},{"type":"Feature","id":"vial_provincial.5007","geometry":{"type":"MultiLineString","coordinates":[[[-60.1712121,-32.6034743],[-60.1716194,-32.6030755],[-60.1718354,-32.6028667],[-60.172146,-32.6025663],[-60.1723485,-32.6023706],[-60.1742435,-32.6005387],[-60.1750376,-32.5997669],[-60.1763896,-32.5984529],[-60.1773541,-32.5975156],[-60.1782436,-32.596651],[-60.1785664,-32.5963133],[-60.1788426,-32.5959686],[-60.1789838,-32.5957056],[-60.1790861,-32.595442],[-60.1791333,-32.5949967],[-60.1791173,-32.5947472],[-60.1790843,-32.5944762],[-60.1790426,-32.5942922],[-60.1789779,-32.5940163],[-60.178609,-32.5928347],[-60.178504,-32.5924381],[-60.1782742,-32.5916099],[-60.1781566,-32.5911742],[-60.1780826,-32.5907063],[-60.17806,-32.590354],[-60.1781014,-32.5899961],[-60.1781946,-32.5894647],[-60.1782923,-32.5881226]]]},"geometry_name":"geom","properties":{"gid":5007,"rtn":"11","typ":40,"rst":1,"hct":2,"fdc":"OpenStreetMap","sag":"IGN"},"bbox":[-60.1791333,-32.6034743,-60.1712121,-32.5881226]},{"type":"Feature","id":"vial_provincial.5008","geometry":{"type":"MultiLineString","coordinates":[[[-60.1782923,-32.5881226],[-60.1782039,-32.5878526],[-60.1779844,-32.5876535],[-60.1777819,-32.587561]]]},"geometry_name":"geom","properties":{"gid":5008,"rtn":"11","typ":40,"rst":1,"hct":2,"fdc":"OpenStreetMap","sag":"IGN"},"bbox":[-60.1782923,-32.5881226,-60.1777819,-32.587561]},{"type":"Feature","id":"vial_provincial.5009","geometry":{"type":"MultiLineString","coordinates":[[[-60.1783853,-32.5871504],[-60.1783263,-32.5876543],[-60.1782923,-32.5881226]]]},"geometry_name":"geom","properties":{"gid":5009,"rtn":"11","typ":40,"rst":1,"hct":2,"fdc":"OpenStreetMap","sag":"IGN"},"bbox":[-60.1783853,-32.5881226,-60.1782923,-32.5871504]},{"type":"Feature","id":"vial_provincial.5010","geometry":{"type":"MultiLineString","coordinates":[[[-60.1783853,-32.5871504],[-60.1782114,-32.5873479],[-60.1780688,-32.5874615],[-60.1777819,-32.587561]]]},"geometry_name":"geom","properties":{"gid":5010,"rtn":"11","typ":40,"rst":1,"hct":2,"fdc":"OpenStreetMap","sag":"IGN"},"bbox":[-60.1783853,-32.587561,-60.1777819,-32.5871504]},{"type":"Feature","id":"vial_provincial.5011","geometry":{"type":"MultiLineString","coordinates":[[[-60.1777819,-32.587561],[-60.177073,-32.5875966],[-60.1767101,-32.5874259],[-60.176634,-32.5873136],[-60.1766004,-32.5871842],[-60.1766341,-32.5869851],[-60.1767438,-32.5867788],[-60.1774106,-32.5861957]]]},"geometry_name":"geom","properties":{"gid":5011,"rtn":"11","typ":40,"rst":1,"hct":2,"fdc":"OpenStreetMap","sag":"IGN"},"bbox":[-60.1777819,-32.5875966,-60.1766004,-32.5861957]},{"type":"Feature","id":"vial_provincial.5012","geometry":{"type":"MultiLineString","coordinates":[[[-60.1784271,-32.5864937],[-60.1783853,-32.5871504]]]},"geometry_name":"geom","properties":{"gid":5012,"rtn":"11","typ":40,"rst":1,"hct":2,"fdc":"OpenStreetMap","sag":"IGN"},"bbox":[-60.1784271,-32.5871504,-60.1783853,-32.5864937]},{"type":"Feature","id":"vial_provincial.5013","geometry":{"type":"MultiLineString","coordinates":[[[-60.1774106,-32.5861957],[-60.1776384,-32.5860677],[-60.1779676,-32.5860606],[-60.1781138,-32.586101],[-60.1782461,-32.5861815],[-60.1784271,-32.5864937]]]},"geometry_name":"geom","properties":{"gid":5013,"rtn":"11","typ":40,"rst":1,"hct":2,"fdc":"OpenStreetMap","sag":"IGN"},"bbox":[-60.1784271,-32.5864937,-60.1774106,-32.5860606]},{"type":"Feature","id":"vial_provincial.5014","geometry":{"type":"MultiLineString","coordinates":[[[-60.1784271,-32.5864937],[-60.1786608,-32.5837785]]]},"geometry_name":"geom","properties":{"gid":5014,"rtn":"11","typ":40,"rst":1,"hct":2,"fdc":"OpenStreetMap","sag":"IGN"},"bbox":[-60.1786608,-32.5864937,-60.1784271,-32.5837785]},{"type":"Feature","id":"vial_provincial.5015","geometry":{"type":"MultiLineString","coordinates":[[[-60.1774106,-32.5861957],[-60.1779001,-32.5855273],[-60.1782123,-32.5850153],[-60.1784486,-32.584482],[-60.1786608,-32.5837785]]]},"geometry_name":"geom","properties":{"gid":5015,"rtn":"11","typ":40,"rst":1,"hct":2,"fdc":"OpenStreetMap","sag":"IGN"},"bbox":[-60.1786608,-32.5861957,-60.1774106,-32.5837785]},{"type":"Feature","id":"vial_provincial.5051","geometry":{"type":"MultiLineString","coordinates":[[[-58.8826319,-32.6746598],[-58.8825115,-32.6747597],[-58.8802866,-32.6766322],[-58.87902643,-32.67769276],[-58.8763319,-32.6799605],[-58.8685278,-32.6865822],[-58.8679901,-32.6870225],[-58.8668526,-32.6880017],[-58.8657975,-32.6888931],[-58.864738,-32.6898525],[-58.8637,-32.6908751],[-58.863228,-32.691313],[-58.8626255,-32.6918351],[-58.8581869,-32.6955107],[-58.8574493,-32.6961093],[-58.855359,-32.6978585]]]},"geometry_name":"geom","properties":{"gid":5051,"rtn":"20","typ":40,"rst":1,"hct":2,"fdc":"OpenStreetMap","sag":"IGN"},"bbox":[-58.8826319,-32.6978585,-58.855359,-32.6746598]},{"type":"Feature","id":"vial_provincial.5052","geometry":{"type":"MultiLineString","coordinates":[[[-58.8826319,-32.6746598],[-58.8829081,-32.6743413],[-58.8829577,-32.6742491],[-58.8829764,-32.6741726],[-58.8830153,-32.6739573]]]},"geometry_name":"geom","properties":{"gid":5052,"rtn":"20","typ":40,"rst":1,"hct":2,"fdc":"OpenStreetMap","sag":"IGN"},"bbox":[-58.8830153,-32.6746598,-58.8826319,-32.6739573]},{"type":"Feature","id":"vial_provincial.5055","geometry":{"type":"MultiLineString","coordinates":[[[-58.8830153,-32.6739573],[-58.8830199,-32.673826],[-58.8830752,-32.6737032],[-58.8831742,-32.6736028]]]},"geometry_name":"geom","properties":{"gid":5055,"rtn":"20","typ":40,"rst":1,"hct":2,"fdc":"OpenStreetMap","sag":"IGN"},"bbox":[-58.8831742,-32.6739573,-58.8830153,-32.6736028]},{"type":"Feature","id":"vial_provincial.5056","geometry":{"type":"MultiLineString","coordinates":[[[-58.8839329,-32.6737847],[-58.8839543,-32.6739139],[-58.8839248,-32.674042],[-58.8838475,-32.6741551],[-58.8837309,-32.674241],[-58.8835875,-32.6742905],[-58.8834328,-32.6742982],[-58.8833629,-32.6742818]]]},"geometry_name":"geom","properties":{"gid":5056,"rtn":"20","typ":40,"rst":1,"hct":2,"fdc":"OpenStreetMap","sag":"IGN"},"bbox":[-58.8839543,-32.6742982,-58.8833629,-32.6737847]},{"type":"Feature","id":"vial_provincial.5057","geometry":{"type":"MultiLineString","coordinates":[[[-58.8831742,-32.6736028],[-58.8833065,-32.6735349],[-58.8834579,-32.6735067],[-58.8836119,-32.6735214],[-58.8837519,-32.6735772],[-58.883863,-32.6736683],[-58.8839329,-32.6737847]]]},"geometry_name":"geom","properties":{"gid":5057,"rtn":"20","typ":40,"rst":1,"hct":2,"fdc":"OpenStreetMap","sag":"IGN"},"bbox":[-58.8839329,-32.6737847,-58.8831742,-32.6735067]},{"type":"Feature","id":"vial_provincial.5093","geometry":{"type":"MultiLineString","coordinates":[[[-58.4750302,-33.017421],[-58.475013,-33.0173924],[-58.4749095,-33.017207],[-58.4747957,-33.0170033],[-58.4745416,-33.016533],[-58.4744901,-33.016369],[-58.4743907,-33.0161762],[-58.4743663,-33.0160436]]]},"geometry_name":"geom","properties":{"gid":5093,"rtn":"42","typ":40,"rst":1,"hct":2,"fdc":"OpenStreetMap","sag":"IGN"},"bbox":[-58.4750302,-33.017421,-58.4743663,-33.0160436]},{"type":"Feature","id":"vial_provincial.5016","geometry":{"type":"MultiLineString","coordinates":[[[-60.1786608,-32.5837785],[-60.1787379,-32.583121],[-60.1787895,-32.5825911],[-60.1788215,-32.5822614],[-60.1788352,-32.5821207],[-60.1789155,-32.5812952],[-60.1795723,-32.5745434],[-60.180834,-32.5663868],[-60.1810463,-32.5654323],[-60.1811696,-32.5649706],[-60.1813531,-32.5644999],[-60.1815767,-32.56401],[-60.181825,-32.5635352],[-60.1821539,-32.5628593],[-60.1826059,-32.5619544],[-60.1832445,-32.5607102],[-60.1841567,-32.5590109],[-60.1856132,-32.5563485],[-60.1859186,-32.5557657],[-60.1867463,-32.5541864],[-60.1895225,-32.5491346],[-60.1899332,-32.5484814],[-60.1903387,-32.5479546],[-60.196132,-32.5413797],[-60.200107,-32.536908],[-60.2083143,-32.5276371],[-60.2103627,-32.5257031],[-60.210742,-32.5253469],[-60.213594,-32.5225596],[-60.214583,-32.5216103],[-60.2149028,-32.5212969],[-60.2154246,-32.5207856],[-60.2261551,-32.5102691],[-60.2271576,-32.5093247],[-60.2275268,-32.5089825],[-60.2313398,-32.5054683],[-60.2354483,-32.5017695],[-60.2357738,-32.501462],[-60.2396119,-32.4979864],[-60.2557862,-32.4848824],[-60.263889,-32.4786172],[-60.2655583,-32.4772064],[-60.2667053,-32.4759622],[-60.2669994,-32.4756432],[-60.2979965,-32.4416244],[-60.2995727,-32.4398673],[-60.3074975,-32.431033],[-60.3090873,-32.4292126],[-60.3098535,-32.4281982],[-60.3149524,-32.4208465],[-60.3215705,-32.4109732],[-60.3218416,-32.4105674],[-60.3220388,-32.4101513],[-60.3252257,-32.4028625],[-60.325884,-32.4015047],[-60.3264755,-32.4002665],[-60.33205702,-32.3898942],[-60.3432077,-32.3691726],[-60.3441715,-32.3673813],[-60.3454247,-32.365059],[-60.3456608,-32.3646694],[-60.3459612,-32.3642887],[-60.346444,-32.3637903],[-60.3472991,-32.3630608],[-60.3695491,-32.3450595],[-60.3807281,-32.3360139],[-60.387702,-32.330472],[-60.3877668,-32.3304204],[-60.3991599,-32.3221802],[-60.402534,-32.3197397],[-60.4051129,-32.3178791],[-60.4055353,-32.3175743],[-60.4163254,-32.3093821],[-60.4168718,-32.309019],[-60.4172361,-32.3088177]]]},"geometry_name":"geom","properties":{"gid":5016,"rtn":"11","typ":40,"rst":1,"hct":2,"fdc":"OpenStreetMap","sag":"IGN"},"bbox":[-60.4172361,-32.5837785,-60.1786608,-32.3088177]},{"type":"Feature","id":"vial_provincial.5017","geometry":{"type":"MultiLineString","coordinates":[[[-60.4172361,-32.3088177],[-60.417647,-32.3086282],[-60.4180953,-32.3084743],[-60.4244839,-32.3065994],[-60.425161,-32.3064534]]]},"geometry_name":"geom","properties":{"gid":5017,"rtn":"11","typ":40,"rst":1,"hct":2,"fdc":"OpenStreetMap","sag":"IGN"},"bbox":[-60.425161,-32.3088177,-60.4172361,-32.3064534]},{"type":"Feature","id":"vial_provincial.5018","geometry":{"type":"MultiLineString","coordinates":[[[-60.425161,-32.3064534],[-60.4245399,-32.3067415],[-60.4189616,-32.3083646],[-60.4172361,-32.3088177]]]},"geometry_name":"geom","properties":{"gid":5018,"rtn":"11","typ":40,"rst":1,"hct":2,"fdc":"OpenStreetMap","sag":"IGN"},"bbox":[-60.425161,-32.3088177,-60.4172361,-32.3064534]},{"type":"Feature","id":"vial_provincial.5019","geometry":{"type":"MultiLineString","coordinates":[[[-60.425161,-32.3064534],[-60.4265326,-32.3058496],[-60.4289904,-32.3048785],[-60.4307277,-32.3041404],[-60.4358372,-32.3018567],[-60.4418785,-32.2991565],[-60.4446582,-32.2977439],[-60.445799,-32.2971037],[-60.4463095,-32.2966807],[-60.446537,-32.2963526],[-60.4467496,-32.2959564],[-60.4468928,-32.2956014],[-60.4471416,-32.2946625],[-60.4475781,-32.2931633],[-60.4478437,-32.2926449],[-60.4481844,-32.2920958],[-60.4549207,-32.2820749],[-60.4560565,-32.280348],[-60.466107,-32.2650664],[-60.4685845,-32.2611759],[-60.469087,-32.2602062],[-60.4749867,-32.2477689],[-60.4808013,-32.2352709],[-60.4913293,-32.211906],[-60.5030035,-32.1854907],[-60.5033024,-32.1850085],[-60.5036386,-32.1845659],[-60.504143,-32.1840916],[-60.5234606,-32.1672782],[-60.5308045,-32.1577958],[-60.5329997,-32.1556078],[-60.5347829,-32.1538305],[-60.54076,-32.1478729],[-60.5593024,-32.1293884],[-60.56079,-32.1279053],[-60.5655155,-32.1230812],[-60.5744512,-32.1133969],[-60.5745955,-32.1132405],[-60.5790746,-32.1083663],[-60.5924599,-32.0937988],[-60.5929338,-32.093272],[-60.5964346,-32.0894569],[-60.5967776,-32.0889385],[-60.5968885,-32.0886285],[-60.596965,-32.0883309],[-60.5970119,-32.0878889],[-60.5969958,-32.0875866],[-60.5969596,-32.0873366],[-60.5968791,-32.086989],[-60.5964057,-32.085109],[-60.5960729,-32.0836558]]]},"geometry_name":"geom","properties":{"gid":5019,"rtn":"11","typ":40,"rst":1,"hct":2,"fdc":"OpenStreetMap","sag":"IGN"},"bbox":[-60.5970119,-32.3064534,-60.425161,-32.0836558]},{"type":"Feature","id":"vial_provincial.5020","geometry":{"type":"MultiLineString","coordinates":[[[-60.5960729,-32.0836558],[-60.5960048,-32.0831977],[-60.5959913,-32.0831333],[-60.5959825,-32.0830914],[-60.5959463,-32.0829426],[-60.5958724,-32.0826497],[-60.5957971,-32.0823697],[-60.5957817,-32.0823087],[-60.5957656,-32.0822445],[-60.5957567,-32.0822091],[-60.5957358,-32.0821087],[-60.5957148,-32.0819989],[-60.5957009,-32.0818985],[-60.595673,-32.0817733],[-60.5955816,-32.0814557],[-60.5955057,-32.0811732],[-60.5954416,-32.0809748],[-60.59538235,-32.0808163]]]},"geometry_name":"geom","properties":{"gid":5020,"rtn":"11","typ":40,"rst":1,"hct":2,"fdc":"OpenStreetMap","sag":"IGN"},"bbox":[-60.5960729,-32.0836558,-60.59538235,-32.0808163]},{"type":"Feature","id":"vial_provincial.5021","geometry":{"type":"MultiLineString","coordinates":[[[-60.5960729,-32.0836558],[-60.5959672,-32.0833194],[-60.5958464,-32.0829408],[-60.5958375,-32.0829131],[-60.5958027,-32.0827808],[-60.5957706,-32.0826461],[-60.5957358,-32.0824737],[-60.595719,-32.0823863],[-60.5956999,-32.0823051],[-60.5956862,-32.0822472],[-60.595673,-32.0821914],[-60.595641,-32.0820686],[-60.5955643,-32.0817213],[-60.5955043,-32.0814496],[-60.5954653,-32.0812713],[-60.5954068,-32.0809925],[-60.59538235,-32.0808163]]]},"geometry_name":"geom","properties":{"gid":5021,"rtn":"11","typ":40,"rst":1,"hct":2,"fdc":"OpenStreetMap","sag":"IGN"},"bbox":[-60.5960729,-32.0836558,-60.59538235,-32.0808163]},{"type":"Feature","id":"vial_provincial.5022","geometry":{"type":"MultiLineString","coordinates":[[[-60.59538235,-32.0808163],[-60.5953719,-32.0807752],[-60.5953048,-32.0805161],[-60.5945845,-32.0777134],[-60.5938308,-32.0746508],[-60.5937651,-32.0743099],[-60.59369,-32.0737792],[-60.5936645,-32.0734531],[-60.593631,-32.0727246],[-60.5935425,-32.0720132],[-60.5934137,-32.0713916],[-60.5929859,-32.0698097],[-60.5925223,-32.0680235],[-60.5918567,-32.0654592],[-60.5912827,-32.0632407],[-60.5911164,-32.0625963],[-60.5909407,-32.061845],[-60.5908593,-32.0614779],[-60.590812,-32.0611222],[-60.5908066,-32.0606607],[-60.5908384,-32.0601851],[-60.5908589,-32.059831],[-60.5909246,-32.058982],[-60.590939,-32.0586972],[-60.5909394,-32.0584396],[-60.590926,-32.0582228],[-60.5908916,-32.0579069],[-60.5908417,-32.057622],[-60.5907327,-32.0572323],[-60.5906916,-32.0571108],[-60.5903709,-32.0561641],[-60.589944,-32.0550099],[-60.5896798,-32.0542794],[-60.589322,-32.0535765],[-60.5887772,-32.052777],[-60.5884983,-32.0523393],[-60.5882731,-32.0517916],[-60.5869904,-32.0469063],[-60.5861165,-32.0433],[-60.5859448,-32.0424088],[-60.5859663,-32.0381889],[-60.586061,-32.0306051],[-60.5860754,-32.0293795],[-60.5860834,-32.0206415],[-60.5860798,-32.0119201],[-60.5862218,-32.003126],[-60.5862277,-32.0011406],[-60.5862297,-32.0004829],[-60.5862324,-31.9995407],[-60.5862331,-31.9993106],[-60.5862361,-31.9983127],[-60.5862482,-31.9942375],[-60.5862487,-31.9938038],[-60.5862489,-31.9936177],[-60.5862496,-31.9930342],[-60.5862504,-31.9923423],[-60.5862507,-31.9920452],[-60.5862512,-31.9916022],[-60.5862518,-31.9911009],[-60.586252,-31.9908585],[-60.5862528,-31.9902163],[-60.5862529,-31.9900962],[-60.5862532,-31.9898415],[-60.5862537,-31.989371],[-60.5862545,-31.9886679],[-60.5862546,-31.9885437],[-60.5862553,-31.9879241],[-60.5862556,-31.9876907],[-60.5862581,-31.9854576],[-60.5862378,-31.9767442],[-60.5863138,-31.9680108],[-60.5863679,-31.9591842],[-60.5863816,-31.9503854],[-60.5863707,-31.9468272],[-60.5863704,-31.9467371],[-60.5863768,-31.9456467],[-60.5863772,-31.945276],[-60.5863773,-31.9451485],[-60.5863774,-31.945021],[-60.5863781,-31.9443178],[-60.5863784,-31.9440253],[-60.5863846,-31.9427836],[-60.5863901,-31.9416792],[-60.5864474,-31.9328785],[-60.5865039,-31.9240642],[-60.5861343,-31.9219805],[-60.5847906,-31.9153409],[-60.5840635,-31.9117886],[-60.5834938,-31.909005],[-60.5833225,-31.908168],[-60.5830518,-31.906845],[-60.5829912,-31.9065491],[-60.5812316,-31.8977666],[-60.5805928,-31.8945783],[-60.5798605,-31.8908271],[-60.5795724,-31.8889957],[-60.57934,-31.887792],[-60.5792544,-31.8873487],[-60.5790519,-31.8863002],[-60.5786794,-31.8848761],[-60.5777231,-31.8802341],[-60.5774341,-31.8789548],[-60.5771741,-31.8778987],[-60.5767354,-31.8757747],[-60.5766558,-31.8753896],[-60.5765381,-31.8748196],[-60.5762181,-31.8732705],[-60.5755161,-31.8698723],[-60.5751147,-31.867977],[-60.5748633,-31.8667899],[-60.5746825,-31.8659177],[-60.5745329,-31.8651957],[-60.5742232,-31.8646068],[-60.5738398,-31.8640629],[-60.5732935,-31.8634482],[-60.5726662,-31.8629496],[-60.5714708,-31.8622209],[-60.5680608,-31.860244],[-60.5670852,-31.8596863],[-60.5607371,-31.8560388],[-60.5596131,-31.8553929],[-60.5532397,-31.8516532],[-60.5530459,-31.8515395],[-60.5525421,-31.8512438],[-60.5450305,-31.8468361],[-60.5414263,-31.8447447],[-60.5409067,-31.8444432],[-60.5387634,-31.8431995],[-60.5377582,-31.8426162],[-60.5367218,-31.8420148],[-60.5366239,-31.841958],[-60.5349244,-31.8409718],[-60.531877,-31.8392033],[-60.528645,-31.8373322],[-60.5199296,-31.8322866]]]},"geometry_name":"geom","properties":{"gid":5022,"rtn":"11","typ":40,"rst":1,"hct":2,"fdc":"OpenStreetMap","sag":"IGN"},"bbox":[-60.59538235,-32.0808163,-60.5199296,-31.8322866]},{"type":"Feature","id":"vial_provincial.5053","geometry":{"type":"MultiLineString","coordinates":[[[-58.8833629,-32.6742818],[-58.8831641,-32.674327],[-58.8830148,-32.6743808],[-58.8828775,-32.6744643],[-58.8826319,-32.6746598]]]},"geometry_name":"geom","properties":{"gid":5053,"rtn":"20","typ":40,"rst":1,"hct":2,"fdc":"OpenStreetMap","sag":"IGN"},"bbox":[-58.8833629,-32.6746598,-58.8826319,-32.6742818]},{"type":"Feature","id":"vial_provincial.5054","geometry":{"type":"MultiLineString","coordinates":[[[-58.8833629,-32.6742818],[-58.8832826,-32.674263],[-58.8831542,-32.6741884],[-58.8830617,-32.6740826],[-58.8830153,-32.6739573]]]},"geometry_name":"geom","properties":{"gid":5054,"rtn":"20","typ":40,"rst":1,"hct":2,"fdc":"OpenStreetMap","sag":"IGN"},"bbox":[-58.8833629,-32.6742818,-58.8830153,-32.6739573]},{"type":"Feature","id":"vial_provincial.5049","geometry":{"type":"MultiLineString","coordinates":[[[-58.8549855,-32.6979629],[-58.855359,-32.6978585]]]},"geometry_name":"geom","properties":{"gid":5049,"rtn":"20","typ":40,"rst":1,"hct":2,"fdc":"OpenStreetMap","sag":"IGN"},"bbox":[-58.855359,-32.6979629,-58.8549855,-32.6978585]},{"type":"Feature","id":"vial_provincial.5025","geometry":{"type":"MultiLineString","coordinates":[[[-60.26888632,-32.03918858],[-60.2688067,-32.0389014],[-60.2686765,-32.0387019],[-60.2684336,-32.0384861]]]},"geometry_name":"geom","properties":{"gid":5025,"rtn":"32","typ":40,"rst":1,"hct":2,"fdc":"OpenStreetMap","sag":"IGN"},"bbox":[-60.26888632,-32.03918858,-60.2684336,-32.0384861]},{"type":"Feature","id":"vial_provincial.5026","geometry":{"type":"MultiLineString","coordinates":[[[-60.2684336,-32.0384861],[-60.26873,-32.0386369],[-60.2690028,-32.038723],[-60.26941541,-32.03877512]]]},"geometry_name":"geom","properties":{"gid":5026,"rtn":"32","typ":40,"rst":1,"hct":2,"fdc":"OpenStreetMap","sag":"IGN"},"bbox":[-60.26941541,-32.03877512,-60.2684336,-32.0384861]},{"type":"Feature","id":"vial_provincial.5027","geometry":{"type":"MultiLineString","coordinates":[[[-59.9874786,-31.8827502],[-60.0004913,-31.8876184],[-60.0044234,-31.8891173],[-60.0069172,-31.8901482],[-60.0081874,-31.8907747],[-60.0095324,-31.8915915],[-60.0111633,-31.8926933],[-60.013429,-31.8944198],[-60.019713,-31.8997592],[-60.0234622,-31.9031386],[-60.035055,-31.9132896],[-60.0442558,-31.92133],[-60.0459618,-31.9228207],[-60.0475713,-31.9242143],[-60.0496018,-31.9259498],[-60.050267,-31.9264779],[-60.0509107,-31.9269696],[-60.0557396,-31.9305317],[-60.0573452,-31.9315828],[-60.0583565,-31.9322873],[-60.0592447,-31.9330048],[-60.0628197,-31.9365302],[-60.0659083,-31.9397824],[-60.0708985,-31.9448196],[-60.0795371,-31.9523991],[-60.0963189,-31.9673584],[-60.0984854,-31.9690325],[-60.0993052,-31.9697391],[-60.1009933,-31.9706233],[-60.1016321,-31.9709733],[-60.1023326,-31.9712427],[-60.1033413,-31.9714645],[-60.1044154,-31.9716151],[-60.1058164,-31.9716864],[-60.1070026,-31.971623],[-60.1081514,-31.9714883],[-60.1094963,-31.9712506],[-60.1218625,-31.9681367],[-60.123114,-31.9677089],[-60.1242068,-31.9672097],[-60.1255952,-31.9665134],[-60.1297808,-31.963812],[-60.12988,-31.9637489],[-60.1301226,-31.963583],[-60.1306225,-31.9632198],[-60.1312181,-31.9628409],[-60.1315268,-31.9630353],[-60.1324506,-31.9636658],[-60.1331601,-31.964196],[-60.1336214,-31.9645965],[-60.1340184,-31.9649856],[-60.1346111,-31.965666],[-60.1350966,-31.9663555],[-60.1353246,-31.9667309],[-60.1355311,-31.9670996],[-60.1357833,-31.9676297],[-60.1362446,-31.9688824],[-60.1390842,-31.9766066],[-60.1401016,-31.9793134],[-60.1405147,-31.98041],[-60.1409277,-31.9815453],[-60.1411963,-31.9823187],[-60.1414226,-31.9828637],[-60.1418571,-31.9837157],[-60.142289,-31.9843687],[-60.1425692,-31.9847667],[-60.1428868,-31.9851469],[-60.1516209,-31.9934957],[-60.1560917,-31.9977796],[-60.1611324,-32.0026094],[-60.1626086,-32.0040237],[-60.1769404,-32.0177008],[-60.1778277,-32.0184214],[-60.1788551,-32.0191262],[-60.1799012,-32.0197281],[-60.18105,-32.0202032],[-60.1886679,-32.0225057],[-60.2028216,-32.0266966],[-60.2045681,-32.02714],[-60.2062867,-32.0274805],[-60.2264237,-32.030727],[-60.2281049,-32.0309645],[-60.2299072,-32.0312505],[-60.2508385,-32.0334033],[-60.2598422,-32.0344405],[-60.2612526,-32.0346464],[-60.2619531,-32.0347968],[-60.2626162,-32.0350106],[-60.2631859,-32.0352402],[-60.2638491,-32.035549],[-60.2649792,-32.0361824],[-60.2658659,-32.0367571],[-60.2684336,-32.0384861]]]},"geometry_name":"geom","properties":{"gid":5027,"rtn":"32","typ":40,"rst":1,"hct":2,"fdc":"OpenStreetMap","sag":"IGN"},"bbox":[-60.2684336,-32.0384861,-59.9874786,-31.8827502]},{"type":"Feature","id":"vial_provincial.5028","geometry":{"type":"MultiLineString","coordinates":[[[-59.9874786,-31.8827502],[-59.9868962,-31.8825502],[-59.98522421,-31.88191947]]]},"geometry_name":"geom","properties":{"gid":5028,"rtn":"32","typ":40,"rst":1,"hct":2,"fdc":"OpenStreetMap","sag":"IGN"},"bbox":[-59.9874786,-31.8827502,-59.98522421,-31.88191947]},{"type":"Feature","id":"vial_provincial.5029","geometry":{"type":"MultiLineString","coordinates":[[[-59.9833905,-31.8812096],[-59.9839216,-31.8813454],[-59.9847104,-31.8816206],[-59.9852446,-31.8818307],[-59.9853128,-31.8818575],[-59.9863338,-31.8822513],[-59.9869351,-31.8824955],[-59.9874786,-31.8827502]]]},"geometry_name":"geom","properties":{"gid":5029,"rtn":"32","typ":40,"rst":1,"hct":2,"fdc":"OpenStreetMap","sag":"IGN"},"bbox":[-59.9874786,-31.8827502,-59.9833905,-31.8812096]},{"type":"Feature","id":"vial_provincial.5030","geometry":{"type":"MultiLineString","coordinates":[[[-59.9520797,-31.8513331],[-59.9520321,-31.8567495],[-59.9520804,-31.8574512],[-59.9521662,-31.8581848],[-59.9523969,-31.8591598],[-59.9526651,-31.8600574],[-59.9531425,-31.8610461],[-59.9535931,-31.8617022],[-59.9543388,-31.862545],[-59.9549074,-31.8630644],[-59.955476,-31.8635565],[-59.9564189,-31.8643202],[-59.9615539,-31.8680395],[-59.9670416,-31.8720637],[-59.9671168,-31.8721189],[-59.973861,-31.8770643],[-59.9746324,-31.8775607],[-59.9754799,-31.8780162],[-59.9764134,-31.8784626],[-59.9775077,-31.8789455],[-59.9833905,-31.8812096]]]},"geometry_name":"geom","properties":{"gid":5030,"rtn":"32","typ":40,"rst":1,"hct":2,"fdc":"OpenStreetMap","sag":"IGN"},"bbox":[-59.9833905,-31.8812096,-59.9520321,-31.8513331]},{"type":"Feature","id":"vial_provincial.5031","geometry":{"type":"MultiLineString","coordinates":[[[-59.9520797,-31.8513331],[-59.9520443,-31.8503769],[-59.9520595,-31.849426],[-59.9520605,-31.8493557],[-59.9520719,-31.8485197],[-59.9521027,-31.8477237],[-59.9521454,-31.8472287]]]},"geometry_name":"geom","properties":{"gid":5031,"rtn":"32","typ":40,"rst":1,"hct":2,"fdc":"OpenStreetMap","sag":"IGN"},"bbox":[-59.9521454,-31.8513331,-59.9520443,-31.8472287]},{"type":"Feature","id":"vial_provincial.5032","geometry":{"type":"MultiLineString","coordinates":[[[-59.9521454,-31.8472287],[-59.9521862,-31.8485182],[-59.952166,-31.8493583],[-59.9521686,-31.8494277],[-59.9521668,-31.8503733],[-59.9520797,-31.8513331]]]},"geometry_name":"geom","properties":{"gid":5032,"rtn":"32","typ":40,"rst":1,"hct":2,"fdc":"OpenStreetMap","sag":"IGN"},"bbox":[-59.9521862,-31.8513331,-59.9520797,-31.8472287]},{"type":"Feature","id":"vial_provincial.5046","geometry":{"type":"MultiLineString","coordinates":[[[-58.8537714,-32.6986699],[-58.8540763,-32.6984177]]]},"geometry_name":"geom","properties":{"gid":5046,"rtn":"20","typ":40,"rst":1,"hct":2,"fdc":"OpenStreetMap","sag":"IGN"},"bbox":[-58.8540763,-32.6986699,-58.8537714,-32.6984177]},{"type":"Feature","id":"vial_provincial.5047","geometry":{"type":"MultiLineString","coordinates":[[[-58.8537714,-32.6986699],[-58.8534071,-32.6987946],[-58.8531183,-32.698862],[-58.8524915,-32.6989809],[-58.8515206,-32.6990626],[-58.8407412,-32.6982357],[-58.836722,-32.6979274],[-58.8365868,-32.697917],[-58.833571,-32.6976837],[-58.8245011,-32.6969657],[-58.8242566,-32.6969498],[-58.822577,-32.6968182],[-58.8204313,-32.696652],[-58.8192777,-32.6965646],[-58.8186092,-32.6965574],[-58.8183133,-32.6965542],[-58.8175683,-32.6965965],[-58.8162918,-32.6967694],[-58.8129094,-32.6972937],[-58.8098095,-32.6979872],[-58.8092342,-32.6981835],[-58.8080977,-32.698628],[-58.8077717,-32.6988055],[-58.8040494,-32.70088],[-58.8032277,-32.7013319],[-58.8024601,-32.7017532],[-58.792937,-32.707038],[-58.78991,-32.7087267],[-58.7812567,-32.7135541],[-58.7811806,-32.7135959],[-58.7769051,-32.7159433],[-58.7704948,-32.7196336],[-58.7692225,-32.720264],[-58.7683504,-32.7205882],[-58.7672148,-32.7208953],[-58.7576709,-32.7232053],[-58.747863,-32.7255808],[-58.7431822,-32.7268319],[-58.7278316,-32.732377],[-58.7263309,-32.7329399],[-58.7249519,-32.7334858],[-58.7201659,-32.7354988],[-58.7189086,-32.7359594],[-58.7177729,-32.7363517],[-58.7103303,-32.7387058],[-58.7080624,-32.7394792],[-58.7072709,-32.739754],[-58.7069845,-32.7398534],[-58.7066966,-32.7399438],[-58.6851632,-32.7467057],[-58.684352,-32.7470127],[-58.68348,-32.747405],[-58.6827296,-32.7478656],[-58.6818373,-32.7484796],[-58.6808586,-32.749334],[-58.6803609,-32.7497825],[-58.6764632,-32.7533405],[-58.6758143,-32.7538863],[-58.6750922,-32.7543126],[-58.6744236,-32.7546704],[-58.673575,-32.7550372],[-58.6706836,-32.7560122],[-58.6624094,-32.7588398],[-58.6498739,-32.7631052],[-58.6489234,-32.7634537],[-58.6478245,-32.763919],[-58.6403948,-32.7677426],[-58.6343536,-32.7708515],[-58.6303292,-32.7728542],[-58.627792,-32.7741626],[-58.626413,-32.7748958],[-58.6247504,-32.7758696],[-58.6226062,-32.7772736],[-58.6126441,-32.7835913],[-58.6116088,-32.7843247],[-58.6105568,-32.7850589],[-58.6079761,-32.7872125],[-58.6058349,-32.7890553],[-58.604894,-32.7899251],[-58.6041148,-32.7907698],[-58.6036763,-32.791389],[-58.6033953,-32.7918364],[-58.6014154,-32.795795],[-58.5986777,-32.8014104],[-58.5961103,-32.806621],[-58.5926736,-32.8136078],[-58.5886294,-32.8218182],[-58.5877397,-32.8237172],[-58.5870299,-32.8253361],[-58.5846977,-32.8316413],[-58.5841704,-32.8328852],[-58.5838257,-32.8336691],[-58.5831767,-32.8351515],[-58.5759935,-32.8500162],[-58.5673087,-32.8670153],[-58.5614494,-32.8791264],[-58.5568506,-32.8886692],[-58.5556391,-32.8911829],[-58.5549295,-32.8926554],[-58.5545244,-32.8934959],[-58.5545102,-32.8935232],[-58.554447,-32.893644],[-58.5540134,-32.8945524],[-58.55258258,-32.89754459]]]},"geometry_name":"geom","properties":{"gid":5047,"rtn":"20","typ":40,"rst":1,"hct":2,"fdc":"OpenStreetMap","sag":"IGN"},"bbox":[-58.8537714,-32.89754459,-58.55258258,-32.6965542]},{"type":"Feature","id":"vial_provincial.5048","geometry":{"type":"MultiLineString","coordinates":[[[-58.8541795,-32.6985429],[-58.8537714,-32.6986699]]]},"geometry_name":"geom","properties":{"gid":5048,"rtn":"20","typ":40,"rst":1,"hct":2,"fdc":"OpenStreetMap","sag":"IGN"},"bbox":[-58.8541795,-32.6986699,-58.8537714,-32.6985429]},{"type":"Feature","id":"vial_provincial.5095","geometry":{"type":"MultiLineString","coordinates":[[[-58.4750969,-33.0174054],[-58.4748629,-33.0169386],[-58.4746081,-33.0164298],[-58.4744257,-33.0161059],[-58.4743663,-33.0160436]]]},"geometry_name":"geom","properties":{"gid":5095,"rtn":"42","typ":40,"rst":1,"hct":2,"fdc":"OpenStreetMap","sag":"IGN"},"bbox":[-58.4750969,-33.0174054,-58.4743663,-33.0160436]},{"type":"Feature","id":"vial_provincial.5058","geometry":{"type":"MultiLineString","coordinates":[[[-58.8831742,-32.6736028],[-58.8833475,-32.6734472],[-58.8834158,-32.6733467],[-58.8834584,-32.6732282],[-58.8834988,-32.673075],[-58.8835277,-32.6729003],[-58.8835565,-32.6726788],[-58.8835589,-32.6724333],[-58.8835404,-32.672165],[-58.8835158,-32.6718655]]]},"geometry_name":"geom","properties":{"gid":5058,"rtn":"20","typ":40,"rst":1,"hct":2,"fdc":"OpenStreetMap","sag":"IGN"},"bbox":[-58.8835589,-32.6736028,-58.8831742,-32.6718655]},{"type":"Feature","id":"vial_provincial.5059","geometry":{"type":"MultiLineString","coordinates":[[[-58.8835158,-32.6718655],[-58.8839329,-32.6737847]]]},"geometry_name":"geom","properties":{"gid":5059,"rtn":"20","typ":40,"rst":1,"hct":2,"fdc":"OpenStreetMap","sag":"IGN"},"bbox":[-58.8839329,-32.6737847,-58.8835158,-32.6718655]},{"type":"Feature","id":"vial_provincial.5060","geometry":{"type":"MultiLineString","coordinates":[[[-58.36254623,-32.55575987],[-58.40497636,-32.53830386],[-58.42163259,-32.58351361],[-58.47754992,-32.559719],[-58.53346726,-32.56447793],[-58.56796944,-32.57637523],[-58.59057432,-32.6334823],[-58.65719923,-32.61444661],[-58.68932195,-32.65727691],[-58.70204021,-32.64410443],[-58.72263441,-32.62277472],[-58.75118794,-32.64300014],[-58.77855174,-32.62515418],[-58.855359,-32.6978585]]]},"geometry_name":"geom","properties":{"gid":5060,"rtn":"20","typ":40,"rst":1,"hct":2,"fdc":"OpenStreetMap","sag":"IGN"},"bbox":[-58.855359,-32.6978585,-58.36254623,-32.53830386]},{"type":"Feature","id":"vial_provincial.5061","geometry":{"type":"MultiLineString","coordinates":[[[-58.8901665,-32.3715171],[-58.8928878,-32.3797746],[-58.8945998,-32.3851539],[-58.8948659,-32.38599],[-58.8949003,-32.3860983],[-58.8951385,-32.3868468],[-58.8967781,-32.3919983],[-58.8969806,-32.3926085],[-58.897161,-32.3932216],[-58.899448,-32.400151],[-58.9009429,-32.4045296],[-58.9091267,-32.4298584],[-58.9111503,-32.4357338],[-58.9118475,-32.4382761],[-58.9120215,-32.4391275],[-58.9121502,-32.4401054],[-58.9122263,-32.4418962],[-58.9124784,-32.449775],[-58.9125261,-32.4530728],[-58.9126223,-32.4540304],[-58.912794,-32.4551348],[-58.9133356,-32.4577346],[-58.9170593,-32.472934],[-58.9181582,-32.4782298],[-58.9189711,-32.4815162],[-58.9204424,-32.487501],[-58.9250302,-32.5072773],[-58.9259856,-32.5111443],[-58.9260607,-32.5114835],[-58.9262377,-32.5122345],[-58.9263303,-32.5127744],[-58.9264201,-32.5136594],[-58.9264201,-32.5141751],[-58.9263933,-32.5146411],[-58.9263128,-32.5151613],[-58.9261626,-32.5157267],[-58.9240973,-32.5211321],[-58.9239739,-32.521408],[-58.9239084,-32.5215868],[-58.9227777,-32.5246738],[-58.9224451,-32.5256915],[-58.9219194,-32.527383],[-58.9195465,-32.5355928],[-58.9091772,-32.5724795],[-58.907482,-32.5784692],[-58.9061527,-32.5835463],[-58.9051067,-32.5875049],[-58.9049839,-32.587897],[-58.9047816,-32.588342],[-58.9032362,-32.5911722],[-58.9027253,-32.5922015],[-58.9025985,-32.5924879],[-58.9025296,-32.5926909],[-58.9023882,-32.5931727],[-58.9022196,-32.5936774],[-58.9021965,-32.5937595],[-58.9021207,-32.5941028],[-58.9020526,-32.5946141],[-58.9020404,-32.5951341],[-58.9020136,-32.5958556],[-58.9020671,-32.5966333],[-58.9025575,-32.6009081],[-58.9025889,-32.6012886],[-58.9025232,-32.6020318],[-58.8992416,-32.6138628],[-58.8925521,-32.6374905],[-58.8925408,-32.6375304],[-58.8904001,-32.6452029],[-58.8900656,-32.6460253],[-58.8897846,-32.6466337],[-58.8894502,-32.6472758],[-58.8892361,-32.6476025],[-58.8888079,-32.6483235],[-58.8884333,-32.6491121],[-58.8880587,-32.6499795],[-58.8864647,-32.6541193],[-58.8831484,-32.662731],[-58.8826801,-32.6639926],[-58.8824311,-32.6649886],[-58.8823723,-32.6653667],[-58.8823322,-32.6659524],[-58.882359,-32.666448],[-58.8824259,-32.6669098],[-58.8835158,-32.6718655]]]},"geometry_name":"geom","properties":{"gid":5061,"rtn":"20","typ":40,"rst":1,"hct":2,"fdc":"OpenStreetMap","sag":"IGN"},"bbox":[-58.9264201,-32.6718655,-58.8823322,-32.3715171]},{"type":"Feature","id":"vial_provincial.5062","geometry":{"type":"MultiLineString","coordinates":[[[-58.8901665,-32.3715171],[-58.8898653,-32.3707145],[-58.8896987,-32.3700055],[-58.8896616,-32.369777]]]},"geometry_name":"geom","properties":{"gid":5062,"rtn":"20","typ":40,"rst":1,"hct":2,"fdc":"OpenStreetMap","sag":"IGN"},"bbox":[-58.8901665,-32.3715171,-58.8896616,-32.369777]},{"type":"Feature","id":"vial_provincial.5063","geometry":{"type":"MultiLineString","coordinates":[[[-58.8896616,-32.369777],[-58.8896555,-32.3697177],[-58.8897063,-32.3694561],[-58.8897504,-32.3693185],[-58.8898208,-32.3691317],[-58.8899235,-32.3689307],[-58.8900207,-32.3688064],[-58.8901867,-32.368686],[-58.8903343,-32.3686394],[-58.8904756,-32.3686465],[-58.890583,-32.368711],[-58.8906386,-32.3688247],[-58.8906564,-32.368983],[-58.8906067,-32.3692581],[-58.8904964,-32.3694499],[-58.8903861,-32.3696614]]]},"geometry_name":"geom","properties":{"gid":5063,"rtn":"20","typ":40,"rst":1,"hct":2,"fdc":"OpenStreetMap","sag":"IGN"},"bbox":[-58.8906564,-32.369777,-58.8896555,-32.3686394]},{"type":"Feature","id":"vial_provincial.5064","geometry":{"type":"MultiLineString","coordinates":[[[-58.8903861,-32.3696614],[-58.8902821,-32.3698923],[-58.8901332,-32.3704513],[-58.8900994,-32.3707829],[-58.8901195,-32.3710786],[-58.8901665,-32.3715171]]]},"geometry_name":"geom","properties":{"gid":5064,"rtn":"20","typ":40,"rst":1,"hct":2,"fdc":"OpenStreetMap","sag":"IGN"},"bbox":[-58.8903861,-32.3715171,-58.8900994,-32.3696614]},{"type":"Feature","id":"vial_provincial.5065","geometry":{"type":"MultiLineString","coordinates":[[[-58.8903861,-32.3696614],[-58.8902597,-32.3697855],[-58.8901361,-32.369879],[-58.8900282,-32.3699202],[-58.8898596,-32.3699162],[-58.8897742,-32.3698879],[-58.8897179,-32.3698537],[-58.8896616,-32.369777]]]},"geometry_name":"geom","properties":{"gid":5065,"rtn":"20","typ":40,"rst":1,"hct":2,"fdc":"OpenStreetMap","sag":"IGN"},"bbox":[-58.8903861,-32.3699202,-58.8896616,-32.3696614]},{"type":"Feature","id":"vial_provincial.5066","geometry":{"type":"MultiLineString","coordinates":[[[-59.2727394,-33.1642092],[-59.2726596,-33.1641694],[-59.2718666,-33.1637731],[-59.2712928,-33.1635118],[-59.2711769,-33.1634234]]]},"geometry_name":"geom","properties":{"gid":5066,"rtn":"16","typ":40,"rst":1,"hct":2,"fdc":"OpenStreetMap","sag":"IGN"},"bbox":[-59.2727394,-33.1642092,-59.2711769,-33.1634234]},{"type":"Feature","id":"vial_provincial.5067","geometry":{"type":"MultiLineString","coordinates":[[[-59.2711769,-33.1634234],[-59.2713292,-33.1634601],[-59.2719412,-33.1637225],[-59.2727321,-33.1641083],[-59.2728133,-33.1641479]]]},"geometry_name":"geom","properties":{"gid":5067,"rtn":"16","typ":40,"rst":1,"hct":2,"fdc":"OpenStreetMap","sag":"IGN"},"bbox":[-59.2728133,-33.1641479,-59.2711769,-33.1634234]},{"type":"Feature","id":"vial_provincial.5068","geometry":{"type":"MultiLineString","coordinates":[[[-59.2711769,-33.1634234],[-59.2702373,-33.1629756],[-59.2633156,-33.1597325],[-59.2630071,-33.1595879],[-59.2574149,-33.1569649],[-59.2467913,-33.1519896],[-59.2455695,-33.1515045],[-59.2446513,-33.151247],[-59.2440392,-33.1510922],[-59.2434248,-33.1509673],[-59.2412571,-33.1507306],[-59.2354229,-33.1502188],[-59.2345483,-33.1501635],[-59.233736,-33.1501545],[-59.2329322,-33.1501574],[-59.2321432,-33.1502255],[-59.2308151,-33.1504116],[-59.2192616,-33.1523174],[-59.2164039,-33.152802],[-59.2149788,-33.1529926],[-59.2135578,-33.1531146],[-59.212944,-33.1531218],[-59.2117833,-33.1530972],[-59.2113646,-33.1531033],[-59.2103662,-33.1530476],[-59.2093665,-33.1528512],[-59.2083819,-33.1525955],[-59.2065202,-33.1519074],[-59.2060596,-33.1517294],[-59.2029452,-33.1505888],[-59.1994801,-33.1493002],[-59.197613,-33.1486198],[-59.1962761,-33.1480047],[-59.1949664,-33.1472869],[-59.1452745,-33.1181235],[-59.1420423,-33.116247],[-59.1016746,-33.0923823],[-59.0988944,-33.091157],[-59.0957544,-33.0897615],[-59.0923705,-33.0882764],[-59.0799797,-33.0827933],[-59.0657061,-33.0764759],[-59.033867,-33.0623778],[-59.0168415,-33.0548363],[-59.0082307,-33.0509295],[-59.0045605,-33.0491704],[-58.9986266,-33.0463143],[-58.9956488,-33.0449325],[-58.9951206,-33.0446851],[-58.9941897,-33.044249],[-58.9932118,-33.0438388],[-58.9926217,-33.043677],[-58.9924897,-33.0436535],[-58.9924097,-33.0436439]]]},"geometry_name":"geom","properties":{"gid":5068,"rtn":"16","typ":40,"rst":1,"hct":2,"fdc":"OpenStreetMap","sag":"IGN"},"bbox":[-59.2711769,-33.1634234,-58.9924097,-33.0436439]},{"type":"Feature","id":"vial_provincial.5069","geometry":{"type":"MultiLineString","coordinates":[[[-58.9924097,-33.0436439],[-58.9919511,-33.0435893],[-58.9917407,-33.0435743],[-58.9915573,-33.0435609],[-58.9911238,-33.0435339],[-58.9906432,-33.0435132]]]},"geometry_name":"geom","properties":{"gid":5069,"rtn":"16","typ":40,"rst":1,"hct":2,"fdc":"OpenStreetMap","sag":"IGN"},"bbox":[-58.9924097,-33.0436439,-58.9906432,-33.0435132]},{"type":"Feature","id":"vial_provincial.5070","geometry":{"type":"MultiLineString","coordinates":[[[-58.9906432,-33.0435132],[-58.9907617,-33.0435001],[-58.990928,-33.0434619],[-58.9911506,-33.0433517],[-58.9912821,-33.0432618],[-58.9914396,-33.0431279],[-58.991513,-33.043069],[-58.9916069,-33.043031],[-58.9917102,-33.0430195],[-58.9918127,-33.0430357],[-58.991904,-33.0430779],[-58.991975,-33.0431419],[-58.9920091,-33.0432258],[-58.9920303,-33.0432841],[-58.9920733,-33.0433742],[-58.992135,-33.0434507],[-58.9922959,-33.0435924],[-58.9924097,-33.0436439]]]},"geometry_name":"geom","properties":{"gid":5070,"rtn":"16","typ":40,"rst":1,"hct":2,"fdc":"OpenStreetMap","sag":"IGN"},"bbox":[-58.9924097,-33.0436439,-58.9906432,-33.0430195]},{"type":"Feature","id":"vial_provincial.5084","geometry":{"type":"MultiLineString","coordinates":[[[-58.5349856,-33.0219149],[-58.5349538,-33.021826],[-58.5348572,-33.0216889],[-58.5347258,-33.0215562]]]},"geometry_name":"geom","properties":{"gid":5084,"rtn":"16","typ":40,"rst":1,"hct":2,"fdc":"OpenStreetMap","sag":"IGN"},"bbox":[-58.5349856,-33.0219149,-58.5347258,-33.0215562]},{"type":"Feature","id":"vial_provincial.5085","geometry":{"type":"MultiLineString","coordinates":[[[-58.5347258,-33.0215562],[-58.5349243,-33.0216776],[-58.5350476,-33.0217271],[-58.5351579,-33.0217627]]]},"geometry_name":"geom","properties":{"gid":5085,"rtn":"16","typ":40,"rst":1,"hct":2,"fdc":"OpenStreetMap","sag":"IGN"},"bbox":[-58.5351579,-33.0217627,-58.5347258,-33.0215562]},{"type":"Feature","id":"vial_provincial.5086","geometry":{"type":"MultiLineString","coordinates":[[[-58.52805963,-33.01602364],[-58.5289823,-33.0167656],[-58.5299211,-33.0175573],[-58.5305219,-33.0180431],[-58.5310744,-33.0185019],[-58.5318687,-33.0191634],[-58.5320841,-33.0193428],[-58.5328852,-33.02001],[-58.533459,-33.0204948],[-58.533543,-33.0205657],[-58.5339241,-33.0208926],[-58.5341289,-33.0210684],[-58.5341955,-33.0211212],[-58.5343831,-33.0212698],[-58.5347258,-33.0215562]]]},"geometry_name":"geom","properties":{"gid":5086,"rtn":"16","typ":40,"rst":1,"hct":2,"fdc":"OpenStreetMap","sag":"IGN"},"bbox":[-58.5347258,-33.0215562,-58.52805963,-33.01602364]},{"type":"Feature","id":"vial_provincial.5087","geometry":{"type":"MultiLineString","coordinates":[[[-58.5275925,-33.0156964],[-58.52780868,-33.01576762],[-58.52786857,-33.01576445],[-58.52793796,-33.01580311],[-58.52798105,-33.01591465],[-58.52803175,-33.01598055],[-58.52805963,-33.01602364]]]},"geometry_name":"geom","properties":{"gid":5087,"rtn":"16","typ":40,"rst":1,"hct":2,"fdc":"OpenStreetMap","sag":"IGN"},"bbox":[-58.52805963,-33.01602364,-58.5275925,-33.0156964]},{"type":"Feature","id":"vial_provincial.5088","geometry":{"type":"MultiLineString","coordinates":[[[-58.5275925,-33.0156964],[-58.52770475,-33.01586141],[-58.5277884,-33.01594253],[-58.52805963,-33.01602364]]]},"geometry_name":"geom","properties":{"gid":5088,"rtn":"16","typ":40,"rst":1,"hct":2,"fdc":"OpenStreetMap","sag":"IGN"},"bbox":[-58.52805963,-33.01602364,-58.5275925,-33.0156964]},{"type":"Feature","id":"vial_provincial.5090","geometry":{"type":"MultiLineString","coordinates":[[[-58.4751177,-33.0174676],[-58.4753322,-33.0174154],[-58.4757881,-33.0173519],[-58.476169,-33.0172957],[-58.4765097,-33.0172304],[-58.4767627,-33.017132]]]},"geometry_name":"geom","properties":{"gid":5090,"rtn":"42","typ":40,"rst":1,"hct":2,"fdc":"OpenStreetMap","sag":"IGN"},"bbox":[-58.4767627,-33.0174676,-58.4751177,-33.017132]},{"type":"Feature","id":"vial_provincial.5091","geometry":{"type":"MultiLineString","coordinates":[[[-58.4750302,-33.017421],[-58.4750558,-33.0174826],[-58.4751177,-33.0174676]]]},"geometry_name":"geom","properties":{"gid":5091,"rtn":"42","typ":40,"rst":1,"hct":2,"fdc":"OpenStreetMap","sag":"IGN"},"bbox":[-58.4751177,-33.0174826,-58.4750302,-33.017421]},{"type":"Feature","id":"vial_provincial.5071","geometry":{"type":"MultiLineString","coordinates":[[[-58.6128112,-33.0390706],[-58.6128779,-33.0390806],[-58.6129424,-33.0390866],[-58.6131133,-33.0391051],[-58.613301,-33.0391226],[-58.613377,-33.039128],[-58.6135573,-33.0391409],[-58.6139355,-33.0391612],[-58.6147947,-33.0392178],[-58.6163375,-33.0393204],[-58.618037,-33.0394539],[-58.6184646,-33.0394871],[-58.6185171,-33.0394907],[-58.6192682,-33.0395523],[-58.6200379,-33.0396186],[-58.6202753,-33.039638],[-58.6203822,-33.0396467],[-58.6206067,-33.0396651],[-58.6217363,-33.0397464],[-58.6278218,-33.0401645],[-58.6493048,-33.0418663],[-58.6497956,-33.0419052],[-58.6514242,-33.0420527],[-58.6523372,-33.0421699],[-58.6532843,-33.0423694],[-58.6804498,-33.0493364],[-58.6946529,-33.0530231],[-58.7126888,-33.0577805],[-58.7129948,-33.0578612],[-58.7552919,-33.0693308],[-58.7637747,-33.0715459],[-58.7652916,-33.0720554],[-58.7654026,-33.0720979],[-58.7659348,-33.0723017],[-58.7681171,-33.0731974],[-58.7743848,-33.0761091],[-58.7848797,-33.0809844],[-58.7852918,-33.0811511],[-58.7856982,-33.081305],[-58.7861267,-33.0814401],[-58.7865553,-33.0815466],[-58.7869911,-33.0816294],[-58.7877482,-33.0817399],[-58.7880952,-33.0817769],[-58.7937327,-33.0824324],[-58.7938174,-33.0824424],[-58.8053315,-33.0838072],[-58.8056717,-33.0838473],[-58.8064526,-33.0839266],[-58.8076996,-33.0840012],[-58.8085681,-33.0840105],[-58.8094143,-33.0839395],[-58.8102528,-33.0838086],[-58.8112866,-33.0835815],[-58.8168504,-33.082089],[-58.8344725,-33.0773227],[-58.8362673,-33.0769281],[-58.838062,-33.076353],[-58.8531276,-33.072283],[-58.8731427,-33.0656769],[-58.8744792,-33.0652357],[-58.8795712,-33.0635147],[-58.8828674,-33.062467],[-58.8845487,-33.0619537],[-58.88623,-33.0615431],[-58.9149526,-33.0562686],[-58.9235565,-33.0546886],[-58.9243337,-33.0545459],[-58.9260468,-33.0542273],[-58.9261742,-33.0542036],[-58.9593634,-33.0480312],[-58.9605308,-33.0478207],[-58.9653249,-33.0469028],[-58.9688686,-33.0462243],[-58.9694186,-33.046119],[-58.9725647,-33.0455309],[-58.9765926,-33.0448222],[-58.9828603,-33.0437195],[-58.9834645,-33.0436653],[-58.9842413,-33.0436141],[-58.985126,-33.0435888],[-58.9902259,-33.043516],[-58.9906432,-33.0435132]]]},"geometry_name":"geom","properties":{"gid":5071,"rtn":"16","typ":40,"rst":1,"hct":2,"fdc":"OpenStreetMap","sag":"IGN"},"bbox":[-58.9906432,-33.0840105,-58.6128112,-33.0390706]},{"type":"Feature","id":"vial_provincial.5096","geometry":{"type":"MultiLineString","coordinates":[[[-58.4767627,-33.017132],[-58.4764855,-33.0171765],[-58.4760027,-33.0172484],[-58.4756594,-33.0172979],[-58.4754636,-33.0173294],[-58.4750969,-33.0174054]]]},"geometry_name":"geom","properties":{"gid":5096,"rtn":"42","typ":40,"rst":1,"hct":2,"fdc":"OpenStreetMap","sag":"IGN"},"bbox":[-58.4767627,-33.0174054,-58.4750969,-33.017132]},{"type":"Feature","id":"vial_provincial.5072","geometry":{"type":"MultiLineString","coordinates":[[[-58.6128112,-33.0390706],[-58.6124508,-33.03902],[-58.6120885,-33.038939],[-58.6115868,-33.038811],[-58.6114327,-33.0387715],[-58.6109499,-33.0386141],[-58.6105207,-33.0384387],[-58.6101184,-33.0382498],[-58.6097107,-33.0380115],[-58.6092795,-33.0377381],[-58.6086134,-33.0372396],[-58.6076843,-33.0365353],[-58.6070715,-33.0360682],[-58.6069049,-33.0359413],[-58.6067533,-33.0358408],[-58.6065661,-33.0357645],[-58.606492,-33.03573],[-58.606428,-33.03566],[-58.6062508,-33.0354032],[-58.6060684,-33.0352435],[-58.6058322,-33.0350569],[-58.6047057,-33.0342249],[-58.6040673,-33.0337302],[-58.6035524,-33.0333839],[-58.6030773,-33.0331352],[-58.6025599,-33.0329342],[-58.6021064,-33.0327934],[-58.6016182,-33.0326855],[-58.6010203,-33.0326104],[-58.6003093,-33.032582],[-58.5982869,-33.0325146],[-58.5953984,-33.032462],[-58.5919998,-33.0323527],[-58.5871236,-33.0322312],[-58.5853853,-33.0321751],[-58.5818747,-33.0320617],[-58.5787175,-33.0318894],[-58.5767946,-33.0317829],[-58.5756759,-33.0317275],[-58.5751502,-33.031714],[-58.5749387,-33.0317266],[-58.5746861,-33.0317711],[-58.5745341,-33.0317686],[-58.5742929,-33.0316981],[-58.5740534,-33.0316502],[-58.5738256,-33.0316165],[-58.5733481,-33.0315962],[-58.5723799,-33.0315445],[-58.5707786,-33.0314501],[-58.5685349,-33.03133],[-58.5673313,-33.031274],[-58.567296,-33.0312719],[-58.5664176,-33.0312191],[-58.56477,-33.0311159],[-58.5631513,-33.031],[-58.563062,-33.0309936],[-58.5622547,-33.0309216],[-58.5614473,-33.0308474],[-58.5605533,-33.0307563],[-58.5600601,-33.0306977],[-58.5599415,-33.0306836],[-58.5588976,-33.030567],[-58.5576902,-33.0304258],[-58.5570442,-33.0303542],[-58.556878,-33.0303079]]]},"geometry_name":"geom","properties":{"gid":5072,"rtn":"16","typ":40,"rst":1,"hct":2,"fdc":"OpenStreetMap","sag":"IGN"},"bbox":[-58.6128112,-33.0390706,-58.556878,-33.0303079]},{"type":"Feature","id":"vial_provincial.5073","geometry":{"type":"MultiLineString","coordinates":[[[-58.556878,-33.0303079],[-58.5570473,-33.0302868],[-58.5576926,-33.0303503],[-58.5589168,-33.0304499],[-58.5600551,-33.0305228],[-58.5619247,-33.030672],[-58.5631837,-33.0307489],[-58.5634348,-33.0307642],[-58.5654758,-33.0309149],[-58.5664491,-33.0309697],[-58.5673185,-33.0310293],[-58.5678469,-33.0310543],[-58.5685761,-33.0310934],[-58.5704111,-33.0312094],[-58.5722913,-33.0313129],[-58.5733909,-33.0313736],[-58.5737827,-33.0313916],[-58.5741072,-33.0313713],[-58.574362,-33.0313331],[-58.5745023,-33.0312937],[-58.5746042,-33.0312753],[-58.5747547,-33.0313038],[-58.5749946,-33.0313655],[-58.5753727,-33.0314652],[-58.5755663,-33.0314973],[-58.5761618,-33.0315265],[-58.5769423,-33.0315692],[-58.5785972,-33.0316524],[-58.5800301,-33.0317376],[-58.5804882,-33.0317649],[-58.5814672,-33.0318166],[-58.5824435,-33.0318706],[-58.583444,-33.0318975],[-58.584895,-33.0319448],[-58.5865714,-33.032001],[-58.5878938,-33.0320392],[-58.5902541,-33.0320932],[-58.5920619,-33.0321404],[-58.593749,-33.0321989],[-58.5954603,-33.0322438],[-58.5960529,-33.0322554],[-58.5968389,-33.0322708],[-58.5984858,-33.0323113],[-58.5998618,-33.0323608],[-58.6004975,-33.0323765],[-58.6010688,-33.0324125],[-58.6015757,-33.0324687],[-58.6019968,-33.0325542],[-58.6023965,-33.0326688],[-58.6028149,-33.0328172],[-58.6032092,-33.0329949],[-58.6034747,-33.0331343],[-58.6037939,-33.0333187],[-58.6041131,-33.0335413],[-58.6045825,-33.0338966],[-58.6050384,-33.0342339],[-58.6056902,-33.0347286],[-58.6060335,-33.0349984],[-58.606232,-33.0351063],[-58.6064748,-33.035212],[-58.6066795,-33.0352976],[-58.6067925,-33.0353219],[-58.6068717,-33.0353591],[-58.6069363,-33.0354264],[-58.6069665,-33.0354945],[-58.6070175,-33.0355986],[-58.6071143,-33.0357713],[-58.6073383,-33.0360272],[-58.608255,-33.0367315],[-58.6091862,-33.0374349],[-58.6095745,-33.0377299],[-58.6099414,-33.0379665],[-58.6103491,-33.0381959],[-58.6107943,-33.0384117],[-58.6112181,-33.0385871],[-58.6116473,-33.038731],[-58.6122295,-33.0389098],[-58.6128112,-33.0390706]]]},"geometry_name":"geom","properties":{"gid":5073,"rtn":"16","typ":40,"rst":1,"hct":2,"fdc":"OpenStreetMap","sag":"IGN"},"bbox":[-58.6128112,-33.0390706,-58.556878,-33.0302868]},{"type":"Feature","id":"vial_provincial.5074","geometry":{"type":"MultiLineString","coordinates":[[[-58.556878,-33.0303079],[-58.5551522,-33.0301705],[-58.5530085,-33.030023],[-58.5523466,-33.0299794],[-58.5519201,-33.0299367],[-58.5515178,-33.029867],[-58.5511852,-33.0297635],[-58.5507457,-33.0295863],[-58.5503993,-33.0294712],[-58.5496778,-33.0292013],[-58.5483093,-33.0287001],[-58.54694,-33.02819],[-58.546283,-33.0279317],[-58.5447103,-33.0273573],[-58.5435923,-33.026959],[-58.5426799,-33.0266152],[-58.5423344,-33.0264841],[-58.5413468,-33.0261093],[-58.5400155,-33.0256118],[-58.5398689,-33.0255583],[-58.5394532,-33.0253626],[-58.5390991,-33.0251423],[-58.5386083,-33.024751],[-58.5374029,-33.0237334]]]},"geometry_name":"geom","properties":{"gid":5074,"rtn":"16","typ":40,"rst":1,"hct":2,"fdc":"OpenStreetMap","sag":"IGN"},"bbox":[-58.556878,-33.0303079,-58.5374029,-33.0237334]},{"type":"Feature","id":"vial_provincial.5075","geometry":{"type":"MultiLineString","coordinates":[[[-58.5374029,-33.0237334],[-58.5371775,-33.0235988],[-58.5370044,-33.0234656],[-58.5369451,-33.0234238],[-58.5368644,-33.023394],[-58.5367861,-33.0233701],[-58.5367245,-33.0233403],[-58.536632,-33.0232925],[-58.5365987,-33.0232607],[-58.5365798,-33.0232329],[-58.53655691,-33.02319551],[-58.5365479,-33.0231687],[-58.53653889,-33.02314189],[-58.5365228,-33.0230797],[-58.5364991,-33.02303],[-58.5364778,-33.0229982],[-58.5364327,-33.0229465],[-58.5362925,-33.0228267]]]},"geometry_name":"geom","properties":{"gid":5075,"rtn":"16","typ":40,"rst":1,"hct":2,"fdc":"OpenStreetMap","sag":"IGN"},"bbox":[-58.5374029,-33.0237334,-58.5362925,-33.0228267]},{"type":"Feature","id":"vial_provincial.5076","geometry":{"type":"MultiLineString","coordinates":[[[-58.5362925,-33.0228267],[-58.5364754,-33.0229485],[-58.5366225,-33.0230459],[-58.5367282,-33.0231321],[-58.5368653,-33.0232439],[-58.5370843,-33.0234225],[-58.5371396,-33.0234676],[-58.537289,-33.0236048],[-58.5374029,-33.0237334]]]},"geometry_name":"geom","properties":{"gid":5076,"rtn":"16","typ":40,"rst":1,"hct":2,"fdc":"OpenStreetMap","sag":"IGN"},"bbox":[-58.5374029,-33.0237334,-58.5362925,-33.0228267]},{"type":"Feature","id":"vial_provincial.5077","geometry":{"type":"MultiLineString","coordinates":[[[-58.5362925,-33.0228267],[-58.5360689,-33.02264],[-58.5359251,-33.022521],[-58.5358417,-33.022453],[-58.535741,-33.0223743]]]},"geometry_name":"geom","properties":{"gid":5077,"rtn":"16","typ":40,"rst":1,"hct":2,"fdc":"OpenStreetMap","sag":"IGN"},"bbox":[-58.5362925,-33.0228267,-58.535741,-33.0223743]},{"type":"Feature","id":"vial_provincial.5078","geometry":{"type":"MultiLineString","coordinates":[[[-58.535741,-33.0223743],[-58.5354634,-33.0222174],[-58.5353941,-33.0221873],[-58.5352716,-33.0221571]]]},"geometry_name":"geom","properties":{"gid":5078,"rtn":"16","typ":40,"rst":1,"hct":2,"fdc":"OpenStreetMap","sag":"IGN"},"bbox":[-58.535741,-33.0223743,-58.5352716,-33.0221571]},{"type":"Feature","id":"vial_provincial.5079","geometry":{"type":"MultiLineString","coordinates":[[[-58.5354637,-33.0219711],[-58.5355438,-33.0221499],[-58.535741,-33.0223743]]]},"geometry_name":"geom","properties":{"gid":5079,"rtn":"16","typ":40,"rst":1,"hct":2,"fdc":"OpenStreetMap","sag":"IGN"},"bbox":[-58.535741,-33.0223743,-58.5354637,-33.0219711]},{"type":"Feature","id":"vial_provincial.5080","geometry":{"type":"MultiLineString","coordinates":[[[-58.5354637,-33.0219711],[-58.5354517,-33.0220228],[-58.5354241,-33.0220702],[-58.535383,-33.0221101],[-58.535331,-33.0221397],[-58.5352716,-33.0221571]]]},"geometry_name":"geom","properties":{"gid":5080,"rtn":"16","typ":40,"rst":1,"hct":2,"fdc":"OpenStreetMap","sag":"IGN"},"bbox":[-58.5354637,-33.0221571,-58.5352716,-33.0219711]},{"type":"Feature","id":"vial_provincial.5081","geometry":{"type":"MultiLineString","coordinates":[[[-58.5352716,-33.0221571],[-58.5352047,-33.0221609],[-58.5351391,-33.0221491],[-58.5350804,-33.0221231],[-58.5350324,-33.0220846],[-58.5349986,-33.0220366],[-58.5349817,-33.0219827],[-58.5349856,-33.0219149]]]},"geometry_name":"geom","properties":{"gid":5081,"rtn":"16","typ":40,"rst":1,"hct":2,"fdc":"OpenStreetMap","sag":"IGN"},"bbox":[-58.5352716,-33.0221609,-58.5349817,-33.0219149]},{"type":"Feature","id":"vial_provincial.5082","geometry":{"type":"MultiLineString","coordinates":[[[-58.5349856,-33.0219149],[-58.535016,-33.0218519],[-58.5350695,-33.0218009],[-58.5351579,-33.0217627]]]},"geometry_name":"geom","properties":{"gid":5082,"rtn":"16","typ":40,"rst":1,"hct":2,"fdc":"OpenStreetMap","sag":"IGN"},"bbox":[-58.5351579,-33.0219149,-58.5349856,-33.0217627]},{"type":"Feature","id":"vial_provincial.5083","geometry":{"type":"MultiLineString","coordinates":[[[-58.5351579,-33.0217627],[-58.5352198,-33.0217555],[-58.5353032,-33.0217623],[-58.5353809,-33.0217955],[-58.5354359,-33.0218445],[-58.5354664,-33.021899],[-58.5354637,-33.0219711]]]},"geometry_name":"geom","properties":{"gid":5083,"rtn":"16","typ":40,"rst":1,"hct":2,"fdc":"OpenStreetMap","sag":"IGN"},"bbox":[-58.5354664,-33.0219711,-58.5351579,-33.0217555]},{"type":"Feature","id":"vial_provincial.5097","geometry":{"type":"MultiLineString","coordinates":[[[-58.4767627,-33.017132],[-58.4769863,-33.0170898],[-58.4779128,-33.0169149],[-58.4780123,-33.0168961],[-58.4781101,-33.0168799],[-58.4787866,-33.0167681],[-58.4803343,-33.0165124],[-58.4817516,-33.016305],[-58.483868,-33.0159661],[-58.4842312,-33.0159077],[-58.4883882,-33.0152739],[-58.4902856,-33.0150096],[-58.4923603,-33.0146826],[-58.4935819,-33.0145111],[-58.4945823,-33.0143644],[-58.495444,-33.0142049],[-58.4959579,-33.0140006],[-58.4963168,-33.0137483],[-58.4966513,-33.0134206],[-58.4968178,-33.0132328],[-58.4969849,-33.0129843],[-58.4975408,-33.0122674],[-58.49764,-33.0121321],[-58.4981823,-33.0114192],[-58.4982611,-33.011309],[-58.499492,-33.0097149],[-58.4997707,-33.009354],[-58.4998058,-33.0093086],[-58.5008201,-33.0079253],[-58.5009457,-33.0077744],[-58.5010441,-33.0077031]]]},"geometry_name":"geom","properties":{"gid":5097,"rtn":"42","typ":40,"rst":1,"hct":2,"fdc":"OpenStreetMap","sag":"IGN"},"bbox":[-58.5010441,-33.017132,-58.4767627,-33.0077031]},{"type":"Feature","id":"vial_provincial.5098","geometry":{"type":"MultiLineString","coordinates":[[[-58.4743663,-33.0160436],[-58.474146,-33.0156189],[-58.4739895,-33.0153164],[-58.4737088,-33.0147762],[-58.4736572,-33.0146768],[-58.4733221,-33.0140308],[-58.4729917,-33.013394],[-58.472868,-33.0131555],[-58.4726682,-33.0127839],[-58.4721077,-33.0117413],[-58.4717339,-33.0110459],[-58.4716487,-33.0108874],[-58.4715126,-33.0106316],[-58.4710639,-33.0097887],[-58.4709389,-33.0095538],[-58.4703386,-33.008426],[-58.4700522,-33.0078878],[-58.4697434,-33.0073113],[-58.4685651,-33.0051117],[-58.4684064,-33.0048154],[-58.4674741,-33.0030425],[-58.4670804,-33.0023211],[-58.4662647,-33.0008265],[-58.4662456,-33.000791],[-58.4660411,-33.0004105],[-58.4657924,-32.9999477],[-58.4650923,-32.9986447],[-58.4650332,-32.9985315],[-58.4648935,-32.9982077],[-58.4648575,-32.9980124],[-58.4649067,-32.9973006],[-58.4650073,-32.9961865],[-58.4651955,-32.9941024],[-58.4655107,-32.9906896],[-58.4655298,-32.9904524],[-58.4655811,-32.9898154],[-58.4657891,-32.9872335],[-58.4659862,-32.9847461],[-58.4659382,-32.9843243],[-58.465825,-32.9838515],[-58.4652538,-32.9821153],[-58.4650897,-32.9816165],[-58.4650097,-32.9813649],[-58.4643394,-32.9795271],[-58.4630119,-32.9756521],[-58.4619071,-32.9724442],[-58.4606283,-32.9688457],[-58.4591067,-32.9643862],[-58.4581549,-32.9615861],[-58.457949,-32.9609804],[-58.4568952,-32.9580193],[-58.4559771,-32.9553384],[-58.45492,-32.9522262],[-58.4538707,-32.9492219],[-58.4523993,-32.9449374],[-58.4512381,-32.9415385],[-58.4510154,-32.9409078],[-58.4497398,-32.9372951],[-58.4481608,-32.9327397],[-58.4463698,-32.9277067],[-58.4446746,-32.9227356],[-58.4436607,-32.919579],[-58.4434515,-32.9191692],[-58.4410912,-32.9149903],[-58.4378779,-32.9093069],[-58.436392,-32.9066182],[-58.4346539,-32.9036142],[-58.4316874,-32.898412],[-58.4311402,-32.8974391],[-58.4299761,-32.8954032],[-58.428399,-32.892642],[-58.4254324,-32.8874527],[-58.4237748,-32.8845066],[-58.4211906,-32.8799033],[-58.4196013,-32.8769029],[-58.4187242,-32.8750506],[-58.4166081,-32.8693397],[-58.4151775,-32.8658673],[-58.4144139,-32.86389],[-58.414312,-32.863525],[-58.4141818,-32.8628593],[-58.4141278,-32.8620815],[-58.414121,-32.8613435],[-58.4141413,-32.8604067],[-58.4141642,-32.8590506],[-58.4141983,-32.8584712],[-58.4142089,-32.8536874],[-58.4140331,-32.8523048],[-58.4138439,-32.8515128],[-58.4135871,-32.8509535],[-58.4130193,-32.8501245],[-58.4104642,-32.8469719],[-58.4027356,-32.8375626],[-58.3982295,-32.8319824],[-58.3957458,-32.8267535],[-58.3936386,-32.8220766],[-58.392199,-32.8187539],[-58.3903573,-32.8146244],[-58.3876616,-32.8084861],[-58.3852422,-32.8030078],[-58.3848989,-32.8025975],[-58.3829731,-32.8003384],[-58.377198,-32.7936363],[-58.3712942,-32.7865085],[-58.3696823,-32.7843209],[-58.366161,-32.7794454],[-58.3637631,-32.7763624],[-58.3629269,-32.7753596],[-58.361342,-32.7737656],[-58.3609905,-32.7733934],[-58.3608385,-32.7730695],[-58.3606864,-32.7726461],[-58.3603932,-32.7718369],[-58.3603889,-32.7715326],[-58.3603674,-32.7672127],[-58.3603191,-32.7663195],[-58.3602011,-32.7655843],[-58.3601633,-32.76294],[-58.3601633,-32.7598752],[-58.3601475,-32.7574914],[-58.3601904,-32.756765],[-58.3605927,-32.7557364],[-58.3609575,-32.7553169],[-58.3616763,-32.7546492],[-58.3654001,-32.7514439],[-58.3681423,-32.7489718],[-58.3722904,-32.7454297],[-58.3732528,-32.7445204],[-58.3734137,-32.7442181],[-58.3734727,-32.7438797],[-58.3734888,-32.7434014],[-58.373489,-32.7429631],[-58.3734898,-32.7405746],[-58.3734916,-32.7356441],[-58.3734943,-32.7280744],[-58.3735821,-32.7191964],[-58.3735768,-32.7131805],[-58.3735752,-32.7114103],[-58.3736497,-32.7038538],[-58.3736773,-32.6945567],[-58.3736646,-32.6940407],[-58.373473,-32.6935964],[-58.3729961,-32.6931163],[-58.3700327,-32.6906008],[-58.3652385,-32.6864763],[-58.3629128,-32.6844663],[-58.3604272,-32.6823373],[-58.3554653,-32.6780861],[-58.3536843,-32.676533],[-58.3509301,-32.6742062],[-58.3504401,-32.6737823],[-58.3479394,-32.6716289],[-58.3411494,-32.6657654],[-58.3407551,-32.6656593],[-58.3403459,-32.6656407],[-58.3399337,-32.6656776],[-58.3395947,-32.6657807],[-58.3335841,-32.6709564],[-58.3332277,-32.6710498],[-58.332859,-32.6710188],[-58.3325115,-32.6709307],[-58.3320417,-32.6706684],[-58.3311374,-32.6698965],[-58.3302332,-32.6691078],[-58.3293325,-32.6682929],[-58.3291562,-32.6681322],[-58.3282483,-32.6673542],[-58.3273144,-32.6666051],[-58.3264026,-32.665824],[-58.3254665,-32.6650222],[-58.3222937,-32.6622919],[-58.3179421,-32.6585748],[-58.31393,-32.6550945],[-58.3119798,-32.6534704],[-58.3103964,-32.6521183],[-58.2999708,-32.643215],[-58.2997873,-32.6427867],[-58.2997817,-32.6424037],[-58.2998963,-32.6419698],[-58.3004415,-32.6406352],[-58.3011442,-32.6389593],[-58.3012427,-32.6383244],[-58.3009246,-32.6306356],[-58.3001816,-32.624258],[-58.2998946,-32.6222006],[-58.297942,-32.6065077],[-58.2976084,-32.6033962],[-58.2977803,-32.6029724],[-58.3033922,-32.5891352],[-58.3045724,-32.5855916],[-58.3062246,-32.5769309],[-58.3071902,-32.5707467],[-58.3082416,-32.5640377],[-58.3083811,-32.562643],[-58.3085015,-32.5623854],[-58.3086464,-32.5621729],[-58.3088368,-32.5619536],[-58.3095291,-32.5611623],[-58.309679,-32.5608753],[-58.3097595,-32.5605588],[-58.3097544,-32.5601405],[-58.3096472,-32.5591413],[-58.3047006,-32.5350278],[-58.3045509,-32.5343203],[-58.3036819,-32.5298564],[-58.3036738,-32.5294629],[-58.3037487,-32.5291849],[-58.3038992,-32.5289224],[-58.3041242,-32.5287281],[-58.3044794,-32.5285668],[-58.3075923,-32.5280858],[-58.3084562,-32.5278618],[-58.3090463,-32.5275542],[-58.3094376,-32.5271903],[-58.3097434,-32.5267968],[-58.3100173,-32.5262878],[-58.3102369,-32.5258198],[-58.3102748,-32.5252792],[-58.3091643,-32.5207334],[-58.3083972,-32.5165448],[-58.3082306,-32.5160044],[-58.3080858,-32.5157872],[-58.3079356,-32.5156425],[-58.3077103,-32.5154797],[-58.307386,-32.5152873],[-58.307021,-32.5151992],[-58.3067128,-32.5151696],[-58.3061224,-32.5152173],[-58.3056665,-32.5151811],[-58.3051732,-32.5150158],[-58.3047867,-32.5147423],[-58.3045399,-32.5143804],[-58.304331,-32.5139256],[-58.3031991,-32.5075426],[-58.3031505,-32.5071357],[-58.3030907,-32.5066595],[-58.3025839,-32.50253],[-58.3021821,-32.4989634],[-58.3020549,-32.4979566],[-58.3018265,-32.4956656],[-58.3017046,-32.4946384],[-58.3015785,-32.4935751],[-58.3014432,-32.4924351],[-58.3012364,-32.4908164],[-58.3010366,-32.4891916],[-58.30085,-32.4874629],[-58.3008146,-32.4871349],[-58.3007948,-32.486951],[-58.30079519,-32.48692272],[-58.30080353,-32.48688827]]]},"geometry_name":"geom","properties":{"gid":5098,"rtn":"42","typ":40,"rst":1,"hct":2,"fdc":"OpenStreetMap","sag":"IGN"},"bbox":[-58.4743663,-33.0160436,-58.2976084,-32.48688827]},{"type":"Feature","id":"vial_provincial.5099","geometry":{"type":"MultiLineString","coordinates":[[[-58.30080353,-32.48688827],[-58.30078965,-32.48684635],[-58.3007841,-32.48679305],[-58.3007776,-32.4867472],[-58.30077217,-32.48670156]]]},"geometry_name":"geom","properties":{"gid":5099,"rtn":"42","typ":40,"rst":1,"hct":2,"fdc":"OpenStreetMap","sag":"IGN"},"bbox":[-58.30080353,-32.48688827,-58.30077217,-32.48670156]},{"type":"Feature","id":"vial_provincial.5100","geometry":{"type":"MultiLineString","coordinates":[[[-58.30080353,-32.48688827],[-58.30083043,-32.48685353],[-58.3008592,-32.4868255],[-58.3008904,-32.4868034],[-58.3009316,-32.4867808],[-58.30095755,-32.48676055],[-58.3010118,-32.4867457],[-58.3010631,-32.4867288],[-58.301124,-32.4866908],[-58.3011685,-32.4866392],[-58.3011927,-32.4865787],[-58.3011943,-32.4865149],[-58.3011731,-32.4864536],[-58.3011403,-32.48639625]]]},"geometry_name":"geom","properties":{"gid":5100,"rtn":"42","typ":40,"rst":1,"hct":2,"fdc":"OpenStreetMap","sag":"IGN"},"bbox":[-58.3011943,-32.48688827,-58.30080353,-32.48639625]},{"type":"Feature","id":"vial_provincial.5132","geometry":{"type":"MultiLineString","coordinates":[[[-59.3080235,-32.3498154],[-59.3023252,-32.341],[-59.3016103,-32.3399355],[-59.3010015,-32.3388829],[-59.3004211,-32.3377586],[-59.2998777,-32.3363571],[-59.2996202,-32.3354143],[-59.2994056,-32.3343265],[-59.2992983,-32.3332749],[-59.299296,-32.3322101],[-59.2993379,-32.3283522],[-59.2993866,-32.3237593],[-59.299653,-32.3179328],[-59.2995609,-32.3162872],[-59.2993436,-32.3148905],[-59.299003,-32.313821],[-59.2986306,-32.3127766],[-59.298016,-32.3116267],[-59.2972482,-32.3104936],[-59.2938294,-32.3064422],[-59.277968,-32.2861526],[-59.2767295,-32.2844689],[-59.276127,-32.2834926],[-59.2756751,-32.282587],[-59.2752567,-32.2816814],[-59.2749052,-32.2807334],[-59.2745203,-32.279276],[-59.2742692,-32.2780732],[-59.2741186,-32.2767148],[-59.2741045,-32.2686571]]]},"geometry_name":"geom","properties":{"gid":5132,"rtn":"6","typ":40,"rst":1,"hct":2,"fdc":"OpenStreetMap","sag":"IGN"},"bbox":[-59.3080235,-32.3498154,-59.2741045,-32.2686571]},{"type":"Feature","id":"vial_provincial.5150","geometry":{"type":"MultiLineString","coordinates":[[[-58.88474828,-32.8212703],[-58.89076129,-32.83607739],[-58.8973286,-32.8422164],[-58.8975142,-32.84241152],[-58.89748565,-32.84256856],[-58.89725722,-32.84276843],[-58.8972715,-32.84299686],[-58.90069792,-32.84602354],[-58.9100492,-32.85426123],[-58.91627387,-32.85991483],[-58.91701626,-32.8608571],[-58.91784432,-32.86231333],[-58.91822979,-32.86324132],[-58.91850105,-32.86653925],[-58.91891507,-32.87287813],[-58.91898646,-32.87392034],[-58.91931482,-32.87531946],[-58.92493035,-32.8912333],[-58.92540624,-32.89206611],[-58.93599484,-32.90678902],[-58.94774938,-32.92312997],[-58.94790405,-32.92337981],[-58.9481063,-32.9234274],[-58.94841563,-32.92324894],[-58.94866547,-32.92332033],[-58.95243692,-32.92863842],[-58.95262728,-32.92912621],[-58.95927549,-32.93840849],[-58.95977042,-32.9395887],[-58.95994174,-32.94042627],[-58.95996078,-32.94282477],[-58.95988463,-32.94297706],[-58.95963717,-32.94303416],[-58.95948488,-32.94297706],[-58.95931356,-32.94309127],[-58.95752421,-32.95367511],[-58.95760035,-32.95544543],[-58.95796203,-32.95670179],[-58.95857117,-32.95818657],[-58.95946585,-32.95944293],[-58.9604557,-32.96052796],[-58.9649862,-32.96418281],[-58.96570955,-32.96479195],[-58.96765119,-32.96684781],[-58.96886948,-32.96835163],[-58.96978319,-32.96962702],[-58.97065883,-32.97101662],[-58.98415752,-32.99769395],[-58.9934969,-33.01571837],[-58.99611431,-33.02791311],[-58.99682815,-33.0292813],[-58.99670917,-33.03088743],[-58.99766096,-33.03273151],[-58.9943892,-33.03404022],[-58.99783942,-33.03665762],[-58.99802977,-33.03680039],[-58.99233096,-33.04228505],[-58.9916069,-33.043031]]]},"geometry_name":"geom","properties":{"gid":5150,"rtn":"51","typ":40,"rst":2,"hct":2,"fdc":"OpenStreetMap","sag":"IGN"},"bbox":[-58.99802977,-33.043031,-58.88474828,-32.8212703]},{"type":"Feature","id":"vial_provincial.5144","geometry":{"type":"MultiLineString","coordinates":[[[-58.5215214,-33.0058759],[-58.5215695,-33.0059619],[-58.5215382,-33.0066658],[-58.5215068,-33.007367],[-58.5214677,-33.0082561],[-58.5214328,-33.0090436],[-58.5214086,-33.0097002],[-58.5213683,-33.0103836],[-58.5213219,-33.0111712],[-58.5212894,-33.011943],[-58.5212585,-33.0126735],[-58.5212275,-33.0134099],[-58.5211979,-33.0141105],[-58.5211681,-33.0148958]]]},"geometry_name":"geom","properties":{"gid":5144,"rtn":"20","typ":40,"rst":1,"hct":2,"fdc":"OpenStreetMap","sag":"IGN"},"bbox":[-58.5215695,-33.0148958,-58.5211681,-33.0058759]},{"type":"Feature","id":"vial_provincial.5112","geometry":{"type":"MultiLineString","coordinates":[[[-58.4797109,-32.4702735],[-58.46256336,-32.41409188],[-58.46125466,-32.41206934],[-58.45494909,-32.39017829],[-58.45280757,-32.38863165],[-58.45280757,-32.38696602],[-58.45554395,-32.3835158],[-58.43746005,-32.33640248],[-58.44114822,-32.32831231],[-58.44589286,-32.28325008],[-58.45234596,-32.26697456],[-58.45148935,-32.26554689],[-58.44280908,-32.26303418],[-58.44926218,-32.24692998],[-58.45440181,-32.23859235],[-58.45965566,-32.23065447],[-58.46555673,-32.20360476],[-58.46888797,-32.18799549],[-58.47821546,-32.1800005],[-58.47973831,-32.1795722],[-58.48056249,-32.17874504],[-58.48173706,-32.16777007],[-58.47226681,-32.16710383],[-58.45827558,-32.1548734],[-58.4344962,-32.1346148]]]},"geometry_name":"geom","properties":{"gid":5112,"rtn":"23","typ":40,"rst":1,"hct":2,"fdc":"OpenStreetMap","sag":"IGN"},"bbox":[-58.48173706,-32.4702735,-58.4344962,-32.1346148]},{"type":"Feature","id":"vial_provincial.5113","geometry":{"type":"MultiLineString","coordinates":[[[-58.3873448,-31.982584],[-58.3872774,-31.9814237],[-58.3872513,-31.9802561],[-58.3872457,-31.9800803],[-58.3872458,-31.9800171],[-58.3872706,-31.9793178],[-58.3872641,-31.9790792],[-58.387256,-31.9787766],[-58.3872417,-31.9784888],[-58.3872368,-31.9781644],[-58.3872369,-31.978082],[-58.387246,-31.9776349],[-58.3872559,-31.9773804],[-58.3872931,-31.9771621],[-58.3873517,-31.9769803],[-58.3874068,-31.976813],[-58.3874896,-31.9766128],[-58.3875584,-31.9764748],[-58.387675,-31.9762873],[-58.3878292,-31.9760725]]]},"geometry_name":"geom","properties":{"gid":5113,"rtn":"23","typ":40,"rst":1,"hct":2,"fdc":"OpenStreetMap","sag":"IGN"},"bbox":[-58.3878292,-31.982584,-58.3872368,-31.9760725]},{"type":"Feature","id":"vial_provincial.5114","geometry":{"type":"MultiLineString","coordinates":[[[-58.3878292,-31.9760725],[-58.3876908,-31.9764286],[-58.3876104,-31.9766129],[-58.3875245,-31.9768063],[-58.3874575,-31.9769815],[-58.3873985,-31.9772408],[-58.387377,-31.9775093],[-58.3873567,-31.9780791],[-58.3873541,-31.9781668],[-58.3873395,-31.9789563],[-58.3873395,-31.9790812],[-58.3873395,-31.9791679],[-58.3873751,-31.980257],[-58.3874065,-31.9808015],[-58.3874119,-31.9810858],[-58.3874092,-31.9813589],[-58.387369,-31.9819663],[-58.3873448,-31.982584]]]},"geometry_name":"geom","properties":{"gid":5114,"rtn":"23","typ":40,"rst":1,"hct":2,"fdc":"OpenStreetMap","sag":"IGN"},"bbox":[-58.3878292,-31.982584,-58.3873395,-31.9760725]},{"type":"Feature","id":"vial_provincial.5115","geometry":{"type":"MultiLineString","coordinates":[[[-59.396623,-32.1775135],[-59.3965166,-32.1776995],[-59.3964561,-32.1774961]]]},"geometry_name":"geom","properties":{"gid":5115,"rtn":"30","typ":40,"rst":3,"hct":2,"fdc":"OpenStreetMap","sag":"IGN"},"bbox":[-59.396623,-32.1776995,-59.3964561,-32.1774961]},{"type":"Feature","id":"vial_provincial.5116","geometry":{"type":"MultiLineString","coordinates":[[[-59.396623,-32.1775135],[-59.3965661,-32.1775298],[-59.3965066,-32.1775235],[-59.3964561,-32.1774961]]]},"geometry_name":"geom","properties":{"gid":5116,"rtn":"30","typ":40,"rst":3,"hct":2,"fdc":"OpenStreetMap","sag":"IGN"},"bbox":[-59.396623,-32.1775298,-59.3964561,-32.1774961]},{"type":"Feature","id":"vial_provincial.5117","geometry":{"type":"MultiLineString","coordinates":[[[-59.3964561,-32.1774961],[-59.3964248,-32.1774528],[-59.3964187,-32.1774022],[-59.3964391,-32.1773545],[-59.396482,-32.177319],[-59.3965389,-32.1773027]]]},"geometry_name":"geom","properties":{"gid":5117,"rtn":"30","typ":40,"rst":3,"hct":2,"fdc":"OpenStreetMap","sag":"IGN"},"bbox":[-59.3965389,-32.1774961,-59.3964187,-32.1773027]},{"type":"Feature","id":"vial_provincial.5118","geometry":{"type":"MultiLineString","coordinates":[[[-59.3965389,-32.1773027],[-59.3965984,-32.177309],[-59.3966488,-32.1773365],[-59.3966802,-32.1773798],[-59.3966863,-32.1774303],[-59.3966658,-32.177478],[-59.396623,-32.1775135]]]},"geometry_name":"geom","properties":{"gid":5118,"rtn":"30","typ":40,"rst":3,"hct":2,"fdc":"OpenStreetMap","sag":"IGN"},"bbox":[-59.3966863,-32.1775135,-59.3965389,-32.1773027]},{"type":"Feature","id":"vial_provincial.5145","geometry":{"type":"MultiLineString","coordinates":[[[-58.5211681,-33.0148958],[-58.5211324,-33.0156637],[-58.5211009,-33.0164286],[-58.5210704,-33.0171338],[-58.5210581,-33.0175219],[-58.5210557,-33.0175779],[-58.5210549,-33.0177072]]]},"geometry_name":"geom","properties":{"gid":5145,"rtn":"20","typ":40,"rst":1,"hct":2,"fdc":"OpenStreetMap","sag":"IGN"},"bbox":[-58.5211681,-33.0177072,-58.5210549,-33.0148958]},{"type":"Feature","id":"vial_provincial.5146","geometry":{"type":"MultiLineString","coordinates":[[[-58.5220231,-32.9912996],[-58.5220342,-32.9914335],[-58.5220319,-32.9918762],[-58.5220328,-32.9919217],[-58.5219326,-32.9944097],[-58.5219295,-32.9944877],[-58.5219188,-32.9947142],[-58.5218689,-32.9962198],[-58.5218581,-32.9965452],[-58.5218403,-32.9972359],[-58.5218086,-32.9984618],[-58.5217772,-32.9993378],[-58.5217503,-33.0000879],[-58.5217451,-33.0002331],[-58.5217312,-33.00062],[-58.5217249,-33.0007944],[-58.5217068,-33.0013001],[-58.5216999,-33.0014936],[-58.5216868,-33.0018575],[-58.5216722,-33.0022043],[-58.5216478,-33.0029364],[-58.5216136,-33.0036429],[-58.521596,-33.0043962],[-58.5215587,-33.0051423],[-58.5215214,-33.0058759]]]},"geometry_name":"geom","properties":{"gid":5146,"rtn":"20","typ":40,"rst":1,"hct":2,"fdc":"OpenStreetMap","sag":"IGN"},"bbox":[-58.5220342,-33.0058759,-58.5215214,-32.9912996]},{"type":"Feature","id":"vial_provincial.5147","geometry":{"type":"MultiLineString","coordinates":[[[-58.5220231,-32.9912996],[-58.5219953,-32.9912229],[-58.522019,-32.9906269],[-58.5219859,-32.9902704],[-58.5219958,-32.9895666]]]},"geometry_name":"geom","properties":{"gid":5147,"rtn":"20","typ":40,"rst":1,"hct":2,"fdc":"OpenStreetMap","sag":"IGN"},"bbox":[-58.5220231,-32.9912996,-58.5219859,-32.9895666]},{"type":"Feature","id":"vial_provincial.5119","geometry":{"type":"MultiLineString","coordinates":[[[-59.3965389,-32.1773027],[-59.3964109,-32.1771744],[-59.3962372,-32.1770712],[-59.3957568,-32.1767819],[-59.3957583,-32.176288],[-59.3957463,-32.1758611],[-59.3957726,-32.1751154],[-59.3957823,-32.1742173],[-59.3957941,-32.1732583],[-59.3957784,-32.1717932],[-59.3958211,-32.1708434],[-59.3958538,-32.1703017],[-59.395855,-32.1693513],[-59.3958437,-32.1692023],[-59.3958271,-32.1682265],[-59.3957572,-32.1672295],[-59.395706,-32.1671167],[-59.3956414,-32.1670054],[-59.3951056,-32.1660826],[-59.3942432,-32.1644122],[-59.3937339,-32.1635294],[-59.3935095,-32.1631703],[-59.3932133,-32.1626363],[-59.3907615,-32.158205],[-59.3899904,-32.1568167],[-59.3883378,-32.1538415],[-59.3878539,-32.1530008],[-59.386824,-32.150853],[-59.3864669,-32.1502141],[-59.386331,-32.1499914],[-59.3861989,-32.1498517],[-59.3860516,-32.1496931],[-59.3858402,-32.1495459],[-59.3827408,-32.1471486],[-59.3821991,-32.1467297],[-59.3786938,-32.144019],[-59.376702,-32.1424959],[-59.3710788,-32.1380209],[-59.3709148,-32.1379221],[-59.3706616,-32.1378959],[-59.3703939,-32.1379198],[-59.3688218,-32.138113],[-59.3676082,-32.1383157],[-59.3673304,-32.1383514],[-59.367124,-32.1383321],[-59.3622792,-32.1366573],[-59.3573903,-32.1349472],[-59.3536164,-32.1335759],[-59.3514421,-32.1328217],[-59.3511892,-32.132689],[-59.3510402,-32.1325702],[-59.3508554,-32.1323767],[-59.3479372,-32.129273],[-59.3442181,-32.1250112],[-59.3426595,-32.1233535],[-59.3370306,-32.1170754],[-59.3344722,-32.1142179],[-59.3312508,-32.1106198],[-59.3282872,-32.1073319],[-59.3206991,-32.0989129],[-59.31535,-32.0929783],[-59.3136474,-32.0913016],[-59.3110187,-32.0883543],[-59.3083772,-32.0854721],[-59.3077353,-32.084728],[-59.3074891,-32.0844301],[-59.3074974,-32.0842708],[-59.3075523,-32.0841758],[-59.3075731,-32.0839778],[-59.3075354,-32.0837625],[-59.3073237,-32.0835176],[-59.30657,-32.0826996],[-59.305838,-32.0818666],[-59.3050736,-32.0810268],[-59.3046757,-32.080612],[-59.3043102,-32.0801925],[-59.3034025,-32.0791914],[-59.3025926,-32.0782802],[-59.3023899,-32.0780324],[-59.3018628,-32.0774155],[-59.3016874,-32.0772379],[-59.3015297,-32.0771528],[-59.3013475,-32.0771256],[-59.301091,-32.0771599],[-59.3009245,-32.0771502],[-59.3008032,-32.0770783],[-59.2993306,-32.0754605],[-59.2976554,-32.073392],[-59.2964926,-32.0720442],[-59.2956243,-32.070704],[-59.2951335,-32.0698697],[-59.2944464,-32.06785],[-59.293748,-32.0659812],[-59.2929288,-32.0636859],[-59.2924154,-32.06224],[-59.2916981,-32.0603864],[-59.2915207,-32.0597031],[-59.2915131,-32.0595445],[-59.2917472,-32.0590424],[-59.293233,-32.0554282],[-59.2944331,-32.0528734],[-59.2964926,-32.0485065],[-59.2983598,-32.0445379],[-59.3001751,-32.0403522],[-59.3018849,-32.0369455],[-59.3027238,-32.0351933],[-59.3035811,-32.0333816],[-59.3037917,-32.0328625],[-59.3038441,-32.0326216],[-59.30378,-32.0323277],[-59.3035899,-32.0319426],[-59.3021787,-32.0291981],[-59.3006753,-32.026224],[-59.3001775,-32.0252473],[-59.3000905,-32.0249761],[-59.3000111,-32.0242728],[-59.2995096,-32.0217964],[-59.299192,-32.0200302],[-59.29428944,-31.98956734],[-59.2806051,-31.9908594],[-59.2805958,-31.9907967],[-59.2805052,-31.9906336],[-59.2803959,-31.9899245],[-59.2803059,-31.989341],[-59.2804715,-31.989238],[-59.2804946,-31.9890692],[-59.2804082,-31.9885516],[-59.2801599,-31.9870645],[-59.2799902,-31.986048],[-59.2798237,-31.9850504],[-59.2796616,-31.9840169],[-59.2795005,-31.9829902],[-59.2794176,-31.9824614],[-59.2793787,-31.9823892],[-59.2793022,-31.9823248],[-59.2791713,-31.9818605],[-59.279015,-31.9809491],[-59.2787331,-31.9792359],[-59.2784184,-31.9771871],[-59.2782783,-31.9764171],[-59.2775486,-31.9715113],[-59.2765997,-31.9653587],[-59.2755378,-31.9586305],[-59.2748261,-31.9539052],[-59.2741031,-31.949611],[-59.2739223,-31.9487292],[-59.272883,-31.9454317],[-59.2726299,-31.9453708],[-59.2723398,-31.9453747],[-59.2720879,-31.9454101],[-59.2713179,-31.9431727],[-59.2708737,-31.9418701],[-59.2702924,-31.9402349],[-59.2700964,-31.9397139],[-59.2699658,-31.9394811],[-59.2696849,-31.9391318],[-59.2688293,-31.9380565],[-59.2685223,-31.9375631],[-59.2684373,-31.9372749],[-59.267856,-31.9356119],[-59.2665561,-31.9319755],[-59.266419,-31.9315542],[-59.2663406,-31.9311107],[-59.2662818,-31.9307559],[-59.2661054,-31.9302071],[-59.2654914,-31.9282945],[-59.2652824,-31.9277679],[-59.2651648,-31.927596],[-59.2649428,-31.927474],[-59.2617748,-31.9265593],[-59.2607427,-31.9262655],[-59.2605206,-31.9261158],[-59.2583912,-31.9245469],[-59.2567648,-31.9232551],[-59.2565231,-31.9230334],[-59.2561769,-31.9226176],[-59.2554714,-31.921603],[-59.2544655,-31.9201338],[-59.2534074,-31.9183984],[-59.2531983,-31.918088],[-59.2524798,-31.9175945],[-59.2519311,-31.9172397],[-59.2517368,-31.9170518],[-59.2516298,-31.9168823],[-59.2516726,-31.916731]]]},"geometry_name":"geom","properties":{"gid":5119,"rtn":"30","typ":40,"rst":3,"hct":2,"fdc":"OpenStreetMap","sag":"IGN"},"bbox":[-59.3965389,-32.1773027,-59.2516298,-31.916731]},{"type":"Feature","id":"vial_provincial.5154","geometry":{"type":"MultiLineString","coordinates":[[[-58.4386111,-32.1312375],[-58.43391023,-32.12714864],[-58.4180975,-32.09061103],[-58.4164782,-32.0866523],[-58.4151685,-32.0831671],[-58.4096045,-32.0705414],[-58.4077386,-32.0662632],[-58.4039366,-32.0578114],[-58.4024541,-32.0544196],[-58.4021303,-32.0529414],[-58.4019387,-32.0516816],[-58.4018423,-32.0507776],[-58.4019482,-32.0498916],[-58.4021817,-32.049142],[-58.4023233,-32.0487429],[-58.4023816,-32.0485353],[-58.4024177,-32.048375],[-58.4024933,-32.0481384],[-58.4026364,-32.0477146],[-58.4028675,-32.0471047],[-58.4030062,-32.0466294],[-58.4031486,-32.0458398],[-58.4031184,-32.0449479],[-58.4025172,-32.0423929],[-58.4017685,-32.0396254],[-58.3999105,-32.0325229],[-58.3979788,-32.0255877],[-58.396685,-32.0208612],[-58.3951076,-32.0150373],[-58.3947019,-32.013528],[-58.3945845,-32.0116205],[-58.3943348,-32.0083391],[-58.394069,-32.0018982],[-58.3939626,-31.9994357],[-58.3940104,-31.9990369],[-58.3940613,-31.9986911],[-58.3942008,-31.9981498],[-58.3945714,-31.9971073],[-58.3951825,-31.9955111],[-58.3958347,-31.9937715],[-58.395963,-31.9933842],[-58.3960578,-31.9930038],[-58.3960971,-31.9926084],[-58.396081,-31.9922786],[-58.3959942,-31.9919162],[-58.3958128,-31.9914756],[-58.3955586,-31.9911133],[-58.3952791,-31.9907863],[-58.3949411,-31.9905023],[-58.3943376,-31.9901653],[-58.393521,-31.9897855],[-58.3932761,-31.9896791],[-58.3929259,-31.9895229],[-58.3915508,-31.9889095],[-58.3895725,-31.9880777],[-58.3890054,-31.9877925],[-58.3886164,-31.987565],[-58.388261,-31.9872797],[-58.3879432,-31.9869235],[-58.3876977,-31.9865494],[-58.3875302,-31.9861227],[-58.387439,-31.9857359],[-58.3874134,-31.9852367],[-58.3873448,-31.982584]]]},"geometry_name":"geom","properties":{"gid":5154,"rtn":"23","typ":40,"rst":1,"hct":2,"fdc":"OpenStreetMap","sag":"IGN"},"bbox":[-58.4386111,-32.1312375,-58.3873448,-31.982584]},{"type":"Feature","id":"vial_provincial.5155","geometry":{"type":"MultiLineString","coordinates":[[[-59.0273175,-31.8540252],[-59.03167068,-31.85400509],[-59.03171827,-31.85990616],[-59.06355189,-31.85963252],[-59.06376604,-31.88761498],[-59.07293053,-31.88784103],[-59.07312089,-31.8915054],[-59.08320981,-31.89612155],[-59.08568445,-31.8994528],[-59.0872073,-31.90245092],[-59.08972953,-31.90444967],[-59.09263247,-31.90687672],[-59.09363185,-31.90844716],[-59.09777211,-31.91220671],[-59.09923699,-31.9124577],[-59.10034193,-31.91368197],[-59.10172201,-31.9140151],[-59.10676647,-31.91344403],[-59.11618914,-31.92048723],[-59.12941894,-31.91801259],[-59.14231562,-31.93286043],[-59.14512381,-31.9324428],[-59.17015531,-31.92872017],[-59.1711071,-31.93352668],[-59.1967101,-31.92517477],[-59.19811041,-31.92939831],[-59.20456787,-31.92898021]]]},"geometry_name":"geom","properties":{"gid":5155,"rtn":"43","typ":40,"rst":3,"hct":2,"fdc":"OpenStreetMap","sag":"IGN"},"bbox":[-59.20456787,-31.93352668,-59.0273175,-31.85400509]},{"type":"Feature","id":"vial_provincial.5156","geometry":{"type":"MultiLineString","coordinates":[[[-59.20456787,-31.92898021],[-59.2026202,-31.9252073],[-59.2020879,-31.9241389],[-59.2016327,-31.9231618],[-59.2012478,-31.9220254],[-59.1993772,-31.9158999],[-59.1993502,-31.9158083],[-59.1976996,-31.9102057],[-59.1950218,-31.901482],[-59.1938232,-31.8975287],[-59.1937854,-31.8974056],[-59.1925615,-31.8933543],[-59.1909273,-31.887519],[-59.1898335,-31.8844443],[-59.1861494,-31.8722832],[-59.1822933,-31.8592244],[-59.1785095,-31.8470441],[-59.1744606,-31.8338179],[-59.1731635,-31.8291247],[-59.1730645,-31.8287951],[-59.1701948,-31.8194431],[-59.1698092,-31.8178253],[-59.1697369,-31.8167194],[-59.1697851,-31.8157569],[-59.1699538,-31.8149172],[-59.1702189,-31.8140366],[-59.170484,-31.8132379],[-59.1709973,-31.8119003],[-59.172083,-31.8089569]]]},"geometry_name":"geom","properties":{"gid":5156,"rtn":"6","typ":40,"rst":1,"hct":2,"fdc":"OpenStreetMap","sag":"IGN"},"bbox":[-59.20456787,-31.92898021,-59.1697369,-31.8089569]},{"type":"Feature","id":"vial_provincial.5157","geometry":{"type":"MultiLineString","coordinates":[[[-59.98522421,-31.88191947],[-59.9853128,-31.8818575]]]},"geometry_name":"geom","properties":{"gid":5157,"rtn":"34","typ":40,"rst":2,"hct":2,"fdc":"OpenStreetMap","sag":"IGN"},"bbox":[-59.9853128,-31.88191947,-59.98522421,-31.8818575]},{"type":"Feature","id":"vial_provincial.5158","geometry":{"type":"MultiLineString","coordinates":[[[-59.98522421,-31.88191947],[-59.9851808,-31.8819031],[-59.9842475,-31.881539],[-59.9836615,-31.8813317],[-59.9833905,-31.8812096]]]},"geometry_name":"geom","properties":{"gid":5158,"rtn":"32","typ":40,"rst":1,"hct":2,"fdc":"OpenStreetMap","sag":"IGN"},"bbox":[-59.98522421,-31.88191947,-59.9833905,-31.8812096]},{"type":"Feature","id":"vial_provincial.5120","geometry":{"type":"MultiLineString","coordinates":[[[-59.8149815,-32.3738887],[-59.8149084,-32.3735893],[-59.8146132,-32.3733187],[-59.8144865,-32.3732073],[-59.8134901,-32.3723407],[-59.8131371,-32.3720252],[-59.811989,-32.3710627],[-59.81133535,-32.3705147],[-59.8112224,-32.3703812],[-59.811198,-32.3702026],[-59.8112747,-32.370047],[-59.8123367,-32.3691193],[-59.8142386,-32.3676179],[-59.8199663,-32.3629271],[-59.8264844,-32.3575267],[-59.8310572,-32.3537492],[-59.8311513,-32.3536094],[-59.8311513,-32.3533964],[-59.8310653,-32.3532763],[-59.8286875,-32.3512854],[-59.8282415,-32.3508931],[-59.8280941,-32.3507382],[-59.8280319,-32.3506352],[-59.8280642,-32.3504471],[-59.8282388,-32.3502832],[-59.8288991,-32.3497216],[-59.8297756,-32.348999],[-59.8307939,-32.3481419],[-59.8310131,-32.3480112],[-59.8312292,-32.3479162],[-59.831925,-32.3476959],[-59.8320963,-32.3475873],[-59.832226,-32.3475051],[-59.8323711,-32.3472365],[-59.8333034,-32.3441333],[-59.8338326,-32.3422122],[-59.8339484,-32.3417463],[-59.8340476,-32.3415298],[-59.8347623,-32.3407238],[-59.8349369,-32.3404175],[-59.8349485,-32.3402419],[-59.834902,-32.340087],[-59.83473,-32.339864],[-59.8334619,-32.3387839],[-59.8333955,-32.3386206],[-59.8334216,-32.3384884],[-59.8337037,-32.3381848],[-59.8354581,-32.3367366],[-59.8362615,-32.3360247],[-59.8363226,-32.3358932],[-59.836347,-32.3357284],[-59.8361763,-32.3355154],[-59.8359417,-32.3353234],[-59.8351384,-32.3346652],[-59.8342786,-32.3339424],[-59.8339401,-32.3336442],[-59.8338998,-32.3334588],[-59.8339455,-32.3332895],[-59.8341309,-32.3331283],[-59.8343512,-32.3329806],[-59.8345205,-32.3327092],[-59.8345419,-32.33252],[-59.8345285,-32.3323519],[-59.8344849,-32.3320901],[-59.8344076,-32.3316264],[-59.8339455,-32.328217],[-59.8333705,-32.3237569],[-59.8328412,-32.3196328],[-59.8322367,-32.3150626],[-59.8316295,-32.3108955],[-59.8311701,-32.3075209],[-59.8311351,-32.3073025],[-59.8310572,-32.3070937],[-59.8306891,-32.3064784],[-59.829104,-32.303703],[-59.8279272,-32.3012957],[-59.8272232,-32.299904],[-59.827019,-32.2996917],[-59.8266805,-32.2995681],[-59.8250873,-32.2990549],[-59.8247702,-32.2988964],[-59.8245983,-32.298703],[-59.8227283,-32.294251],[-59.8202108,-32.288488],[-59.817329,-32.2823816],[-59.8155845,-32.2784081],[-59.8154768,-32.2781156],[-59.8153964,-32.2777908],[-59.8152027,-32.2767983],[-59.8149404,-32.2754316],[-59.8143644,-32.2709085],[-59.8134644,-32.2659488],[-59.812609,-32.2623599],[-59.8125011,-32.2618096],[-59.811898,-32.2571524],[-59.8114654,-32.2547773],[-59.8109388,-32.2525822],[-59.8105654,-32.2514162],[-59.8100119,-32.2490196],[-59.809668,-32.2474613],[-59.8090178,-32.2448336],[-59.8083649,-32.2428884],[-59.8066991,-32.2377567],[-59.8061403,-32.2359673],[-59.8049716,-32.2319748],[-59.8042972,-32.2297582],[-59.8042058,-32.229409],[-59.8042811,-32.2291134],[-59.8044423,-32.2288824],[-59.8047996,-32.228783],[-59.8052698,-32.2288152],[-59.8055868,-32.228791],[-59.8058233,-32.2286432],[-59.8059442,-32.2283907],[-59.8059603,-32.2269372],[-59.8059871,-32.2261472],[-59.8061269,-32.2259054],[-59.806374,-32.2257469],[-59.8067045,-32.2257335],[-59.8081231,-32.2259404],[-59.8085933,-32.2259511],[-59.8088378,-32.2258007],[-59.8089506,-32.2254944],[-59.8093295,-32.222856],[-59.810114,-32.2171547],[-59.8109147,-32.2121627],[-59.8116454,-32.2077887],[-59.8119114,-32.205642],[-59.8120392,-32.2049655],[-59.8126879,-32.2033475],[-59.8128303,-32.2027535],[-59.8129915,-32.2019181],[-59.8134509,-32.1991561],[-59.8145149,-32.1936537],[-59.8147137,-32.1927106],[-59.8148561,-32.1921061],[-59.8149555,-32.1919694],[-59.8150899,-32.1918213],[-59.8154606,-32.1916359],[-59.8156702,-32.1914559],[-59.8157588,-32.1912817],[-59.8158126,-32.1911174],[-59.8158422,-32.1905827],[-59.8157938,-32.1893629],[-59.815638,-32.1859964],[-59.8156648,-32.1850883],[-59.8157354,-32.1847074],[-59.815818,-32.1844005],[-59.816444,-32.1825896],[-59.8169169,-32.1812274],[-59.8170915,-32.180631],[-59.8171339,-32.1803444],[-59.8171022,-32.1800318],[-59.8168819,-32.1791855],[-59.8163741,-32.1769985],[-59.8149394,-32.1707169],[-59.8139695,-32.1662139],[-59.8131793,-32.1633853],[-59.8130557,-32.163127],[-59.8128598,-32.1627177],[-59.8126293,-32.1623673],[-59.8117502,-32.1615094],[-59.8110973,-32.1609075],[-59.8082924,-32.1583659],[-59.806726,-32.1569231],[-59.8058098,-32.1561735],[-59.8052859,-32.1557597],[-59.8044557,-32.1551955],[-59.8029081,-32.1541074],[-59.8025051,-32.1537742],[-59.8022982,-32.1535082],[-59.8020215,-32.1530864],[-59.8017098,-32.1524819],[-59.801151,-32.1512836],[-59.8005599,-32.1503889],[-59.8000655,-32.1495936],[-59.7999939,-32.1493296],[-59.7999581,-32.1490482],[-59.8000279,-32.1485968],[-59.8001077,-32.1481043],[-59.8000589,-32.1477463],[-59.7999205,-32.1473636],[-59.7995766,-32.1465495],[-59.799101,-32.1457301],[-59.7987905,-32.1450889],[-59.7951107,-32.1361409],[-59.7909197,-32.1260719],[-59.7907409,-32.1255762],[-59.7905782,-32.1250528],[-59.7891896,-32.119228],[-59.7890418,-32.11897],[-59.7888645,-32.1188706],[-59.7885824,-32.1188223],[-59.7869918,-32.1189459],[-59.7865995,-32.1189485],[-59.7864168,-32.1188491],[-59.7863282,-32.1186422],[-59.7863416,-32.1181882],[-59.7868628,-32.1113047],[-59.7868217,-32.1109767],[-59.7867404,-32.1106048],[-59.7863067,-32.1092252],[-59.7856484,-32.1072343],[-59.785549,-32.1067802],[-59.7854765,-32.1057808],[-59.7854254,-32.1055013],[-59.7852857,-32.105281],[-59.784915,-32.1048189],[-59.7825103,-32.1022584],[-59.7820428,-32.1017426],[-59.7819434,-32.1013826],[-59.7818628,-32.1004449],[-59.7817016,-32.0999129],[-59.781398,-32.0991767],[-59.7805141,-32.0972557],[-59.7797644,-32.0954395],[-59.7793371,-32.0944875],[-59.7791047,-32.094143],[-59.7790152,-32.0940103],[-59.7782706,-32.0931047],[-59.7781337,-32.092908],[-59.7780449,-32.0927312],[-59.7779996,-32.092399],[-59.7780127,-32.0912777],[-59.7780049,-32.0898903],[-59.7779566,-32.0886632],[-59.7779513,-32.0882087],[-59.7779835,-32.0875633],[-59.7780156,-32.086977],[-59.7781685,-32.0852405],[-59.7781853,-32.0850118],[-59.7783835,-32.082312],[-59.7784341,-32.0821183],[-59.7785124,-32.0818955],[-59.78361994,-32.08116252],[-59.78393214,-32.07921775],[-59.78461931,-32.07887823],[-59.78447654,-32.07730779],[-59.78804573,-32.07480936],[-59.79732563,-32.06467285],[-59.80389294,-32.05717755],[-59.8031791,-32.05546434],[-59.80582031,-32.04718381],[-59.80888981,-32.04404293],[-59.81253039,-32.03768976],[-59.81317284,-32.0313366],[-59.81224485,-32.02334161],[-59.81337933,-32.00856516],[-59.81224485,-32.0026403],[-59.81103133,-32.00007049],[-59.81198951,-31.99842206],[-59.81188793,-31.99685821],[-59.81524297,-31.98922014],[-59.81210208,-31.98557957],[-59.81752725,-31.98286698],[-59.81781279,-31.98186761],[-59.82366626,-31.97886949],[-59.82885373,-31.97433112],[-59.83537321,-31.97251633],[-59.84473811,-31.96769482],[-59.85109509,-31.96503895],[-59.85271948,-31.96173737],[-59.8522198,-31.96002416],[-59.85564622,-31.953671],[-59.86299875,-31.95345684],[-59.87777521,-31.94781752],[-59.87713275,-31.94646123],[-59.88034502,-31.94431971],[-59.88691234,-31.93918008],[-59.88905385,-31.93882316],[-59.89083845,-31.93932285],[-59.9073995,-31.93111371],[-59.90718535,-31.92026336],[-59.90497245,-31.91997783],[-59.9051866,-31.90848503],[-59.908442,-31.90808339],[-59.91275328,-31.90698597],[-59.92122417,-31.90151321],[-59.92036756,-31.89328028]]]},"geometry_name":"geom","properties":{"gid":5120,"rtn":"34","typ":40,"rst":3,"hct":2,"fdc":"OpenStreetMap","sag":"IGN"},"bbox":[-59.92122417,-32.3738887,-59.7779513,-31.89328028]},{"type":"Feature","id":"vial_provincial.5148","geometry":{"type":"MultiLineString","coordinates":[[[-58.52214,-32.9895706],[-58.5221199,-32.9904558],[-58.5220609,-32.9911997],[-58.5220231,-32.9912996]]]},"geometry_name":"geom","properties":{"gid":5148,"rtn":"20","typ":40,"rst":1,"hct":2,"fdc":"OpenStreetMap","sag":"IGN"},"bbox":[-58.52214,-32.9912996,-58.5220231,-32.9895706]},{"type":"Feature","id":"vial_provincial.5128","geometry":{"type":"MultiLineString","coordinates":[[[-59.7621562,-32.6904239],[-59.7621198,-32.6902254],[-59.7621735,-32.6897694],[-59.762288,-32.6894441],[-59.7622673,-32.6897849],[-59.7622301,-32.6902685],[-59.7621562,-32.6904239]]]},"geometry_name":"geom","properties":{"gid":5128,"rtn":"13","typ":40,"rst":3,"hct":2,"fdc":"OpenStreetMap","sag":"IGN"},"bbox":[-59.762288,-32.6904239,-59.7621198,-32.6894441]},{"type":"Feature","id":"vial_provincial.5129","geometry":{"type":"MultiLineString","coordinates":[[[-59.71283802,-32.49313579],[-59.71238681,-32.4936525],[-59.70920087,-32.49384548],[-59.70787021,-32.49801489],[-59.70453459,-32.49850066],[-59.68897481,-32.50342625],[-59.6724746,-32.51744255],[-59.65797526,-32.5226365],[-59.65588568,-32.52489426],[-59.64541781,-32.52728945],[-59.64169195,-32.53270081],[-59.63353056,-32.53598311],[-59.63361927,-32.53820088],[-59.62856275,-32.53873315],[-59.62678854,-32.54201545],[-59.62723209,-32.54449935],[-59.62672088,-32.5457128],[-59.63086924,-32.55949147],[-59.63122408,-32.56667705],[-59.63211119,-32.56933837],[-59.62448206,-32.57058033],[-59.62119976,-32.57794332],[-59.6092238,-32.58282242],[-59.60709474,-32.58965315],[-59.60620763,-32.58974186],[-59.6067399,-32.5982581],[-59.60203822,-32.60171782],[-59.60106241,-32.60331461],[-59.59877638,-32.60353087],[-59.60132854,-32.61129858],[-59.60576408,-32.61644381],[-59.6100222,-32.65201684],[-59.61268352,-32.6655896],[-59.61381774,-32.66705694],[-59.62536917,-32.68200109],[-59.62306269,-32.69087217],[-59.61951425,-32.71500151],[-59.6106843,-32.7329517]]]},"geometry_name":"geom","properties":{"gid":5129,"rtn":"13","typ":40,"rst":3,"hct":2,"fdc":"OpenStreetMap","sag":"IGN"},"bbox":[-59.71283802,-32.7329517,-59.59877638,-32.49313579]},{"type":"Feature","id":"vial_provincial.5130","geometry":{"type":"MultiLineString","coordinates":[[[-59.3080488,-32.3510916],[-59.3081099,-32.3510163],[-59.3081668,-32.350936],[-59.3082043,-32.3508597],[-59.3082299,-32.3507699],[-59.3082433,-32.350684],[-59.3082462,-32.3506027],[-59.3082417,-32.3504897],[-59.3082321,-32.350387],[-59.3082097,-32.3502582],[-59.3081938,-32.3501994],[-59.3081643,-32.350111],[-59.3081013,-32.3499661],[-59.3080235,-32.3498154]]]},"geometry_name":"geom","properties":{"gid":5130,"rtn":"6","typ":40,"rst":1,"hct":2,"fdc":"OpenStreetMap","sag":"IGN"},"bbox":[-59.3082462,-32.3510916,-59.3080235,-32.3498154]},{"type":"Feature","id":"vial_provincial.5131","geometry":{"type":"MultiLineString","coordinates":[[[-59.3080235,-32.3498154],[-59.3081804,-32.3500497],[-59.308226,-32.3501178],[-59.3083105,-32.3502481],[-59.308389,-32.350353],[-59.3084873,-32.3504632],[-59.3085857,-32.3505675],[-59.3091991,-32.3511762]]]},"geometry_name":"geom","properties":{"gid":5131,"rtn":"6","typ":40,"rst":1,"hct":2,"fdc":"OpenStreetMap","sag":"IGN"},"bbox":[-59.3091991,-32.3511762,-59.3080235,-32.3498154]},{"type":"Feature","id":"vial_provincial.5133","geometry":{"type":"MultiLineString","coordinates":[[[-58.3878292,-31.9760725],[-58.3885023,-31.9750509],[-58.38862504,-31.9748654],[-58.3896142,-31.9733705],[-58.3897966,-31.9730725],[-58.389924,-31.9728644],[-58.3905074,-31.9719689],[-58.3909271,-31.9712261],[-58.3910921,-31.9708312],[-58.3912021,-31.9704968],[-58.3912979,-31.9699693],[-58.3913228,-31.9693773],[-58.3910484,-31.9639909],[-58.3910707,-31.9635134],[-58.3911462,-31.9630509],[-58.3913592,-31.9623844],[-58.3915825,-31.9619457],[-58.3918807,-31.9614767],[-58.3922509,-31.9610646],[-58.3928378,-31.9604437],[-58.401908,-31.9519245],[-58.4026176,-31.9511654],[-58.403174,-31.9503952],[-58.4037217,-31.949447],[-58.4042646,-31.9485321],[-58.4043719,-31.9482485],[-58.4046707,-31.9476531],[-58.4048215,-31.9470714],[-58.4038263,-31.9367239],[-58.4037657,-31.9357576],[-58.4037783,-31.935269],[-58.4039304,-31.9345769],[-58.4041504,-31.9339933],[-58.4045409,-31.9332139],[-58.4084958,-31.9258903],[-58.4271228,-31.8908508],[-58.4278098,-31.8895498],[-58.428171,-31.8889362],[-58.4285729,-31.8884018],[-58.4297075,-31.8872116],[-58.4313447,-31.8855577],[-58.4326418,-31.8841081],[-58.4344155,-31.8822826],[-58.4356655,-31.8809317],[-58.4362374,-31.8802933],[-58.4364992,-31.8799378],[-58.4367252,-31.8795356],[-58.437167,-31.8784964],[-58.4378942,-31.8764166],[-58.4382105,-31.8754781],[-58.4385294,-31.8747102],[-58.4387094,-31.8743939],[-58.4389076,-31.8740965],[-58.439101,-31.8738655],[-58.439333,-31.8736299],[-58.4396696,-31.8734076],[-58.4400099,-31.8732141],[-58.4403777,-31.8730682],[-58.4407398,-31.8729726],[-58.4411297,-31.8728781],[-58.4416462,-31.8728054],[-58.4426552,-31.872724],[-58.4429698,-31.8726952],[-58.4436423,-31.8726208],[-58.4449092,-31.8724997],[-58.4452783,-31.8724454],[-58.4455413,-31.8723922],[-58.4457475,-31.8723345],[-58.4459216,-31.8722798],[-58.4461186,-31.8722112],[-58.4462914,-31.8721391],[-58.4464796,-31.8720487],[-58.4466945,-31.8719391],[-58.4468978,-31.8718158],[-58.447103,-31.8716831],[-58.4480833,-31.8709834],[-58.4482203,-31.8708944],[-58.4483466,-31.8708189],[-58.4484743,-31.8707479],[-58.4486462,-31.8706546],[-58.4488162,-31.8705715],[-58.4490152,-31.8704862],[-58.449178,-31.8704241],[-58.4493224,-31.8703742],[-58.4495936,-31.8702803],[-58.449736,-31.8702397],[-58.4498462,-31.870209],[-58.4500689,-31.8701558],[-58.4502786,-31.8701098],[-58.4504505,-31.870073],[-58.4505859,-31.870044],[-58.4507037,-31.8700188],[-58.4508131,-31.8699954],[-58.4509224,-31.8699721],[-58.4510374,-31.8699475],[-58.4511483,-31.8699237],[-58.4512569,-31.8699005],[-58.4515865,-31.869833],[-58.451738,-31.869802],[-58.4522374,-31.8696989],[-58.4525467,-31.8696428],[-58.4528169,-31.869598],[-58.4533515,-31.8695235],[-58.4538265,-31.8694678],[-58.4542736,-31.8694155],[-58.4564676,-31.8692222],[-58.4575361,-31.8691278],[-58.4579553,-31.8690987],[-58.4583011,-31.8690879],[-58.4585534,-31.8690824],[-58.462852,-31.8692393],[-58.4646012,-31.8693151],[-58.4649338,-31.8693178],[-58.4651352,-31.8693084],[-58.4653109,-31.8692902],[-58.4654902,-31.8692626],[-58.4657048,-31.8692183],[-58.4659184,-31.8691665],[-58.4713619,-31.8676379],[-58.4751924,-31.8665835],[-58.475748,-31.8663895],[-58.4761745,-31.8661708],[-58.4765041,-31.8659297],[-58.4810933,-31.8617769],[-58.4815546,-31.8615537],[-58.4820589,-31.8614033],[-58.4871696,-31.8606994],[-58.4925825,-31.8597829],[-58.495371,-31.8593108],[-58.5026735,-31.8581348],[-58.5075785,-31.8568787],[-58.5107742,-31.855971],[-58.5177976,-31.8539761],[-58.5206729,-31.8532653],[-58.5327455,-31.8504028],[-58.5337138,-31.8501545],[-58.5341424,-31.8499458],[-58.5345345,-31.8496874],[-58.5347888,-31.8494298],[-58.5350066,-31.8491588],[-58.5353285,-31.8485446],[-58.537088,-31.8435684],[-58.5371842,-31.8432977],[-58.5421949,-31.8292035],[-58.5426241,-31.8278362],[-58.5427906,-31.827123],[-58.5428494,-31.8268404],[-58.5429092,-31.82656],[-58.54424865,-31.81784559],[-58.5508075,-31.8099547]]]},"geometry_name":"geom","properties":{"gid":5133,"rtn":"23","typ":40,"rst":1,"hct":2,"fdc":"OpenStreetMap","sag":"IGN"},"bbox":[-58.5508075,-31.9760725,-58.3878292,-31.8099547]},{"type":"Feature","id":"vial_provincial.5135","geometry":{"type":"MultiLineString","coordinates":[[[-59.2741045,-32.2686571],[-59.2733829,-32.2419527],[-59.2732985,-32.2400013],[-59.2731981,-32.2341546],[-59.2732148,-32.2330362],[-59.273332,-32.231762],[-59.2734491,-32.2308701],[-59.2735998,-32.2299074],[-59.2738234,-32.2289096],[-59.2740684,-32.2279395],[-59.2743362,-32.2270617],[-59.2747044,-32.2259998],[-59.2762378,-32.222154],[-59.2766379,-32.2211291],[-59.2770693,-32.2199723],[-59.2773121,-32.2190556],[-59.2775477,-32.2179631],[-59.2775998,-32.2172779],[-59.2776667,-32.2150123],[-59.2777839,-32.2082577],[-59.2779513,-32.1998598],[-59.2779577,-32.1990163],[-59.2779708,-32.1972711],[-59.2780789,-32.1829353],[-59.2780398,-32.1776082],[-59.27799,-32.1762261],[-59.2779256,-32.1754269],[-59.2777754,-32.1745733],[-59.2775608,-32.1737923],[-59.277196,-32.1726662],[-59.2766879,-32.1713058],[-59.2719805,-32.1605193],[-59.2705537,-32.1572495],[-59.2699177,-32.1555067],[-59.2696644,-32.1548105],[-59.2694156,-32.1539339],[-59.2685286,-32.1491587],[-59.2672566,-32.1421725],[-59.265864,-32.1343654],[-59.2658005,-32.1340094],[-59.2655943,-32.131938],[-59.2655299,-32.1304661],[-59.2655445,-32.1294649],[-59.2656164,-32.1283685],[-59.2657591,-32.1275387],[-59.2660014,-32.1267102],[-59.266145,-32.1262708],[-59.2670973,-32.1233571],[-59.2673447,-32.1224333],[-59.2674833,-32.1219829],[-59.2684842,-32.118725],[-59.2687796,-32.1176386],[-59.268947,-32.1165188],[-59.2690642,-32.1155265],[-59.2691311,-32.1142649],[-59.2690642,-32.1129323],[-59.2689135,-32.1118833],[-59.268696,-32.1108059],[-59.2684951,-32.109927],[-59.2680432,-32.1087078],[-59.2648466,-32.1005134],[-59.2640599,-32.0985285],[-59.2635076,-32.0968129],[-59.2631311,-32.0953823],[-59.2628307,-32.0940734],[-59.2626541,-32.0929563],[-59.2616834,-32.0849165],[-59.2607336,-32.0768068],[-59.2605955,-32.0753444],[-59.2603776,-32.0734979],[-59.259926,-32.0696715],[-59.259857,-32.0689859],[-59.2591328,-32.0629519],[-59.2587726,-32.0599272],[-59.2586379,-32.0586656],[-59.2584738,-32.0579415],[-59.2582189,-32.0568496],[-59.2578674,-32.0559559],[-59.2574825,-32.0551474],[-59.2566624,-32.0535445],[-59.253767,-32.0474305],[-59.2515584,-32.0428691],[-59.2499678,-32.0396846],[-59.2462858,-32.0318245],[-59.2405619,-32.019948],[-59.2367459,-32.011916],[-59.2328129,-32.0035426],[-59.2319119,-32.0016928],[-59.2280429,-31.993749],[-59.2237082,-31.9845932],[-59.2198755,-31.9765155],[-59.2196003,-31.9759478],[-59.2128294,-31.9619766],[-59.2119424,-31.9601307],[-59.2118137,-31.9598303],[-59.2115407,-31.9591935],[-59.2113064,-31.9582989],[-59.2111558,-31.9574185],[-59.2111893,-31.9567227],[-59.2112729,-31.9560695],[-59.2114905,-31.9553169],[-59.2122407,-31.9527779],[-59.2124822,-31.9519341],[-59.2132381,-31.9493512],[-59.2132805,-31.9491435],[-59.2133103,-31.9489765],[-59.2133653,-31.948512],[-59.2134039,-31.9481394],[-59.213405,-31.9477328],[-59.2133714,-31.9472709],[-59.2133267,-31.9469063],[-59.2132837,-31.9466149],[-59.2132178,-31.9463276],[-59.2131579,-31.9460806],[-59.2129468,-31.9455],[-59.2127833,-31.9451228],[-59.2125114,-31.944524],[-59.2074235,-31.9345679],[-59.2045815,-31.9290066],[-59.20456787,-31.92898021]]]},"geometry_name":"geom","properties":{"gid":5135,"rtn":"6","typ":40,"rst":1,"hct":2,"fdc":"OpenStreetMap","sag":"IGN"},"bbox":[-59.2780789,-32.2686571,-59.20456787,-31.92898021]},{"type":"Feature","id":"vial_provincial.5139","geometry":{"type":"MultiLineString","coordinates":[[[-58.8906067,-32.3692581],[-58.8907377,-32.3690838],[-58.8910398,-32.368755],[-58.8914046,-32.3684215],[-58.8917634,-32.3681873],[-58.8921691,-32.3679926],[-58.8932276,-32.3675309],[-58.8906922,-32.3683951],[-58.8904784,-32.3684916],[-58.8901867,-32.368686]]]},"geometry_name":"geom","properties":{"gid":5139,"rtn":"39","typ":40,"rst":1,"hct":2,"fdc":"OpenStreetMap","sag":"IGN"},"bbox":[-58.8932276,-32.3692581,-58.8901867,-32.3675309]},{"type":"Feature","id":"vial_provincial.5140","geometry":{"type":"MultiLineString","coordinates":[[[-59.3080432,-32.3517078],[-59.3077483,-32.351539],[-59.3076185,-32.3514789],[-59.3074851,-32.3514315],[-59.3073057,-32.3513817],[-59.3071797,-32.35136],[-59.3067765,-32.3513115]]]},"geometry_name":"geom","properties":{"gid":5140,"rtn":"39","typ":40,"rst":1,"hct":2,"fdc":"OpenStreetMap","sag":"IGN"},"bbox":[-59.3080432,-32.3517078,-59.3067765,-32.3513115]},{"type":"Feature","id":"vial_provincial.5141","geometry":{"type":"MultiLineString","coordinates":[[[-59.3067765,-32.3513115],[-59.3070755,-32.3513168],[-59.3071819,-32.3513187],[-59.3073913,-32.3513205],[-59.3075192,-32.3513141],[-59.307621,-32.351298],[-59.3077231,-32.3512726],[-59.3078244,-32.3512367],[-59.3079093,-32.3511998],[-59.3079761,-32.3511576]]]},"geometry_name":"geom","properties":{"gid":5141,"rtn":"39","typ":40,"rst":1,"hct":2,"fdc":"OpenStreetMap","sag":"IGN"},"bbox":[-59.3079761,-32.3513205,-59.3067765,-32.3511576]},{"type":"Feature","id":"vial_provincial.5142","geometry":{"type":"MultiLineString","coordinates":[[[-59.3067765,-32.3513115],[-59.3059516,-32.3512574],[-59.2988382,-32.3508485],[-59.2961017,-32.3506896],[-59.2917759,-32.3504422],[-59.2862156,-32.3501219],[-59.2832636,-32.3499848],[-59.2556038,-32.3479468],[-59.2544526,-32.3478446],[-59.2536119,-32.347744],[-59.252744,-32.3475608],[-59.2518796,-32.3473209],[-59.2511556,-32.3470643],[-59.2492754,-32.3462303],[-59.2474001,-32.3453593],[-59.2268502,-32.336096],[-59.2267638,-32.3360541],[-59.2163483,-32.3313595],[-59.2080133,-32.327596],[-59.2078943,-32.3275418],[-59.2005225,-32.3242256],[-59.1996356,-32.3238638],[-59.1987727,-32.3236753],[-59.1975224,-32.3234309],[-59.1968221,-32.3233642],[-59.1965622,-32.3233464],[-59.1960187,-32.3233306],[-59.1952992,-32.3233392],[-59.1946978,-32.3233923],[-59.1899933,-32.3238752],[-59.1869935,-32.3241837],[-59.1853573,-32.3243437],[-59.1852256,-32.3243607],[-59.1794221,-32.3249716],[-59.1770589,-32.3252109],[-59.1748117,-32.3254768],[-59.1702204,-32.3259345],[-59.1696683,-32.3259451],[-59.1685965,-32.3258728],[-59.1680549,-32.3257823],[-59.1674905,-32.325657],[-59.1669947,-32.3255308],[-59.166514,-32.3253728],[-59.1658155,-32.3250923],[-59.1649421,-32.3246333],[-59.1627643,-32.3233022],[-59.1591992,-32.3211401],[-59.1573362,-32.3199937],[-59.1559714,-32.3191408],[-59.1556093,-32.3189321],[-59.1521885,-32.3167996],[-59.1520267,-32.3166988],[-59.151718,-32.316534],[-59.1509921,-32.3160992],[-59.1504101,-32.3158203],[-59.1503308,-32.3157823],[-59.1496428,-32.3154402],[-59.1491606,-32.3152573],[-59.1486189,-32.3150758],[-59.1479744,-32.31491],[-59.1473113,-32.3147837],[-59.1466985,-32.3147149],[-59.1460504,-32.3146969],[-59.145374,-32.3147322],[-59.1433935,-32.3149185],[-59.1421613,-32.3150386]]]},"geometry_name":"geom","properties":{"gid":5142,"rtn":"39","typ":40,"rst":1,"hct":2,"fdc":"OpenStreetMap","sag":"IGN"},"bbox":[-59.3067765,-32.3513115,-59.1421613,-32.3146969]},{"type":"Feature","id":"vial_provincial.5143","geometry":{"type":"MultiLineString","coordinates":[[[-58.5209443,-33.0177019],[-58.5209446,-33.0175768],[-58.5209682,-33.0171311],[-58.5209992,-33.0164258],[-58.5210373,-33.01566],[-58.5210698,-33.0148951],[-58.5211103,-33.0141073],[-58.5211432,-33.0134067],[-58.5211778,-33.0126705],[-58.5212122,-33.011939],[-58.5212483,-33.0111686],[-58.5212886,-33.0103799],[-58.5213175,-33.0096962],[-58.5213515,-33.0090405],[-58.5213853,-33.0082538],[-58.521427,-33.0073658],[-58.52146,-33.0066643],[-58.521493,-33.0059613],[-58.5215214,-33.0058759]]]},"geometry_name":"geom","properties":{"gid":5143,"rtn":"20","typ":40,"rst":1,"hct":2,"fdc":"OpenStreetMap","sag":"IGN"},"bbox":[-58.5215214,-33.0177019,-58.5209443,-33.0058759]},{"type":"Feature","id":"vial_provincial.5151","geometry":{"type":"MultiLineString","coordinates":[[[-58.88761474,-32.68489893],[-58.89586761,-32.69182376],[-58.895939,-32.69210929],[-58.89602228,-32.69360835],[-58.90138796,-32.69993772],[-58.90155453,-32.70036602],[-58.9016735,-32.70361399],[-58.90401727,-32.71041924],[-58.90578997,-32.71577303],[-58.90593273,-32.7167843],[-58.90588515,-32.71831905],[-58.90540925,-32.72050816],[-58.90023393,-32.73057328],[-58.89330494,-32.74393157],[-58.88846987,-32.75348749],[-58.88742291,-32.75428699],[-58.88532898,-32.75837966],[-58.88521477,-32.75959794],[-58.8846437,-32.76209162],[-58.88473888,-32.76428072],[-58.88985948,-32.77924277],[-58.89014501,-32.78063238],[-58.89004983,-32.78230752],[-58.88626173,-32.79289136],[-58.88557645,-32.79479493],[-58.88333023,-32.80067696],[-58.88417613,-32.80106957],[-58.88203462,-32.80743463],[-58.88218333,-32.80782129],[-58.88170744,-32.80892179],[-58.88093412,-32.80948691],[-58.88084489,-32.81165817],[-58.88474828,-32.8212703]]]},"geometry_name":"geom","properties":{"gid":5151,"rtn":"51","typ":40,"rst":1,"hct":2,"fdc":"OpenStreetMap","sag":"IGN"},"bbox":[-58.90593273,-32.8212703,-58.88084489,-32.68489893]},{"type":"Feature","id":"vial_provincial.5153","geometry":{"type":"MultiLineString","coordinates":[[[-59.262028,-31.9104229],[-59.2618377,-31.9091053],[-59.2616522,-31.9078206],[-59.2614734,-31.9065824],[-59.2612936,-31.9053376],[-59.2609404,-31.9028918],[-59.260868,-31.9023953],[-59.2608541,-31.9020406],[-59.2609376,-31.901603],[-59.2611744,-31.9008935],[-59.2611327,-31.9003377],[-59.2608401,-31.8993444],[-59.2600044,-31.8976769],[-59.2585,-31.894815],[-59.2571489,-31.8922014],[-59.2563549,-31.8905693],[-59.255951,-31.8893985],[-59.2558256,-31.8887007],[-59.2558813,-31.8880857],[-59.2560763,-31.8870331],[-59.2560903,-31.8862052],[-59.2562296,-31.8842418],[-59.2566614,-31.8801612],[-59.2570514,-31.8764116],[-59.2572464,-31.8744599],[-59.2574553,-31.8716091],[-59.2576643,-31.8696573],[-59.2580543,-31.8654223],[-59.2582493,-31.864677],[-59.258514,-31.8638015],[-59.2587925,-31.8629734],[-59.2593219,-31.8619442],[-59.2596422,-31.8613172],[-59.260478,-31.8590339],[-59.2607705,-31.8579218],[-59.2609655,-31.8567505],[-59.26097296,-31.85670116],[-59.2615505,-31.8528817],[-59.2622609,-31.8476165],[-59.2628825,-31.8417903]]]},"geometry_name":"geom","properties":{"gid":5153,"rtn":"30","typ":40,"rst":3,"hct":2,"fdc":"OpenStreetMap","sag":"IGN"},"bbox":[-59.2628825,-31.9104229,-59.2558256,-31.8417903]},{"type":"Feature","id":"vial_provincial.5159","geometry":{"type":"MultiLineString","coordinates":[[[-59.5825232,-31.97558222],[-59.62716174,-31.97541216],[-59.65186054,-31.97369894],[-59.68027131,-31.95899388],[-59.70461319,-31.94528818],[-59.71003837,-31.94321805],[-59.71310787,-31.94207591],[-59.72774155,-31.93493752],[-59.74244662,-31.93208217],[-59.75451049,-31.93458061],[-59.76807342,-31.93286739],[-59.78656183,-31.93243909],[-59.79291499,-31.92765637],[-59.79627003,-31.92722807],[-59.8008386,-31.92744222],[-59.81297385,-31.9235875],[-59.81825625,-31.92315919],[-59.84216983,-31.91373653],[-59.84873715,-31.9103101],[-59.86422744,-31.90845412],[-59.86608342,-31.90845412],[-59.87893251,-31.90152989],[-59.88300139,-31.89931699],[-59.89306651,-31.89846039],[-59.92036756,-31.89328028]]]},"geometry_name":"geom","properties":{"gid":5159,"rtn":"33","typ":40,"rst":3,"hct":2,"fdc":"OpenStreetMap","sag":"IGN"},"bbox":[-59.92036756,-31.97558222,-59.5825232,-31.89328028]},{"type":"Feature","id":"vial_provincial.5160","geometry":{"type":"MultiLineString","coordinates":[[[-58.88378306,-32.68811374],[-58.88761474,-32.68489893]]]},"geometry_name":"geom","properties":{"gid":5160,"rtn":"19","typ":40,"rst":3,"hct":2,"fdc":"OpenStreetMap","sag":"IGN"},"bbox":[-58.88761474,-32.68811374,-58.88378306,-32.68489893]},{"type":"Feature","id":"vial_provincial.5108","geometry":{"type":"MultiLineString","coordinates":[[[-58.0995701,-31.395987],[-58.1001876,-31.3954127],[-58.10152942,-31.39419471]]]},"geometry_name":"geom","properties":{"gid":5108,"rtn":"22","typ":40,"rst":1,"hct":2,"fdc":"OpenStreetMap","sag":"IGN"},"bbox":[-58.10152942,-31.395987,-58.0995701,-31.39419471]},{"type":"Feature","id":"vial_provincial.1117","geometry":{"type":"MultiLineString","coordinates":[[[-60.3022944,-31.0209878],[-60.3077227,-31.0427795],[-60.3147154,-31.0534346],[-60.3186619,-31.0527893],[-60.3208935,-31.053543],[-60.3217989,-31.0554273],[-60.3227174,-31.0603259],[-60.3238118,-31.0656195],[-60.330897,-31.0718962],[-60.331558,-31.0751951],[-60.3317553,-31.075719],[-60.3334222,-31.0771006],[-60.3410305,-31.0847804],[-60.3446299,-31.0888033],[-60.3448714,-31.0893376],[-60.3449358,-31.0898705],[-60.3441433,-31.1085327],[-60.3440709,-31.1102367],[-60.3436319,-31.1201143],[-60.3423114,-31.1442362],[-60.3424088,-31.1457761]]]},"geometry_name":"geom","properties":{"gid":1117,"rtn":"82s","typ":40,"rst":3,"hct":2,"fdc":"IDESF","sag":"IGN"},"bbox":[-60.3449358,-31.1457761,-60.3022944,-31.0209878]},{"type":"Feature","id":"vial_provincial.977","geometry":{"type":"MultiLineString","coordinates":[[[-60.0922835,-31.0921884],[-60.0990806,-31.0909929],[-60.1057697,-31.0898171],[-60.1124367,-31.0886452],[-60.1193315,-31.0874333],[-60.1260407,-31.086254],[-60.145889,-31.0827705],[-60.1659934,-31.079242],[-60.2198552,-31.0703665],[-60.2848075,-31.0587501],[-60.3147154,-31.0534346]]]},"geometry_name":"geom","properties":{"gid":977,"rtn":"253s","typ":40,"rst":3,"hct":2,"fdc":"IDESF","sag":"IGN"},"bbox":[-60.3147154,-31.0921884,-60.0922835,-31.0534346]},{"type":"Feature","id":"vial_provincial.1059","geometry":{"type":"MultiLineString","coordinates":[[[-60.5329685,-31.0621549],[-60.5332462,-31.0621192],[-60.5458651,-31.0595322],[-60.5462813,-31.0593668],[-60.5466918,-31.059311],[-60.5672516,-31.0551273],[-60.5679634,-31.0549085],[-60.5715321,-31.0540756],[-60.5716275,-31.0540509],[-60.575321,-31.0532509],[-60.5758386,-31.0530609],[-60.5761467,-31.0528286],[-60.5763192,-31.0525119],[-60.5763315,-31.0521318],[-60.5763192,-31.0513505],[-60.5763932,-31.0509176],[-60.5766396,-31.0505164],[-60.5770094,-31.0502102],[-60.577453,-31.0500096],[-60.577909,-31.0499145],[-60.6143024,-31.041837],[-60.6147141,-31.0416544],[-60.6157073,-31.041214],[-60.6164098,-31.0409712],[-60.6376321,-31.0369374],[-60.6423141,-31.0358128],[-60.6447909,-31.035218],[-60.6491429,-31.0341918],[-60.6493031,-31.0340334],[-60.6493647,-31.033516],[-60.6492415,-31.0329774],[-60.6486253,-31.0304112],[-60.6540835,-31.0294024],[-60.6502504,-31.0148744],[-60.6478926,-31.004398],[-60.6461148,-30.9964976],[-60.645926,-30.9956538],[-60.6459016,-30.9955446],[-60.6441598,-30.987593],[-60.6438558,-30.9862052],[-60.6421754,-30.9787155],[-60.6418315,-30.9771826],[-60.640192,-30.9698748],[-60.6391366,-30.9651701],[-60.6375453,-30.958076],[-60.6370696,-30.9559553],[-60.6360742,-30.9515175],[-60.6355997,-30.9494019],[-60.6340073,-30.9421528],[-60.6334726,-30.9396292]]]},"geometry_name":"geom","properties":{"gid":1059,"rtn":"54s","typ":40,"rst":3,"hct":2,"fdc":"IDESF","sag":"IGN"},"bbox":[-60.6540835,-31.0621549,-60.5329685,-30.9396292]},{"type":"Feature","id":"vial_provincial.1060","geometry":{"type":"MultiLineString","coordinates":[[[-60.6447909,-31.035218],[-60.6462149,-31.0396697],[-60.6464382,-31.0403907],[-60.6464654,-31.0404717],[-60.6467868,-31.0414574],[-60.6467958,-31.0414856],[-60.6511856,-31.0403812],[-60.6514658,-31.0405093],[-60.6519515,-31.0420617],[-60.6522877,-31.0422058],[-60.6573786,-31.0412162],[-60.6575678,-31.0412216],[-60.6576892,-31.0412825],[-60.657776,-31.0413735],[-60.6578936,-31.0418434],[-60.6579476,-31.0419348],[-60.6580827,-31.0420021],[-60.6582538,-31.0420242],[-60.6698976,-31.0401418],[-60.6873791,-31.0373155],[-60.7008957,-31.0351092],[-60.7058427,-31.0343017],[-60.7061091,-31.0342582],[-60.7082386,-31.0338491]]]},"geometry_name":"geom","properties":{"gid":1060,"rtn":"53s","typ":40,"rst":3,"hct":2,"fdc":"IDESF","sag":"IGN"},"bbox":[-60.7082386,-31.0422058,-60.6447909,-31.0338491]},{"type":"Feature","id":"vial_provincial.1074","geometry":{"type":"MultiLineString","coordinates":[[[-60.6558457,-30.9385184],[-60.6551283,-30.9386227],[-60.6548729,-30.9386604],[-60.653995,-30.9387935],[-60.6527434,-30.9389859],[-60.6514741,-30.9391919],[-60.6501905,-30.939386],[-60.6489167,-30.9396055],[-60.6481518,-30.9397299],[-60.647461,-30.9398487],[-60.641453,-30.9408645],[-60.6387979,-30.9413134],[-60.6373099,-30.9415679],[-60.6364912,-30.9415679],[-60.6356896,-30.9414362],[-60.6348879,-30.9410705],[-60.6342227,-30.9405438],[-60.633917,-30.940225],[-60.6336441,-30.9398615],[-60.6334726,-30.9396292],[-60.630965,-30.9283862],[-60.6306409,-30.9276546],[-60.6300951,-30.9269523],[-60.629447,-30.9265134],[-60.6285771,-30.9261915],[-60.6277072,-30.9260452],[-60.6268373,-30.9260452],[-60.6127488,-30.9284301],[-60.5976474,-30.9309143],[-60.5899888,-30.9321802],[-60.5830287,-30.9333263],[-60.5760774,-30.9344724],[-60.5709686,-30.9352964],[-60.568637,-30.9356934],[-60.5675192,-30.9357982],[-60.566829,-30.9357287],[-60.5663664,-30.9355735],[-60.565563,-30.935154],[-60.5651002,-30.9347046],[-60.5647596,-30.9342177],[-60.5646548,-30.9339256],[-60.5644365,-30.9332439],[-60.5640697,-30.9319705],[-60.5638776,-30.9316034],[-60.5634584,-30.9310941],[-60.5630744,-30.9307457],[-60.5626812,-30.9305023],[-60.5621778,-30.930313],[-60.5616944,-30.9301727],[-60.5607425,-30.9300828],[-60.5597765,-30.9302047],[-60.5456251,-30.9331765],[-60.5174844,-30.9391722],[-60.51716,-30.9392409],[-60.4822044,-30.9462907],[-60.4691545,-30.9489174],[-60.46875517,-30.94711056],[-60.46867141,-30.94679838],[-60.46858004,-30.94663087],[-60.46842014,-30.94653949],[-60.46812318,-30.94656234],[-60.467268,-30.9467098]]]},"geometry_name":"geom","properties":{"gid":1074,"rtn":"61","typ":40,"rst":3,"hct":2,"fdc":"IDESF","sag":"IGN"},"bbox":[-60.6558457,-30.9489174,-60.467268,-30.9260452]},{"type":"Feature","id":"vial_provincial.1118","geometry":{"type":"MultiLineString","coordinates":[[[-60.4942587,-31.1345537],[-60.4981437,-31.1423428],[-60.5018622,-31.1499845],[-60.506529,-31.1595411],[-60.5084998,-31.1636315],[-60.5098757,-31.1661787],[-60.5158811,-31.1772228],[-60.5168666,-31.1791006],[-60.5172198,-31.1834327],[-60.5174243,-31.1888804],[-60.5176846,-31.192004],[-60.5182238,-31.1991436],[-60.5183168,-31.1998129],[-60.5186513,-31.2012286],[-60.5200831,-31.2072872],[-60.5241735,-31.2227563],[-60.5246383,-31.2245041],[-60.5249172,-31.225285],[-60.5262051,-31.228131],[-60.5267672,-31.2292862],[-60.5272394,-31.2307166],[-60.5282359,-31.2338392],[-60.5287217,-31.23521408],[-60.52908809,-31.23637776],[-60.52948798,-31.23764673],[-60.53154631,-31.24417841],[-60.53218839,-31.24621594],[-60.53247309,-31.24711939],[-60.5331615,-31.25069615],[-60.53343335,-31.25199413],[-60.5336757,-31.25276796],[-60.53404845,-31.25386271],[-60.5341329,-31.25411071],[-60.5357981,-31.2586163],[-60.53964721,-31.26905711],[-60.54104134,-31.27278727],[-60.54255836,-31.27684623],[-60.54439436,-31.28391707],[-60.54476056,-31.28542552],[-60.54562124,-31.28786044],[-60.54744402,-31.29287152],[-60.54779758,-31.29815251],[-60.54811429,-31.30254973],[-60.54820059,-31.30375727],[-60.54825722,-31.30439513],[-60.55119868,-31.3096471],[-60.55309353,-31.3130646],[-60.55312211,-31.3131158],[-60.5570273,-31.32011138],[-60.5598616,-31.32575198],[-60.56118085,-31.32838298],[-60.56123786,-31.32906646],[-60.56124499,-31.32926794],[-60.56132591,-31.3315542],[-60.56193869,-31.3331754],[-60.56359174,-31.33746803],[-60.56449706,-31.34100101],[-60.56550861,-31.34477941],[-60.56708092,-31.35082304],[-60.56762665,-31.3529741],[-60.56860882,-31.35684547],[-60.56986912,-31.36144159],[-60.5738498,-31.36523484],[-60.57798393,-31.36920147],[-60.58348637,-31.37440244],[-60.58870557,-31.37945855],[-60.58934277,-31.38010598],[-60.58961083,-31.38049157],[-60.59029388,-31.38192982],[-60.59130798,-31.38405206],[-60.59294274,-31.38740178],[-60.59521939,-31.39211973],[-60.59730869,-31.39624082],[-60.60117865,-31.40398733],[-60.60157282,-31.40500982],[-60.60171997,-31.40565947],[-60.601891,-31.40683644],[-60.60199871,-31.40771481],[-60.60226994,-31.40859242],[-60.60272487,-31.40945158],[-60.60467144,-31.41352045],[-60.60738388,-31.41901846],[-60.60804544,-31.42027192],[-60.60837558,-31.42076251],[-60.61041428,-31.42321368],[-60.61503185,-31.42899656],[-60.61570929,-31.42983267],[-60.61603973,-31.43035841],[-60.61630932,-31.43095478],[-60.61653707,-31.43141067],[-60.61688758,-31.43188364],[-60.61825951,-31.43343735],[-60.62146585,-31.43687089],[-60.62247026,-31.43777718],[-60.62618191,-31.44046914],[-60.62653063,-31.4406608],[-60.6268987,-31.44067659],[-60.62724602,-31.4406573],[-60.6288582,-31.44029785],[-60.62951155,-31.44018921],[-60.62994083,-31.44020469],[-60.63041185,-31.44034297],[-60.63077946,-31.44030599],[-60.63096296,-31.44023474],[-60.63311931,-31.43867861],[-60.63352723,-31.43842484],[-60.63404822,-31.43827307],[-60.64514946,-31.43556312],[-60.65595674,-31.43294613]]]},"geometry_name":"geom","properties":{"gid":1118,"rtn":"82s","typ":40,"rst":3,"hct":2,"fdc":"IDESF","sag":"IGN"},"bbox":[-60.65595674,-31.44067659,-60.4942587,-31.1345537]},{"type":"Feature","id":"vial_provincial.1385","geometry":{"type":"MultiLineString","coordinates":[[[-60.1462857,-31.1802373],[-60.15374792,-31.18562593],[-60.15738294,-31.18984728],[-60.15992777,-31.19989191],[-60.16351361,-31.21567113],[-60.1665595,-31.21997556],[-60.17162056,-31.2223629],[-60.17673015,-31.22255007],[-60.20416389,-31.21801514],[-60.20743906,-31.21829969],[-60.21051707,-31.21930314],[-60.2150458,-31.22227787],[-60.2179914,-31.22384912],[-60.23187501,-31.22789523],[-60.23704985,-31.23005051],[-60.24105632,-31.23304521],[-60.24411942,-31.23905109],[-60.24740284,-31.24651088],[-60.2478095,-31.27756441],[-60.24833495,-31.28091817],[-60.25238057,-31.28836274],[-60.25468084,-31.29216384],[-60.26365046,-31.3001921],[-60.26528755,-31.30262317],[-60.26721669,-31.30678196],[-60.26914971,-31.31043618],[-60.27176055,-31.31272812],[-60.2970169,-31.32238343],[-60.29963771,-31.32428876],[-60.30164481,-31.32760963],[-60.30486737,-31.33654539],[-60.30793299,-31.3463814],[-60.30984175,-31.3660084],[-60.31017109,-31.36902411],[-60.31784896,-31.38637118],[-60.32462717,-31.40207214],[-60.33660633,-31.41665915],[-60.34208794,-31.423753],[-60.35103973,-31.4323055],[-60.36649382,-31.44550994],[-60.39177513,-31.46097772],[-60.40382819,-31.46773409],[-60.40983442,-31.47280119],[-60.42892401,-31.48914021],[-60.43156283,-31.4905068],[-60.44337131,-31.49545894],[-60.44835297,-31.50194562],[-60.45335507,-31.50756816],[-60.46330861,-31.51432679],[-60.47519687,-31.52194068],[-60.47905242,-31.52481425],[-60.48892414,-31.53272537],[-60.49829768,-31.538539],[-60.50943367,-31.54817489],[-60.51870937,-31.55635514],[-60.52350052,-31.56040068],[-60.52625568,-31.56209606],[-60.53288997,-31.56362767],[-60.54010812,-31.56857269],[-60.54730448,-31.57652578],[-60.55351072,-31.58182415],[-60.56645206,-31.59216672],[-60.56940881,-31.59535219],[-60.57283015,-31.6010535],[-60.58092141,-31.60974165],[-60.58802043,-31.61678276],[-60.60234948,-31.62508479],[-60.62426264,-31.63675831],[-60.62845427,-31.6393346]]]},"geometry_name":"geom","properties":{"gid":1385,"rtn":"1","typ":40,"rst":1,"hct":2,"fdc":"IDESF","sag":"IGN"},"bbox":[-60.62845427,-31.6393346,-60.1462857,-31.1802373]},{"type":"Feature","id":"vial_provincial.1519","geometry":{"type":"MultiLineString","coordinates":[[[-60.0665884,-30.9781109],[-60.1519992,-30.9650738],[-60.1526748,-30.9650247],[-60.1534574,-30.9650694],[-60.1541149,-30.9652145],[-60.1547595,-30.9654423],[-60.1553491,-30.9657677],[-60.1736341,-30.9785212],[-60.1925695,-30.9915655],[-60.1980795,-30.995415],[-60.1989668,-30.9959538],[-60.1999157,-30.9964608],[-60.2015887,-30.9971414],[-60.2060161,-30.9988377],[-60.2075812,-30.9993025],[-60.2244985,-31.0038889],[-60.2250887,-31.0040314],[-60.2256787,-31.004128],[-60.2262351,-31.004108],[-60.2267731,-31.0040729],[-60.2357853,-31.0025279],[-60.2363742,-31.0024773],[-60.2369655,-31.0024911],[-60.2376019,-31.0025748],[-60.2381885,-31.0026934],[-60.3007082,-31.0208421],[-60.3015236,-31.0209892],[-60.3022944,-31.0209878],[-60.3258938,-31.0173732],[-60.327293,-31.0171589],[-60.3289083,-31.0169114],[-60.3313428,-31.0165386],[-60.3344674,-31.01606],[-60.3360798,-31.015813],[-60.3371285,-31.0155623],[-60.3380968,-31.0151877],[-60.3477228,-31.0099758],[-60.3490831,-31.0095051],[-60.3503706,-31.0091741],[-60.4448376,-30.9899944],[-60.4460265,-30.9897369],[-60.4470752,-30.9893963],[-60.4479863,-30.9888936],[-60.4483448,-30.9885967],[-60.4487244,-30.988186],[-60.4493473,-30.9873607],[-60.4567834,-30.9770009],[-60.46385,-30.9670873],[-60.464505,-30.9665257],[-60.4651147,-30.9662255],[-60.4652808,-30.966166],[-60.4657358,-30.9660028],[-60.4711795,-30.9648402]]]},"geometry_name":"geom","properties":{"gid":1519,"rtn":"61","typ":40,"rst":3,"hct":2,"fdc":"IDESF","sag":"IGN"},"bbox":[-60.4711795,-31.0209892,-60.0665884,-30.9648402]},{"type":"Feature","id":"vial_provincial.1521","geometry":{"type":"MultiLineString","coordinates":[[[-60.4711795,-30.9648402],[-60.4714166,-30.9647337],[-60.471665,-30.9644722],[-60.4717441,-30.9642495]]]},"geometry_name":"geom","properties":{"gid":1521,"rtn":"61","typ":40,"rst":3,"hct":2,"fdc":"IDESF","sag":"IGN"},"bbox":[-60.4717441,-30.9648402,-60.4711795,-30.9642495]},{"type":"Feature","id":"vial_provincial.1522","geometry":{"type":"MultiLineString","coordinates":[[[-60.4719519,-30.9651754],[-60.471736,-30.9649644],[-60.4715132,-30.9648668],[-60.4711795,-30.9648402]]]},"geometry_name":"geom","properties":{"gid":1522,"rtn":"61","typ":40,"rst":3,"hct":2,"fdc":"IDESF","sag":"IGN"},"bbox":[-60.4719519,-30.9651754,-60.4711795,-30.9648402]},{"type":"Feature","id":"vial_provincial.1545","geometry":{"type":"MultiLineString","coordinates":[[[-60.7219737,-31.0645662],[-60.721861,-31.0645823],[-60.7217001,-31.0646053],[-60.7214533,-31.0646466],[-60.7208954,-31.0647294],[-60.7203912,-31.0648029],[-60.7198896,-31.064881],[-60.7194041,-31.0649568],[-60.7190742,-31.0650051],[-60.7189562,-31.0650166],[-60.7185351,-31.0650786],[-60.7181998,-31.0651245],[-60.7179611,-31.0651613],[-60.7177465,-31.0651912],[-60.7175239,-31.0652187],[-60.7173039,-31.0652555],[-60.7168346,-31.0653221],[-60.7165368,-31.0653658],[-60.716215,-31.0654209],[-60.7155417,-31.0655335],[-60.7148014,-31.0656415],[-60.7140719,-31.0657426],[-60.7122855,-31.0659861],[-60.7103381,-31.0662604],[-60.7084272,-31.0665469],[-60.7061622,-31.0668649],[-60.7040128,-31.0671917],[-60.7018959,-31.06751],[-60.6997746,-31.0678221],[-60.6975914,-31.0681456],[-60.6950308,-31.068523],[-60.694825,-31.0685538],[-60.692593,-31.0688877],[-60.6901477,-31.0692537],[-60.6877599,-31.0696273],[-60.6854015,-31.0699865],[-60.6830099,-31.0703479],[-60.6805606,-31.0707272],[-60.6781817,-31.0710836],[-60.6759211,-31.0714281],[-60.6737094,-31.0717875],[-60.6714602,-31.0720761],[-60.6690668,-31.0723103],[-60.6669383,-31.0724808],[-60.6637429,-31.0728274],[-60.6565148,-31.0740665],[-60.6559196,-31.0742312],[-60.6554173,-31.0744337],[-60.6548927,-31.074708],[-60.6544456,-31.0750278],[-60.6538031,-31.0756194],[-60.6534596,-31.0760451],[-60.6531852,-31.0764922],[-60.652957,-31.0770119],[-60.6527744,-31.0776023],[-60.6525282,-31.0788512],[-60.6523425,-31.0793838],[-60.6521034,-31.0798577],[-60.6517316,-31.0803948],[-60.6514102,-31.0807352],[-60.6510746,-31.0810453],[-60.6506015,-31.0813921],[-60.6501654,-31.081648],[-60.6496868,-31.0818735],[-60.6491979,-31.0820446],[-60.6486383,-31.0821914],[-60.6085328,-31.0889312],[-60.588118,-31.0923617],[-60.5874485,-31.0926028],[-60.5868519,-31.092919],[-60.586333,-31.0932762],[-60.585891,-31.0936748],[-60.5854631,-31.0941731],[-60.5850586,-31.0948252],[-60.5848372,-31.0953812],[-60.5847003,-31.0959172],[-60.5846203,-31.0965396],[-60.5846783,-31.097075],[-60.5849652,-31.098509],[-60.5853296,-31.1002479],[-60.5856391,-31.1014341],[-60.5857685,-31.1021106],[-60.5857978,-31.1026654],[-60.5857831,-31.1031155],[-60.5857218,-31.1035311],[-60.5855435,-31.104089],[-60.585343,-31.1045328],[-60.5850512,-31.1049929],[-60.5846511,-31.1054833],[-60.5842084,-31.105904],[-60.5836657,-31.1062935],[-60.5830478,-31.1066645],[-60.5818506,-31.1073167],[-60.58145055,-31.10755553],[-60.5814151,-31.1075767],[-60.5761172,-31.1106997],[-60.5755825,-31.1109815],[-60.5753021,-31.1110879],[-60.5750286,-31.1111666],[-60.5745027,-31.1113117],[-60.5706379,-31.1119641],[-60.5701524,-31.1120499],[-60.5696415,-31.1121332],[-60.5694872,-31.112161],[-60.5561481,-31.114403],[-60.5525066,-31.1150073],[-60.5518114,-31.1151346],[-60.5511321,-31.1153141],[-60.5506504,-31.1154991],[-60.5502775,-31.1156882],[-60.5499063,-31.1158938],[-60.5494691,-31.1162061],[-60.5490559,-31.1165658],[-60.5484277,-31.1173202],[-60.5450351,-31.1217697],[-60.5437842,-31.1233955],[-60.5434533,-31.1237633],[-60.5430457,-31.1241339],[-60.5426298,-31.124435],[-60.5421425,-31.1247217],[-60.5415725,-31.1249721],[-60.5410604,-31.1251335],[-60.5401608,-31.1253346],[-60.4942587,-31.1345537],[-60.4534537,-31.1426786],[-60.4394199,-31.1454917],[-60.4312338,-31.1467313],[-60.413778,-31.149339],[-60.4060083,-31.1503779],[-60.4040531,-31.1506248],[-60.4018692,-31.1509046],[-60.401527,-31.1509505],[-60.4009804,-31.1510314],[-60.40049,-31.151156],[-60.3999714,-31.1513549],[-60.3995577,-31.1515713],[-60.3992384,-31.1517987],[-60.3989323,-31.152068],[-60.3986918,-31.1523223],[-60.396273,-31.1555945],[-60.3954933,-31.1565693],[-60.3950974,-31.1569125],[-60.3945763,-31.1572382],[-60.3940195,-31.1574874],[-60.3935087,-31.1576404],[-60.3928862,-31.15775],[-60.361289,-31.1623499],[-60.3605158,-31.1624308],[-60.3597139,-31.1624803],[-60.3588542,-31.1625205],[-60.3583099,-31.1624693],[-60.3578275,-31.1623846],[-60.3574147,-31.16223],[-60.3570444,-31.1620288],[-60.3566586,-31.161772],[-60.3563185,-31.1614771],[-60.3559574,-31.1610886],[-60.3556703,-31.1606435],[-60.3553416,-31.1599758],[-60.3550951,-31.1593538],[-60.352794,-31.149623],[-60.3525771,-31.1487413],[-60.3518242,-31.1476081],[-60.3508848,-31.1463649],[-60.3505308,-31.1460244],[-60.3500269,-31.1457013],[-60.3493834,-31.1454155],[-60.3487084,-31.1452082],[-60.3478284,-31.1450425],[-60.3473755,-31.1450135],[-60.3469294,-31.1450088],[-60.3463526,-31.1450691],[-60.3424088,-31.1457761],[-60.2422843,-31.1633394],[-60.147208,-31.1800929],[-60.1462857,-31.1802373]]]},"geometry_name":"geom","properties":{"gid":1545,"rtn":"62","typ":40,"rst":1,"hct":2,"fdc":"IDESF","sag":"IGN"},"bbox":[-60.7219737,-31.1802373,-60.1462857,-31.0645662]},{"type":"Feature","id":"vial_provincial.1599","geometry":{"type":"MultiLineString","coordinates":[[[-60.68704666,-31.55411603],[-60.68687237,-31.55419922],[-60.68682592,-31.55422779],[-60.68679846,-31.55424589],[-60.68677143,-31.55426506],[-60.68674514,-31.55428549],[-60.68672003,-31.55430763],[-60.68669359,-31.55433573],[-60.68666974,-31.55436531],[-60.68664821,-31.55439559],[-60.68662822,-31.55442609],[-60.68660917,-31.55445758],[-60.68659151,-31.55448987],[-60.68657553,-31.55452314],[-60.68656209,-31.5545573],[-60.68655109,-31.55459398],[-60.68654283,-31.55463091],[-60.68653699,-31.5546681],[-60.68653316,-31.55470527],[-60.68653217,-31.55474252],[-60.68653346,-31.55478039],[-60.68677549,-31.55568167],[-60.6870041,-31.5565324],[-60.6870606,-31.55673922],[-60.6872493,-31.55743],[-60.6873269,-31.557599],[-60.687459,-31.5578006],[-60.6878326,-31.55831679],[-60.6881154,-31.5587479],[-60.6881959,-31.5589715],[-60.6882535,-31.5592244],[-60.68849157,-31.56084533],[-60.6885928,-31.5615346],[-60.68876611,-31.56282044],[-60.6889646,-31.5642931],[-60.68901117,-31.56460856],[-60.6892806,-31.5664335],[-60.689649,-31.5687682]]]},"geometry_name":"geom","properties":{"gid":1599,"rtn":"2","typ":40,"rst":1,"hct":2,"fdc":"IDESF","sag":"IGN"},"bbox":[-60.689649,-31.5687682,-60.68653217,-31.55411603]},{"type":"Feature","id":"vial_provincial.1601","geometry":{"type":"MultiLineString","coordinates":[[[-60.673801,-31.4305404],[-60.6739948,-31.4311301],[-60.6741521,-31.4317647],[-60.6742319,-31.4322383],[-60.6742698,-31.4327266],[-60.6742202,-31.4337171],[-60.6740786,-31.4344238],[-60.6738344,-31.435212],[-60.6734557,-31.4360303],[-60.6729492,-31.4368194],[-60.6713376,-31.4390852],[-60.6709129,-31.4397682],[-60.6706338,-31.4404268],[-60.6704193,-31.4410863],[-60.6702708,-31.441835],[-60.670217,-31.4422491],[-60.6702708,-31.4431906],[-60.6707902,-31.4476785],[-60.6709513,-31.4493072],[-60.6714983,-31.4560988],[-60.6719703,-31.4604002],[-60.6728716,-31.4681422],[-60.6732374,-31.4712172],[-60.673324,-31.4719448],[-60.6739015,-31.4767986],[-60.6745393,-31.4819359],[-60.674674,-31.4830205],[-60.6753177,-31.4887113],[-60.6756427,-31.4913061],[-60.6759282,-31.4936611],[-60.6762178,-31.4960491],[-60.6763492,-31.497133],[-60.6764824,-31.4982315],[-60.6769516,-31.5021009],[-60.6771744,-31.5041604],[-60.6772793,-31.5052164],[-60.6773462,-31.5055841],[-60.6774132,-31.5059031],[-60.6776495,-31.5068739],[-60.6777241,-31.507132],[-60.6780376,-31.5080328],[-60.6787494,-31.5100782],[-60.6791365,-31.5111904],[-60.6792203,-31.5114311],[-60.6795139,-31.5122748],[-60.6796015,-31.5125266],[-60.6798776,-31.5133198],[-60.679988,-31.5136212],[-60.6800239,-31.5137265],[-60.6802395,-31.5143735],[-60.6803817,-31.514821],[-60.6806047,-31.5154418],[-60.6807787,-31.515969],[-60.6809359,-31.5164271],[-60.681112,-31.5169828],[-60.6812816,-31.5175334],[-60.6813942,-31.5178869],[-60.6816128,-31.5185614],[-60.6816627,-31.518704],[-60.6819544,-31.5196223],[-60.682246,-31.5205219],[-60.6822785,-31.520624],[-60.6824434,-31.5211034],[-60.6826168,-31.5216588],[-60.6828493,-31.5224039],[-60.6829486,-31.5227154],[-60.6831502,-31.5233679],[-60.6831933,-31.5234751],[-60.6833596,-31.5240389],[-60.6836893,-31.5250952],[-60.6840496,-31.5261892],[-60.6847433,-31.5282956],[-60.6860926,-31.5323929],[-60.6878982,-31.537865],[-60.6884698,-31.5395971],[-60.6898151,-31.5436532],[-60.6907598,-31.5465011],[-60.6910868,-31.547487],[-60.6914034,-31.5484413],[-60.6922558,-31.5508528],[-60.6924704,-31.5514998],[-60.6925478,-31.551733],[-60.6927204,-31.5521754],[-60.6927338,-31.5523802],[-60.6927074,-31.5525273],[-60.6926555,-31.5526674],[-60.692557,-31.5528079],[-60.6924356,-31.552904],[-60.6922617,-31.5529994],[-60.691984,-31.553079],[-60.6905327,-31.5533817],[-60.6901766,-31.5534548],[-60.68704666,-31.55411603]]]},"geometry_name":"geom","properties":{"gid":1601,"rtn":"2","typ":40,"rst":1,"hct":2,"fdc":"IDESF","sag":"IGN"},"bbox":[-60.6927338,-31.55411603,-60.670217,-31.4305404]},{"type":"Feature","id":"vial_provincial.1602","geometry":{"type":"MultiLineString","coordinates":[[[-60.68704666,-31.55411603],[-60.6869744,-31.5541313],[-60.68643525,-31.55423419],[-60.68637771,-31.55426047],[-60.68633868,-31.55428617],[-60.68631013,-31.55431567],[-60.6862875,-31.55435236],[-60.68629002,-31.55451975],[-60.6863122,-31.55463447],[-60.6863641,-31.5548156],[-60.6866494,-31.555906],[-60.68667224,-31.55599329],[-60.68669216,-31.55606943],[-60.68674548,-31.55627323],[-60.6868259,-31.5565806],[-60.68695912,-31.55705548],[-60.687091,-31.5575256],[-60.68720451,-31.55772987],[-60.6872362,-31.5577869],[-60.68739836,-31.55801869],[-60.687423,-31.5580539],[-60.6876862,-31.5583915],[-60.68788524,-31.55870016],[-60.6879464,-31.558795],[-60.68797754,-31.55888751],[-60.6880217,-31.5590187],[-60.6880742,-31.5592326],[-60.68811048,-31.55947301],[-60.68832901,-31.56092134],[-60.6884252,-31.5615588],[-60.68858252,-31.56264817],[-60.688823,-31.5643134],[-60.68889659,-31.56482649],[-60.6890805,-31.56610885],[-60.6891323,-31.56647],[-60.68927546,-31.56740754],[-60.6894879,-31.5687988]]]},"geometry_name":"geom","properties":{"gid":1602,"rtn":"2","typ":40,"rst":1,"hct":2,"fdc":"IDESF","sag":"IGN"},"bbox":[-60.6894879,-31.5687988,-60.6862875,-31.55411603]},{"type":"Feature","id":"vial_provincial.1627","geometry":{"type":"MultiLineString","coordinates":[[[-60.673801,-31.4305404],[-60.6735012,-31.4297155],[-60.67321103,-31.42880073],[-60.6731914,-31.4287403],[-60.6729208,-31.427728],[-60.6727199,-31.426954]]]},"geometry_name":"geom","properties":{"gid":1627,"rtn":"2","typ":40,"rst":1,"hct":2,"fdc":"IDESF","sag":"IGN"},"bbox":[-60.673801,-31.4305404,-60.6727199,-31.426954]},{"type":"Feature","id":"vial_provincial.1629","geometry":{"type":"MultiLineString","coordinates":[[[-60.6727199,-31.426954],[-60.6726063,-31.4265705],[-60.6722135,-31.4256086],[-60.6719853,-31.4251571],[-60.6716861,-31.4246905],[-60.6709606,-31.4238524],[-60.6702492,-31.4231367],[-60.6693901,-31.4222509],[-60.66893852,-31.42174353],[-60.6683901,-31.4209988],[-60.6680431,-31.4203911],[-60.667729,-31.4197259],[-60.6674232,-31.4189352],[-60.667255,-31.4181856],[-60.6658953,-31.4068436],[-60.6656889,-31.4051121],[-60.6654816,-31.4039496],[-60.6646698,-31.400876],[-60.662826,-31.3938946],[-60.6626009,-31.3931373],[-60.6624219,-31.3922398],[-60.6623429,-31.3915237],[-60.6623194,-31.3909981],[-60.6623016,-31.3871206],[-60.66210835,-31.38296855],[-60.6620187,-31.3749115],[-60.6620127,-31.3737392],[-60.6619922,-31.3725025],[-60.6619862,-31.3713149],[-60.6619799,-31.3700836],[-60.6619668,-31.3689026],[-60.6619181,-31.3676961],[-60.661848,-31.36429],[-60.6616549,-31.3609553],[-60.6612145,-31.3539933],[-60.6605563,-31.3448248],[-60.6598195,-31.3346265],[-60.6596804,-31.3327014],[-60.6594513,-31.3285865],[-60.6594572,-31.3279383],[-60.6594972,-31.3271809],[-60.6596061,-31.3266795],[-60.6598181,-31.326056],[-60.6600454,-31.325512],[-60.6603238,-31.3249607],[-60.6605311,-31.3245985],[-60.660798,-31.3242145],[-60.6611259,-31.3238377],[-60.661522,-31.3234173],[-60.6621232,-31.3228928],[-60.6626815,-31.3224883],[-60.6636076,-31.3219353],[-60.6644462,-31.3215793],[-60.6654083,-31.3212816],[-60.6695093,-31.3202596],[-60.6703124,-31.3199843],[-60.6710303,-31.3197018],[-60.6716618,-31.3193624],[-60.6721942,-31.3190022],[-60.6727367,-31.318523],[-60.6734117,-31.3178653],[-60.6738474,-31.3173414],[-60.6742218,-31.3167825],[-60.6745621,-31.3161725],[-60.6751747,-31.3150148],[-60.6760941,-31.3132958],[-60.6767328,-31.3121268],[-60.6770461,-31.3113438],[-60.6772404,-31.3106398],[-60.6773745,-31.3100661],[-60.6774391,-31.3095003],[-60.6774282,-31.308957],[-60.6773256,-31.3083366],[-60.6765982,-31.305917],[-60.6758685,-31.3034899],[-60.6755972,-31.3025875],[-60.6749978,-31.3005413],[-60.674624,-31.2992656],[-60.6727959,-31.2996516],[-60.6690423,-31.3004748],[-60.66118768,-31.30221127],[-60.6602892,-31.3024099],[-60.6600308,-31.3024944],[-60.6598321,-31.3026008],[-60.6581518,-31.3038916],[-60.6580928,-31.3040063],[-60.6580679,-31.3041065],[-60.6581624,-31.3055185],[-60.6570842,-31.3055539],[-60.657074,-31.305401],[-60.6569969,-31.3042509],[-60.6569169,-31.303058],[-60.6569044,-31.3028705],[-60.6568727,-31.3023979],[-60.6568017,-31.3013379],[-60.6567307,-31.3002781],[-60.6566596,-31.2992178],[-60.6565897,-31.2981746],[-60.6565186,-31.2971128],[-60.656449,-31.2960751],[-60.6563769,-31.294999],[-60.6563246,-31.2942179],[-60.65631,-31.2939319],[-60.6562585,-31.292921],[-60.6562151,-31.2920024],[-60.6561854,-31.2913998],[-60.6561269,-31.2903396],[-60.6559187,-31.2873526],[-60.6557006,-31.2839326],[-60.6557438,-31.2838405],[-60.6558556,-31.2837616],[-60.6559393,-31.2837487],[-60.6559929,-31.2837405],[-60.6561661,-31.2837065],[-60.6562222,-31.2836786],[-60.6562537,-31.2836374],[-60.656272,-31.2835405],[-60.6562614,-31.2833651],[-60.6561143,-31.28092],[-60.6560731,-31.2803039],[-60.6558799,-31.2774127],[-60.6555675,-31.2727372],[-60.6554964,-31.2716727],[-60.6552317,-31.2677119],[-60.6542642,-31.2534727],[-60.654156,-31.2529409],[-60.6539933,-31.2524196],[-60.6530023,-31.2499246],[-60.6522765,-31.2481867],[-60.6522274,-31.2480759],[-60.6519505,-31.2474106],[-60.6482733,-31.2386323],[-60.6453639,-31.2316367],[-60.64385272,-31.22801315],[-60.6438336,-31.2279673],[-60.63654656,-31.21040354],[-60.636508,-31.2103106],[-60.6264299,-31.1860145],[-60.6262317,-31.185414],[-60.6261971,-31.1850881],[-60.6261727,-31.1848587],[-60.6251803,-31.182408],[-60.6241869,-31.1801636],[-60.6235871,-31.1792045],[-60.6206984,-31.1722818],[-60.6101492,-31.1466167],[-60.6085232,-31.1425945],[-60.6081544,-31.1416887],[-60.6078789,-31.141205],[-60.6076127,-31.1408533],[-60.6072764,-31.1405016],[-60.5977161,-31.1305099],[-60.591292,-31.1237776],[-60.5907213,-31.123166],[-60.5904312,-31.1227462],[-60.5902211,-31.1223659],[-60.5898889,-31.1217702],[-60.5864651,-31.1152846],[-60.5863234,-31.1150404],[-60.5862493,-31.11496155],[-60.58616046,-31.11493212],[-60.5859499,-31.1149429],[-60.5857511,-31.1149552],[-60.5856776,-31.114919],[-60.58556084,-31.11481219],[-60.58484224,-31.11344067],[-60.58449579,-31.11282392],[-60.5843397,-31.1125993],[-60.58416457,-31.11243178],[-60.58394756,-31.1122833],[-60.58374959,-31.1120168],[-60.58180414,-31.10827819],[-60.58145055,-31.10755553]]]},"geometry_name":"geom","properties":{"gid":1629,"rtn":"2","typ":40,"rst":1,"hct":2,"fdc":"IDESF","sag":"IGN"},"bbox":[-60.6774391,-31.426954,-60.58145055,-31.10755553]},{"type":"Feature","id":"vial_provincial.1685","geometry":{"type":"MultiLineString","coordinates":[[[-60.67321103,-31.42880073],[-60.66876474,-31.42977475],[-60.66713932,-31.43024133],[-60.66677284,-31.43044422],[-60.65595674,-31.43294613]]]},"geometry_name":"geom","properties":{"gid":1685,"rtn":"82s","typ":40,"rst":1,"hct":2,"fdc":"IDESF","sag":"IGN"},"bbox":[-60.67321103,-31.43294613,-60.65595674,-31.42880073]},{"type":"Feature","id":"vial_provincial.1733","geometry":{"type":"MultiLineString","coordinates":[[[-60.6558556,-31.2837616],[-60.65579061,-31.28368329],[-60.65572675,-31.28361087],[-60.65555267,-31.28360715],[-60.65533852,-31.28362142],[-60.65477696,-31.28374515],[-60.62448991,-31.29003042],[-60.62413966,-31.29009895],[-60.62388077,-31.29020555],[-60.62365996,-31.29035022],[-60.62291376,-31.29095936],[-60.62136045,-31.29239846],[-60.62102542,-31.29265735],[-60.62079699,-31.29277917],[-60.62053811,-31.29289339],[-60.61915992,-31.2932208],[-60.61351013,-31.29447716],[-60.60196194,-31.29688631],[-60.6016193,-31.2969834],[-60.60140229,-31.29713759],[-60.60093972,-31.29764584],[-60.59987753,-31.29898785],[-60.59969479,-31.29917631],[-60.59948349,-31.29931908],[-60.59907232,-31.29948469],[-60.59335019,-31.30129384],[-60.55312211,-31.3131158]]]},"geometry_name":"geom","properties":{"gid":1733,"rtn":"80s","typ":40,"rst":3,"hct":2,"fdc":"IDESF","sag":"IGN"},"bbox":[-60.6558556,-31.3131158,-60.55312211,-31.28360715]},{"type":"Feature","id":"vial_provincial.4847","geometry":{"type":"MultiLineString","coordinates":[[[-58.90878428,-31.36643562],[-58.89496131,-31.38975127],[-58.88601454,-31.40193411],[-58.8795424,-31.40802553],[-58.87364134,-31.41145195],[-58.85974529,-31.42896478],[-58.85517672,-31.43715013],[-58.85624748,-31.44766735]]]},"geometry_name":"geom","properties":{"gid":4847,"rtn":"38","typ":40,"rst":2,"hct":2,"fdc":"OpenStreetMap","sag":"IGN"},"bbox":[-58.90878428,-31.44766735,-58.85517672,-31.36643562]},{"type":"Feature","id":"vial_provincial.4876","geometry":{"type":"MultiLineString","coordinates":[[[-59.2599235,-31.2885298],[-59.2599744,-31.2883173],[-59.2599962,-31.2880817],[-59.2599656,-31.2879086],[-59.259625,-31.2873272]]]},"geometry_name":"geom","properties":{"gid":4876,"rtn":"6","typ":40,"rst":1,"hct":2,"fdc":"OpenStreetMap","sag":"IGN"},"bbox":[-59.2599962,-31.2885298,-59.259625,-31.2873272]},{"type":"Feature","id":"vial_provincial.4820","geometry":{"type":"MultiLineString","coordinates":[[[-58.1887254,-31.123916],[-58.2112324,-31.069043],[-58.214377,-31.0613739],[-58.215113,-31.0595787],[-58.2187404,-31.0506735],[-58.2198634,-31.046508],[-58.2201065,-31.0451452],[-58.2205643,-31.0439083],[-58.2224097,-31.0388708],[-58.2238044,-31.0349915],[-58.2250238,-31.0282242],[-58.2251992,-31.0272506],[-58.22477,-31.0248418],[-58.2260146,-31.0196746],[-58.2287612,-31.0116015],[-58.2332673,-31.0013022],[-58.2338895,-31.0001251],[-58.2352628,-30.9984697],[-58.2398977,-30.9891072],[-58.2441463,-30.98059],[-58.2460131,-30.976837],[-58.2467427,-30.9725871],[-58.2483949,-30.9632956],[-58.2483091,-30.962946],[-58.2478156,-30.9625412],[-58.2432236,-30.9587508],[-58.2429447,-30.9582723],[-58.2429661,-30.9573891],[-58.2434382,-30.9486114],[-58.243803,-30.9476728],[-58.2505192,-30.9357286],[-58.2507124,-30.9353053],[-58.2511844,-30.9273539],[-58.2515063,-30.9264335],[-58.2559266,-30.9151678],[-58.2563128,-30.9146708],[-58.2708182,-30.9049134],[-58.2710971,-30.9042505],[-58.2737794,-30.8929822],[-58.2762899,-30.8834804],[-58.2762041,-30.8830568],[-58.2753141,-30.881666],[-58.2746344,-30.8803985],[-58.2729538,-30.8772646],[-58.272707,-30.8769423],[-58.2719565,-30.8762285],[-58.2697137,-30.8739956],[-58.2671855,-30.8715272],[-58.2670853,-30.8714287],[-58.2518068,-30.856286],[-58.2494607,-30.853953],[-58.249415,-30.8538959],[-58.2490005,-30.8532749],[-58.2486217,-30.8525758],[-58.2451166,-30.8454861],[-58.2379218,-30.8395613],[-58.2309416,-30.8362348],[-58.2272905,-30.8331856],[-58.2143666,-30.8220874],[-58.2022382,-30.8144002],[-58.1896734,-30.8024429],[-58.1895238,-30.8023005],[-58.1859317,-30.800854],[-58.1845488,-30.800393],[-58.1831696,-30.7998783],[-58.1828236,-30.7997435],[-58.1812074,-30.7991139],[-58.1551034,-30.7900714],[-58.1516442,-30.786488],[-58.1408762,-30.7754557],[-58.125921,-30.7601313],[-58.1238937,-30.7581182],[-58.1130091,-30.7488915],[-58.1023417,-30.7399142]]]},"geometry_name":"geom","properties":{"gid":4820,"rtn":"5","typ":40,"rst":2,"hct":2,"fdc":"OpenStreetMap","sag":"IGN"},"bbox":[-58.2762899,-31.123916,-58.1023417,-30.7399142]},{"type":"Feature","id":"vial_provincial.4877","geometry":{"type":"MultiLineString","coordinates":[[[-59.2601392,-31.2867514],[-59.2604466,-31.2867],[-59.2605922,-31.2866266],[-59.2607095,-31.2864988],[-59.2609427,-31.2860551]]]},"geometry_name":"geom","properties":{"gid":4877,"rtn":"6","typ":40,"rst":1,"hct":2,"fdc":"OpenStreetMap","sag":"IGN"},"bbox":[-59.2609427,-31.2867514,-59.2601392,-31.2860551]},{"type":"Feature","id":"vial_provincial.4878","geometry":{"type":"MultiLineString","coordinates":[[[-59.2609427,-31.2860551],[-59.2608455,-31.2865221],[-59.2608651,-31.286732],[-59.2609223,-31.2869213],[-59.26103523,-31.28715809]]]},"geometry_name":"geom","properties":{"gid":4878,"rtn":"6","typ":40,"rst":1,"hct":2,"fdc":"OpenStreetMap","sag":"IGN"},"bbox":[-59.26103523,-31.28715809,-59.2608455,-31.2860551]},{"type":"Feature","id":"vial_provincial.4920","geometry":{"type":"MultiLineString","coordinates":[[[-58.0714237,-31.0321535],[-58.0713182,-31.0319913],[-58.0711992,-31.0318476],[-58.07107,-31.0317455],[-58.07094,-31.0316542]]]},"geometry_name":"geom","properties":{"gid":4920,"rtn":"A04","typ":40,"rst":1,"hct":2,"fdc":"OpenStreetMap","sag":"IGN"},"bbox":[-58.0714237,-31.0321535,-58.07094,-31.0316542]},{"type":"Feature","id":"vial_provincial.4818","geometry":{"type":"MultiLineString","coordinates":[[[-58.399245,-31.5480475],[-58.39972697,-31.5480612],[-58.39988067,-31.5479502],[-58.400035,-31.5476984],[-58.4013791,-31.5431473],[-58.4020562,-31.5408546],[-58.4022442,-31.5394455],[-58.4023112,-31.5389431],[-58.4028801,-31.5372781],[-58.4031381,-31.5365553],[-58.4041273,-31.5337832],[-58.4054987,-31.5298459],[-58.4057047,-31.5292739],[-58.4058866,-31.5290118],[-58.4059694,-31.5288911],[-58.4061712,-31.5286022],[-58.4063213,-31.5285123],[-58.4064183,-31.5285118]]]},"geometry_name":"geom","properties":{"gid":4818,"rtn":"37","typ":40,"rst":1,"hct":2,"fdc":"OpenStreetMap","sag":"IGN"},"bbox":[-58.4064183,-31.5480612,-58.399245,-31.5285118]},{"type":"Feature","id":"vial_provincial.4921","geometry":{"type":"MultiLineString","coordinates":[[[-58.07094,-31.0316542],[-58.071121,-31.0316868],[-58.0712413,-31.0316915],[-58.0713745,-31.0316673],[-58.0715703,-31.0315352]]]},"geometry_name":"geom","properties":{"gid":4921,"rtn":"A04","typ":40,"rst":1,"hct":2,"fdc":"OpenStreetMap","sag":"IGN"},"bbox":[-58.0715703,-31.0316915,-58.07094,-31.0315352]},{"type":"Feature","id":"vial_provincial.4821","geometry":{"type":"MultiLineString","coordinates":[[[-59.1746418,-31.8023058],[-59.1799165,-31.8005025],[-59.1830833,-31.7994101],[-59.1843185,-31.7989645],[-59.1856757,-31.7982138],[-59.1871048,-31.7974326],[-59.1883471,-31.7967429],[-59.1911908,-31.7951743],[-59.1957149,-31.7927146],[-59.1964905,-31.7922568],[-59.1979555,-31.7908163],[-59.2009572,-31.7878193],[-59.2036501,-31.7851152],[-59.2041671,-31.7846208],[-59.2055244,-31.7836441],[-59.2086482,-31.7814892],[-59.2117791,-31.7793649],[-59.2152261,-31.7770207],[-59.2184217,-31.7748169],[-59.2217681,-31.7725214],[-59.2225497,-31.7720146],[-59.2240373,-31.7710501],[-59.228479,-31.7683022],[-59.228784,-31.7681135],[-59.231994,-31.7661354],[-59.2335739,-31.7651829],[-59.2355989,-31.7637298],[-59.2387227,-31.7614646],[-59.2409991,-31.7598466],[-59.2421194,-31.7590345],[-59.2454084,-31.756702],[-59.2478069,-31.7549679],[-59.2509235,-31.7527208],[-59.25162,-31.752214],[-59.2518498,-31.7520613],[-59.252848,-31.7515606],[-59.2572572,-31.7492584],[-59.2623127,-31.7465227],[-59.2672964,-31.743909],[-59.2679427,-31.7435609],[-59.2696949,-31.7426265],[-59.2705351,-31.7422234],[-59.2710019,-31.7420402],[-59.2727325,-31.7414662],[-59.2782764,-31.7396279],[-59.2826856,-31.7381744],[-59.284725,-31.7375087],[-59.2872312,-31.7366659],[-59.2900175,-31.735762],[-59.2927104,-31.7348764],[-59.2967175,-31.7335328],[-59.3010046,-31.7321463],[-59.3044947,-31.7310225],[-59.3090834,-31.7295078],[-59.3127027,-31.7283595],[-59.3167888,-31.727028],[-59.3194601,-31.7262034],[-59.3215714,-31.7255071],[-59.3221243,-31.7253544],[-59.3225983,-31.7252811],[-59.3243218,-31.725049],[-59.3283001,-31.7245237],[-59.3319625,-31.724035],[-59.33551,-31.7235464],[-59.339474,-31.723021],[-59.3434092,-31.7225263],[-59.3478041,-31.7219216],[-59.3508058,-31.7214756],[-59.3567517,-31.7206816],[-59.3605362,-31.7201318],[-59.365759,-31.7192423],[-59.3731175,-31.7179327],[-59.3782161,-31.7170714],[-59.3819934,-31.7163811],[-59.3866899,-31.7155503],[-59.3925569,-31.7145241],[-59.3964131,-31.7138521],[-59.3989403,-31.7133633],[-59.3996166,-31.7132343],[-59.4029767,-31.7125814],[-59.4038169,-31.7124165],[-59.4083482,-31.7115368],[-59.4111416,-31.7110297],[-59.4138992,-31.710541],[-59.4175041,-31.7098324],[-59.4191127,-31.7095086],[-59.4228756,-31.7087755],[-59.4275936,-31.7078652],[-59.4321464,-31.7070343],[-59.4370224,-31.7061179],[-59.4396435,-31.7056353],[-59.4402611,-31.7054703],[-59.4443543,-31.7046639],[-59.4548826,-31.7028336],[-59.4582944,-31.7021946],[-59.4608693,-31.7017747],[-59.4683795,-31.7003873],[-59.4705038,-31.7003325],[-59.4729285,-31.699584],[-59.4766836,-31.6989633],[-59.4794087,-31.6983973],[-59.4822787,-31.6976746],[-59.4834322,-31.6974385],[-59.4958767,-31.6949493],[-59.5038711,-31.6933879],[-59.5083226,-31.6925067],[-59.5099578,-31.6921666],[-59.5159173,-31.6906051],[-59.5173116,-31.6903012],[-59.5174072,-31.6902804],[-59.5188062,-31.6900795],[-59.5195148,-31.6900485],[-59.5201689,-31.6901722],[-59.5209825,-31.6905433],[-59.521401,-31.6907478],[-59.521595,-31.6908216],[-59.5227853,-31.6907906],[-59.5233303,-31.6907133],[-59.5235484,-31.6906515],[-59.5321787,-31.6872425],[-59.5324694,-31.6872657],[-59.5423171,-31.6862607],[-59.5691894,-31.6838643],[-59.5697889,-31.6838643],[-59.5699888,-31.6839106],[-59.5802544,-31.6863999],[-59.5982419,-31.690466],[-59.5991322,-31.6906051],[-59.5994411,-31.6906051],[-59.5996954,-31.6905278],[-59.6134313,-31.6866936],[-59.6155389,-31.6860443],[-59.6159568,-31.6860288],[-59.6163747,-31.6860288],[-59.6292567,-31.6878222],[-59.6337808,-31.6884561],[-59.6341624,-31.6884407],[-59.6511875,-31.6865881],[-59.6531384,-31.686326],[-59.656186,-31.6858504],[-59.6606798,-31.685239],[-59.665426,-31.6844819],[-59.668464,-31.6840646],[-59.6721037,-31.6835501],[-59.6725404,-31.6834919],[-59.6742778,-31.683851],[-59.6783543,-31.6849187],[-59.6829937,-31.6861222],[-59.6865849,-31.6870734],[-59.6873613,-31.6872384],[-59.6876816,-31.687219],[-59.6880116,-31.6870443],[-59.6885163,-31.6867725],[-59.6906808,-31.6856369],[-59.693544,-31.6841228],[-59.6966305,-31.6825019],[-59.6987949,-31.6813566],[-59.700144,-31.6805996],[-59.7015611,-31.6798231],[-59.7020949,-31.6796484],[-59.7027646,-31.6795416],[-59.7046184,-31.6792893],[-59.708559,-31.6787069],[-59.7132275,-31.6779401],[-59.7159355,-31.6775131],[-59.7163528,-31.6774645],[-59.7169255,-31.677484],[-59.7210117,-31.6778334],[-59.7233896,-31.6780275],[-59.7239234,-31.6780178],[-59.724962,-31.6778528],[-59.7261655,-31.677649],[-59.7276117,-31.6773675],[-59.7315231,-31.6764843],[-59.7324161,-31.6762513],[-59.7327461,-31.6761445],[-59.7330276,-31.6759019],[-59.733474,-31.6754166],[-59.7349493,-31.6735822],[-59.7353861,-31.6730484],[-59.7358132,-31.6726698],[-59.7370264,-31.6717866],[-59.7402487,-31.6694087],[-59.7407826,-31.6690787],[-59.7411902,-31.6689428],[-59.7416464,-31.6688748],[-59.7438787,-31.6684187],[-59.7458199,-31.6680498],[-59.7498576,-31.6673219],[-59.7527402,-31.6667589],[-59.7532061,-31.6667104],[-59.7536526,-31.6667492],[-59.7551667,-31.6668851],[-59.7585626,-31.6671638],[-59.7594361,-31.667222],[-59.7598632,-31.6672802],[-59.7601495,-31.6673482],[-59.7603873,-31.6674743],[-59.7617558,-31.6684061],[-59.7626924,-31.6690176],[-59.7639882,-31.6698329],[-59.764556,-31.6702551],[-59.7666719,-31.6716721],[-59.7687829,-31.6731329],[-59.7711123,-31.6747052],[-59.7721994,-31.6754623],[-59.7728885,-31.6759719],[-59.7732136,-31.6760301],[-59.7734854,-31.6759913],[-59.7739998,-31.6757923],[-59.7742376,-31.6757195],[-59.7745045,-31.6756952],[-59.774917,-31.6757438],[-59.7762981,-31.6761111],[-59.7827637,-31.677823],[-59.7862269,-31.6787842],[-59.7888211,-31.6794295],[-59.7903486,-31.6798245],[-59.790928,-31.6800879],[-59.7914942,-31.6804698],[-59.7916694,-31.680609],[-59.7921126,-31.680961],[-59.7929032,-31.6815891],[-59.7934958,-31.6819051],[-59.7942332,-31.6821948],[-59.7951155,-31.682366],[-59.7960767,-31.6823923],[-59.7967088,-31.6823002],[-59.7979598,-31.6821421],[-59.7995532,-31.6819709],[-59.8008831,-31.6818129],[-59.8015942,-31.6817998],[-59.8023975,-31.6817471],[-59.8055315,-31.6817471],[-59.8065191,-31.6816417],[-59.8072039,-31.6814969],[-59.8082178,-31.6811545],[-59.8098112,-31.6805751],[-59.8114572,-31.679943],[-59.814104,-31.6789686],[-59.8197532,-31.6768748],[-59.8241119,-31.675321],[-59.8269562,-31.6742412],[-59.8293528,-31.6733589],[-59.8302614,-31.6730824],[-59.83117,-31.672898],[-59.8332506,-31.672582],[-59.8410462,-31.6714364],[-59.8502113,-31.6700537],[-59.8590076,-31.6687501],[-59.8642749,-31.6679205],[-59.8677607,-31.667451],[-59.8844547,-31.6672319],[-59.8847553,-31.6671915],[-59.8866754,-31.6666048],[-59.8890281,-31.6658617],[-59.8892505,-31.6658021],[-59.8895128,-31.6657598],[-59.8897154,-31.6656818],[-59.8898088,-31.6656119]]]},"geometry_name":"geom","properties":{"gid":4821,"rtn":"26","typ":40,"rst":3,"hct":2,"fdc":"OpenStreetMap","sag":"IGN"},"bbox":[-59.8898088,-31.8023058,-59.1746418,-31.6656119]},{"type":"Feature","id":"vial_provincial.4835","geometry":{"type":"MultiLineString","coordinates":[[[-58.85624748,-31.44766735],[-58.84851423,-31.45611443],[-58.82495757,-31.47277066],[-58.82376784,-31.47860034],[-58.82388681,-31.48288337],[-58.82733703,-31.49382889],[-58.82757497,-31.49751705],[-58.82455306,-31.50377504],[-58.82019864,-31.50898606],[-58.82069833,-31.51740935],[-58.82027003,-31.52668925],[-58.81398825,-31.52747447],[-58.8036376,-31.5321858],[-58.7965706,-31.52940183],[-58.79221618,-31.52940183],[-58.78679101,-31.52718893],[-58.77265701,-31.53054397],[-58.74397846,-31.54415198],[-58.7436038,-31.54560596],[-58.74046291,-31.54582011],[-58.73760755,-31.5493893],[-58.73039779,-31.55595662],[-58.72636389,-31.55957115],[-58.72133204,-31.56709249],[-58.71198076,-31.57223213],[-58.6981323,-31.57665793],[-58.67685991,-31.58729412],[-58.67543224,-31.58886456],[-58.64740219,-31.6112315],[-58.64145326,-31.61591278],[-58.6399542,-31.617162],[-58.63752715,-31.6180186],[-58.63692106,-31.61914185],[-58.63538564,-31.61998166],[-58.63360104,-31.61994597],[-58.61504125,-31.61659093],[-58.58526705,-31.62466444]]]},"geometry_name":"geom","properties":{"gid":4835,"rtn":"38","typ":40,"rst":3,"hct":2,"fdc":"OpenStreetMap","sag":"IGN"},"bbox":[-58.85624748,-31.62466444,-58.58526705,-31.44766735]},{"type":"Feature","id":"vial_provincial.4825","geometry":{"type":"MultiLineString","coordinates":[[[-58.898865,-30.9053127],[-58.8984199,-30.9026827],[-58.8985469,-30.9023669],[-58.8988918,-30.9019405],[-58.8991795,-30.9016425],[-58.8994613,-30.9014719],[-58.9015622,-30.9012211],[-58.9059253,-30.9006266],[-58.9060538,-30.9006004],[-58.9067338,-30.9003074],[-58.9079039,-30.8995512],[-58.9333163,-30.8873762],[-58.9640437,-30.8728276],[-58.987896,-30.8613579],[-58.9997323,-30.8556327],[-59.009328,-30.8511738],[-59.0325881,-30.840194],[-59.0505222,-30.8317075],[-59.0509043,-30.8315279],[-59.052782,-30.8307477],[-59.0530673,-30.8306378],[-59.0552808,-30.8297137],[-59.055548,-30.8296087],[-59.1108079,-30.8083503],[-59.1191752,-30.805177],[-59.1400826,-30.7971498],[-59.1544049,-30.7916611],[-59.169227,-30.7859294],[-59.1698138,-30.7857427],[-59.1702267,-30.7858173],[-59.170821,-30.7861152],[-59.1760398,-30.7892698],[-59.1796006,-30.791497],[-59.1801458,-30.7917742],[-59.1812029,-30.7919845],[-59.1866999,-30.7928448],[-59.1897711,-30.7932463],[-59.190294,-30.7932558],[-59.1905123,-30.7931986],[-59.1906946,-30.7931411],[-59.1911286,-30.7928448],[-59.1931427,-30.7914014],[-59.2011544,-30.7854652],[-59.207141,-30.7810677],[-59.2145074,-30.7756662],[-59.2186357,-30.7725495],[-59.2231534,-30.7692031],[-59.2240213,-30.7685339],[-59.2243218,-30.768161],[-59.2247669,-30.767549],[-59.226258,-30.7654647],[-59.2267094,-30.7647081],[-59.2268735,-30.7644637],[-59.2270243,-30.7642604],[-59.2274708,-30.7635715],[-59.2275487,-30.763342],[-59.2274708,-30.7626631],[-59.2275487,-30.7622042],[-59.2278826,-30.7618599],[-59.2290176,-30.7609994],[-59.2307201,-30.7598232],[-59.231154,-30.7595268],[-59.2313098,-30.7593547],[-59.233424,-30.7565912],[-59.2336911,-30.7562374],[-59.2339025,-30.7560749],[-59.2358164,-30.7548987],[-59.2362615,-30.7546309],[-59.2368179,-30.7545066],[-59.2394228,-30.7540554],[-59.2439395,-30.753273],[-59.2526078,-30.7518004],[-59.2607197,-30.7504616],[-59.2688983,-30.7491323],[-59.2728708,-30.7484916],[-59.277945,-30.747717],[-59.2824293,-30.7469806],[-59.2861793,-30.7463781],[-59.2895843,-30.7458617],[-59.2942244,-30.7451635],[-59.2973067,-30.7446567],[-59.3004224,-30.7441785],[-59.3022807,-30.7439681],[-59.3053296,-30.7436716],[-59.3100254,-30.7431839],[-59.3136418,-30.7428013],[-59.3159563,-30.7425622],[-59.3216424,-30.7419884],[-59.3249807,-30.7416632],[-59.3288642,-30.7412329],[-59.3323804,-30.740879],[-59.3354405,-30.7405538],[-59.3369872,-30.7404295],[-59.344042,-30.7397122],[-59.3480145,-30.7393583],[-59.3484262,-30.7392914],[-59.3486599,-30.7391384],[-59.3523653,-30.736996],[-59.3526992,-30.7368812],[-59.3529217,-30.7368525],[-59.3554144,-30.7367998],[-59.3645388,-30.7365847],[-59.3711707,-30.736403],[-59.3791825,-30.7362404],[-59.388485,-30.7359917],[-59.3955287,-30.7358291],[-59.4042638,-30.7356092],[-59.4048201,-30.7356378],[-59.4053097,-30.7357335],[-59.4058772,-30.7359535],[-59.4063001,-30.7361734],[-59.4068898,-30.7364699],[-59.4075686,-30.7368908],[-59.4174053,-30.742304],[-59.4177391,-30.7425049],[-59.4180729,-30.7425909],[-59.4183956,-30.7425814],[-59.4251388,-30.7415389],[-59.4338405,-30.7402],[-59.4480571,-30.737854],[-59.4610455,-30.7358954],[-59.4615045,-30.7358262],[-59.5065024,-30.7290403]]]},"geometry_name":"geom","properties":{"gid":4825,"rtn":"5","typ":40,"rst":3,"hct":2,"fdc":"OpenStreetMap","sag":"IGN"},"bbox":[-59.5065024,-30.9053127,-58.8984199,-30.7290403]},{"type":"Feature","id":"vial_provincial.4848","geometry":{"type":"MultiLineString","coordinates":[[[-58.58526705,-31.62466444],[-58.56613618,-31.62991829],[-58.56453719,-31.630832],[-58.55735359,-31.63706619],[-58.53522461,-31.61791153],[-58.52416011,-31.60791779],[-58.5050275,-31.6238229],[-58.49346507,-31.63379443],[-58.4577278,-31.6615554],[-58.445523,-31.6703677],[-58.4335496,-31.679014],[-58.4253925,-31.6848873],[-58.4179098,-31.6902544],[-58.4173741,-31.6907066],[-58.4170943,-31.6910285],[-58.4125686,-31.6975371],[-58.4123834,-31.6978694],[-58.4123406,-31.6982766],[-58.4132024,-31.7030639],[-58.4132587,-31.7033821],[-58.4132954,-31.7035621],[-58.4133106,-31.7037679],[-58.4132519,-31.7067156],[-58.4132862,-31.7198324],[-58.4132961,-31.7207112],[-58.4132995,-31.724757],[-58.413303,-31.7287831],[-58.4133108,-31.7379321],[-58.4132616,-31.7381915],[-58.4130996,-31.7383711],[-58.412781,-31.7385057],[-58.4120589,-31.7386886],[-58.4073565,-31.7401931],[-58.4067635,-31.7404197],[-58.4064204,-31.7406086],[-58.4060874,-31.7408315],[-58.3999635,-31.7460401],[-58.3950214,-31.7501423],[-58.3945817,-31.7505271],[-58.3941526,-31.7509484],[-58.3938737,-31.7513058],[-58.3935787,-31.7517316],[-58.392636,-31.7530232],[-58.3892923,-31.7578831],[-58.388567,-31.758685],[-58.3847058,-31.7624716],[-58.3777444,-31.7710176],[-58.3761013,-31.7730118],[-58.3738167,-31.7765678],[-58.3735691,-31.7767307],[-58.3731114,-31.7768236],[-58.3642283,-31.7782667],[-58.3585209,-31.7790611],[-58.3343354,-31.7825801],[-58.3342009,-31.7825997],[-58.3323392,-31.7828705],[-58.316954,-31.785109],[-58.31574745,-31.78529009],[-58.31398876,-31.78554966]]]},"geometry_name":"geom","properties":{"gid":4848,"rtn":"38","typ":40,"rst":1,"hct":2,"fdc":"OpenStreetMap","sag":"IGN"},"bbox":[-58.58526705,-31.78554966,-58.31398876,-31.60791779]},{"type":"Feature","id":"vial_provincial.4826","geometry":{"type":"MultiLineString","coordinates":[[[-58.0435044,-31.3696553],[-58.0436024,-31.369648],[-58.0438048,-31.3696103],[-58.0439917,-31.3695616],[-58.04412463,-31.36955284],[-58.0441646,-31.3695441],[-58.0456232,-31.3690491],[-58.0462928,-31.3688263],[-58.0469401,-31.3686436],[-58.047422,-31.3685268],[-58.0479069,-31.3684394],[-58.0497782,-31.3681423],[-58.0506067,-31.3680105],[-58.0507678,-31.367985],[-58.0516711,-31.3678444],[-58.0523904,-31.36773],[-58.0535069,-31.3675525],[-58.0548953,-31.3673317],[-58.0567996,-31.3670077],[-58.057225,-31.3669463],[-58.0576502,-31.3668846],[-58.0585633,-31.3667466],[-58.0590754,-31.36667],[-58.0595201,-31.3665913],[-58.0599523,-31.3665026],[-58.0603225,-31.3664094],[-58.0606457,-31.3663142],[-58.0610144,-31.3661668],[-58.0615213,-31.3659119],[-58.0619028,-31.3656759],[-58.0623496,-31.3653837],[-58.0628755,-31.3649985],[-58.0634954,-31.3644856],[-58.0635754,-31.3644141],[-58.0639682,-31.3640777],[-58.0644355,-31.3636633],[-58.0649568,-31.3631937],[-58.0654156,-31.3627856],[-58.0657917,-31.3624465],[-58.0663245,-31.3619882],[-58.0665476,-31.3618021],[-58.067451,-31.3609976],[-58.0680508,-31.3604607],[-58.0684056,-31.3601545],[-58.0690662,-31.3595704],[-58.0696796,-31.3590144],[-58.0704793,-31.3582583],[-58.070837,-31.3578656],[-58.0712116,-31.3574241],[-58.0720453,-31.3564566],[-58.0724011,-31.3561239],[-58.0724989,-31.3560324],[-58.0727369,-31.3558503],[-58.0729753,-31.3556751],[-58.0732505,-31.355504],[-58.0735354,-31.3553378],[-58.0739366,-31.3551404],[-58.074355,-31.3549714],[-58.0783002,-31.3535684],[-58.0795428,-31.3531055],[-58.0800949,-31.3529096],[-58.0803958,-31.3528028],[-58.0822583,-31.3521419],[-58.0827875,-31.3519264],[-58.0832541,-31.3517182],[-58.0838966,-31.3514413],[-58.0840929,-31.3513571],[-58.085131,-31.3508792],[-58.0870551,-31.3500031],[-58.0879171,-31.3495384],[-58.0884896,-31.3491582],[-58.0890197,-31.3487515],[-58.0893377,-31.3484765],[-58.0897951,-31.3480811],[-58.0908141,-31.3472487],[-58.0909439,-31.347138],[-58.0914923,-31.3466703],[-58.0919284,-31.3462653],[-58.0922034,-31.3460291],[-58.0925446,-31.3456801],[-58.0930407,-31.345256],[-58.0939018,-31.344492],[-58.0995314,-31.3395473],[-58.1001005,-31.3390056],[-58.1006209,-31.3385472],[-58.1012876,-31.3381306],[-58.1021333,-31.3375889],[-58.1065728,-31.3346304],[-58.1070996,-31.3342481],[-58.1136629,-31.3289631],[-58.1144923,-31.3283658],[-58.1153379,-31.3277546],[-58.1220378,-31.323476],[-58.1230948,-31.3227259],[-58.1238429,-31.3221702],[-58.1243958,-31.3216562],[-58.125339,-31.3207254],[-58.1327706,-31.3124871],[-58.1381208,-31.3066795],[-58.1390477,-31.3056653],[-58.140056,-31.3046927],[-58.1415358,-31.3033866],[-58.1487723,-31.2970921],[-58.1497318,-31.2962862],[-58.150431,-31.2956609],[-58.1540086,-31.2930345],[-58.15931,-31.2892686],[-58.168872,-31.2823339],[-58.1711649,-31.2806662],[-58.176091,-31.2771141],[-58.1778162,-31.275812],[-58.18422,-31.2710495],[-58.1874211,-31.2687496],[-58.1979312,-31.261136],[-58.1993452,-31.2600096],[-58.2041928,-31.2548819],[-58.2047457,-31.2542146],[-58.2049246,-31.2538949],[-58.2050709,-31.2535891],[-58.2051522,-31.2531998],[-58.205136,-31.2525464],[-58.2050872,-31.2520042],[-58.2012042,-31.2347971],[-58.1970882,-31.2169392],[-58.1929721,-31.1990777],[-58.1906439,-31.1884003],[-58.1892807,-31.1821478],[-58.189118,-31.1816748],[-58.1888904,-31.1812991],[-58.1887333,-31.1811086],[-58.1885163,-31.1809096],[-58.1881261,-31.1806452],[-58.1858357,-31.1794828],[-58.183514,-31.1783402],[-58.1825817,-31.1778814],[-58.1819865,-31.1775885],[-58.1817787,-31.1774862],[-58.1814346,-31.1773169],[-58.1785858,-31.1759148],[-58.1769834,-31.1751262],[-58.1745799,-31.1739391]]]},"geometry_name":"geom","properties":{"gid":4826,"rtn":"4","typ":40,"rst":1,"hct":2,"fdc":"OpenStreetMap","sag":"IGN"},"bbox":[-58.2051522,-31.3696553,-58.0435044,-31.1739391]},{"type":"Feature","id":"vial_provincial.4828","geometry":{"type":"MultiLineString","coordinates":[[[-59.4420218,-30.80947034],[-59.41840565,-30.81422927],[-59.41769181,-30.81512156],[-59.41935743,-30.82083227],[-59.41882205,-30.82178406],[-59.40531861,-30.82446095],[-59.40329607,-30.82565068],[-59.40282018,-30.82695938],[-59.40335556,-30.82838706],[-59.40305812,-30.82921987],[-59.39954842,-30.83094498],[-59.39728793,-30.83088549],[-59.37456408,-30.84438893],[-59.36016834,-30.84962375],[-59.34862795,-30.85652419],[-59.33524348,-30.86461435],[-59.33270466,-30.86707105],[-59.32245388,-30.87282349],[-59.30721451,-30.88305587],[-59.29638796,-30.89347791],[-59.28872609,-30.90121116],[-59.28473942,-30.90684979],[-59.28337231,-30.91041967],[-59.28106823,-30.91275105],[-59.27462672,-30.92249474],[-59.27314062,-30.92567202],[-59.2646168,-30.93874121],[-59.26374175,-30.93952048],[-59.25836417,-30.94370833],[-59.25255721,-30.94878779],[-59.22581314,-30.95972211],[-59.22127313,-30.96534715],[-59.22083055,-30.96607527],[-59.22075917,-30.96674628],[-59.22112479,-30.96911187],[-59.220375,-30.97276086],[-59.2206164,-30.97612611],[-59.22070206,-30.97863882],[-59.21941715,-30.98824709],[-59.21625379,-30.9910313],[-59.21603825,-30.99333742],[-59.21560526,-30.99519987],[-59.21235015,-31.0010819],[-59.21167915,-31.00156731],[-59.2109082,-31.00149592],[-59.20838121,-31.00012535],[-59.20775143,-31.00002102],[-59.19870157,-31.0049509],[-59.19259111,-31.00969079],[-59.19183184,-31.00968201],[-59.18022743,-31.00278083],[-59.17962781,-31.00072498],[-59.17905674,-31.00045372],[-59.17839084,-31.00041274],[-59.17515759,-31.00143832],[-59.17087615,-31.00430845],[-59.16920577,-31.00487952],[-59.16707853,-31.00545059],[-59.15128843,-31.00819173],[-59.14617734,-31.00850582],[-59.14363608,-31.00976217],[-59.1307883,-31.01222422],[-59.10980145,-31.02814281],[-59.11015837,-31.03385352],[-59.10073571,-31.03442459],[-59.09010665,-31.04876857],[-59.08799369,-31.04828316],[-59.08802225,-31.04794052],[-59.08128361,-31.04805474],[-59.08138355,-31.05265185],[-59.07798568,-31.05272324],[-59.07738779,-31.05329673],[-59.07731943,-31.06106206],[-59.07678405,-31.06180564],[-59.07220359,-31.06180564],[-59.07131129,-31.06213282],[-59.06893183,-31.06537483],[-59.06667134,-31.07218604],[-59.0639647,-31.07370295],[-59.04971768,-31.07789675],[-59.04882538,-31.07852135]]]},"geometry_name":"geom","properties":{"gid":4828,"rtn":"27","typ":40,"rst":2,"hct":2,"fdc":"OpenStreetMap","sag":"IGN"},"bbox":[-59.4420218,-31.07852135,-59.04882538,-30.80947034]},{"type":"Feature","id":"vial_provincial.4846","geometry":{"type":"MultiLineString","coordinates":[[[-58.399245,-31.5480475],[-58.39002014,-31.58101446],[-58.386213,-31.58120482],[-58.38040712,-31.58434571],[-58.37288802,-31.59291177],[-58.36517857,-31.60157301],[-58.36041965,-31.60718853],[-58.34547663,-31.6144221],[-58.3425261,-31.61775334],[-58.31749417,-31.62831815],[-58.30930882,-31.63041207],[-58.2983633,-31.63041207],[-58.2877985,-31.63431439],[-58.28113601,-31.63421921],[-58.27371209,-31.64040581],[-58.27210197,-31.64331816],[-58.24279496,-31.66215408],[-58.2412721,-31.66224926],[-58.2401266,-31.66278107],[-58.24048085,-31.66319662]]]},"geometry_name":"geom","properties":{"gid":4846,"rtn":"37","typ":40,"rst":3,"hct":2,"fdc":"OpenStreetMap","sag":"IGN"},"bbox":[-58.399245,-31.66319662,-58.2401266,-31.5480475]},{"type":"Feature","id":"vial_provincial.4830","geometry":{"type":"MultiLineString","coordinates":[[[-59.0266765,-31.8072032],[-59.0265976,-31.8019039],[-59.0265048,-31.7960398],[-59.02646011,-31.7938539],[-59.0264301,-31.7923857],[-59.0263094,-31.7864842],[-59.0263003,-31.7848366],[-59.0262833,-31.7817338],[-59.0261546,-31.7739266],[-59.0261674,-31.7736883],[-59.0262189,-31.773507],[-59.0265193,-31.7728868],[-59.0268048,-31.7722741],[-59.031755,-31.761649],[-59.0354282,-31.7536766],[-59.0366474,-31.7510302],[-59.0410475,-31.7416485],[-59.0416122,-31.7404648],[-59.0424223,-31.7387666],[-59.0426464,-31.7382344],[-59.0428986,-31.7376704],[-59.0434709,-31.7360852],[-59.0444616,-31.7333996],[-59.0448442,-31.7323623],[-59.0449814,-31.7318557],[-59.0450588,-31.7314133],[-59.04508,-31.7311211],[-59.0452137,-31.7292748],[-59.0452328,-31.7290111],[-59.0453377,-31.7275624],[-59.0463033,-31.7177063],[-59.0463462,-31.7170127],[-59.0464106,-31.7166111],[-59.0466252,-31.715589],[-59.046711,-31.7150779],[-59.0467325,-31.7146033],[-59.0466466,-31.7134168],[-59.0460673,-31.7083421],[-59.0450802,-31.6982101],[-59.0444024,-31.6923028],[-59.0431061,-31.6853382],[-59.0429988,-31.6844252],[-59.0429345,-31.6839505],[-59.0426126,-31.6801342],[-59.0422907,-31.6771029],[-59.0415183,-31.6700174],[-59.0412393,-31.667698],[-59.040896,-31.6651777],[-59.0408158,-31.6646583],[-59.0406664,-31.6640223],[-59.0405559,-31.6636236],[-59.0403016,-31.6626921],[-59.0402412,-31.6624773],[-59.0399943,-31.6615981],[-59.0398961,-31.6612441],[-59.0397587,-31.6606666],[-59.0395456,-31.6599043],[-59.0394154,-31.6591689],[-59.0393725,-31.658621],[-59.0391162,-31.6556732],[-59.0389219,-31.6538356],[-59.0385879,-31.6510177],[-59.0385731,-31.6508739],[-59.0384972,-31.6503535],[-59.0383211,-31.6489951],[-59.0382996,-31.6485019],[-59.0383211,-31.6481365],[-59.0383854,-31.6478808],[-59.0384498,-31.6476068],[-59.0385786,-31.6472049],[-59.0398016,-31.6437707],[-59.0406599,-31.6412132],[-59.0420762,-31.6372125],[-59.0427199,-31.6350933],[-59.0428701,-31.6347827],[-59.0429988,-31.6345269],[-59.0432778,-31.634125],[-59.0462271,-31.6297374],[-59.0488568,-31.6256659],[-59.0513249,-31.6220914],[-59.0527504,-31.6202164],[-59.0573609,-31.6139051],[-59.0579988,-31.6128914],[-59.05862,-31.6116144],[-59.0591135,-31.6105728],[-59.0663448,-31.5955321],[-59.0713632,-31.5843391],[-59.0714426,-31.584062],[-59.0714881,-31.58388],[-59.0714934,-31.5837006],[-59.0714764,-31.5832504],[-59.0714502,-31.5821332],[-59.0714088,-31.5799862],[-59.0713796,-31.5778385],[-59.0713552,-31.5769014],[-59.071421,-31.5763418],[-59.0714625,-31.5760468],[-59.0715739,-31.5755054],[-59.0716007,-31.5752838],[-59.0716217,-31.5750566],[-59.0716136,-31.5741979],[-59.0716046,-31.5732635],[-59.0715375,-31.56846],[-59.0715219,-31.5669546],[-59.0714517,-31.560196],[-59.0713873,-31.5568317],[-59.07128,-31.5554786],[-59.071044,-31.5532479],[-59.0706363,-31.5499565],[-59.070014,-31.5451289],[-59.0690731,-31.5377692],[-59.0690484,-31.5375761],[-59.0681687,-31.5315225],[-59.0674391,-31.5254319],[-59.0666023,-31.5187007],[-59.0658083,-31.5118226],[-59.065701,-31.5107433],[-59.0655723,-31.510414],[-59.0652934,-31.5100481],[-59.0641561,-31.5089139],[-59.0620747,-31.5066271],[-59.0617099,-31.5063344],[-59.0614359,-31.5061853],[-59.0608668,-31.5061437],[-59.060401,-31.5062978],[-59.0600362,-31.5064442],[-59.0518179,-31.5103774],[-59.044415,-31.5138531],[-59.0440717,-31.5139446],[-59.0438357,-31.5139812],[-59.0436256,-31.5140009],[-59.0434709,-31.5139446],[-59.0431919,-31.5137434],[-59.0429559,-31.5132678],[-59.0415397,-31.5088773],[-59.0413037,-31.5083651],[-59.040946,-31.5078629],[-59.040617,-31.5075419],[-59.0402737,-31.5072492],[-59.0399089,-31.5070113],[-59.0394583,-31.5067552],[-59.0390077,-31.5065723],[-59.0379563,-31.5062613],[-59.0363684,-31.5057307],[-59.0360036,-31.5055478],[-59.0355745,-31.5053099],[-59.0351024,-31.5049989],[-59.0347339,-31.5046601],[-59.0344087,-31.5043551],[-59.0340295,-31.5039378],[-59.0335575,-31.5033341],[-59.032785,-31.5021083],[-59.0302147,-31.4976059],[-59.0269914,-31.4919356],[-59.0234509,-31.4851654],[-59.0203181,-31.4792731],[-59.0201893,-31.4789986],[-59.0201308,-31.4787293],[-59.020145,-31.4785614],[-59.0201942,-31.4783402],[-59.0214976,-31.4749609],[-59.0215586,-31.4747732],[-59.0215626,-31.4745882],[-59.0214768,-31.4742405],[-59.0211764,-31.4739111],[-59.0204254,-31.473417],[-59.0120569,-31.4676886],[-59.0117565,-31.4675422],[-59.0114346,-31.4673775],[-59.0109196,-31.4671761],[-59.0082594,-31.4662511],[-59.0053406,-31.4652361],[-59.0050831,-31.4650531],[-59.0049747,-31.4649151],[-59.0048609,-31.4646793],[-59.0047613,-31.4642661],[-59.0037527,-31.4602211],[-59.0036025,-31.4598733],[-59.0033021,-31.4594523],[-58.9986244,-31.4521855],[-58.9964786,-31.4490919],[-58.9961996,-31.4487258],[-58.995792,-31.448378],[-58.9951911,-31.4480302],[-58.9941397,-31.4474627],[-58.9937535,-31.4472064],[-58.988973,-31.4443287],[-58.9884749,-31.4440394],[-58.9881959,-31.4438381],[-58.987681,-31.4434353],[-58.982059,-31.438291],[-58.9733043,-31.4302536],[-58.9725748,-31.4297226],[-58.9709225,-31.4286606],[-58.9701071,-31.428148],[-58.9651719,-31.4249986],[-58.96382,-31.4241747],[-58.9634907,-31.4238765],[-58.9633694,-31.4236437],[-58.9631119,-31.4230577],[-58.9593783,-31.4137005],[-58.9582992,-31.4108685],[-58.9581599,-31.4104423],[-58.9580783,-31.4102252],[-58.9580639,-31.4099834],[-58.9580927,-31.4097826],[-58.9582224,-31.4093237],[-58.9601078,-31.4028039],[-58.9614811,-31.3983899],[-58.9616099,-31.3978405],[-58.9615884,-31.3974558],[-58.9613524,-31.3971262],[-58.9609447,-31.3967782],[-58.9576188,-31.3939758],[-58.9514389,-31.3886822],[-58.9434567,-31.3819595],[-58.9417725,-31.3804947],[-58.9412116,-31.380051],[-58.9408997,-31.3798913],[-58.9403524,-31.3796715],[-58.9367648,-31.3782183],[-58.9216797,-31.3717897],[-58.90878428,-31.36643562],[-58.9069723,-31.3656833],[-58.8952741,-31.3607778],[-58.8790166,-31.3541256],[-58.8675008,-31.3493419],[-58.867367,-31.3492714],[-58.8668951,-31.3490229],[-58.8634234,-31.3468165],[-58.8536402,-31.3403746],[-58.842398,-31.3329977],[-58.8388973,-31.3306914],[-58.8310862,-31.3256494],[-58.8242077,-31.321257],[-58.8237036,-31.3208819],[-58.8233946,-31.3205624],[-58.8231995,-31.3203262],[-58.8222837,-31.319087],[-58.8209716,-31.3173116],[-58.8187437,-31.3144497],[-58.8183209,-31.3139078],[-58.8007532,-31.2934358],[-58.7913502,-31.2827657],[-58.7762848,-31.2650191],[-58.7686409,-31.2560255],[-58.7682831,-31.2554972],[-58.7680392,-31.2550385],[-58.7677302,-31.2543712],[-58.763616,-31.2426095],[-58.7633232,-31.2420534],[-58.7630468,-31.2415528],[-58.7626565,-31.2410801],[-58.737662,-31.216342],[-58.7371579,-31.215744],[-58.7368652,-31.2152573],[-58.7365399,-31.2146036],[-58.7328336,-31.2063244],[-58.7303279,-31.2010148],[-58.7301328,-31.2004584],[-58.7300027,-31.1999716],[-58.7299214,-31.1994291],[-58.7299214,-31.198831],[-58.7300027,-31.1979964],[-58.7299864,-31.1971339],[-58.7298066,-31.1908737],[-58.7297936,-31.1888775],[-58.7297767,-31.1883367],[-58.7297409,-31.1879099],[-58.7296384,-31.1874297],[-58.7295311,-31.1872015],[-58.7288299,-31.1848298],[-58.7259372,-31.1741653],[-58.725677,-31.1733583],[-58.7254331,-31.1727183],[-58.7187729,-31.1593313],[-58.7185354,-31.1590583],[-58.7181528,-31.1588262],[-58.7132489,-31.1568135],[-58.7130006,-31.1567084],[-58.7099355,-31.1554914],[-58.7093176,-31.1551853],[-58.708846,-31.1549069],[-58.708537,-31.1546286],[-58.7082541,-31.1542915],[-58.70574,-31.1488809]]]},"geometry_name":"geom","properties":{"gid":4830,"rtn":"20","typ":40,"rst":2,"hct":2,"fdc":"OpenStreetMap","sag":"IGN"},"bbox":[-59.0716217,-31.8072032,-58.70574,-31.1488809]},{"type":"Feature","id":"vial_provincial.4832","geometry":{"type":"MultiLineString","coordinates":[[[-58.5178979,-30.9010827],[-58.518544,-30.9024764],[-58.52008,-30.9058267],[-58.5203695,-30.9061878],[-58.5206382,-30.9063875],[-58.5210788,-30.9065586],[-58.5295078,-30.9091762],[-58.5351701,-30.9109345],[-58.5407156,-30.9121335],[-58.5450312,-30.9138667],[-58.5515763,-30.9164952],[-58.5641665,-30.9195558],[-58.5691109,-30.9213431],[-58.583428,-30.9265185],[-58.5837744,-30.9266271],[-58.6099447,-30.9350999],[-58.6140878,-30.9368086],[-58.6247152,-30.9404458],[-58.6376355,-30.9447912],[-58.638704,-30.945154],[-58.6394969,-30.945306],[-58.6478721,-30.9460479],[-58.6491804,-30.9457998],[-58.6528034,-30.9446238],[-58.6543382,-30.9444404],[-58.6589046,-30.9445698],[-58.6768812,-30.9462529],[-58.6819209,-30.9478725],[-58.6842681,-30.948627],[-58.6845269,-30.9487957],[-58.684853,-30.9490532],[-58.6853423,-30.9502441],[-58.6855052,-30.9505757],[-58.6857174,-30.9509352],[-58.6862758,-30.9512341],[-58.6973785,-30.9533988],[-58.6977667,-30.9534875],[-58.6981238,-30.9536562],[-58.6985276,-30.9539447],[-58.7023628,-30.9566922],[-58.7082226,-30.9638859],[-58.7088337,-30.9644194],[-58.7119726,-30.9670625],[-58.7121216,-30.9672126],[-58.7124831,-30.9674011],[-58.7128445,-30.9674714],[-58.7132059,-30.9674235],[-58.7172388,-30.9657548],[-58.7260197,-30.9603057],[-58.7270198,-30.9597178],[-58.7279004,-30.9593402],[-58.7301081,-30.958639],[-58.7318819,-30.9580942],[-58.7327813,-30.9579594],[-58.7388689,-30.9577574],[-58.745208,-30.9575471],[-58.7465716,-30.9575018],[-58.7518972,-30.9573251],[-58.7568368,-30.9571612],[-58.7574165,-30.9571258],[-58.7579222,-30.9570271],[-58.75850674,-30.95683366],[-58.7606751,-30.9561161],[-58.7614223,-30.9559293],[-58.7620984,-30.9558759],[-58.7664623,-30.9562753],[-58.7668549,-30.9563124],[-58.7704587,-30.9566601],[-58.7708417,-30.9566793],[-58.7710177,-30.9566857],[-58.7711951,-30.9566659],[-58.787441,-30.953618]]]},"geometry_name":"geom","properties":{"gid":4832,"rtn":"5","typ":40,"rst":2,"hct":2,"fdc":"OpenStreetMap","sag":"IGN"},"bbox":[-58.787441,-30.9674714,-58.5178979,-30.9010827]},{"type":"Feature","id":"vial_provincial.4837","geometry":{"type":"MultiLineString","coordinates":[[[-58.168872,-31.2823339],[-58.1680124,-31.2785295],[-58.1639912,-31.2601961],[-58.1597544,-31.2418292],[-58.1557203,-31.2242475],[-58.1556881,-31.2240044],[-58.1556774,-31.2238025],[-58.1556946,-31.2237058],[-58.1557686,-31.2232887],[-58.1557579,-31.2231144],[-58.1550819,-31.2198802],[-58.1550659,-31.2197334],[-58.1550819,-31.2195958],[-58.1551946,-31.2194444],[-58.159572,-31.215655],[-58.1625277,-31.2132005],[-58.1635854,-31.2122447],[-58.1659328,-31.2036526],[-58.1663615,-31.2022071],[-58.1665606,-31.2017887],[-58.1665447,-31.2016603],[-58.1665312,-31.2015391],[-58.1677227,-31.1981508],[-58.1686316,-31.1954216],[-58.1694307,-31.194174],[-58.1726951,-31.1841298],[-58.1727202,-31.1840018],[-58.174336,-31.1750522],[-58.1744173,-31.1744678],[-58.1745799,-31.1739391],[-58.1753798,-31.1718825],[-58.1761246,-31.1698638],[-58.1777089,-31.1657729],[-58.1781266,-31.1646944],[-58.1781786,-31.1645118],[-58.1797432,-31.159022],[-58.1810845,-31.1547076],[-58.1822259,-31.151036],[-58.1827709,-31.1484301],[-58.1827838,-31.1425846],[-58.1840734,-31.136287],[-58.1847362,-31.1334479],[-58.1850905,-31.1319304],[-58.1887254,-31.123916]]]},"geometry_name":"geom","properties":{"gid":4837,"rtn":"5","typ":40,"rst":3,"hct":2,"fdc":"OpenStreetMap","sag":"IGN"},"bbox":[-58.1887254,-31.2823339,-58.1550659,-31.123916]},{"type":"Feature","id":"vial_provincial.4838","geometry":{"type":"MultiLineString","coordinates":[[[-58.7951607,-30.9578775],[-58.788707,-30.9308005],[-58.7878652,-30.9259171],[-58.7948561,-30.9250114],[-58.79649507,-30.92479974],[-58.8018254,-30.9241114],[-58.8088351,-30.9231692],[-58.8123406,-30.922564],[-58.8156797,-30.9221289],[-58.8228283,-30.9211974],[-58.8296073,-30.920314],[-58.8368053,-30.919355],[-58.8462319,-30.9180991],[-58.8563478,-30.9168418],[-58.8567834,-30.9166309],[-58.8571456,-30.916236],[-58.857407,-30.9158952],[-58.857558,-30.91547],[-58.8573642,-30.9142129],[-58.857125,-30.9126227],[-58.8572446,-30.9122508],[-58.8574041,-30.9119687],[-58.8577429,-30.9117721],[-58.8579621,-30.9116438],[-58.8591031,-30.9114643],[-58.8642998,-30.9108401],[-58.8669804,-30.9104768],[-58.8689634,-30.910216],[-58.8708819,-30.9099814],[-58.8711308,-30.909951],[-58.8728099,-30.9097543],[-58.8756798,-30.9093696],[-58.8770799,-30.9091901],[-58.8779154,-30.9090827],[-58.880174,-30.9087925],[-58.8830987,-30.9084163],[-58.8912319,-30.9073989],[-58.8975397,-30.9065952],[-58.8979881,-30.9065011],[-58.8984166,-30.9061078],[-58.8988351,-30.9055179],[-58.898865,-30.9053127]]]},"geometry_name":"geom","properties":{"gid":4838,"rtn":"5","typ":40,"rst":2,"hct":2,"fdc":"OpenStreetMap","sag":"IGN"},"bbox":[-58.898865,-30.9578775,-58.7878652,-30.9053127]},{"type":"Feature","id":"vial_provincial.4839","geometry":{"type":"MultiLineString","coordinates":[[[-58.7878652,-30.9259171],[-58.78296362,-30.89666148],[-58.77630112,-30.85775729],[-58.77059042,-30.82587251],[-58.76987658,-30.80505223],[-58.77106631,-30.80314866],[-58.77070939,-30.79577233],[-58.77213707,-30.77388129],[-58.78903124,-30.73033715],[-58.79022097,-30.71653628],[-58.8050926,-30.66951218],[-58.79295081,-30.60195177],[-58.77860266,-30.61087475],[-58.70650499,-30.63664431],[-58.70422071,-30.64235502],[-58.70122259,-30.64542452],[-58.70024225,-30.64788527],[-58.6932276,-30.65184907],[-58.68209172,-30.66212834],[-58.67788007,-30.66648275],[-58.67445365,-30.66712521],[-58.6574478,-30.6762641]]]},"geometry_name":"geom","properties":{"gid":4839,"rtn":"20","typ":40,"rst":3,"hct":2,"fdc":"OpenStreetMap","sag":"IGN"},"bbox":[-58.8050926,-30.9259171,-58.6574478,-30.60195177]},{"type":"Feature","id":"vial_provincial.4840","geometry":{"type":"MultiLineString","coordinates":[[[-58.1714558,-31.4919805],[-58.13357299,-31.49734809],[-58.13728495,-31.5158603],[-58.11625051,-31.51890601],[-58.07853042,-31.52475004],[-58.02154796,-31.53275447]]]},"geometry_name":"geom","properties":{"gid":4840,"rtn":"A06","typ":40,"rst":1,"hct":2,"fdc":"OpenStreetMap","sag":"IGN"},"bbox":[-58.1714558,-31.53275447,-58.02154796,-31.4919805]},{"type":"Feature","id":"vial_provincial.4841","geometry":{"type":"MultiLineString","coordinates":[[[-58.4064183,-31.5285118],[-58.41114975,-31.52350289],[-58.41159295,-31.52325581],[-58.41195877,-31.52288423],[-58.40981726,-31.52162312],[-58.41148288,-31.51876776],[-58.41559649,-31.4973745],[-58.41959399,-31.49109273],[-58.43484839,-31.4778833],[-58.43929592,-31.46996311],[-58.45171671,-31.4585417],[-58.4689916,-31.46525178]]]},"geometry_name":"geom","properties":{"gid":4841,"rtn":"37","typ":40,"rst":2,"hct":2,"fdc":"OpenStreetMap","sag":"IGN"},"bbox":[-58.4689916,-31.5285118,-58.4064183,-31.4585417]},{"type":"Feature","id":"vial_provincial.4842","geometry":{"type":"MultiLineString","coordinates":[[[-58.4689916,-31.46525178],[-58.48912184,-31.44740582],[-58.49140612,-31.44298003],[-58.49069228,-31.43883976],[-58.51881751,-31.41828122],[-58.53623516,-31.40500383],[-58.51296404,-31.39643777]]]},"geometry_name":"geom","properties":{"gid":4842,"rtn":"37","typ":40,"rst":3,"hct":2,"fdc":"OpenStreetMap","sag":"IGN"},"bbox":[-58.53623516,-31.46525178,-58.4689916,-31.39643777]},{"type":"Feature","id":"vial_provincial.4843","geometry":{"type":"MultiLineString","coordinates":[[[-58.51296404,-31.39643777],[-58.52666399,-31.37231949],[-58.5268125,-31.37016852],[-58.52852571,-31.368027],[-58.52809741,-31.36559995],[-58.53023892,-31.36303014],[-58.54351632,-31.33219232],[-58.56283354,-31.31565055],[-58.56378932,-31.31348976],[-58.5847342,-31.2809962]]]},"geometry_name":"geom","properties":{"gid":4843,"rtn":"37","typ":40,"rst":2,"hct":2,"fdc":"OpenStreetMap","sag":"IGN"},"bbox":[-58.5847342,-31.39643777,-58.51296404,-31.2809962]},{"type":"Feature","id":"vial_provincial.4844","geometry":{"type":"MultiLineString","coordinates":[[[-59.79700048,-31.30178084],[-59.86845441,-31.25305542],[-59.8720236,-31.25121133],[-59.87607616,-31.25081108],[-59.93923148,-31.24552442],[-59.94740493,-31.24602411],[-59.94754769,-31.24763025],[-59.94904675,-31.24791578],[-59.94940367,-31.24616688],[-59.96057524,-31.24659518],[-59.96271676,-31.24623826],[-59.97021206,-31.24445367],[-59.97385264,-31.24245492],[-59.98059841,-31.23617314],[-59.98216885,-31.23610176],[-59.9863805,-31.23253257],[-59.99723084,-31.24181246],[-60.0042121,-31.25425152],[-60.01037974,-31.27210776],[-60.02882532,-31.28826906],[-60.03145225,-31.29146706],[-60.03196621,-31.29449373],[-60.03082407,-31.30540118],[-60.03550685,-31.32721608],[-60.03841931,-31.33286968],[-60.03790535,-31.33886592],[-60.0415602,-31.35514143],[-60.04373483,-31.35830069],[-60.05629382,-31.36576335],[-60.05817835,-31.36810474],[-60.06400327,-31.38677875],[-60.06241204,-31.38914405],[-60.05749307,-31.39083335],[-60.05338136,-31.39374581],[-60.04961229,-31.39791462],[-60.0472138,-31.4171026],[-60.05440929,-31.44754066],[-60.05538011,-31.45490747],[-60.04841305,-31.46490121],[-60.0424168,-31.48563107],[-60.04247522,-31.49145713],[-60.04521505,-31.50550433],[-60.04744223,-31.51258561],[-60.0480133,-31.52155142],[-60.0496694,-31.52874691],[-60.06314667,-31.54359474],[-60.0672441,-31.56439123],[-60.06786276,-31.56546199],[-60.06883834,-31.56634239],[-60.0787369,-31.57174377],[-60.08028355,-31.57357595],[-60.08232988,-31.58318898],[-60.08311511,-31.58718647],[-60.08294854,-31.58878071],[-60.0816549,-31.5906362]]]},"geometry_name":"geom","properties":{"gid":4844,"rtn":"8","typ":40,"rst":1,"hct":2,"fdc":"OpenStreetMap","sag":"IGN"},"bbox":[-60.08311511,-31.5906362,-59.79700048,-31.23253257]},{"type":"Feature","id":"vial_provincial.4856","geometry":{"type":"MultiLineString","coordinates":[[[-58.5508075,-31.8099547],[-58.555787,-31.8037995],[-58.5596186,-31.7990629],[-58.5675579,-31.7897068],[-58.5682835,-31.7889358],[-58.5820847,-31.7742701],[-58.5830503,-31.773327],[-58.5836082,-31.7728837],[-58.5887795,-31.7687846],[-58.5937304,-31.764873],[-58.5993421,-31.7604829],[-58.5998538,-31.7601372],[-58.6003339,-31.7598954],[-58.6008012,-31.7597083],[-58.6138635,-31.7594931],[-58.616476,-31.7584759],[-58.6277424,-31.7426256],[-58.63554129,-31.73152853]]]},"geometry_name":"geom","properties":{"gid":4856,"rtn":"29","typ":40,"rst":1,"hct":2,"fdc":"OpenStreetMap","sag":"IGN"},"bbox":[-58.63554129,-31.8099547,-58.5508075,-31.73152853]},{"type":"Feature","id":"vial_provincial.4875","geometry":{"type":"MultiLineString","coordinates":[[[-59.2607463,-31.2879989],[-59.2604035,-31.2880401],[-59.2602559,-31.2881315],[-59.2601933,-31.2881866],[-59.2599235,-31.2885298]]]},"geometry_name":"geom","properties":{"gid":4875,"rtn":"6","typ":40,"rst":1,"hct":2,"fdc":"OpenStreetMap","sag":"IGN"},"bbox":[-59.2607463,-31.2885298,-59.2599235,-31.2879989]},{"type":"Feature","id":"vial_provincial.4871","geometry":{"type":"MultiLineString","coordinates":[[[-59.165865,-31.8052249],[-59.1746418,-31.8023058]]]},"geometry_name":"geom","properties":{"gid":4871,"rtn":"26","typ":40,"rst":3,"hct":2,"fdc":"OpenStreetMap","sag":"IGN"},"bbox":[-59.1746418,-31.8052249,-59.165865,-31.8023058]},{"type":"Feature","id":"vial_provincial.4874","geometry":{"type":"MultiLineString","coordinates":[[[-59.1746418,-31.8023058],[-59.1748725,-31.8016773],[-59.1768466,-31.7962994],[-59.1853059,-31.773785],[-59.1855247,-31.7732049],[-59.1881498,-31.7662448],[-59.1884872,-31.7650769],[-59.1886311,-31.764408],[-59.1887384,-31.763514],[-59.1887523,-31.7627204],[-59.1886559,-31.761368],[-59.1884872,-31.760077],[-59.1856684,-31.7451567],[-59.1856422,-31.745018],[-59.1850266,-31.7417594],[-59.1849449,-31.7413266],[-59.1846754,-31.7397197],[-59.1844946,-31.7388019],[-59.1841635,-31.7371901],[-59.1840836,-31.7367669],[-59.1838504,-31.7355328],[-59.1837909,-31.7352175],[-59.182775,-31.729839],[-59.1827358,-31.7296316],[-59.1801243,-31.7158042],[-59.1769418,-31.6968228],[-59.1738322,-31.6783474],[-59.1729905,-31.6733358],[-59.1725085,-31.6704026],[-59.1722916,-31.6688848],[-59.1722612,-31.6683199],[-59.1722397,-31.6675894],[-59.1723041,-31.6669502],[-59.1723639,-31.6662182],[-59.1724972,-31.6654709],[-59.172629,-31.6647413],[-59.1731351,-31.6632028],[-59.1840025,-31.6373084],[-59.185949,-31.6326696],[-59.1892102,-31.6247121],[-59.192994,-31.6152101],[-59.1964404,-31.6043318],[-59.1995493,-31.5943145],[-59.2002001,-31.5921385],[-59.2004411,-31.5909067],[-59.2006339,-31.5894081],[-59.2007785,-31.5879916],[-59.2020558,-31.5744204],[-59.2025378,-31.5691228],[-59.2027788,-31.5677675],[-59.2030439,-31.5666587],[-59.2034536,-31.5654677],[-59.2040562,-31.5637838],[-59.2107802,-31.545896],[-59.2110694,-31.5450539],[-59.2113345,-31.5439859],[-59.2115273,-31.5430411],[-59.212475,-31.5377484],[-59.2127352,-31.5363069],[-59.212849,-31.535406],[-59.2129303,-31.5346437],[-59.2129701,-31.5332421],[-59.2129791,-31.532925],[-59.2129493,-31.5272242],[-59.2129537,-31.5257771],[-59.2129538,-31.5245513],[-59.2128047,-31.514466],[-59.2128288,-31.5075418],[-59.2129011,-31.5049733],[-59.213118,-31.5021171],[-59.2133985,-31.5002459],[-59.2137664,-31.4977923],[-59.2146122,-31.4921504],[-59.2160824,-31.4819566],[-59.2164635,-31.4793271],[-59.2165274,-31.4788864],[-59.217432,-31.4726456],[-59.2177453,-31.4701584],[-59.2181514,-31.4674144],[-59.2183558,-31.4660772],[-59.2185229,-31.465023],[-59.2205761,-31.4506483],[-59.2247827,-31.4232386],[-59.2275783,-31.4048508],[-59.2295626,-31.391607],[-59.2310488,-31.3816861],[-59.2323262,-31.372859],[-59.2331824,-31.3668588],[-59.2348808,-31.3549552],[-59.2350736,-31.3540085],[-59.2353387,-31.353],[-59.236134,-31.3507155],[-59.2388092,-31.3439026],[-59.2464491,-31.3237905],[-59.2513656,-31.311087],[-59.2595544,-31.289625],[-59.2599235,-31.2885298]]]},"geometry_name":"geom","properties":{"gid":4874,"rtn":"6","typ":40,"rst":1,"hct":2,"fdc":"OpenStreetMap","sag":"IGN"},"bbox":[-59.2599235,-31.8023058,-59.1722397,-31.2885298]},{"type":"Feature","id":"vial_provincial.4879","geometry":{"type":"MultiLineString","coordinates":[[[-59.2609427,-31.2860551],[-59.2618312,-31.2838172],[-59.2621858,-31.2828896],[-59.2651994,-31.2750055],[-59.2664285,-31.2718332],[-59.2670069,-31.2705355],[-59.2674166,-31.2698763],[-59.267601,-31.2696175],[-59.2678799,-31.2692323],[-59.2682018,-31.2687555],[-59.2687181,-31.2680635],[-59.2694652,-31.2671777],[-59.2844294,-31.2494687],[-59.2845017,-31.2493884],[-59.284745,-31.2491303],[-59.2870845,-31.246267],[-59.2883076,-31.2447627],[-59.289402,-31.2432033],[-59.2965542,-31.232254],[-59.3041218,-31.2206718],[-59.3130873,-31.2070268],[-59.3265113,-31.1861432],[-59.3270816,-31.1851396],[-59.327661,-31.1840198],[-59.3281983,-31.1826588],[-59.328985,-31.1800251],[-59.3303003,-31.1759423],[-59.3309011,-31.1739779],[-59.3330528,-31.1669268],[-59.3331623,-31.1665828],[-59.3357659,-31.1584082],[-59.3367058,-31.1552734],[-59.3404655,-31.1432897],[-59.3419725,-31.1385292],[-59.3468404,-31.1228865],[-59.3479113,-31.1193351],[-59.3490972,-31.1155593],[-59.3493547,-31.1144938],[-59.3494835,-31.1133916],[-59.3498779,-31.1104213],[-59.3504276,-31.1060981],[-59.3508567,-31.1030298],[-59.3517151,-31.0979588],[-59.3519899,-31.0965574],[-59.3524446,-31.094339],[-59.3529811,-31.0927404],[-59.3537964,-31.0912153],[-59.3549552,-31.0897637],[-59.3566932,-31.0879996],[-59.3706201,-31.0748968],[-59.3715419,-31.0740697],[-59.3724002,-31.0731692],[-59.3742671,-31.0709821],[-59.3907654,-31.050482],[-59.3980774,-31.0419161],[-59.4026556,-31.0371585],[-59.4074786,-31.0324544],[-59.4160704,-31.0242932],[-59.44342,-30.9983098],[-59.4475724,-30.9943642],[-59.4477153,-30.9942284],[-59.4707498,-30.9723381],[-59.4722857,-30.9710944],[-59.4738736,-30.9698801],[-59.476191,-30.9683346],[-59.4777633,-30.967348],[-59.5002423,-30.9545991],[-59.506618,-30.9509828],[-59.5087208,-30.9498787],[-59.5110383,-30.9487193],[-59.5127721,-30.9478443],[-59.5159648,-30.9462332],[-59.5309798,-30.9398365],[-59.534234,-30.9384501],[-59.5361652,-30.9374562],[-59.5374532,-30.936762],[-59.5386328,-30.9360206],[-59.5398345,-30.9351003],[-59.5408001,-30.9341801],[-59.5499937,-30.9249653],[-59.5512238,-30.9236846],[-59.5516941,-30.9232089],[-59.5519494,-30.9229508],[-59.5980383,-30.8763293],[-59.6043058,-30.8701814],[-59.6060435,-30.8684202],[-59.6071608,-30.8676022],[-59.6081767,-30.8669335],[-59.6089711,-30.8664423],[-59.6098916,-30.866042],[-59.610912,-30.8656542],[-59.6117808,-30.8653735],[-59.6134845,-30.8648572],[-59.6137984,-30.8647621],[-59.6153024,-30.8642847]]]},"geometry_name":"geom","properties":{"gid":4879,"rtn":"6","typ":40,"rst":1,"hct":2,"fdc":"OpenStreetMap","sag":"IGN"},"bbox":[-59.6153024,-31.2860551,-59.2609427,-30.8642847]},{"type":"Feature","id":"vial_provincial.4880","geometry":{"type":"MultiLineString","coordinates":[[[-59.6153024,-30.8642847],[-59.6154315,-30.8641968],[-59.6155983,-30.8641185],[-59.6157074,-30.8640765],[-59.6158186,-30.8640746],[-59.6159417,-30.8640954],[-59.6158831,-30.8641853],[-59.6157697,-30.8642522],[-59.615456,-30.8642999],[-59.6153024,-30.8642847]]]},"geometry_name":"geom","properties":{"gid":4880,"rtn":"6","typ":40,"rst":1,"hct":2,"fdc":"OpenStreetMap","sag":"IGN"},"bbox":[-59.6159417,-30.8642999,-59.6153024,-30.8640746]},{"type":"Feature","id":"vial_provincial.4890","geometry":{"type":"MultiLineString","coordinates":[[[-58.0199023,-30.7610766],[-58.0196799,-30.7609851],[-58.0194699,-30.7609475],[-58.0192812,-30.7609534],[-58.0172136,-30.7616365],[-58.0168719,-30.761749],[-58.0161524,-30.7619931],[-58.015764,-30.7621415],[-58.0150567,-30.7622929],[-57.99765808,-30.76036078],[-57.99404606,-30.76340887],[-57.98416653,-30.75484281],[-57.9758953,-30.7621115],[-57.9757408,-30.7622453],[-57.9735815,-30.7641155],[-57.9722924,-30.7652319],[-57.9683307,-30.7686628],[-57.9628839,-30.7733796],[-57.9522338,-30.7826017],[-57.9445747,-30.7892334],[-57.9396348,-30.7935243],[-57.9383455,-30.7946546],[-57.9337652,-30.798627],[-57.9233037,-30.8077172],[-57.9230919,-30.8078971],[-57.9122977,-30.8171905],[-57.9015156,-30.826451],[-57.8906625,-30.8355497],[-57.8851965,-30.8403067],[-57.8826312,-30.8425916],[-57.8821532,-30.8430729],[-57.881826,-30.8435841],[-57.881606,-30.8442197],[-57.8815256,-30.8447632],[-57.8815739,-30.8453113],[-57.8817509,-30.8459192],[-57.8820245,-30.8464212],[-57.8824697,-30.8469462],[-57.8898965,-30.853372],[-57.8996198,-30.8617842],[-57.9093388,-30.8702627],[-57.9180412,-30.8778538],[-57.9185722,-30.8783188],[-57.918937,-30.8787562],[-57.9189642,-30.8788035],[-57.9191677,-30.8791568],[-57.9194198,-30.8796954],[-57.9202781,-30.8816015],[-57.9204552,-30.8820388],[-57.9205839,-30.8826097],[-57.9222653,-30.8907619],[-57.9232178,-30.8953797],[-57.9240015,-30.899118]]]},"geometry_name":"geom","properties":{"gid":4890,"rtn":"2","typ":40,"rst":1,"hct":2,"fdc":"OpenStreetMap","sag":"IGN"},"bbox":[-58.0199023,-30.899118,-57.8815256,-30.75484281]},{"type":"Feature","id":"vial_provincial.4891","geometry":{"type":"MultiLineString","coordinates":[[[-58.0225343,-30.7597616],[-58.0221936,-30.759913],[-58.0219752,-30.7600183],[-58.02176,-30.7601427],[-58.0215447,-30.7602854],[-58.0213845,-30.7604308],[-58.0212678,-30.7605737],[-58.02108198,-30.76102803]]]},"geometry_name":"geom","properties":{"gid":4891,"rtn":"2","typ":40,"rst":1,"hct":2,"fdc":"OpenStreetMap","sag":"IGN"},"bbox":[-58.0225343,-30.76102803,-58.02108198,-30.7597616]},{"type":"Feature","id":"vial_provincial.4892","geometry":{"type":"MultiLineString","coordinates":[[[-58.02080366,-30.75968355],[-58.0211584,-30.7599056],[-58.0214351,-30.7599553],[-58.0216854,-30.7599627],[-58.0220027,-30.7599007],[-58.0225343,-30.7597616]]]},"geometry_name":"geom","properties":{"gid":4892,"rtn":"2","typ":40,"rst":1,"hct":2,"fdc":"OpenStreetMap","sag":"IGN"},"bbox":[-58.0225343,-30.7599627,-58.02080366,-30.75968355]},{"type":"Feature","id":"vial_provincial.4893","geometry":{"type":"MultiLineString","coordinates":[[[-58.4572924,-30.5827924],[-58.4482742,-30.5873235],[-58.4463273,-30.5882975],[-58.445192,-30.5889154],[-58.444305,-30.5895349],[-58.4435855,-30.5901536],[-58.4429868,-30.5907847],[-58.433928,-30.6016343],[-58.432994,-30.602599],[-58.4320226,-30.6034029],[-58.4305469,-30.6043515],[-58.4298913,-30.6047507],[-58.4154041,-30.6135715],[-58.4116803,-30.6158387],[-58.410381,-30.6165697],[-58.4093343,-30.6171587],[-58.4090767,-30.6173036],[-58.3829503,-30.6320016],[-58.3811196,-30.6329017],[-58.3798681,-30.6334321],[-58.3783924,-30.6339946],[-58.363631,-30.6384793],[-58.3625891,-30.6389129],[-58.3615057,-30.6395075],[-58.3537484,-30.6439657],[-58.3379315,-30.6530553],[-58.3366426,-30.6536017],[-58.3352976,-30.6540035],[-58.3341582,-30.6541802],[-58.3326451,-30.6543249],[-58.3111444,-30.6558836],[-58.3095006,-30.6561728],[-58.308249,-30.6564782],[-58.3070535,-30.6568156],[-58.3067586,-30.656912],[-58.2988903,-30.6594831],[-58.2958455,-30.6602704],[-58.2787533,-30.664175],[-58.2771468,-30.6645928],[-58.2756151,-30.665123],[-58.2385503,-30.6815417],[-58.2379058,-30.6818994],[-58.2311288,-30.6856611],[-58.2301671,-30.6861117],[-58.2285046,-30.6867204],[-58.2220989,-30.6891193],[-58.2209457,-30.6895585],[-58.2199682,-30.6900237],[-58.2192351,-30.6904227],[-58.2189959,-30.6905795],[-58.2187958,-30.6907108],[-58.2182694,-30.6910917],[-58.2158847,-30.693294],[-58.2118097,-30.6971313],[-58.2110852,-30.6976936],[-58.2101708,-30.6982744],[-58.2091822,-30.6987878],[-58.2085397,-30.6990273],[-58.2078855,-30.6992226],[-58.2063225,-30.6995615],[-58.2051399,-30.6997238],[-58.1966344,-30.700286],[-58.1916301,-30.7006313],[-58.1908339,-30.7007106],[-58.1900212,-30.7008405],[-58.1891014,-30.7010789],[-58.1881079,-30.7014187],[-58.1647879,-30.70973],[-58.1354854,-30.7201358],[-58.1196865,-30.7257458],[-58.1182844,-30.7263191],[-58.1174144,-30.7267938],[-58.1165706,-30.7273534],[-58.1023417,-30.7399142],[-58.1022258,-30.7400093],[-58.0836496,-30.7564636],[-58.0825029,-30.7574808],[-58.0820941,-30.7578137],[-58.0816471,-30.7581675],[-58.0812517,-30.7583129],[-58.0806747,-30.7584566],[-58.0690142,-30.7607064],[-58.0575963,-30.7629093],[-58.0568605,-30.762986],[-58.0562289,-30.7629676],[-58.0556834,-30.7629117],[-58.0292496,-30.7585956],[-58.0282474,-30.7584122],[-58.0278327,-30.7583563],[-58.0274107,-30.758333],[-58.0266863,-30.7584332],[-58.0259471,-30.7586137],[-58.0251932,-30.7588653],[-58.0232494,-30.7595141],[-58.0228213,-30.759657],[-58.0225343,-30.7597616]]]},"geometry_name":"geom","properties":{"gid":4893,"rtn":"2","typ":40,"rst":1,"hct":2,"fdc":"OpenStreetMap","sag":"IGN"},"bbox":[-58.4572924,-30.762986,-58.0225343,-30.5827924]},{"type":"Feature","id":"vial_provincial.4917","geometry":{"type":"MultiLineString","coordinates":[[[-59.6587332,-30.9856135],[-59.65902921,-30.98499094],[-59.65965187,-30.98456287],[-59.6604802,-30.9841461],[-59.661814,-30.9834933],[-59.6626367,-30.9831068],[-59.6629266,-30.9829902],[-59.6631839,-30.9829095],[-59.6634873,-30.9828687],[-59.6637794,-30.9828354],[-59.6641158,-30.9828528],[-59.6644338,-30.982886],[-59.6655818,-30.9831068],[-59.6723293,-30.9844751],[-59.6730652,-30.9845922],[-59.6739249,-30.9846391],[-59.6748515,-30.9845646],[-59.675447,-30.9844451],[-59.6759619,-30.9842703],[-59.6765735,-30.9840036],[-59.6774741,-30.9835981],[-59.6862188,-30.9797569],[-59.6903464,-30.9780156],[-59.6932946,-30.9767798],[-59.695628,-30.9757988],[-59.6970227,-30.975302],[-59.6983102,-30.9749893],[-59.7003704,-30.9747014],[-59.7076428,-30.9740835],[-59.7157013,-30.9733532],[-59.7224495,-30.9728476],[-59.7354873,-30.971668],[-59.74407,-30.9709377],[-59.7466907,-30.9706006],[-59.7483066,-30.9702242],[-59.7497699,-30.9697018],[-59.7573389,-30.9663269],[-59.7581385,-30.9659532],[-59.7607931,-30.9647127],[-59.7611093,-30.964565],[-59.7621041,-30.9641517],[-59.7625406,-30.9639523],[-59.7630592,-30.9636536],[-59.7638186,-30.9632169],[-59.7645674,-30.9627454],[-59.7656644,-30.96196],[-59.765754,-30.961891],[-59.7665379,-30.9613602],[-59.7668588,-30.9611597],[-59.7671172,-30.960995],[-59.7676159,-30.9606771],[-59.7683232,-30.960182],[-59.7730305,-30.9571482],[-59.7745121,-30.9561897],[-59.774966,-30.9558971],[-59.7753718,-30.9556232],[-59.7761336,-30.9551121],[-59.7765172,-30.954859],[-59.7766463,-30.9547735],[-59.7770166,-30.9545371],[-59.7771886,-30.9544241]]]},"geometry_name":"geom","properties":{"gid":4917,"rtn":"A02","typ":40,"rst":1,"hct":2,"fdc":"OpenStreetMap","sag":"IGN"},"bbox":[-59.7771886,-30.9856135,-59.6587332,-30.9544241]},{"type":"Feature","id":"vial_provincial.4919","geometry":{"type":"MultiLineString","coordinates":[[[-59.7821367,-30.9509834],[-59.7819443,-30.951083],[-59.7817487,-30.9511891],[-59.7816408,-30.9512507],[-59.7814206,-30.9514165],[-59.7808168,-30.9518783],[-59.780735,-30.9519408],[-59.7806193,-30.9520276],[-59.7794996,-30.952867],[-59.7793954,-30.9529452],[-59.7785321,-30.9535603],[-59.7781726,-30.9538164],[-59.778055,-30.9538941],[-59.7775439,-30.9542317],[-59.7771886,-30.9544241]]]},"geometry_name":"geom","properties":{"gid":4919,"rtn":"A02","typ":40,"rst":1,"hct":2,"fdc":"OpenStreetMap","sag":"IGN"},"bbox":[-59.7821367,-30.9544241,-59.7771886,-30.9509834]},{"type":"Feature","id":"vial_provincial.4922","geometry":{"type":"MultiLineString","coordinates":[[[-58.07094,-31.0316542],[-58.07053,-31.0314799],[-58.066743,-31.030024],[-58.064925,-31.029314],[-58.0495664,-31.0231766],[-58.0483978,-31.0228194],[-58.046642,-31.0224179],[-58.0457255,-31.0222991],[-58.0448989,-31.0222079],[-58.0387962,-31.0220541],[-58.0371861,-31.0220243],[-58.018182,-31.021723],[-58.013525,-31.021708],[-58.011123,-31.021707],[-58.0087835,-31.0217012],[-57.9940223,-31.0216646],[-57.9925588,-31.0216463],[-57.9917407,-31.0216784],[-57.9909275,-31.0217397],[-57.9897854,-31.0218554],[-57.9880337,-31.0221307],[-57.9820204,-31.0230806],[-57.9810628,-31.0231771],[-57.9793262,-31.0232801],[-57.977043,-31.023365],[-57.9693856,-31.0236058],[-57.9683641,-31.0235788],[-57.9678369,-31.0235288],[-57.9672957,-31.0234571],[-57.965868,-31.0231709],[-57.9646341,-31.022801],[-57.964071,-31.0225714],[-57.9633597,-31.0222814],[-57.9628237,-31.0220317],[-57.9620431,-31.021668],[-57.9609972,-31.0211807],[-57.9559677,-31.0188374],[-57.95468,-31.018231],[-57.9522836,-31.0171232],[-57.9488892,-31.015554],[-57.9453397,-31.0139131],[-57.9418361,-31.0122934],[-57.9379639,-31.0105033],[-57.9341537,-31.0087418],[-57.9304149,-31.0069906],[-57.929982,-31.00681],[-57.9284372,-31.0060285],[-57.9280356,-31.0058253],[-57.9273855,-31.0053955],[-57.9266866,-31.0048821],[-57.926335,-31.0046015],[-57.9257584,-31.0041094],[-57.9251579,-31.0035256],[-57.924502,-31.0027169],[-57.9240347,-31.0020122],[-57.9237154,-31.0015753]]]},"geometry_name":"geom","properties":{"gid":4922,"rtn":"A04","typ":40,"rst":1,"hct":2,"fdc":"OpenStreetMap","sag":"IGN"},"bbox":[-58.07094,-31.0316542,-57.9237154,-31.0015753]},{"type":"Feature","id":"vial_provincial.4923","geometry":{"type":"MultiLineString","coordinates":[[[-58.020884,-31.3736527],[-58.0218962,-31.3734809],[-58.0229297,-31.3733057],[-58.0239621,-31.3731369],[-58.0250022,-31.3729686],[-58.0269678,-31.3726209],[-58.0290381,-31.3722983],[-58.0300347,-31.3721279],[-58.0310152,-31.3719593],[-58.0320683,-31.3717803],[-58.0330653,-31.37161],[-58.0340964,-31.3714341],[-58.0351195,-31.371274],[-58.0361474,-31.3710987],[-58.0371935,-31.3709299],[-58.0382111,-31.370761],[-58.0392115,-31.3705845],[-58.0399376,-31.3704719],[-58.0412378,-31.3702479],[-58.0420421,-31.3701109],[-58.042808,-31.3699449],[-58.0429867,-31.3698972]]]},"geometry_name":"geom","properties":{"gid":4923,"rtn":"A05","typ":40,"rst":1,"hct":2,"fdc":"OpenStreetMap","sag":"IGN"},"bbox":[-58.0429867,-31.3736527,-58.020884,-31.3698972]},{"type":"Feature","id":"vial_provincial.4924","geometry":{"type":"MultiLineString","coordinates":[[[-58.0431917,-31.3699179],[-58.0430983,-31.3699039],[-58.0429867,-31.3698972]]]},"geometry_name":"geom","properties":{"gid":4924,"rtn":"A05","typ":40,"rst":1,"hct":2,"fdc":"OpenStreetMap","sag":"IGN"},"bbox":[-58.0431917,-31.3699179,-58.0429867,-31.3698972]},{"type":"Feature","id":"vial_provincial.4925","geometry":{"type":"MultiLineString","coordinates":[[[-58.0431917,-31.3699179],[-58.0431599,-31.3698618],[-58.0431511,-31.3697999]]]},"geometry_name":"geom","properties":{"gid":4925,"rtn":"A05","typ":40,"rst":1,"hct":2,"fdc":"OpenStreetMap","sag":"IGN"},"bbox":[-58.0431917,-31.3699179,-58.0431511,-31.3697999]},{"type":"Feature","id":"vial_provincial.4926","geometry":{"type":"MultiLineString","coordinates":[[[-58.0429867,-31.3698972],[-58.0430931,-31.3698418],[-58.0431511,-31.3697999]]]},"geometry_name":"geom","properties":{"gid":4926,"rtn":"A05","typ":40,"rst":1,"hct":2,"fdc":"OpenStreetMap","sag":"IGN"},"bbox":[-58.0431511,-31.3698972,-58.0429867,-31.3697999]},{"type":"Feature","id":"vial_provincial.4927","geometry":{"type":"MultiLineString","coordinates":[[[-58.0435944,-31.3698252],[-58.0435865,-31.3698611],[-58.0435707,-31.369895],[-58.0435476,-31.3699257],[-58.0435036,-31.3699619],[-58.0434497,-31.3699864],[-58.04339,-31.3699975],[-58.043329,-31.3699943],[-58.0432714,-31.369977],[-58.0432274,-31.3699516],[-58.0431917,-31.3699179]]]},"geometry_name":"geom","properties":{"gid":4927,"rtn":"A05","typ":40,"rst":1,"hct":2,"fdc":"OpenStreetMap","sag":"IGN"},"bbox":[-58.0435944,-31.3699975,-58.0431917,-31.3698252]},{"type":"Feature","id":"vial_provincial.4928","geometry":{"type":"MultiLineString","coordinates":[[[-58.0431511,-31.3697999],[-58.0431662,-31.3697391],[-58.0432036,-31.3696857],[-58.0432521,-31.3696492],[-58.0433109,-31.3696262],[-58.043375,-31.3696187],[-58.0434389,-31.3696272],[-58.043473,-31.3696389],[-58.0435044,-31.3696553],[-58.0435456,-31.3696888],[-58.0435755,-31.3697302],[-58.0435921,-31.3697766],[-58.0435944,-31.3698252]]]},"geometry_name":"geom","properties":{"gid":4928,"rtn":"A05","typ":40,"rst":1,"hct":2,"fdc":"OpenStreetMap","sag":"IGN"},"bbox":[-58.0435944,-31.3698252,-58.0431511,-31.3696187]},{"type":"Feature","id":"vial_provincial.4929","geometry":{"type":"MultiLineString","coordinates":[[[-58.04412463,-31.36955284],[-58.0438801,-31.3696413],[-58.0437192,-31.3697233],[-58.0435944,-31.3698252]]]},"geometry_name":"geom","properties":{"gid":4929,"rtn":"A05","typ":40,"rst":1,"hct":2,"fdc":"OpenStreetMap","sag":"IGN"},"bbox":[-58.04412463,-31.3698252,-58.0435944,-31.36955284]},{"type":"Feature","id":"vial_provincial.4954","geometry":{"type":"MultiLineString","coordinates":[[[-59.0270327,-31.8463186],[-59.0270312,-31.8453148],[-59.0270344,-31.8444035],[-59.0270423,-31.8435367],[-59.0270516,-31.842523],[-59.0270192,-31.8405938],[-59.0269873,-31.8386791],[-59.0269225,-31.8347325],[-59.0269086,-31.8340494],[-59.0269009,-31.8334251],[-59.0268871,-31.8328802],[-59.0268377,-31.830945],[-59.026789,-31.8270796],[-59.026717,-31.8233713],[-59.0267142,-31.8232281],[-59.0266409,-31.8193941],[-59.0265873,-31.8155067],[-59.0265515,-31.8136272],[-59.0264028,-31.8084567],[-59.0263794,-31.8083718],[-59.026325,-31.8082607],[-59.0261863,-31.8080826],[-59.0261138,-31.8080301],[-59.02601373,-31.80785043],[-59.02606365,-31.80774191],[-59.02638,-31.8075891],[-59.0265308,-31.8075202],[-59.0265867,-31.8074558],[-59.0266241,-31.8073914],[-59.0266765,-31.8072032],[-59.026697,-31.8073295],[-59.0267552,-31.8074533],[-59.02685114,-31.80760826],[-59.02704687,-31.80770067],[-59.02709896,-31.80781788],[-59.02704904,-31.8080219],[-59.02687466,-31.80814656],[-59.026786,-31.8083169],[-59.0267532,-31.8084818],[-59.0267255,-31.8086922],[-59.0267471,-31.8094014],[-59.0268404,-31.8155058],[-59.0269121,-31.8193883],[-59.0269749,-31.8232263],[-59.027046,-31.8270242],[-59.0270483,-31.8270795],[-59.027065,-31.8280468],[-59.0270831,-31.8290137],[-59.027093,-31.829841],[-59.0271062,-31.8309464],[-59.027141,-31.8327124],[-59.0271448,-31.8328768],[-59.0271806,-31.8347301],[-59.0272517,-31.8385093],[-59.0272537,-31.8386763],[-59.0273021,-31.8405925],[-59.0273173,-31.8411793],[-59.0273308,-31.8425199],[-59.0273427,-31.8444026],[-59.0273427,-31.8453113],[-59.0272881,-31.8457224],[-59.0271826,-31.8461459],[-59.0271649,-31.8463092]]]},"geometry_name":"geom","properties":{"gid":4954,"rtn":"20","typ":40,"rst":1,"hct":2,"fdc":"OpenStreetMap","sag":"IGN"},"bbox":[-59.0273427,-31.8463186,-59.02601373,-31.8072032]},{"type":"Feature","id":"vial_provincial.5040","geometry":{"type":"MultiLineString","coordinates":[[[-59.8899108,-31.6655112],[-59.8899669,-31.6653735],[-59.8900024,-31.6652513],[-59.8900443,-31.6649037],[-59.890066,-31.6645978],[-59.8901309,-31.6643387]]]},"geometry_name":"geom","properties":{"gid":5040,"rtn":"32","typ":40,"rst":1,"hct":2,"fdc":"OpenStreetMap","sag":"IGN"},"bbox":[-59.8901309,-31.6655112,-59.8899108,-31.6643387]},{"type":"Feature","id":"vial_provincial.5041","geometry":{"type":"MultiLineString","coordinates":[[[-59.8901309,-31.6643387],[-59.8901409,-31.6646159],[-59.8901271,-31.6650872],[-59.8901231,-31.6652512],[-59.890142,-31.6653595],[-59.8901859,-31.6655047]]]},"geometry_name":"geom","properties":{"gid":5041,"rtn":"32","typ":40,"rst":1,"hct":2,"fdc":"OpenStreetMap","sag":"IGN"},"bbox":[-59.8901859,-31.6655047,-59.8901231,-31.6643387]},{"type":"Feature","id":"vial_provincial.5023","geometry":{"type":"MultiLineString","coordinates":[[[-60.5199296,-31.8322866],[-60.5192233,-31.8319566],[-60.5189344,-31.8318687],[-60.5185602,-31.8318271],[-60.5184147,-31.8318044],[-60.518303,-31.8317679],[-60.5181134,-31.831568],[-60.5180462,-31.8314527],[-60.5179632,-31.8311899],[-60.5179319,-31.8308343],[-60.5179352,-31.8306214],[-60.5178988,-31.8302856],[-60.5174897,-31.8287731],[-60.5174352,-31.8285748],[-60.5173718,-31.8282282],[-60.5173306,-31.8280542],[-60.5164377,-31.8251927],[-60.5161419,-31.8241251],[-60.5161174,-31.8240367],[-60.5160923,-31.8239463],[-60.5159147,-31.8233713],[-60.5155446,-31.8221417],[-60.5152675,-31.8212395],[-60.5150817,-31.8206344],[-60.5149388,-31.8200506],[-60.5147501,-31.819167],[-60.5146856,-31.8185332],[-60.5146569,-31.8178408],[-60.514634,-31.8167071],[-60.5145886,-31.8152795],[-60.5145805,-31.8147],[-60.5145644,-31.8133867],[-60.5145644,-31.8125844],[-60.5145523,-31.8121592],[-60.5145135,-31.8115632],[-60.5144735,-31.8105553],[-60.5144624,-31.8095951],[-60.514467,-31.8089609],[-60.5144578,-31.8082874],[-60.5144446,-31.8077828],[-60.5143975,-31.8049823],[-60.514369,-31.8039152],[-60.5143028,-31.8010394],[-60.5142478,-31.7993582],[-60.51423,-31.798461],[-60.5142262,-31.7971642],[-60.5142401,-31.7969437],[-60.514262,-31.7967979],[-60.5143131,-31.7965808],[-60.5146813,-31.7951291],[-60.5148379,-31.7945115],[-60.5151029,-31.7935051],[-60.5152794,-31.7928124],[-60.5155436,-31.7916606],[-60.5156518,-31.7912536],[-60.515852,-31.7906716],[-60.5162995,-31.7891388],[-60.5167792,-31.7875577],[-60.5169709,-31.7868969],[-60.5172895,-31.7855273],[-60.517663,-31.7839837],[-60.5178944,-31.7830133],[-60.5180155,-31.7826785],[-60.5181532,-31.7822869],[-60.5201324,-31.7769618],[-60.5218327,-31.7722637],[-60.5220876,-31.7717178]]]},"geometry_name":"geom","properties":{"gid":5023,"rtn":"11","typ":40,"rst":1,"hct":2,"fdc":"OpenStreetMap","sag":"IGN"},"bbox":[-60.5220876,-31.8322866,-60.5142262,-31.7717178]},{"type":"Feature","id":"vial_provincial.5024","geometry":{"type":"MultiLineString","coordinates":[[[-60.5238489,-31.7697003],[-60.5238008,-31.7698022],[-60.5236648,-31.7699576],[-60.5227279,-31.7709165],[-60.5225874,-31.77106],[-60.5224605,-31.7712102],[-60.5223795,-31.7713364],[-60.5222648,-31.7715588],[-60.522209,-31.7716887],[-60.5219666,-31.772286],[-60.5202397,-31.7769461],[-60.5186198,-31.7813154],[-60.5182811,-31.7822662],[-60.5180544,-31.7829457],[-60.5179709,-31.7832255],[-60.5177994,-31.7840174],[-60.5175445,-31.7849473],[-60.5174147,-31.785491],[-60.5170346,-31.7870591],[-60.5168828,-31.787541],[-60.5165896,-31.7884577],[-60.5164187,-31.7890435],[-60.5162976,-31.7894585],[-60.5159315,-31.7907389],[-60.5156858,-31.7915466],[-60.5153851,-31.792799],[-60.5150693,-31.7939852],[-60.5147573,-31.7952307],[-60.5144436,-31.7964829],[-60.5143787,-31.7967863],[-60.5143601,-31.7970384],[-60.5143509,-31.7972432],[-60.5143665,-31.7984641],[-60.514374,-31.7990475],[-60.5143648,-31.7994414],[-60.5143833,-31.8003908],[-60.5144297,-31.8017617],[-60.5144482,-31.8023211],[-60.514467,-31.8040646],[-60.5144902,-31.8047776],[-60.514518,-31.80566],[-60.5145294,-31.806166],[-60.5145551,-31.8073065],[-60.5145597,-31.8080392],[-60.5145948,-31.8086928],[-60.5146158,-31.8105445],[-60.5146491,-31.8113435],[-60.5146491,-31.8117546],[-60.5146612,-31.8120735],[-60.5146814,-31.8128038],[-60.5146854,-31.8134759],[-60.5147016,-31.8155264],[-60.514721,-31.8161535],[-60.5147379,-31.8167025],[-60.5147702,-31.8179917],[-60.5147984,-31.8186226],[-60.5148469,-31.819082],[-60.5149033,-31.8194043],[-60.5150163,-31.8200009],[-60.5150769,-31.8202171],[-60.5151172,-31.8203609],[-60.5153711,-31.8212167],[-60.5154844,-31.8215987],[-60.5157588,-31.8225175],[-60.5160189,-31.8233597],[-60.5162211,-31.8240147],[-60.5162489,-31.8241045],[-60.5163358,-31.8243861],[-60.5165093,-31.8250855],[-60.5166102,-31.8254318],[-60.5172308,-31.8274136],[-60.5173285,-31.8277254],[-60.517506,-31.8284042],[-60.517541,-31.8285564],[-60.5179767,-31.8300448],[-60.5182178,-31.8304908],[-60.5184728,-31.8308897],[-60.5185646,-31.831003],[-60.5187084,-31.8311702],[-60.5189636,-31.8314995],[-60.5199296,-31.8322866]]]},"geometry_name":"geom","properties":{"gid":5024,"rtn":"11","typ":40,"rst":1,"hct":2,"fdc":"OpenStreetMap","sag":"IGN"},"bbox":[-60.5238489,-31.8322866,-60.5143509,-31.7697003]},{"type":"Feature","id":"vial_provincial.5033","geometry":{"type":"MultiLineString","coordinates":[[[-59.8899224,-31.6672783],[-59.8898886,-31.6675801],[-59.8898326,-31.6688028],[-59.8896976,-31.6700573],[-59.8895135,-31.6712501],[-59.8881403,-31.6777079],[-59.8879563,-31.6789126],[-59.887928,-31.6799367],[-59.8880129,-31.6809366],[-59.8917078,-31.7032454],[-59.8921467,-31.7057144],[-59.8926563,-31.7082195],[-59.8967759,-31.7249949],[-59.8970308,-31.7259943],[-59.8973988,-31.7270419],[-59.8978802,-31.7282581],[-59.9031607,-31.7403706],[-59.9101116,-31.7558882],[-59.9106638,-31.757116],[-59.9110035,-31.7579707],[-59.9112159,-31.7588373],[-59.912037,-31.7628095],[-59.9126599,-31.7654696],[-59.9130846,-31.7668296],[-59.913665,-31.7684064],[-59.914571,-31.7707533],[-59.9163123,-31.7754952],[-59.9264452,-31.8043193],[-59.9271785,-31.8065005],[-59.9273448,-31.8069336],[-59.9275433,-31.8074396],[-59.9279724,-31.8083286],[-59.9283931,-31.8091062],[-59.9286108,-31.8094956],[-59.9288951,-31.8098923],[-59.9294906,-31.810649],[-59.9300377,-31.8112872],[-59.9306171,-31.8119117],[-59.9311214,-31.8123904],[-59.9316246,-31.8128165],[-59.9351728,-31.8154832],[-59.9380307,-31.8176052],[-59.9407872,-31.819556],[-59.9415391,-31.8201396],[-59.942121,-31.8206595],[-59.9447274,-31.823379],[-59.9498807,-31.8289456],[-59.950224,-31.8294287],[-59.9505513,-31.8299438],[-59.9509107,-31.8306593],[-59.951281,-31.8314847],[-59.9515759,-31.8322454],[-59.9517958,-31.8329609],[-59.9520104,-31.8337858],[-59.9521284,-31.834351],[-59.9522142,-31.8349981],[-59.9522786,-31.8359734],[-59.9521674,-31.8447693],[-59.9521454,-31.8472287]]]},"geometry_name":"geom","properties":{"gid":5033,"rtn":"32","typ":40,"rst":1,"hct":2,"fdc":"OpenStreetMap","sag":"IGN"},"bbox":[-59.9522786,-31.8472287,-59.887928,-31.6672783]},{"type":"Feature","id":"vial_provincial.5034","geometry":{"type":"MultiLineString","coordinates":[[[-59.8902274,-31.6658803],[-59.8901595,-31.6659818],[-59.8901073,-31.6660937],[-59.8900336,-31.6663968],[-59.8900106,-31.6667236],[-59.8899224,-31.6672783]]]},"geometry_name":"geom","properties":{"gid":5034,"rtn":"32","typ":40,"rst":1,"hct":2,"fdc":"OpenStreetMap","sag":"IGN"},"bbox":[-59.8902274,-31.6672783,-59.8899224,-31.6658803]},{"type":"Feature","id":"vial_provincial.4952","geometry":{"type":"MultiLineString","coordinates":[[[-59.0271768,-31.8464689],[-59.0271178,-31.846487],[-59.0270609,-31.8464766]]]},"geometry_name":"geom","properties":{"gid":4952,"rtn":"20","typ":40,"rst":1,"hct":2,"fdc":"OpenStreetMap","sag":"IGN"},"bbox":[-59.0271768,-31.846487,-59.0270609,-31.8464689]},{"type":"Feature","id":"vial_provincial.4953","geometry":{"type":"MultiLineString","coordinates":[[[-59.0270327,-31.8463186],[-59.0270841,-31.8462895],[-59.027127,-31.8462884],[-59.0271649,-31.8463092]]]},"geometry_name":"geom","properties":{"gid":4953,"rtn":"20","typ":40,"rst":1,"hct":2,"fdc":"OpenStreetMap","sag":"IGN"},"bbox":[-59.0271649,-31.8463186,-59.0270327,-31.8462884]},{"type":"Feature","id":"vial_provincial.4950","geometry":{"type":"MultiLineString","coordinates":[[[-59.0270609,-31.8464766],[-59.0270299,-31.8464417],[-59.0270157,-31.8463899],[-59.0270187,-31.8463532],[-59.0270327,-31.8463186]]]},"geometry_name":"geom","properties":{"gid":4950,"rtn":"20","typ":40,"rst":1,"hct":2,"fdc":"OpenStreetMap","sag":"IGN"},"bbox":[-59.0270609,-31.8464766,-59.0270157,-31.8463186]},{"type":"Feature","id":"vial_provincial.4955","geometry":{"type":"MultiLineString","coordinates":[[[-59.0271649,-31.8463092],[-59.0271994,-31.8463499],[-59.0272065,-31.8463784],[-59.0272034,-31.8464251],[-59.0271768,-31.8464689]]]},"geometry_name":"geom","properties":{"gid":4955,"rtn":"20","typ":40,"rst":1,"hct":2,"fdc":"OpenStreetMap","sag":"IGN"},"bbox":[-59.0272065,-31.8464689,-59.0271649,-31.8463092]},{"type":"Feature","id":"vial_provincial.5035","geometry":{"type":"MultiLineString","coordinates":[[[-59.8899224,-31.6672783],[-59.8899274,-31.6667075],[-59.8899549,-31.6663968],[-59.8899448,-31.6660973],[-59.8899159,-31.6659884],[-59.8898679,-31.6658695]]]},"geometry_name":"geom","properties":{"gid":5035,"rtn":"32","typ":40,"rst":1,"hct":2,"fdc":"OpenStreetMap","sag":"IGN"},"bbox":[-59.8899549,-31.6672783,-59.8898679,-31.6658695]},{"type":"Feature","id":"vial_provincial.5036","geometry":{"type":"MultiLineString","coordinates":[[[-59.8902274,-31.6658803],[-59.8901605,-31.6659153],[-59.8900846,-31.6659323],[-59.8900061,-31.6659299],[-59.8899318,-31.6659084],[-59.8898679,-31.6658695]]]},"geometry_name":"geom","properties":{"gid":5036,"rtn":"32","typ":40,"rst":1,"hct":2,"fdc":"OpenStreetMap","sag":"IGN"},"bbox":[-59.8902274,-31.6659323,-59.8898679,-31.6658695]},{"type":"Feature","id":"vial_provincial.5037","geometry":{"type":"MultiLineString","coordinates":[[[-59.8898679,-31.6658695],[-59.8898276,-31.6658274],[-59.8897923,-31.665755],[-59.8897877,-31.6656767],[-59.8898088,-31.6656119],[-59.889851,-31.6655551],[-59.8899108,-31.6655112]]]},"geometry_name":"geom","properties":{"gid":5037,"rtn":"32","typ":40,"rst":1,"hct":2,"fdc":"OpenStreetMap","sag":"IGN"},"bbox":[-59.8899108,-31.6658695,-59.8897877,-31.6655112]},{"type":"Feature","id":"vial_provincial.5038","geometry":{"type":"MultiLineString","coordinates":[[[-59.8901859,-31.6655047],[-59.8902445,-31.6655423],[-59.890289,-31.665592],[-59.8903156,-31.6656485],[-59.8903238,-31.6657089],[-59.890313,-31.6657691],[-59.8902839,-31.6658247],[-59.8902274,-31.6658803]]]},"geometry_name":"geom","properties":{"gid":5038,"rtn":"32","typ":40,"rst":1,"hct":2,"fdc":"OpenStreetMap","sag":"IGN"},"bbox":[-59.8903238,-31.6658803,-59.8901859,-31.6655047]},{"type":"Feature","id":"vial_provincial.5039","geometry":{"type":"MultiLineString","coordinates":[[[-59.8899108,-31.6655112],[-59.8899763,-31.6654856],[-59.8900473,-31.6654757],[-59.8901189,-31.6654823],[-59.8901859,-31.6655047]]]},"geometry_name":"geom","properties":{"gid":5039,"rtn":"32","typ":40,"rst":1,"hct":2,"fdc":"OpenStreetMap","sag":"IGN"},"bbox":[-59.8901859,-31.6655112,-59.8899108,-31.6654757]},{"type":"Feature","id":"vial_provincial.5042","geometry":{"type":"MultiLineString","coordinates":[[[-59.8901309,-31.6643387],[-59.8902182,-31.663059],[-59.8902457,-31.6621346],[-59.89018,-31.6613303],[-59.8900656,-31.6606349],[-59.8898929,-31.6598531],[-59.8897422,-31.6592569],[-59.8895397,-31.6586658],[-59.8890308,-31.6574238],[-59.8875065,-31.6535378],[-59.8854638,-31.64854],[-59.8816739,-31.6390548],[-59.8811539,-31.6377481],[-59.8809345,-31.6370743],[-59.8808637,-31.6364717],[-59.880892,-31.6358088],[-59.8810609,-31.6347471],[-59.8812176,-31.6341816],[-59.8813891,-31.633653],[-59.8814919,-31.6333199],[-59.881685,-31.6326861],[-59.8846103,-31.6237972],[-59.8865395,-31.6178012],[-59.8889344,-31.6104221],[-59.8901022,-31.6068501],[-59.8910923,-31.6036134],[-59.8912069,-31.602966],[-59.8913503,-31.6018772],[-59.8913877,-31.6012509],[-59.8913843,-31.600334],[-59.8913334,-31.5995409],[-59.89122,-31.5987652],[-59.8909867,-31.5978648],[-59.8905811,-31.5968018],[-59.8902075,-31.5959426],[-59.8896813,-31.5950334],[-59.888874,-31.593835],[-59.8874519,-31.5921145],[-59.8851654,-31.5893516],[-59.8843419,-31.5880982],[-59.8838169,-31.5871776],[-59.8835387,-31.5865547],[-59.8833566,-31.5859886],[-59.8830904,-31.5851385],[-59.8829508,-31.5845123],[-59.8822804,-31.5802258],[-59.8819627,-31.5783675],[-59.8816683,-31.5765632],[-59.8815615,-31.5755522],[-59.881652,-31.5751288],[-59.8817506,-31.5747825],[-59.8820831,-31.5743336],[-59.882564,-31.5739065],[-59.887571,-31.5703924],[-59.8881245,-31.5698402],[-59.8883021,-31.5695586],[-59.8883496,-31.5692823],[-59.88837,-31.5687288],[-59.8861397,-31.5617463],[-59.8786445,-31.5388158],[-59.8783457,-31.5381999],[-59.877963,-31.5376738],[-59.8771383,-31.5367119],[-59.876459,-31.5361142],[-59.8757698,-31.5355851],[-59.8642507,-31.5274482],[-59.8572665,-31.522503],[-59.8511247,-31.5180648],[-59.8495015,-31.5168918],[-59.8485874,-31.5162312],[-59.8476104,-31.5155252],[-59.8462766,-31.5145613],[-59.8456981,-31.5141585],[-59.8447026,-31.5134653],[-59.8438539,-31.5128744],[-59.843029,-31.5123],[-59.8427726,-31.5121215],[-59.8417838,-31.511433],[-59.8407296,-31.510699],[-59.8388031,-31.5093575],[-59.8358267,-31.507285],[-59.8358923,-31.5072149],[-59.8360855,-31.5070085],[-59.8365156,-31.5065489],[-59.8439216,-31.4989241],[-59.845538,-31.4972632],[-59.8459477,-31.496953],[-59.8463713,-31.4966684],[-59.8468254,-31.4964339],[-59.8473807,-31.4962494],[-59.8585607,-31.4944459],[-59.9061237,-31.4868598]]]},"geometry_name":"geom","properties":{"gid":5042,"rtn":"32","typ":40,"rst":1,"hct":2,"fdc":"OpenStreetMap","sag":"IGN"},"bbox":[-59.9061237,-31.6643387,-59.8358267,-31.4868598]},{"type":"Feature","id":"vial_provincial.5043","geometry":{"type":"MultiLineString","coordinates":[[[-60.2978907,-31.7248368],[-60.2977967,-31.7250052],[-60.2977537,-31.7250683],[-60.2977168,-31.725103],[-60.2976187,-31.7251714],[-60.2973132,-31.7252225],[-60.2963818,-31.7253904],[-60.2956067,-31.7255173],[-60.2950554,-31.7256075],[-60.2948693,-31.7256482],[-60.2948054,-31.7256947],[-60.294756,-31.7257467],[-60.2947415,-31.7259505],[-60.2947008,-31.7260261],[-60.2940729,-31.7260203],[-60.2931428,-31.7259447],[-60.2927184,-31.7259679],[-60.2916,-31.7261637],[-60.2913232,-31.7262121],[-60.2906997,-31.7263087],[-60.2888467,-31.7265958],[-60.2874748,-31.7268283],[-60.2871085,-31.7268864],[-60.2865969,-31.7269329],[-60.2857889,-31.7269795],[-60.2851378,-31.7270376],[-60.2843588,-31.7271713],[-60.2834752,-31.7273166],[-60.2824753,-31.7274852],[-60.2814172,-31.7277584],[-60.2797546,-31.7280724],[-60.2777781,-31.7284037],[-60.2749179,-31.7288455],[-60.2715462,-31.7294211],[-60.2683953,-31.7299152],[-60.2680116,-31.7299675],[-60.267657,-31.729985],[-60.2670931,-31.7299152],[-60.2653782,-31.7294211],[-60.2631052,-31.7288281],[-60.2620297,-31.7284677],[-60.2602159,-31.7279735],[-60.2579022,-31.727305],[-60.2543619,-31.7263284],[-60.2496937,-31.7250087],[-60.2456883,-31.7238402],[-60.2404331,-31.7223578],[-60.2374003,-31.7215029],[-60.2358754,-31.7210731],[-60.2344337,-31.7206603],[-60.2336663,-31.7204976],[-60.2328583,-31.7203755],[-60.2319398,-31.7203697],[-60.2309806,-31.7204394],[-60.2301027,-31.7205266],[-60.2293702,-31.7205612],[-60.2285971,-31.7205615],[-60.2273705,-31.7204104],[-60.226545,-31.7202883],[-60.2259578,-31.7201895],[-60.2231908,-31.7197419],[-60.2195224,-31.7191489],[-60.2176796,-31.718864],[-60.2151159,-31.7184396],[-60.2149375,-31.7184006],[-60.21368,-31.7181257],[-60.2119651,-31.7175734],[-60.2094653,-31.7167479],[-60.2080401,-31.7162604],[-60.2070179,-31.7159108],[-60.2025242,-31.7144168],[-60.1978851,-31.7128588],[-60.1927984,-31.7111555],[-60.1894325,-31.7100045],[-60.1877921,-31.7094469],[-60.1859096,-31.7088069],[-60.1828169,-31.7077663],[-60.178794,-31.706406],[-60.1752712,-31.705191],[-60.1721203,-31.7040923],[-60.1639073,-31.7013413],[-60.1598359,-31.6999565],[-60.1534169,-31.6977732],[-60.1450147,-31.6949451],[-60.1377635,-31.6924952],[-60.1345834,-31.6914147],[-60.1292462,-31.6896012],[-60.1221805,-31.6872503],[-60.1163359,-31.6852536],[-60.1106457,-31.6833254],[-60.102633,-31.6806345],[-60.0964799,-31.678552],[-60.0920408,-31.6770095],[-60.0873618,-31.6754584],[-60.0828541,-31.673933],[-60.0773438,-31.6720562],[-60.0720991,-31.670308],[-60.0651491,-31.6679428],[-60.0647055,-31.6677923],[-60.0602729,-31.6662888],[-60.0523631,-31.6636236],[-60.0469728,-31.6617897],[-60.0352362,-31.6578395],[-60.0342277,-31.6575595],[-60.0335284,-31.6573934],[-60.0327316,-31.6572826],[-60.0317703,-31.6571606],[-60.0129042,-31.655517],[-60.0064725,-31.6551239],[-59.9959303,-31.6543133],[-59.9752434,-31.6526942],[-59.9543486,-31.6508786],[-59.9536014,-31.6508468],[-59.9531157,-31.6508787],[-59.9525927,-31.6509581],[-59.9500752,-31.651568],[-59.9456969,-31.6526288],[-59.9436569,-31.653123],[-59.9331182,-31.6556897]]]},"geometry_name":"geom","properties":{"gid":5043,"rtn":"26","typ":40,"rst":2,"hct":2,"fdc":"OpenStreetMap","sag":"IGN"},"bbox":[-60.2978907,-31.729985,-59.9331182,-31.6508468]},{"type":"Feature","id":"vial_provincial.5044","geometry":{"type":"MultiLineString","coordinates":[[[-59.8901859,-31.6655047],[-59.8916048,-31.6649538],[-59.8923323,-31.6647153],[-59.8931593,-31.664424],[-59.8938985,-31.6641716],[-59.8941583,-31.6640919],[-59.8946712,-31.6639136],[-59.8958702,-31.6635484],[-59.8961045,-31.663477],[-59.8976129,-31.6629576],[-59.8983808,-31.6626735],[-59.8985615,-31.6626161],[-59.8990815,-31.662451],[-59.8992025,-31.6624386],[-59.8992453,-31.6624364],[-59.8993419,-31.6624314],[-59.8995182,-31.6624443],[-59.899766,-31.6624761],[-59.9002989,-31.6625858],[-59.9008026,-31.662684],[-59.9012952,-31.6627614],[-59.9014239,-31.6627649],[-59.9027194,-31.6628162],[-59.9037194,-31.6628685],[-59.9038038,-31.6628665],[-59.9038467,-31.6628499],[-59.9039112,-31.6628166],[-59.904092,-31.6627058],[-59.9042478,-31.6626321],[-59.9042854,-31.6626143],[-59.9043751,-31.6625776],[-59.9049814,-31.6624108],[-59.9061563,-31.6621246],[-59.9073472,-31.6618348],[-59.9085279,-31.6615523],[-59.909703,-31.6612651],[-59.9109031,-31.6609795],[-59.9120853,-31.660694],[-59.9132607,-31.6603963],[-59.9144822,-31.6601097],[-59.9156678,-31.6598278],[-59.9168439,-31.6595447],[-59.9180174,-31.6592605],[-59.9195878,-31.6588815],[-59.920603,-31.658636],[-59.9218074,-31.6583392],[-59.9229755,-31.6580584],[-59.9241556,-31.6577696],[-59.9254256,-31.6574413],[-59.9261659,-31.6572628],[-59.9272878,-31.6570052],[-59.9273992,-31.6569791],[-59.9312729,-31.6560733],[-59.9313898,-31.6560471],[-59.9325576,-31.6557856],[-59.9331182,-31.6556897]]]},"geometry_name":"geom","properties":{"gid":5044,"rtn":"26","typ":40,"rst":2,"hct":2,"fdc":"OpenStreetMap","sag":"IGN"},"bbox":[-59.9331182,-31.6655047,-59.8901859,-31.6556897]},{"type":"Feature","id":"vial_provincial.5045","geometry":{"type":"MultiLineString","coordinates":[[[-59.9331182,-31.6556897],[-59.9325724,-31.6558541],[-59.931429,-31.6561332],[-59.931301,-31.6561645],[-59.9274236,-31.6570712],[-59.9273131,-31.6570971],[-59.926206,-31.657356],[-59.9254711,-31.6575429],[-59.9241864,-31.6578574],[-59.9230052,-31.6581465],[-59.9218438,-31.6584307],[-59.920635,-31.6587272],[-59.9196338,-31.6590388],[-59.9169187,-31.6597637],[-59.9157409,-31.6600414],[-59.9145533,-31.6603403],[-59.9133539,-31.6606415],[-59.9121688,-31.6609419],[-59.9109873,-31.6612384],[-59.9098,-31.6615364],[-59.9086243,-31.6618277],[-59.9074438,-31.6621129],[-59.9062509,-31.6624089],[-59.9050714,-31.6626892],[-59.9044019,-31.6628667],[-59.9041185,-31.6629488],[-59.9040532,-31.662961],[-59.9039673,-31.662977],[-59.9038238,-31.6629807],[-59.9037342,-31.6629856],[-59.9026717,-31.6629385],[-59.9013783,-31.662887],[-59.9014239,-31.6627649]]]},"geometry_name":"geom","properties":{"gid":5045,"rtn":"26","typ":40,"rst":2,"hct":2,"fdc":"OpenStreetMap","sag":"IGN"},"bbox":[-59.9331182,-31.6629856,-59.9013783,-31.6556897]},{"type":"Feature","id":"vial_provincial.5149","geometry":{"type":"MultiLineString","coordinates":[[[-59.5761061,-30.744608],[-59.5759936,-30.7448182],[-59.5754779,-30.7457818],[-59.5748856,-30.7467966],[-59.5746939,-30.7469951],[-59.5744938,-30.7471117],[-59.5742719,-30.7471843],[-59.5740704,-30.7472307],[-59.5738835,-30.7472332],[-59.5736638,-30.7472013],[-59.5734587,-30.7471318],[-59.5722938,-30.746599],[-59.5720061,-30.746512],[-59.5716964,-30.7464564],[-59.5713802,-30.746447],[-59.5710786,-30.7464689],[-59.5692595,-30.7467372],[-59.5615624,-30.7478726],[-59.5578766,-30.7484163],[-59.5577465,-30.7484479],[-59.5567848,-30.7486144],[-59.5555388,-30.7489836],[-59.5373801,-30.7529239],[-59.5253004,-30.7553366],[-59.5090568,-30.7586429],[-59.5022702,-30.7595789],[-59.4996085,-30.7597036],[-59.4870914,-30.7617625],[-59.4713465,-30.766249],[-59.4700348,-30.7664691],[-59.4473161,-30.77060185],[-59.44660226,-30.77139897],[-59.44813701,-30.7770026],[-59.44638811,-30.7814284],[-59.44456782,-30.78321299],[-59.4367156,-30.78485482],[-59.4358352,-30.78567573],[-59.4420218,-30.80947034]]]},"geometry_name":"geom","properties":{"gid":5149,"rtn":"50","typ":40,"rst":2,"hct":2,"fdc":"OpenStreetMap","sag":"IGN"},"bbox":[-59.5761061,-30.80947034,-59.4358352,-30.744608]},{"type":"Feature","id":"vial_provincial.5107","geometry":{"type":"MultiLineString","coordinates":[[[-58.0995701,-31.395987],[-58.0995012,-31.3961025],[-58.0994421,-31.396284],[-58.09942378,-31.39643986],[-58.09926101,-31.39659488],[-58.0990451,-31.3966242],[-58.0989031,-31.3966541],[-58.0987289,-31.3967521]]]},"geometry_name":"geom","properties":{"gid":5107,"rtn":"22","typ":40,"rst":1,"hct":2,"fdc":"OpenStreetMap","sag":"IGN"},"bbox":[-58.0995701,-31.3967521,-58.0987289,-31.395987]},{"type":"Feature","id":"vial_provincial.5101","geometry":{"type":"MultiLineString","coordinates":[[[-58.07851101,-31.17252564],[-58.07853192,-31.1721419],[-58.07859096,-31.17175816],[-58.07874347,-31.17150725],[-58.0789887,-31.17127],[-58.0797695,-31.1706549],[-58.0867343,-31.165295],[-58.0926056,-31.1607765],[-58.0994264,-31.155527],[-58.1141018,-31.1442312],[-58.1152739,-31.1433068],[-58.1165789,-31.1423319],[-58.1169516,-31.1420461],[-58.1180956,-31.1411689],[-58.1185655,-31.1409572],[-58.1534687,-31.132537],[-58.1789453,-31.1262917],[-58.1874075,-31.1242361],[-58.1887254,-31.123916],[-58.1894115,-31.1239254],[-58.214004,-31.1242612],[-58.2289912,-31.1244917],[-58.2294674,-31.1245032],[-58.2299086,-31.1244733],[-58.2303323,-31.1243309],[-58.230842,-31.1239359],[-58.2327785,-31.1220531],[-58.2333791,-31.1214643],[-58.2338621,-31.1211484],[-58.2344807,-31.1207184],[-58.2447315,-31.1138614],[-58.2470033,-31.1123266],[-58.2511733,-31.109486],[-58.2603309,-31.1033388],[-58.2665196,-31.0991651],[-58.267763,-31.0983327],[-58.270406,-31.0964764],[-58.2831079,-31.0866402],[-58.2832542,-31.0865225],[-58.2952739,-31.0769505],[-58.2956709,-31.076514],[-58.2959874,-31.0761119],[-58.2962289,-31.0757376],[-58.2964488,-31.0752],[-58.2991536,-31.0697485],[-58.3045735,-31.0587672],[-58.3052762,-31.0573539],[-58.3070174,-31.0538192],[-58.3102297,-31.0473676],[-58.3118404,-31.0440203],[-58.3165709,-31.0344055],[-58.317156,-31.0331463],[-58.3174666,-31.0326126],[-58.318223,-31.0317576],[-58.3206504,-31.0292677],[-58.3272241,-31.022551],[-58.3421331,-31.0073542],[-58.3503183,-30.9988306],[-58.3515842,-30.9976166],[-58.3531292,-30.9963475],[-58.3555101,-30.9944538],[-58.3576031,-30.9928251],[-58.3581772,-30.992356],[-58.3584732,-30.9920881],[-58.3590569,-30.9915512],[-58.3598669,-30.9906453],[-58.3622058,-30.9879413],[-58.3634504,-30.9865984],[-58.3638527,-30.9861155],[-58.3644669,-30.9855338],[-58.3650382,-30.9850348],[-58.3674615,-30.9827638],[-58.3722587,-30.9783477],[-58.3745011,-30.9762826],[-58.3752413,-30.9755605],[-58.375885,-30.9749074],[-58.3769589,-30.9735748],[-58.377425,-30.9729599],[-58.3782991,-30.9718258],[-58.3787711,-30.9712738],[-58.3792861,-30.9707035],[-58.3821776,-30.9676079],[-58.3825691,-30.9670973],[-58.382891,-30.9666373],[-58.3830048,-30.9664561],[-58.383315,-30.9659951],[-58.3833657,-30.9659197],[-58.3836474,-30.9653735],[-58.3837963,-30.964871],[-58.3841469,-30.9636998],[-58.3843595,-30.9629929],[-58.3844869,-30.9625744],[-58.3846732,-30.9620284],[-58.3848079,-30.961715],[-58.3849376,-30.9614014],[-58.385221,-30.9607502],[-58.3854767,-30.9601594],[-58.3861989,-30.9585797],[-58.3868114,-30.9572398],[-58.387134,-30.9565341],[-58.3879656,-30.9547147],[-58.3899053,-30.9504712],[-58.3909427,-30.9481759],[-58.3912381,-30.9475554],[-58.3930778,-30.943612],[-58.3936804,-30.9422864],[-58.3938626,-30.9418975],[-58.3942568,-30.9414385],[-58.3945327,-30.9412485],[-58.3948617,-30.9411141],[-58.3952499,-30.9410997],[-58.397513,-30.9410159],[-58.40019,-30.9409332],[-58.4029123,-30.9408416],[-58.4076264,-30.9406483],[-58.4095754,-30.9405935],[-58.4111593,-30.9405336],[-58.4122691,-30.9405314],[-58.4132433,-30.9405624],[-58.4150346,-30.9406368],[-58.4170543,-30.9407207],[-58.4203214,-30.9408564],[-58.4234688,-30.940978],[-58.4271595,-30.9411143],[-58.4303958,-30.9412411],[-58.433421,-30.941369],[-58.43615,-30.9414917],[-58.4373402,-30.9415415],[-58.4404485,-30.9416823],[-58.4436203,-30.941826],[-58.4452577,-30.9419002],[-58.4491777,-30.9420777],[-58.4532855,-30.942275],[-58.4565631,-30.9424343],[-58.4604861,-30.9426183],[-58.4628132,-30.942726],[-58.4637721,-30.9427928],[-58.464103,-30.9428118],[-58.4644718,-30.9427933],[-58.4648975,-30.942724],[-58.4652273,-30.9426397],[-58.467306,-30.9418783],[-58.467744,-30.9416935],[-58.468124,-30.9414401],[-58.4692301,-30.9405928],[-58.4702569,-30.9398352],[-58.4719416,-30.9385995],[-58.4730648,-30.9377856],[-58.4749019,-30.9364543],[-58.4764282,-30.9353515],[-58.4773857,-30.9346544],[-58.4780007,-30.9342264],[-58.4789548,-30.9337319],[-58.4827853,-30.9317099],[-58.4902636,-30.9277861],[-58.4948039,-30.925442],[-58.4954665,-30.9250164],[-58.4959941,-30.9245883],[-58.4965688,-30.923958],[-58.505383,-30.9145545],[-58.5080905,-30.9116401],[-58.5120277,-30.907436],[-58.5160084,-30.9031892],[-58.5178979,-30.9010827],[-58.5230585,-30.8956079],[-58.5299146,-30.8882997],[-58.5352339,-30.8826293],[-58.5424264,-30.8749613],[-58.546943,-30.870146],[-58.5514744,-30.8652779],[-58.5569637,-30.8593833],[-58.5595523,-30.8566108],[-58.5628502,-30.8531327],[-58.5641418,-30.8517643],[-58.5677233,-30.844839],[-58.5730763,-30.8345145],[-58.5760464,-30.8288789],[-58.5771804,-30.8267123],[-58.5791484,-30.822952],[-58.5814978,-30.8183968],[-58.5851756,-30.8113724],[-58.5899891,-30.8021669],[-58.5900454,-30.8020592],[-58.5916887,-30.7989244],[-58.5923369,-30.7976453],[-58.5934821,-30.7954632],[-58.5942053,-30.7940851],[-58.594261,-30.7939789],[-58.5952547,-30.7920853],[-58.5965757,-30.7895682],[-58.5973819,-30.7880318],[-58.598357,-30.786132],[-58.5999057,-30.783186],[-58.6013065,-30.7805213],[-58.6020867,-30.7790371],[-58.6029491,-30.7773474],[-58.6046271,-30.7741661],[-58.605909,-30.7717359],[-58.6084683,-30.7668836],[-58.6101265,-30.7637398],[-58.6103479,-30.7632562],[-58.6104449,-30.7628756],[-58.6105534,-30.7624496],[-58.6106506,-30.7621753],[-58.6108467,-30.7618646],[-58.6111967,-30.7614812],[-58.6115645,-30.7609561],[-58.6128254,-30.7585524],[-58.6139441,-30.7564198],[-58.6158723,-30.7527439],[-58.6180451,-30.7486016],[-58.6192725,-30.7462614],[-58.620871,-30.7432138],[-58.6213518,-30.742297],[-58.6226831,-30.7397596],[-58.6251271,-30.7351012],[-58.6263358,-30.7327974],[-58.6284545,-30.7287587],[-58.630622,-30.724627],[-58.6328132,-30.7204039],[-58.6333489,-30.7193861],[-58.6340496,-30.7180322],[-58.6351448,-30.7159884],[-58.6356311,-30.715063],[-58.6364445,-30.7135151],[-58.6371172,-30.7122349],[-58.6385257,-30.7095082],[-58.6398203,-30.7070755],[-58.64035,-30.7060908],[-58.6406499,-30.705667],[-58.6414095,-30.7047474],[-58.6431081,-30.7025813],[-58.6438186,-30.7016905],[-58.6450535,-30.7001129],[-58.6466738,-30.6980562],[-58.6486587,-30.6955434],[-58.6493433,-30.6946765],[-58.6494994,-30.6944751],[-58.6512492,-30.6922782],[-58.6517857,-30.6915171],[-58.652145,-30.6906913],[-58.6568413,-30.6778233],[-58.6574478,-30.6762641],[-58.6616715,-30.6649164],[-58.6660059,-30.6533322],[-58.6710327,-30.6398174],[-58.6728397,-30.6349588],[-58.6756716,-30.6273438],[-58.6759943,-30.6264763],[-58.6779851,-30.6211225],[-58.6791578,-30.6179688],[-58.6797548,-30.6163633],[-58.6811017,-30.612741],[-58.6830498,-30.6075834],[-58.684397,-30.6039568],[-58.6844399,-30.6038376],[-58.6853178,-30.6013992],[-58.6863473,-30.5986301],[-58.6880182,-30.5941356],[-58.6896004,-30.5898795],[-58.6900487,-30.5886737],[-58.6917645,-30.5841777],[-58.6937231,-30.5789001],[-58.6953874,-30.574415],[-58.6982109,-30.5668877],[-58.7009036,-30.5596202],[-58.7016018,-30.557808],[-58.7037059,-30.5522481],[-58.7058671,-30.5463877],[-58.7061205,-30.5457006],[-58.7086128,-30.5389976],[-58.7112621,-30.5317988],[-58.7120654,-30.529616],[-58.7139498,-30.524524],[-58.7160259,-30.5188707],[-58.7193826,-30.5097922],[-58.7196401,-30.5089095],[-58.7197367,-30.5082948],[-58.719742,-30.5076338],[-58.7195721,-30.5061339],[-58.7184386,-30.4965733],[-58.718401,-30.4961712],[-58.7184775,-30.4958204],[-58.7186424,-30.4954917],[-58.7269993,-30.4805272],[-58.7299042,-30.475325],[-58.733143,-30.4695959],[-58.7364453,-30.463628],[-58.74503,-30.4481797],[-58.7455717,-30.4473333],[-58.7460438,-30.4467183],[-58.7468216,-30.4456847],[-58.7470576,-30.4453818],[-58.7474117,-30.444762],[-58.7476639,-30.4439249],[-58.7481684,-30.442288],[-58.7483818,-30.4416131],[-58.7486241,-30.4408945],[-58.7497345,-30.4373066],[-58.7498847,-30.4366221],[-58.7499706,-30.435771],[-58.7500564,-30.434254],[-58.7501208,-30.4336989],[-58.750222,-30.4334676],[-58.7503997,-30.4332364],[-58.7507001,-30.4328849],[-58.7524811,-30.4312938],[-58.7528146,-30.4310754],[-58.7532574,-30.4308947],[-58.7549078,-30.4306797],[-58.7602612,-30.4299822]]]},"geometry_name":"geom","properties":{"gid":5101,"rtn":"28","typ":40,"rst":2,"hct":2,"fdc":"OpenStreetMap","sag":"IGN"},"bbox":[-58.7602612,-31.17252564,-58.07851101,-30.4299822]},{"type":"Feature","id":"vial_provincial.5105","geometry":{"type":"MultiLineString","coordinates":[[[-58.01535573,-31.38555157],[-58.04533694,-31.38069747],[-58.0494772,-31.37869872],[-58.05376023,-31.38069747],[-58.0864808,-31.4082941],[-58.0873678,-31.4074427],[-58.0881658,-31.4066744],[-58.0882725,-31.4065713],[-58.0887968,-31.4060643],[-58.0889888,-31.4058834],[-58.0898715,-31.4050539],[-58.0918172,-31.4032336],[-58.0936434,-31.401525],[-58.0985905,-31.3968823],[-58.0987289,-31.3967521]]]},"geometry_name":"geom","properties":{"gid":5105,"rtn":"22","typ":40,"rst":1,"hct":2,"fdc":"OpenStreetMap","sag":"IGN"},"bbox":[-58.0987289,-31.4082941,-58.01535573,-31.37869872]},{"type":"Feature","id":"vial_provincial.5106","geometry":{"type":"MultiLineString","coordinates":[[[-58.0987289,-31.3967521],[-58.098826,-31.3966203],[-58.0988719,-31.3964936],[-58.09889155,-31.39632102],[-58.0990569,-31.39616342],[-58.0992568,-31.396122],[-58.0994024,-31.3960711],[-58.0995701,-31.395987]]]},"geometry_name":"geom","properties":{"gid":5106,"rtn":"22","typ":40,"rst":1,"hct":2,"fdc":"OpenStreetMap","sag":"IGN"},"bbox":[-58.0995701,-31.3967521,-58.0987289,-31.395987]},{"type":"Feature","id":"vial_provincial.5109","geometry":{"type":"MultiLineString","coordinates":[[[-58.10152942,-31.39419471],[-58.10169219,-31.39386142],[-58.10171285,-31.39362114],[-58.10190404,-31.39349455],[-58.1020948,-31.393491],[-58.1022477,-31.3934363],[-58.1024411,-31.3933401]]]},"geometry_name":"geom","properties":{"gid":5109,"rtn":"22","typ":40,"rst":1,"hct":2,"fdc":"OpenStreetMap","sag":"IGN"},"bbox":[-58.1024411,-31.39419471,-58.10152942,-31.3933401]},{"type":"Feature","id":"vial_provincial.5110","geometry":{"type":"MultiLineString","coordinates":[[[-58.1024411,-31.3933401],[-58.1023464,-31.3935121],[-58.10227091,-31.39390534],[-58.10204614,-31.3940216],[-58.10190663,-31.39403452],[-58.10152942,-31.39419471]]]},"geometry_name":"geom","properties":{"gid":5110,"rtn":"22","typ":40,"rst":1,"hct":2,"fdc":"OpenStreetMap","sag":"IGN"},"bbox":[-58.1024411,-31.39419471,-58.10152942,-31.3933401]},{"type":"Feature","id":"vial_provincial.5111","geometry":{"type":"MultiLineString","coordinates":[[[-58.1024411,-31.3933401],[-58.1027282,-31.3930698],[-58.1066661,-31.3894308],[-58.1080662,-31.3881369],[-58.1114966,-31.3849377],[-58.1149115,-31.3817516],[-58.1150515,-31.3816224],[-58.1151974,-31.3815292],[-58.1153691,-31.3814834],[-58.1155169,-31.3814617],[-58.1157276,-31.3814758],[-58.1159238,-31.3815249],[-58.1187741,-31.3824268],[-58.1190444,-31.3824913],[-58.1192507,-31.382523],[-58.119437,-31.3825405],[-58.1196374,-31.3825446],[-58.1198861,-31.3825369],[-58.1201505,-31.3825135],[-58.120991,-31.3824042],[-58.1218416,-31.3822977],[-58.1247287,-31.3819075],[-58.1247836,-31.3818998],[-58.1269284,-31.3815955],[-58.1291221,-31.3812943],[-58.1296622,-31.3812302],[-58.1299365,-31.3812065],[-58.1302053,-31.3812098],[-58.13049,-31.3812338],[-58.1307991,-31.381325],[-58.1310882,-31.381441],[-58.1312948,-31.3815573],[-58.1314806,-31.3816775],[-58.132359,-31.3823343],[-58.1325551,-31.3824642],[-58.1327731,-31.3825906],[-58.1330425,-31.3826874],[-58.1333193,-31.3827241],[-58.1336014,-31.3827314],[-58.1339811,-31.382713],[-58.1342965,-31.3826641],[-58.1346089,-31.3826073],[-58.1439705,-31.3803452],[-58.1471067,-31.3795716],[-58.1482634,-31.3793189],[-58.15137,-31.3787166],[-58.1545118,-31.3781221],[-58.156982,-31.3776434],[-58.1573245,-31.377577],[-58.160168,-31.3770298],[-58.1658323,-31.3759412],[-58.1724407,-31.3746781],[-58.1727694,-31.3746035],[-58.1730865,-31.3745158],[-58.1733977,-31.3743945],[-58.1736188,-31.3742727],[-58.173846,-31.3741071],[-58.1743187,-31.3736861],[-58.1750377,-31.3729863],[-58.1753035,-31.3727664],[-58.1755242,-31.3726332],[-58.1757701,-31.372519],[-58.1760609,-31.3724345],[-58.1763974,-31.3723613],[-58.1767273,-31.3723212],[-58.1792547,-31.3720903],[-58.181786,-31.3718289],[-58.1870435,-31.3712936],[-58.1922822,-31.3707457],[-58.1937154,-31.3706101],[-58.1944179,-31.3705392],[-58.1950393,-31.3704512],[-58.2156499,-31.3665651],[-58.2187864,-31.3659737],[-58.2209286,-31.3655698],[-58.2334802,-31.3631948],[-58.2460281,-31.3607578],[-58.2711213,-31.3558741],[-58.2724499,-31.355616],[-58.2728121,-31.3555495],[-58.2731849,-31.3554968],[-58.2735309,-31.3554648],[-58.2738903,-31.355451],[-58.2746093,-31.3554473],[-58.2842094,-31.3555004],[-58.2942449,-31.3555414],[-58.3143079,-31.3556072],[-58.324428,-31.3556422],[-58.329482,-31.3556604],[-58.3307082,-31.3556604],[-58.3319813,-31.3556313],[-58.3332629,-31.3555841],[-58.3339074,-31.3555564],[-58.3350705,-31.3555254],[-58.3444863,-31.3555295],[-58.3544613,-31.3555609],[-58.3565426,-31.3555472],[-58.3573312,-31.3555014],[-58.3581573,-31.3554236],[-58.3591336,-31.3552769],[-58.3600787,-31.3550791],[-58.3615211,-31.3546671],[-58.3627568,-31.3542251],[-58.3834042,-31.3452562],[-58.3874826,-31.3434674],[-58.3908545,-31.3419693],[-58.3934758,-31.3408439],[-58.3966911,-31.3390006],[-58.4084894,-31.3322364],[-58.4098544,-31.3318095],[-58.4112265,-31.3315463],[-58.4132577,-31.3313347],[-58.4207818,-31.3306331],[-58.4224928,-31.3304631],[-58.4264949,-31.329575],[-58.42754,-31.3293431],[-58.4405745,-31.3262642],[-58.4509807,-31.3238758],[-58.4659767,-31.3204092],[-58.4782158,-31.3175094],[-58.493532,-31.3132917],[-58.5008331,-31.3108493],[-58.5010436,-31.3107779],[-58.5841763,-31.2813809],[-58.5845009,-31.2812168],[-58.5847342,-31.2809962],[-58.5849407,-31.2807492],[-58.5851366,-31.2804635],[-58.5895961,-31.2645573],[-58.5903633,-31.2615047],[-58.5943802,-31.2329988],[-58.5946047,-31.2318348],[-58.5948674,-31.2309248],[-58.5948967,-31.2308234],[-58.5953772,-31.2298119],[-58.5959398,-31.2288498],[-58.5964876,-31.2280825],[-58.5972172,-31.2272477],[-58.5979381,-31.226568],[-58.6050766,-31.2199837],[-58.6098198,-31.2156448],[-58.6157461,-31.2101471],[-58.6205004,-31.2057365],[-58.6229571,-31.2034539],[-58.6232771,-31.2031207],[-58.6253684,-31.2007157],[-58.6289078,-31.1965445],[-58.636143,-31.1881635],[-58.6474124,-31.175625],[-58.6541694,-31.167715],[-58.6595074,-31.1615448],[-58.6604344,-31.1605847],[-58.6613776,-31.1599306],[-58.662646,-31.1592905],[-58.6639957,-31.1588869],[-58.6926654,-31.1534039],[-58.6942753,-31.1530699],[-58.6959178,-31.1524994],[-58.70574,-31.1488809],[-58.7088785,-31.1477118],[-58.7095127,-31.1474474],[-58.7101469,-31.1471134],[-58.7210333,-31.1404408],[-58.7280137,-31.1364794],[-58.728407,-31.1362586],[-58.7293128,-31.1358367],[-58.7333241,-31.1339705],[-58.7410684,-31.1303938],[-58.7440473,-31.129004],[-58.7448247,-31.1285778],[-58.7536365,-31.1214623],[-58.7601813,-31.1160514],[-58.7605329,-31.1157693],[-58.7659502,-31.1114244],[-58.7666539,-31.1108517],[-58.7692233,-31.1087718],[-58.7696242,-31.1083643],[-58.7699541,-31.1079855],[-58.770327,-31.1074894],[-58.7705902,-31.1070273],[-58.7713761,-31.1053844],[-58.7717717,-31.1045982],[-58.7721187,-31.1039585],[-58.7723064,-31.1036748],[-58.7726846,-31.1033023],[-58.7730092,-31.1030157],[-58.7733667,-31.1027594],[-58.7888027,-31.0942651],[-58.7892258,-31.0939597],[-58.7895173,-31.0936616],[-58.7898352,-31.0932372],[-58.7900198,-31.092848],[-58.7901547,-31.092413],[-58.7901841,-31.0918507],[-58.789922,-31.0874633],[-58.7899017,-31.0867152],[-58.7899742,-31.086265],[-58.7901029,-31.0858423],[-58.790288,-31.0853829],[-58.7920502,-31.0815192],[-58.7965867,-31.0720753],[-58.8011769,-31.064559],[-58.8094679,-31.05125],[-58.8165758,-31.044134],[-58.8168922,-31.0436745],[-58.8170187,-31.0432549],[-58.8170457,-31.042908],[-58.8169999,-31.0425436],[-58.8168629,-31.0422355],[-58.8166863,-31.0419314],[-58.8163572,-31.0415935],[-58.796343,-31.0267124],[-58.7961557,-31.0265628],[-58.7959915,-31.0264187],[-58.7958801,-31.0262906],[-58.7957042,-31.0260395],[-58.7955892,-31.0258],[-58.7955215,-31.0255614],[-58.7954914,-31.0253048],[-58.7954922,-31.0250195],[-58.7955669,-31.0247371],[-58.795655,-31.0245186],[-58.7957561,-31.0243438],[-58.795866,-31.0241626],[-58.7959839,-31.0240045],[-58.7961746,-31.0237584],[-58.8009878,-31.0175402],[-58.8011653,-31.017303],[-58.8013758,-31.0170061],[-58.801522,-31.0167588],[-58.8016466,-31.0164896],[-58.8017802,-31.0161222],[-58.8022476,-31.0146915],[-58.8024786,-31.0140086],[-58.8026848,-31.0134058],[-58.8028735,-31.0128437],[-58.8029939,-31.012403],[-58.8030872,-31.0118958],[-58.8031499,-31.0114182],[-58.8045153,-31.0021242],[-58.8045833,-31.001616],[-58.8046231,-31.0012617],[-58.8046463,-31.0009238],[-58.804636,-31.0006854],[-58.8045829,-31.0003809],[-58.804498,-31.0001124],[-58.8044114,-30.9998959],[-58.80429,-30.9995841],[-58.8041399,-30.9992077],[-58.8040045,-30.9988723],[-58.8030512,-30.9965055],[-58.8026316,-30.9954959],[-58.8024831,-30.9951145],[-58.8020966,-30.994121],[-58.8018992,-30.993683],[-58.8016636,-30.9931695],[-58.8014423,-30.9927014],[-58.795634,-30.9814676],[-58.7938999,-30.9782635],[-58.7918564,-30.9746555],[-58.7879078,-30.9676835],[-58.7877913,-30.9674837],[-58.7876823,-30.9672774],[-58.7875859,-30.9670721],[-58.7875254,-30.9669024],[-58.7874669,-30.9666981],[-58.7874166,-30.966435],[-58.787385,-30.9660417],[-58.7873534,-30.9650691],[-58.7872941,-30.9633431],[-58.7872764,-30.9630525],[-58.7872562,-30.9628725],[-58.7872158,-30.9626085],[-58.7871501,-30.9622581],[-58.7870658,-30.9617996],[-58.787441,-30.953618]]]},"geometry_name":"geom","properties":{"gid":5111,"rtn":"22","typ":40,"rst":1,"hct":2,"fdc":"OpenStreetMap","sag":"IGN"},"bbox":[-58.8170457,-31.3933401,-58.1024411,-30.953618]},{"type":"Feature","id":"vial_provincial.5134","geometry":{"type":"MultiLineString","coordinates":[[[-58.5508075,-31.8099547],[-58.53128534,-31.78426664],[-58.53122823,-31.77273101],[-58.5115834,-31.74200741],[-58.50707195,-31.73926627],[-58.50495898,-31.72864436],[-58.51701676,-31.70860897],[-58.5137807,-31.69395149]]]},"geometry_name":"geom","properties":{"gid":5134,"rtn":"23","typ":40,"rst":1,"hct":2,"fdc":"OpenStreetMap","sag":"IGN"},"bbox":[-58.5508075,-31.8099547,-58.50495898,-31.69395149]},{"type":"Feature","id":"vial_provincial.5121","geometry":{"type":"MultiLineString","coordinates":[[[-58.01645782,-30.74378019],[-58.0174367,-30.7429025],[-58.0184411,-30.7420344],[-58.0191263,-30.7414422],[-58.0206984,-30.7400834],[-58.0227802,-30.7382839],[-58.0229997,-30.7380942],[-58.0280121,-30.7337616],[-58.0334375,-30.7290718],[-58.0367104,-30.7271778],[-58.0404675,-30.7249779],[-58.0410448,-30.7245668],[-58.0415565,-30.724199],[-58.0458637,-30.7204153],[-58.0484059,-30.7180067],[-58.0492224,-30.7172331],[-58.0499493,-30.7163107],[-58.0504987,-30.7155712],[-58.0556201,-30.7063127],[-58.0566381,-30.7044722],[-58.0571278,-30.7035868],[-58.0582675,-30.7015263],[-58.0591656,-30.6999026],[-58.063397,-30.6923727],[-58.0639843,-30.6914376],[-58.0653219,-30.6894168],[-58.0656469,-30.6889009],[-58.0659469,-30.6883527],[-58.0666343,-30.6866866],[-58.0668343,-30.6862889],[-58.0670981,-30.6859098],[-58.0677746,-30.6852967],[-58.0686991,-30.6844665],[-58.0744163,-30.6793917],[-58.0755963,-30.6784095],[-58.0762164,-30.6778969],[-58.0833616,-30.67288],[-58.0921579,-30.6666375],[-58.0963077,-30.6637239],[-58.0971076,-30.6631326],[-58.0973951,-30.662896],[-58.0977701,-30.662552],[-58.0981951,-30.6622079],[-58.0989825,-30.6616811],[-58.1015729,-30.6598795],[-58.1041295,-30.6585054],[-58.1086876,-30.6560829],[-58.1190869,-30.6505855],[-58.1248269,-30.6475967],[-58.1337632,-30.6428149],[-58.1517171,-30.6333351],[-58.1529796,-30.6327414],[-58.153697,-30.6323495],[-58.1540544,-30.6320983],[-58.1569168,-30.6301301],[-58.1572293,-30.6298612],[-58.1575417,-30.6294633],[-58.1599041,-30.6263011],[-58.1603266,-30.6258068],[-58.1612415,-30.6248383],[-58.161454,-30.6245587],[-58.1703346,-30.6118185],[-58.1710734,-30.6107585],[-58.1793273,-30.5989616],[-58.1877602,-30.5871679],[-58.1967699,-30.5743737],[-58.1987437,-30.5716462],[-58.199321,-30.570851],[-58.1999807,-30.5701552],[-58.2011022,-30.5690617],[-58.2015805,-30.5685931],[-58.2019928,-30.5680535],[-58.2038236,-30.56527],[-58.2042359,-30.5647162],[-58.2046317,-30.5642902],[-58.2067758,-30.5621173],[-58.2088209,-30.5598876],[-58.2100238,-30.5584642],[-58.2103318,-30.5580998],[-58.2138018,-30.5539936],[-58.2186507,-30.5483407],[-58.2220482,-30.5442783],[-58.2225595,-30.5435397],[-58.2231368,-30.5425312],[-58.2339561,-30.5235378],[-58.234352,-30.5229269],[-58.2346653,-30.5222307],[-58.236562,-30.5164765],[-58.2367434,-30.5157661],[-58.2367764,-30.5149704],[-58.2371887,-30.5090879],[-58.2373702,-30.5075817],[-58.2381123,-30.5016987],[-58.2381288,-30.5010734],[-58.2380299,-30.5004482],[-58.2359188,-30.4917224],[-58.2356549,-30.4910118],[-58.2353415,-30.4904859],[-58.2244942,-30.4744338],[-58.221504,-30.4712976],[-58.2201351,-30.4699187],[-58.2196073,-30.4692648],[-58.2173313,-30.4665355],[-58.2171004,-30.4661943],[-58.2170014,-30.4658815],[-58.2169354,-30.4655688],[-58.2168859,-30.4652276],[-58.2170014,-30.4618015],[-58.2180669,-30.4491436],[-58.2182054,-30.4482524],[-58.2183538,-30.4474135],[-58.2191785,-30.4443565],[-58.2314492,-30.4075226],[-58.2323398,-30.405076],[-58.2327356,-30.4042794],[-58.2331645,-30.4033832],[-58.2345334,-30.4011926],[-58.2350447,-30.4005382],[-58.2355559,-30.4001257],[-58.26829809,-30.37429605],[-58.27289045,-30.37060788],[-58.2799384,-30.3648546],[-58.2919203,-30.3544558],[-58.298671,-30.3485966],[-58.2997765,-30.347625],[-58.3001681,-30.3472692],[-58.3005638,-30.3469096],[-58.3013826,-30.3461512],[-58.30309533,-30.34477645],[-58.30397097,-30.34401503],[-58.30560804,-30.34256831],[-58.3058555,-30.34203531],[-58.30886314,-30.33940839],[-58.31206114,-30.33659111],[-58.31312614,-30.33564939],[-58.31371724,-30.33611522],[-58.31512588,-30.33731446],[-58.31588731,-30.33676243],[-58.3164969,-30.3362256],[-58.3173763,-30.3369122],[-58.318188,-30.3376398],[-58.3190267,-30.338341],[-58.3198578,-30.3390357],[-58.3211275,-30.3400976],[-58.32030359,-30.34077896],[-58.32218812,-30.34209242],[-58.32411073,-30.34243506],[-58.32580491,-30.34228278],[-58.3278798,-30.34146424],[-58.328444,-30.3414477],[-58.3306393,-30.3403813],[-58.387962,-30.3125323],[-58.389004,-30.3121562],[-58.3901786,-30.3118291],[-58.4578999,-30.2979205],[-58.4584389,-30.2979096],[-58.458761,-30.2980732],[-58.4592346,-30.2983022],[-58.4594809,-30.2984004],[-58.4598408,-30.298384],[-58.4697872,-30.2963229],[-58.4700335,-30.2961757],[-58.4701661,-30.2959958],[-58.4702798,-30.2958158],[-58.4706018,-30.2955541],[-58.470905,-30.2953578],[-58.4714898,-30.2951485]]]},"geometry_name":"geom","properties":{"gid":5121,"rtn":"1","typ":40,"rst":2,"hct":2,"fdc":"OpenStreetMap","sag":"IGN"},"bbox":[-58.4714898,-30.74378019,-58.01645782,-30.2951485]},{"type":"Feature","id":"vial_provincial.5122","geometry":{"type":"MultiLineString","coordinates":[[[-59.58016747,-30.74519188],[-59.5801344,-30.7451894],[-59.5799871,-30.7451085],[-59.5798472,-30.7450779],[-59.5796454,-30.7450516],[-59.5793924,-30.7450441]]]},"geometry_name":"geom","properties":{"gid":5122,"rtn":"A401","typ":40,"rst":1,"hct":2,"fdc":"OpenStreetMap","sag":"IGN"},"bbox":[-59.58016747,-30.74519188,-59.5793924,-30.7450441]},{"type":"Feature","id":"vial_provincial.5123","geometry":{"type":"MultiLineString","coordinates":[[[-59.5793924,-30.7450441],[-59.5791465,-30.745088],[-59.5785518,-30.7451942],[-59.5780797,-30.745244],[-59.5776918,-30.7452263],[-59.5774023,-30.7451442],[-59.5761061,-30.744608],[-59.5672621,-30.740777],[-59.5667524,-30.7405789],[-59.5663581,-30.7404392],[-59.565952,-30.7403747],[-59.5655759,-30.7403618],[-59.5648465,-30.7404106],[-59.5641046,-30.7405145],[-59.5564647,-30.7418884],[-59.5523996,-30.7426194],[-59.5518784,-30.742624],[-59.5512486,-30.7425692],[-59.5500399,-30.7420963],[-59.546138,-30.7404257],[-59.5443192,-30.739693],[-59.5423868,-30.739123],[-59.5204972,-30.7328535],[-59.5074952,-30.729384],[-59.5065024,-30.7290403],[-59.4888186,-30.7183087],[-59.4874635,-30.7175185],[-59.4870613,-30.7173383],[-59.4866896,-30.7172076],[-59.4863145,-30.717103],[-59.4845099,-30.7166091],[-59.4841247,-30.7164493],[-59.4838408,-30.7162866],[-59.483611,-30.7161123],[-59.4832765,-30.7158014],[-59.4820295,-30.7144272],[-59.4818098,-30.7142006],[-59.4816273,-30.7140379],[-59.4814077,-30.7138723],[-59.481019,-30.7136021],[-59.45753547,-30.69946688],[-59.4487292,-30.6941662],[-59.4387747,-30.6881337],[-59.4113209,-30.6714527],[-59.397625,-30.66313],[-59.396583,-30.6626085],[-59.395541,-30.6622336],[-59.3942741,-30.661717],[-59.3937361,-30.6615242],[-59.3932126,-30.6613366],[-59.3896749,-30.6601099],[-59.3890616,-30.6598108],[-59.3884715,-30.6592177],[-59.386828,-30.6576955],[-59.3862321,-30.657224],[-59.3855189,-30.6568719],[-59.3846663,-30.6566926],[-59.3823739,-30.6561711],[-59.3814646,-30.6559429],[-59.380953,-30.6556985],[-59.380271,-30.6551444],[-59.3735454,-30.6496355],[-59.3725034,-30.6487554],[-59.3718024,-30.6482827],[-59.3708173,-30.6477938],[-59.3596225,-30.6427738],[-59.3376499,-30.6327378],[-59.3351147,-30.631493],[-59.3343385,-30.6311018],[-59.3334727,-30.6306416],[-59.2773042,-30.5952831],[-59.2698641,-30.5906343],[-59.2657776,-30.5879886],[-59.2633528,-30.5862604],[-59.2617696,-30.5851657],[-59.2601135,-30.5841189],[-59.2551065,-30.5809538],[-59.2543604,-30.5804822],[-59.2528949,-30.5796019],[-59.2492071,-30.5775854],[-59.2488186,-30.5773394],[-59.192326,-30.5418643],[-59.1916368,-30.5414562],[-59.1908614,-30.5410605],[-59.1895549,-30.5405783],[-59.1575941,-30.5303139],[-59.156546,-30.5299058],[-59.1554261,-30.5293863],[-59.1527842,-30.5280754],[-59.1514346,-30.5274817],[-59.1501567,-30.5269994],[-59.1386183,-30.5232706],[-59.1384837,-30.5232271],[-59.1364162,-30.5226087],[-59.1348512,-30.5222995],[-59.1316924,-30.52178],[-59.1303141,-30.5214337],[-59.128706,-30.5209761],[-59.0568532,-30.4977533],[-59.0566345,-30.4976755],[-59.0378362,-30.4916041],[-59.0367829,-30.491061],[-59.0330501,-30.4892768],[-59.0290295,-30.4879486],[-59.0226112,-30.4858284],[-59.0210609,-30.4853077],[-59.0200415,-30.4850355],[-59.0185483,-30.4846643],[-59.0172561,-30.4843302],[-59.0159208,-30.4839219],[-59.0158342,-30.483892],[-58.9960852,-30.4770654],[-58.9946998,-30.4765348],[-58.9935546,-30.4760636],[-58.992302,-30.4753469],[-58.9907801,-30.4743198],[-58.9658572,-30.4579072],[-58.9627586,-30.4558758],[-58.9281077,-30.4332155],[-58.9272032,-30.4326708],[-58.9261263,-30.4322127],[-58.9254946,-30.4320023],[-58.9118402,-30.4272731],[-58.9094999,-30.426456],[-58.9055371,-30.4249579],[-58.9037423,-30.4242893],[-58.9020194,-30.4236703],[-58.8949266,-30.4211817],[-58.894483,-30.4210245],[-58.8936343,-30.4207236],[-58.890533,-30.4199312],[-58.8896285,-30.4196712],[-58.8883793,-30.4192626],[-58.846325,-30.4049114],[-58.8072542,-30.3915206],[-58.7991448,-30.3888118],[-58.7984987,-30.3886384],[-58.7965891,-30.3881182],[-58.7851602,-30.3849351],[-58.7840259,-30.3846131],[-58.7831754,-30.3842591],[-58.7788533,-30.382092],[-58.777894,-30.381693],[-58.7774863,-30.3815125],[-58.7771001,-30.3813367],[-58.7768855,-30.3812719],[-58.7766548,-30.3812256]]]},"geometry_name":"geom","properties":{"gid":5123,"rtn":"A401","typ":40,"rst":1,"hct":2,"fdc":"OpenStreetMap","sag":"IGN"},"bbox":[-59.5793924,-30.745244,-58.7766548,-30.3812256]},{"type":"Feature","id":"vial_provincial.5124","geometry":{"type":"MultiLineString","coordinates":[[[-59.581497,-30.7447313],[-59.5811209,-30.7448755],[-59.5809886,-30.7449561],[-59.58073438,-30.74514997]]]},"geometry_name":"geom","properties":{"gid":5124,"rtn":"A401","typ":40,"rst":1,"hct":2,"fdc":"OpenStreetMap","sag":"IGN"},"bbox":[-59.581497,-30.74514997,-59.58073438,-30.7447313]},{"type":"Feature","id":"vial_provincial.5126","geometry":{"type":"MultiLineString","coordinates":[[[-59.5800505,-30.7447227],[-59.5797717,-30.7448917],[-59.5793924,-30.7450441]]]},"geometry_name":"geom","properties":{"gid":5126,"rtn":"A401","typ":40,"rst":1,"hct":2,"fdc":"OpenStreetMap","sag":"IGN"},"bbox":[-59.5800505,-30.7450441,-59.5793924,-30.7447227]},{"type":"Feature","id":"vial_provincial.5127","geometry":{"type":"MultiLineString","coordinates":[[[-59.58067183,-30.74459141],[-59.5809808,-30.744683],[-59.5812169,-30.7447291],[-59.581497,-30.7447313]]]},"geometry_name":"geom","properties":{"gid":5127,"rtn":"A401","typ":40,"rst":1,"hct":2,"fdc":"OpenStreetMap","sag":"IGN"},"bbox":[-59.581497,-30.7447313,-59.58067183,-30.74459141]},{"type":"Feature","id":"vial_provincial.5136","geometry":{"type":"MultiLineString","coordinates":[[[-59.172083,-31.8089569],[-59.1724566,-31.807779],[-59.1727092,-31.8071285],[-59.1727449,-31.8070289],[-59.172985,-31.8063844],[-59.1734983,-31.8052125]]]},"geometry_name":"geom","properties":{"gid":5136,"rtn":"6","typ":40,"rst":1,"hct":2,"fdc":"OpenStreetMap","sag":"IGN"},"bbox":[-59.1734983,-31.8089569,-59.172083,-31.8052125]},{"type":"Feature","id":"vial_provincial.5137","geometry":{"type":"MultiLineString","coordinates":[[[-59.1734983,-31.8052125],[-59.1731112,-31.8064072],[-59.1728819,-31.8070663],[-59.1728462,-31.8071649],[-59.1725962,-31.8078167],[-59.172083,-31.8089569]]]},"geometry_name":"geom","properties":{"gid":5137,"rtn":"6","typ":40,"rst":1,"hct":2,"fdc":"OpenStreetMap","sag":"IGN"},"bbox":[-59.1734983,-31.8089569,-59.172083,-31.8052125]},{"type":"Feature","id":"vial_provincial.5138","geometry":{"type":"MultiLineString","coordinates":[[[-59.1734983,-31.8052125],[-59.1746418,-31.8023058]]]},"geometry_name":"geom","properties":{"gid":5138,"rtn":"6","typ":40,"rst":1,"hct":2,"fdc":"OpenStreetMap","sag":"IGN"},"bbox":[-59.1746418,-31.8052125,-59.1734983,-31.8023058]},{"type":"Feature","id":"vial_provincial.5152","geometry":{"type":"MultiLineString","coordinates":[[[-60.38219153,-31.64878689],[-60.37309009,-31.65264162],[-60.3717338,-31.6536053],[-60.36588032,-31.65617512],[-60.36231113,-31.65770987],[-60.3611333,-31.6579954],[-60.35899178,-31.65856647],[-60.35767118,-31.65960154],[-60.35092541,-31.66263535],[-60.34835559,-31.66474117],[-60.34810575,-31.6650624],[-60.33786217,-31.67141556],[-60.33754094,-31.67184387],[-60.33714833,-31.67237924],[-60.33689849,-31.67437799],[-60.33721971,-31.67516321],[-60.33918277,-31.67784011],[-60.33953969,-31.67844687],[-60.33982522,-31.67998162],[-60.33968246,-31.68126653],[-60.33921846,-31.6818376],[-60.33807632,-31.68244436],[-60.32636937,-31.68394343],[-60.32332961,-31.68446294],[-60.32261577,-31.68470089],[-60.32053374,-31.68499832],[-60.31854094,-31.68499832],[-60.31253281,-31.68597985],[-60.30634621,-31.68696138],[-60.30444264,-31.68755624],[-60.29769092,-31.688627],[-60.29584684,-31.68919212],[-60.29192072,-31.68987621],[-60.28971972,-31.68990596],[-60.28713206,-31.69059005],[-60.27785216,-31.69216645],[-60.27588911,-31.69222593],[-60.26434872,-31.69415924],[-60.25988723,-31.69487308],[-60.26039287,-31.69760946],[-60.2549618,-31.6984961]]]},"geometry_name":"geom","properties":{"gid":5152,"rtn":"A09","typ":40,"rst":1,"hct":2,"fdc":"OpenStreetMap","sag":"IGN"},"bbox":[-60.38219153,-31.6984961,-60.2549618,-31.64878689]},{"type":"Feature","id":"vial_provincial.5161","geometry":{"type":"MultiLineString","coordinates":[[[-58.19302211,-30.33054596],[-58.22492043,-30.3435535],[-58.25942261,-30.34676577],[-58.2799384,-30.3648546]]]},"geometry_name":"geom","properties":{"gid":5161,"rtn":"77","typ":40,"rst":3,"hct":2,"fdc":"OpenStreetMap","sag":"IGN"},"bbox":[-58.2799384,-30.3648546,-58.19302211,-30.33054596]}],"totalFeatures":776,"numberMatched":776,"numberReturned":776,"timeStamp":"2026-05-19T16:31:07.100Z","crs":{"type":"name","properties":{"name":"urn:ogc:def:crs:EPSG::4326"}},"bbox":[-61.3539357,-34.4128003,-57.63798975,-29.3419035]}